[
 {
  "GOB": 1197,
  "agrupacion_municipal": false,
  "codigo": "1863.1863.1863",
  "lista_completa": true
 },
 {
  "CNJ": 8,
  "DIP": 1032,
  "GOB": 1198,
  "INT": 1219,
  "agrupacion_municipal": false,
  "codigo": "22.22.22",
  "lista_completa": true
 },
 {
  "CNJ": 10,
  "INT": 1221,
  "agrupacion_municipal": true,
  "codigo": "2558.2558.2558",
  "lista_completa": true
 },
 {
  "CNJ": 11,
  "INT": 1222,
  "agrupacion_municipal": true,
  "codigo": "2562.2562.2562",
  "lista_completa": true
 },
 {
  "GOB": 1199,
  "agrupacion_municipal": false,
  "codigo": "3625.3625.3625",
  "lista_completa": true
 },
 {
  "CNJ": 19,
  "INT": 1230,
  "agrupacion_municipal": true,
  "codigo": "3714.3714.3714",
  "lista_completa": true
 },
 {
  "CNJ": 42,
  "DIP": 1048,
  "GOB": 1200,
  "INT": 1280,
  "agrupacion_municipal": false,
  "codigo": "3717.13.13",
  "lista_completa": true
 },
 {
  "CNJ": 65,
  "DIP": 1048,
  "GOB": 1200,
  "INT": 1280,
  "agrupacion_municipal": false,
  "codigo": "3717.2543.2543",
  "lista_completa": true
 },
 {
  "CNJ": 85,
  "DIP": 1048,
  "GOB": 1200,
  "INT": 1280,
  "agrupacion_municipal": false,
  "codigo": "3717.2626.2626",
  "lista_completa": true
 },
 {
  "CNJ": 122,
  "DIP": 1048,
  "GOB": 1200,
  "INT": 1280,
  "agrupacion_municipal": false,
  "codigo": "3717.3739.3739",
  "lista_completa": true
 },
 {
  "CNJ": 142,
  "DIP": 1048,
  "GOB": 1200,
  "INT": 1280,
  "agrupacion_municipal": false,
  "codigo": "3717.443.443",
  "lista_completa": true
 },
 {
  "CNJ": 160,
  "DIP": 1048,
  "GOB": 1200,
  "INT": 1280,
  "agrupacion_municipal": false,
  "codigo": "3717.632.632",
  "lista_completa": true
 },
 {
  "CNJ": 170,
  "DIP": 1060,
  "GOB": 1201,
  "INT": 1325,
  "agrupacion_municipal": false,
  "codigo": "3723.12.12",
  "lista_completa": true
 },
 {
  "CNJ": 186,
  "DIP": 1060,
  "GOB": 1201,
  "INT": 1325,
  "agrupacion_municipal": false,
  "codigo": "3723.3649.3649",
  "lista_completa": true
 },
 {
  "CNJ": 222,
  "DIP": 1060,
  "GOB": 1201,
  "INT": 1325,
  "agrupacion_municipal": false,
  "codigo": "3723.3741.3741",
  "lista_completa": true
 },
 {
  "CNJ": 231,
  "DIP": 1069,
  "GOB": 1202,
  "INT": 1332,
  "agrupacion_municipal": false,
  "codigo": "3728.17.17",
  "lista_completa": true
 },
 {
  "CNJ": 240,
  "DIP": 1069,
  "GOB": 1202,
  "INT": 1349,
  "agrupacion_municipal": false,
  "codigo": "3728.3742.3742",
  "lista_completa": true
 },
 {
  "CNJ": 257,
  "DIP": 1069,
  "GOB": 1202,
  "INT": 1332,
  "agrupacion_municipal": false,
  "codigo": "3728.3748.3748",
  "lista_completa": true
 },
 {
  "CNJ": 265,
  "DIP": 1077,
  "GOB": 1203,
  "INT": 1380,
  "agrupacion_municipal": false,
  "codigo": "3729.179.179",
  "lista_completa": true
 },
 {
  "CNJ": 290,
  "DIP": 1077,
  "GOB": 1203,
  "INT": 1380,
  "agrupacion_municipal": false,
  "codigo": "3729.3747.3747",
  "lista_completa": true
 },
 {
  "CNJ": 298,
  "DIP": 1077,
  "GOB": 1203,
  "INT": 1380,
  "agrupacion_municipal": false,
  "codigo": "3729.459.459",
  "lista_completa": true
 },
 {
  "DIP": 1088,
  "GOB": 1204,
  "INT": 1414,
  "agrupacion_municipal": false,
  "codigo": "3730.3746.3746",
  "lista_completa": false
 },
 {
  "DIP": 1093,
  "GOB": 1204,
  "agrupacion_municipal": false,
  "codigo": "3730.446.446",
  "lista_completa": true
 },
 {
  "CNJ": 343,
  "DIP": 1088,
  "GOB": 1204,
  "INT": 1414,
  "agrupacion_municipal": false,
  "codigo": "3730.461.461",
  "lista_completa": true
 },
 {
  "CNJ": 351,
  "DIP": 1088,
  "GOB": 1204,
  "INT": 1414,
  "agrupacion_municipal": false,
  "codigo": "3730.5.5",
  "lista_completa": true
 },
 {
  "CNJ": 377,
  "DIP": 1098,
  "GOB": 1205,
  "INT": 1442,
  "agrupacion_municipal": false,
  "codigo": "3731.3743.3743",
  "lista_completa": true
 },
 {
  "CNJ": 391,
  "DIP": 1104,
  "GOB": 1206,
  "INT": 1456,
  "agrupacion_municipal": false,
  "codigo": "3732.3740.3740",
  "lista_completa": true
 },
 {
  "CNJ": 405,
  "DIP": 1121,
  "GOB": 1207,
  "INT": 1516,
  "agrupacion_municipal": false,
  "codigo": "3733.10.10",
  "lista_completa": true
 },
 {
  "CNJ": 429,
  "DIP": 1121,
  "GOB": 1207,
  "INT": 1516,
  "agrupacion_municipal": false,
  "codigo": "3733.1861.1861",
  "lista_completa": true
 },
 {
  "CNJ": 461,
  "DIP": 1121,
  "GOB": 1207,
  "INT": 1516,
  "agrupacion_municipal": false,
  "codigo": "3733.1862.1862",
  "lista_completa": true
 },
 {
  "CNJ": 490,
  "DIP": 1121,
  "GOB": 1207,
  "INT": 1516,
  "agrupacion_municipal": false,
  "codigo": "3733.1869.1869",
  "lista_completa": true
 },
 {
  "CNJ": 510,
  "DIP": 1121,
  "GOB": 1207,
  "INT": 1516,
  "agrupacion_municipal": false,
  "codigo": "3733.2625.2625",
  "lista_completa": true
 },
 {
  "CNJ": 531,
  "DIP": 1121,
  "GOB": 1207,
  "INT": 1516,
  "agrupacion_municipal": false,
  "codigo": "3733.2627.2627",
  "lista_completa": true
 },
 {
  "DIP": 1121,
  "GOB": 1207,
  "INT": 1516,
  "agrupacion_municipal": false,
  "codigo": "3733.3744.3744",
  "lista_completa": false
 },
 {
  "CNJ": 571,
  "DIP": 1121,
  "GOB": 1207,
  "INT": 1516,
  "agrupacion_municipal": false,
  "codigo": "3733.38.38",
  "lista_completa": true
 },
 {
  "GOB": 1207,
  "agrupacion_municipal": false,
  "codigo": "3734.3737.3737",
  "lista_completa": true
 },
 {
  "CNJ": 588,
  "DIP": 1135,
  "GOB": 1207,
  "INT": 1529,
  "agrupacion_municipal": false,
  "codigo": "3735.15.15",
  "lista_completa": true
 },
 {
  "CNJ": 634,
  "DIP": 1135,
  "GOB": 1207,
  "INT": 1529,
  "agrupacion_municipal": false,
  "codigo": "3735.1873.1873",
  "lista_completa": true
 },
 {
  "CNJ": 664,
  "DIP": 1135,
  "GOB": 1207,
  "INT": 1540,
  "agrupacion_municipal": false,
  "codigo": "3735.208.208",
  "lista_completa": true
 },
 {
  "CNJ": 699,
  "DIP": 1135,
  "GOB": 1207,
  "INT": 1540,
  "agrupacion_municipal": false,
  "codigo": "3735.32.32",
  "lista_completa": true
 },
 {
  "CNJ": 736,
  "DIP": 1135,
  "GOB": 1207,
  "INT": 1529,
  "agrupacion_municipal": false,
  "codigo": "3735.3650.3650",
  "lista_completa": true
 },
 {
  "DIP": 1135,
  "GOB": 1207,
  "agrupacion_municipal": false,
  "codigo": "3735.3745.3745",
  "lista_completa": false
 },
 {
  "CNJ": 792,
  "DIP": 1135,
  "GOB": 1207,
  "INT": 1529,
  "agrupacion_municipal": false,
  "codigo": "3735.4.4",
  "lista_completa": true
 },
 {
  "CNJ": 834,
  "DIP": 1135,
  "GOB": 1207,
  "INT": 1529,
  "agrupacion_municipal": false,
  "codigo": "3735.460.460",
  "lista_completa": true
 },
 {
  "GOB": 1208,
  "agrupacion_municipal": false,
  "codigo": "685.685.685",
  "lista_completa": true
 },
 {
  "CNJ": 877,
  "DIP": 1161,
  "GOB": 1209,
  "INT": 1651,
  "agrupacion_municipal": false,
  "codigo": "BLC",
  "lista_completa": true
 }
]