[
 {
  "GOB": 1197,
  "agrupacion_municipal": false,
  "codigo": "1863.1863.1863",
  "lista_completa": true
 },
 {
  "GOB": 1198,
  "agrupacion_municipal": false,
  "codigo": "22.22.22",
  "lista_completa": true
 },
 {
  "GOB": 1199,
  "agrupacion_municipal": false,
  "codigo": "3625.3625.3625",
  "lista_completa": true
 },
 {
  "CNJ": 38,
  "DIP": 1047,
  "GOB": 1200,
  "INT": 1268,
  "agrupacion_municipal": false,
  "codigo": "3717.13.13",
  "lista_completa": true
 },
 {
  "CNJ": 63,
  "DIP": 1047,
  "GOB": 1200,
  "INT": 1268,
  "agrupacion_municipal": false,
  "codigo": "3717.2543.2543",
  "lista_completa": true
 },
 {
  "DIP": 1047,
  "GOB": 1200,
  "INT": 1268,
  "agrupacion_municipal": false,
  "codigo": "3717.3739.3739",
  "lista_completa": false
 },
 {
  "CNJ": 137,
  "DIP": 1047,
  "GOB": 1200,
  "INT": 1268,
  "agrupacion_municipal": false,
  "codigo": "3717.443.443",
  "lista_completa": true
 },
 {
  "CNJ": 210,
  "DIP": 1059,
  "GOB": 1201,
  "INT": 1313,
  "agrupacion_municipal": false,
  "codigo": "3723.3741.3741",
  "lista_completa": true
 },
 {
  "DIP": 1068,
  "GOB": 1202,
  "INT": 1344,
  "agrupacion_municipal": false,
  "codigo": "3728.3742.3742",
  "lista_completa": false
 },
 {
  "CNJ": 252,
  "DIP": 1068,
  "GOB": 1202,
  "INT": 1344,
  "agrupacion_municipal": false,
  "codigo": "3728.3748.3748",
  "lista_completa": true
 },
 {
  "CNJ": 287,
  "DIP": 1076,
  "GOB": 1203,
  "INT": 1377,
  "agrupacion_municipal": false,
  "codigo": "3729.3747.3747",
  "lista_completa": true
 },
 {
  "CNJ": 316,
  "DIP": 1087,
  "GOB": 1204,
  "INT": 1405,
  "agrupacion_municipal": false,
  "codigo": "3730.3746.3746",
  "lista_completa": true
 },
 {
  "CNJ": 340,
  "DIP": 1087,
  "GOB": 1204,
  "INT": 1405,
  "agrupacion_municipal": false,
  "codigo": "3730.461.461",
  "lista_completa": true
 },
 {
  "CNJ": 371,
  "DIP": 1097,
  "GOB": 1205,
  "INT": 1436,
  "agrupacion_municipal": false,
  "codigo": "3731.3743.3743",
  "lista_completa": true
 },
 {
  "CNJ": 388,
  "DIP": 1103,
  "GOB": 1206,
  "INT": 1453,
  "agrupacion_municipal": false,
  "codigo": "3732.3740.3740",
  "lista_completa": true
 },
 {
  "CNJ": 401,
  "DIP": 1111,
  "GOB": 1207,
  "INT": 1460,
  "agrupacion_municipal": false,
  "codigo": "3733.10.10",
  "lista_completa": true
 },
 {
  "CNJ": 422,
  "DIP": 1111,
  "GOB": 1207,
  "INT": 1476,
  "agrupacion_municipal": false,
  "codigo": "3733.1861.1861",
  "lista_completa": true
 },
 {
  "CNJ": 452,
  "DIP": 1111,
  "GOB": 1207,
  "INT": 1476,
  "agrupacion_municipal": false,
  "codigo": "3733.1862.1862",
  "lista_completa": true
 },
 {
  "CNJ": 483,
  "DIP": 1111,
  "GOB": 1207,
  "INT": 1476,
  "agrupacion_municipal": false,
  "codigo": "3733.1869.1869",
  "lista_completa": true
 },
 {
  "CNJ": 507,
  "DIP": 1111,
  "GOB": 1207,
  "INT": 1476,
  "agrupacion_municipal": false,
  "codigo": "3733.2625.2625",
  "lista_completa": true
 },
 {
  "CNJ": 525,
  "DIP": 1111,
  "GOB": 1207,
  "INT": 1476,
  "agrupacion_municipal": false,
  "codigo": "3733.2627.2627",
  "lista_completa": true
 },
 {
  "CNJ": 540,
  "DIP": 1111,
  "GOB": 1207,
  "INT": 1476,
  "agrupacion_municipal": false,
  "codigo": "3733.3656.3656",
  "lista_completa": true
 },
 {
  "GOB": 1207,
  "agrupacion_municipal": false,
  "codigo": "3734.3737.3737",
  "lista_completa": true
 },
 {
  "CNJ": 582,
  "DIP": 1134,
  "GOB": 1207,
  "INT": 1557,
  "agrupacion_municipal": false,
  "codigo": "3735.15.15",
  "lista_completa": true
 },
 {
  "CNJ": 626,
  "DIP": 1134,
  "GOB": 1207,
  "INT": 1557,
  "agrupacion_municipal": false,
  "codigo": "3735.1873.1873",
  "lista_completa": true
 },
 {
  "CNJ": 657,
  "DIP": 1134,
  "GOB": 1207,
  "INT": 1557,
  "agrupacion_municipal": false,
  "codigo": "3735.208.208",
  "lista_completa": true
 },
 {
  "CNJ": 692,
  "DIP": 1134,
  "GOB": 1207,
  "INT": 1557,
  "agrupacion_municipal": false,
  "codigo": "3735.32.32",
  "lista_completa": true
 },
 {
  "CNJ": 728,
  "DIP": 1134,
  "GOB": 1207,
  "INT": 1557,
  "agrupacion_municipal": false,
  "codigo": "3735.3650.3650",
  "lista_completa": true
 },
 {
  "DIP": 1134,
  "GOB": 1207,
  "INT": 1557,
  "agrupacion_municipal": false,
  "codigo": "3735.3745.3745",
  "lista_completa": false
 },
 {
  "CNJ": 776,
  "DIP": 1134,
  "GOB": 1207,
  "INT": 1557,
  "agrupacion_municipal": false,
  "codigo": "3735.4.4",
  "lista_completa": true
 },
 {
  "CNJ": 825,
  "DIP": 1134,
  "GOB": 1207,
  "INT": 1557,
  "agrupacion_municipal": false,
  "codigo": "3735.460.460",
  "lista_completa": true
 },
 {
  "GOB": 1208,
  "agrupacion_municipal": false,
  "codigo": "685.685.685",
  "lista_completa": true
 },
 {
  "CNJ": 874,
  "DIP": 1160,
  "GOB": 1209,
  "INT": 1648,
  "agrupacion_municipal": false,
  "codigo": "BLC",
  "lista_completa": true
 }
]