[
 {
  "asistida": "PLANES DANIELA",
  "cargo_ejecutivo": true,
  "clase": "Candidato",
  "cod_alianza": "1863",
  "cod_categoria": "GOB",
  "cod_lista": "1863.1863.1863",
  "cod_partido": "1863.1863",
  "codigo": "1863.1863.1863.2069",
  "dni": "28523544",
  "id_candidatura": "1863.1863.1863.2069",
  "id_umv": 1197,
  "imagenes": [
   "1863.1863.1863.2069",
   "default_mujer"
  ],
  "nombre": "PLANES, DANIELA",
  "nro_orden": 1,
  "orden_absoluto": [
   22,
   53,
   12,
   1,
   1
  ],
  "secundarios": [
   "TEJERINA, VERONICA"
  ],
  "sexo": "F",
  "suplentes": [

  ]
 },
 {
  "asistida": "GIL VIOLETA",
  "cargo_ejecutivo": true,
  "clase": "Candidato",
  "cod_alianza": "22",
  "cod_categoria": "GOB",
  "cod_lista": "22.22.22",
  "cod_partido": "22.22",
  "codigo": "22.22.22.3409",
  "dni": "33984630",
  "id_candidatura": "22.22.22.3409",
  "id_umv": 1198,
  "imagenes": [
   "22.22.22.3409",
   "default"
  ],
  "nombre": "GIL, VIOLETA",
  "nro_orden": 1,
  "orden_absoluto": [
   23,
   62,
   3,
   1,
   1
  ],
  "secundarios": [
   "TOLABA, ANGEL RODOLFO"
  ],
  "sexo": "F",
  "suplentes": [

  ]
 },
 {
  "asistida": "TogNolini MARCOS",
  "cargo_ejecutivo": true,
  "clase": "Candidato",
  "cod_alianza": "3625",
  "cod_categoria": "GOB",
  "cod_lista": "3625.3625.3625",
  "cod_partido": "3625.3625",
  "codigo": "3625.3625.3625.5312",
  "dni": "29336659",
  "id_candidatura": "3625.3625.3625.5312",
  "id_umv": 1199,
  "imagenes": [
   "3625.3625.3625.5312",
   "default_mujer"
  ],
  "nombre": "TOGNOLINI, MARCOS",
  "nro_orden": 1,
  "orden_absoluto": [
   21,
   43,
   21,
   1,
   1
  ],
  "secundarios": [
   "RAMOS, MIRTA ADRIANA"
  ],
  "sexo": "M",
  "suplentes": [

  ]
 },
 {
  "asistida": "ENRIQUEZ CARVAJ\u00c1L ISABEL",
  "cargo_ejecutivo": false,
  "clase": "Candidato",
  "cod_alianza": "3717",
  "cod_categoria": "CNJ",
  "cod_lista": "3717.13.13",
  "cod_partido": "3717.13",
  "codigo": "3717.13.13.683",
  "dni": "33979034",
  "id_candidatura": "3717.13.13.683",
  "id_umv": 38,
  "imagenes": [
   "3717.13.13.683",
   "default",
   "default_mujer",
   "default",
   "default_mujer"
  ],
  "nombre": "CARVAJAL, ISABEL",
  "nro_orden": 1,
  "orden_absoluto": [
   6,
   52,
   75,
   5,
   1
  ],
  "secundarios": [
   "PALOMINO, JUAN ANTONIO",
   "MORALES, JUANA TOMASA",
   "JIMENEZ ARGA\u00d1ARAZ, EDGARDO",
   "GIMENEZ, EUSEBIA ANGELA"
  ],
  "sexo": "F",
  "suplentes": [
   "PALOMINO G\u00dcEMES, NICOLAS"
  ]
 },
 {
  "asistida": "L\u00d3PEZ  MARCELO AGUSTIN",
  "cargo_ejecutivo": false,
  "clase": "Candidato",
  "cod_alianza": "3717",
  "cod_categoria": "CNJ",
  "cod_lista": "3717.2543.2543",
  "cod_partido": "3717.2543",
  "codigo": "3717.2543.2543.3812",
  "dni": "12910887",
  "id_candidatura": "3717.2543.2543.3812",
  "id_umv": 63,
  "imagenes": [
   "3717.2543.2543.3812",
   "default_mujer",
   "default",
   "default_mujer",
   "default"
  ],
  "nombre": "LOPEZ, \u201cTRAJECITO\u201d",
  "nro_orden": 1,
  "orden_absoluto": [
   6,
   71,
   17,
   5,
   1
  ],
  "secundarios": [
   "DIAZ, CLAUDIA PATRICIA",
   "CORIMAYO, ANTONIO",
   "BALDERRAMA, ROSA HILDA",
   "FLORES, CESAR ADRIAN"
  ],
  "sexo": "M",
  "suplentes": [
   "CORTEGUERA, MARIA VICTORIA",
   "CORTEGUERA, GABRIEL ALEJANDRO",
   "NAVARRO, ROSA SUSANA"
  ]
 },
 {
  "asistida": "ESTRADA EMILIANO RAFAEL",
  "cargo_ejecutivo": true,
  "clase": "Candidato",
  "cod_alianza": "3717",
  "cod_categoria": "GOB",
  "cod_lista": "3717.3739.3739",
  "cod_partido": "3717.3739",
  "codigo": "3717.3739.3739.6360",
  "dni": "32165256",
  "id_candidatura": "3717.3739.3739.6360",
  "id_umv": 1200,
  "imagenes": [
   "3717.3739.3739.6360",
   "default"
  ],
  "nombre": "ESTRADA, EMILIANO",
  "nro_orden": 1,
  "orden_absoluto": [
   6,
   17,
   64,
   1,
   1
  ],
  "secundarios": [
   "ZAPATA, CARLOS RAUL"
  ],
  "sexo": "M",
  "suplentes": [

  ]
 },
 {
  "asistida": "BORJA JORGE ALEJANDRO",
  "cargo_ejecutivo": false,
  "clase": "Candidato",
  "cod_alianza": "3717",
  "cod_categoria": "DIP",
  "cod_lista": "3717.3739.3739",
  "cod_partido": "3717.3739",
  "codigo": "3717.3739.3739.6410",
  "dni": "26898877",
  "id_candidatura": "3717.3739.3739.6410",
  "id_umv": 1047,
  "imagenes": [
   "3717.3739.3739.6410"
  ],
  "nombre": "BORJA, JORGE",
  "nro_orden": 1,
  "orden_absoluto": [
   6,
   17,
   64,
   3,
   1
  ],
  "secundarios": [

  ],
  "sexo": "M",
  "suplentes": [
   "PEREZ, LUIS HUMBERTO"
  ]
 },
 {
  "asistida": "DE BUSTOS JORGE ANTONIO",
  "cargo_ejecutivo": true,
  "clase": "Candidato",
  "cod_alianza": "3717",
  "cod_categoria": "INT",
  "cod_lista": "3717.3739.3739",
  "cod_partido": "3717.3739",
  "codigo": "3717.3739.3739.6453",
  "dni": "8198958",
  "id_candidatura": "3717.3739.3739.6453",
  "id_umv": 1268,
  "imagenes": [
   "3717.3739.3739.6453"
  ],
  "nombre": "DE BUSTOS, JORGE",
  "nro_orden": 1,
  "orden_absoluto": [
   6,
   17,
   64,
   4,
   1
  ],
  "secundarios": [

  ],
  "sexo": "M",
  "suplentes": [

  ]
 },
 {
  "asistida": "PARR\u00d3N RUB\u00c9N ALEJANDRO",
  "cargo_ejecutivo": false,
  "clase": "Candidato",
  "cod_alianza": "3717",
  "cod_categoria": "CNJ",
  "cod_lista": "3717.443.443",
  "cod_partido": "3717.443",
  "codigo": "3717.443.443.10729",
  "dni": "21310650",
  "id_candidatura": "3717.443.443.10729",
  "id_umv": 137,
  "imagenes": [
   "3717.443.443.10729",
   "default_mujer",
   "default",
   "default_mujer",
   "default"
  ],
  "nombre": "PARRON, \u201cCHICHI\u201d",
  "nro_orden": 1,
  "orden_absoluto": [
   6,
   69,
   9,
   5,
   1
  ],
  "secundarios": [
   "ONTIVERO, LUISINA CANDELA",
   "COSTILLA, SEBASTIAN MATIAS",
   "VOLO, CLAUDIA ALEJANDRA",
   "CALDERON, DANIEL GUSTAVO"
  ],
  "sexo": "M",
  "suplentes": [
   "PARRON, ROSANNA ELIZABETH",
   "MUGUERTIGUE, VICENTE",
   "ARANDA, KARINA ANABEL",
   "CRUZ, MARTIN ANDRES",
   "PISSONI, MELISA GABRIELA"
  ]
 },
 {
  "asistida": "W\u00c1YAR GU\u00c1LTER RAUL",
  "cargo_ejecutivo": true,
  "clase": "Candidato",
  "cod_alianza": "3723",
  "cod_categoria": "GOB",
  "cod_lista": "3723.3741.3741",
  "cod_partido": "3723.3741",
  "codigo": "3723.3741.3741.7154",
  "dni": "12220501",
  "id_candidatura": "3723.3741.3741.7154",
  "id_umv": 1201,
  "imagenes": [
   "3723.3741.3741.7154",
   "default"
  ],
  "nombre": "WAYAR, WALTER",
  "nro_orden": 1,
  "orden_absoluto": [
   5,
   14,
   65,
   1,
   1
  ],
  "secundarios": [
   "MIZZAU, IVAN"
  ],
  "sexo": "M",
  "suplentes": [

  ]
 },
 {
  "asistida": "LOPEZ C\u00c9SAR DANIEL",
  "cargo_ejecutivo": false,
  "clase": "Candidato",
  "cod_alianza": "3723",
  "cod_categoria": "DIP",
  "cod_lista": "3723.3741.3741",
  "cod_partido": "3723.3741",
  "codigo": "3723.3741.3741.7206",
  "dni": "23022723",
  "id_candidatura": "3723.3741.3741.7206",
  "id_umv": 1059,
  "imagenes": [
   "3723.3741.3741.7206"
  ],
  "nombre": "LOPEZ, \u201cPROFE\u201d DANIEL",
  "nro_orden": 1,
  "orden_absoluto": [
   5,
   14,
   65,
   3,
   1
  ],
  "secundarios": [

  ],
  "sexo": "M",
  "suplentes": [
   "LAZARTE, EDUARDO JOSE IGNACIO"
  ]
 },
 {
  "asistida": "CANCHI CLAUDIA SUSY VIVIANA",
  "cargo_ejecutivo": true,
  "clase": "Candidato",
  "cod_alianza": "3723",
  "cod_categoria": "INT",
  "cod_lista": "3723.3741.3741",
  "cod_partido": "3723.3741",
  "codigo": "3723.3741.3741.7248",
  "dni": "25018264",
  "id_candidatura": "3723.3741.3741.7248",
  "id_umv": 1313,
  "imagenes": [
   "3723.3741.3741.7248"
  ],
  "nombre": "CANCHI, VIVIANA",
  "nro_orden": 1,
  "orden_absoluto": [
   5,
   14,
   65,
   4,
   1
  ],
  "secundarios": [

  ],
  "sexo": "F",
  "suplentes": [

  ]
 },
 {
  "asistida": "VARGAS MARTA LORENA",
  "cargo_ejecutivo": false,
  "clase": "Candidato",
  "cod_alianza": "3723",
  "cod_categoria": "CNJ",
  "cod_lista": "3723.3741.3741",
  "cod_partido": "3723.3741",
  "codigo": "3723.3741.3741.7549",
  "dni": "26289402",
  "id_candidatura": "3723.3741.3741.7549",
  "id_umv": 210,
  "imagenes": [
   "3723.3741.3741.7549",
   "default",
   "default_mujer",
   "default",
   "default_mujer"
  ],
  "nombre": "VARGAS, MARTA LORENA",
  "nro_orden": 1,
  "orden_absoluto": [
   5,
   14,
   65,
   5,
   1
  ],
  "secundarios": [
   "BIZGARRA, MANUEL RICARDO",
   "SOSA, SILVIA TERESA",
   "VILTE RUIZ, RODRIGO EMANUEL",
   "ABRAHAM, NORA ALICIA"
  ],
  "sexo": "F",
  "suplentes": [
   "SUMBAY, ROQUE JACINTO",
   "IBA\u00d1EZ, ANDREA MACARENA",
   "RIVERO, DANIEL ALBERTO",
   "CRUZ, VERONICA REGINA",
   "MONTERO, ISMAEL ADOLFO"
  ]
 },
 {
  "asistida": "PAZ POSE LUCIO",
  "cargo_ejecutivo": true,
  "clase": "Candidato",
  "cod_alianza": "3728",
  "cod_categoria": "GOB",
  "cod_lista": "3728.3742.3742",
  "cod_partido": "3728.3742",
  "codigo": "3728.3742.3742.7704",
  "dni": "24875401",
  "id_candidatura": "3728.3742.3742.7704",
  "id_umv": 1202,
  "imagenes": [
   "3728.3742.3742.7704",
   "default_mujer"
  ],
  "nombre": "PAZ POSSE, LUCIO \u201cPINO\u201d",
  "nro_orden": 1,
  "orden_absoluto": [
   9,
   21,
   66,
   1,
   1
  ],
  "secundarios": [
   "FARJAT D\u2019ALESSANDRO, LORENA"
  ],
  "sexo": "M",
  "suplentes": [

  ]
 },
 {
  "asistida": "ORD\u00d3\u00d1EZ JOS\u00c9 EDGARDO",
  "cargo_ejecutivo": false,
  "clase": "Candidato",
  "cod_alianza": "3728",
  "cod_categoria": "DIP",
  "cod_lista": "3728.3742.3742",
  "cod_partido": "3728.3742",
  "codigo": "3728.3742.3742.7740",
  "dni": "14867993",
  "id_candidatura": "3728.3742.3742.7740",
  "id_umv": 1068,
  "imagenes": [
   "3728.3742.3742.7740"
  ],
  "nombre": "ORDO\u00d1EZ, JOSE EDGARDO",
  "nro_orden": 1,
  "orden_absoluto": [
   9,
   21,
   66,
   3,
   1
  ],
  "secundarios": [

  ],
  "sexo": "M",
  "suplentes": [
   "PE\u00d1ALVA, LIZ VANESA"
  ]
 },
 {
  "asistida": "VASQUEZ JOS\u00c9 ALFREDO",
  "cargo_ejecutivo": true,
  "clase": "Candidato",
  "cod_alianza": "3728",
  "cod_categoria": "INT",
  "cod_lista": "3728.3742.3742",
  "cod_partido": "3728.3742",
  "codigo": "3728.3742.3742.7772",
  "dni": "16214367",
  "id_candidatura": "3728.3742.3742.7772",
  "id_umv": 1344,
  "imagenes": [
   "3728.3742.3742.7772"
  ],
  "nombre": "VASQUEZ, JOSE ALFREDO",
  "nro_orden": 1,
  "orden_absoluto": [
   9,
   21,
   66,
   4,
   1
  ],
  "secundarios": [

  ],
  "sexo": "M",
  "suplentes": [

  ]
 },
 {
  "asistida": "AGUADO JULIO",
  "cargo_ejecutivo": false,
  "clase": "Candidato",
  "cod_alianza": "3728",
  "cod_categoria": "CNJ",
  "cod_lista": "3728.3748.3748",
  "cod_partido": "3728.3748",
  "codigo": "3728.3748.3748.9645",
  "dni": "16138088",
  "id_candidatura": "3728.3748.3748.9645",
  "id_umv": 252,
  "imagenes": [
   "3728.3748.3748.9645",
   "default_mujer",
   "default",
   "default_mujer",
   "default"
  ],
  "nombre": "AGUADO, JULIO",
  "nro_orden": 1,
  "orden_absoluto": [
   9,
   15,
   24,
   5,
   1
  ],
  "secundarios": [
   "ALFARO, NOEMI VERONICA",
   "MONTEROS, DANTE RUBEN",
   "MAMANI, CORINA ESTER",
   "DIAZ, FACUNDO MARCELO DANIEL"
  ],
  "sexo": "M",
  "suplentes": [
   "RIVERO, FLORENCIA ANAHI",
   "DIAZ, JULIO FAVIO ALEJANDRO",
   "SARAPURA, BLANCA VALENTINA",
   "LOPEZ, MARCELO SEBASTIAN",
   "SARAPURA, ROSARIO DE LOS ANGELES"
  ]
 },
 {
  "asistida": "CAL\u00cdVA L\u00cdA VER\u00d3NICA",
  "cargo_ejecutivo": true,
  "clase": "Candidato",
  "cod_alianza": "3729",
  "cod_categoria": "GOB",
  "cod_lista": "3729.3747.3747",
  "cod_partido": "3729.3747",
  "codigo": "3729.3747.3747.9058",
  "dni": "25624792",
  "id_candidatura": "3729.3747.3747.9058",
  "id_umv": 1203,
  "imagenes": [
   "3729.3747.3747.9058",
   "default"
  ],
  "nombre": "CALIVA, LIA VERONICA",
  "nro_orden": 1,
  "orden_absoluto": [
   24,
   68,
   67,
   1,
   1
  ],
  "secundarios": [
   "GRAVANAGO, CARLOS ALEJANDRO"
  ],
  "sexo": "F",
  "suplentes": [

  ]
 },
 {
  "asistida": "AMENDOL\u00cdA ADRIANA BEATRIZ",
  "cargo_ejecutivo": false,
  "clase": "Candidato",
  "cod_alianza": "3729",
  "cod_categoria": "DIP",
  "cod_lista": "3729.3747.3747",
  "cod_partido": "3729.3747",
  "codigo": "3729.3747.3747.9091",
  "dni": "12619240",
  "id_candidatura": "3729.3747.3747.9091",
  "id_umv": 1076,
  "imagenes": [
   "3729.3747.3747.9091"
  ],
  "nombre": "AMENDOLIA, ADRIANA BEATRIZ",
  "nro_orden": 1,
  "orden_absoluto": [
   24,
   68,
   67,
   3,
   1
  ],
  "secundarios": [

  ],
  "sexo": "F",
  "suplentes": [

  ]
 },
 {
  "asistida": "SOLAL\u00cdGUE BLANCA ESTELA",
  "cargo_ejecutivo": true,
  "clase": "Candidato",
  "cod_alianza": "3729",
  "cod_categoria": "INT",
  "cod_lista": "3729.3747.3747",
  "cod_partido": "3729.3747",
  "codigo": "3729.3747.3747.9129",
  "dni": "20399660",
  "id_candidatura": "3729.3747.3747.9129",
  "id_umv": 1377,
  "imagenes": [
   "3729.3747.3747.9129"
  ],
  "nombre": "SOLALIGUE, BLANCA ESTELA",
  "nro_orden": 1,
  "orden_absoluto": [
   24,
   68,
   67,
   4,
   1
  ],
  "secundarios": [

  ],
  "sexo": "F",
  "suplentes": [

  ]
 },
 {
  "asistida": "DEL CORRO AUGUSTO GABRIEL",
  "cargo_ejecutivo": false,
  "clase": "Candidato",
  "cod_alianza": "3729",
  "cod_categoria": "CNJ",
  "cod_lista": "3729.3747.3747",
  "cod_partido": "3729.3747",
  "codigo": "3729.3747.3747.9390",
  "dni": "29545926",
  "id_candidatura": "3729.3747.3747.9390",
  "id_umv": 287,
  "imagenes": [
   "3729.3747.3747.9390",
   "default_mujer",
   "default",
   "default_mujer",
   "default"
  ],
  "nombre": "DEL CORRO, AUGUSTO GABRIEL",
  "nro_orden": 1,
  "orden_absoluto": [
   24,
   68,
   67,
   5,
   1
  ],
  "secundarios": [
   "QUIROGA, MIRTA ADRIANA",
   "OLMEDO FRIAS, CLAUDIO RUBEN",
   "GARCIA, GABRIELA ROSA",
   "ECHAZU, RICARDO DANIEL"
  ],
  "sexo": "M",
  "suplentes": [
   "MONTEL CASTELLANOS, PATRICIA",
   "FRIAS, DANIEL ROBINSON"
  ]
 },
 {
  "asistida": "NANNI VALERO MIGUEL",
  "cargo_ejecutivo": true,
  "clase": "Candidato",
  "cod_alianza": "3730",
  "cod_categoria": "GOB",
  "cod_lista": "3730.3746.3746",
  "cod_partido": "3730.3746",
  "codigo": "3730.3746.3746.8614",
  "dni": "25802248",
  "id_candidatura": "3730.3746.3746.8614",
  "id_umv": 1204,
  "imagenes": [
   "3730.3746.3746.8614",
   "default_mujer"
  ],
  "nombre": "NANNI, MIGUEL",
  "nro_orden": 1,
  "orden_absoluto": [
   15,
   32,
   74,
   1,
   1
  ],
  "secundarios": [
   "CORNEJO, VIRGINIA"
  ],
  "sexo": "M",
  "suplentes": [

  ]
 },
 {
  "asistida": "CARRIZO LORENZO ROLANDO",
  "cargo_ejecutivo": false,
  "clase": "Candidato",
  "cod_alianza": "3730",
  "cod_categoria": "DIP",
  "cod_lista": "3730.3746.3746",
  "cod_partido": "3730.3746",
  "codigo": "3730.3746.3746.8662",
  "dni": "14841233",
  "id_candidatura": "3730.3746.3746.8662",
  "id_umv": 1087,
  "imagenes": [
   "3730.3746.3746.8662"
  ],
  "nombre": "CARRIZO, LORENZO ROLANDO",
  "nro_orden": 1,
  "orden_absoluto": [
   15,
   32,
   74,
   3,
   1
  ],
  "secundarios": [

  ],
  "sexo": "M",
  "suplentes": [
   "VILLEGAS, FREDY OMAR"
  ]
 },
 {
  "asistida": "QUINTEROS NOEM\u00cd DE LOS ANGELES",
  "cargo_ejecutivo": true,
  "clase": "Candidato",
  "cod_alianza": "3730",
  "cod_categoria": "INT",
  "cod_lista": "3730.3746.3746",
  "cod_partido": "3730.3746",
  "codigo": "3730.3746.3746.8703",
  "dni": "17244927",
  "id_candidatura": "3730.3746.3746.8703",
  "id_umv": 1405,
  "imagenes": [
   "3730.3746.3746.8703"
  ],
  "nombre": "QUINTEROS, NOEMI \u201cMIMI\u201d",
  "nro_orden": 1,
  "orden_absoluto": [
   15,
   32,
   74,
   4,
   1
  ],
  "secundarios": [

  ],
  "sexo": "F",
  "suplentes": [

  ]
 },
 {
  "asistida": "SALVATIERRA ANDREA MARIANELA",
  "cargo_ejecutivo": false,
  "clase": "Candidato",
  "cod_alianza": "3730",
  "cod_categoria": "CNJ",
  "cod_lista": "3730.3746.3746",
  "cod_partido": "3730.3746",
  "codigo": "3730.3746.3746.8957",
  "dni": "26400634",
  "id_candidatura": "3730.3746.3746.8957",
  "id_umv": 316,
  "imagenes": [
   "3730.3746.3746.8957",
   "default",
   "default_mujer",
   "default",
   "default_mujer"
  ],
  "nombre": "SALVATIERRA, ANDREA MARIANELA",
  "nro_orden": 1,
  "orden_absoluto": [
   15,
   32,
   74,
   5,
   1
  ],
  "secundarios": [
   "JUSTINIANO, JOSE HUMBERTO",
   "VERA, AGOSTINA ROCIO",
   "LOPEZ, GUSTAVO EDUARDO",
   "LANZI, YAMILA LEONOR"
  ],
  "sexo": "F",
  "suplentes": [
   "GARCIA, JOSE LUIS",
   "CARRIZO, ANABEL",
   "LESCANO, ISAIAS IVAN",
   "MAMANI, MARISEL VIOLETA",
   "LOPEZ GIMENEZ, LUIS EDUARDO"
  ]
 },
 {
  "asistida": "GARC\u00cdA SERGIO ESTEBAN",
  "cargo_ejecutivo": false,
  "clase": "Candidato",
  "cod_alianza": "3730",
  "cod_categoria": "CNJ",
  "cod_lista": "3730.461.461",
  "cod_partido": "3730.461",
  "codigo": "3730.461.461.11613",
  "dni": "33265428",
  "id_candidatura": "3730.461.461.11613",
  "id_umv": 340,
  "imagenes": [
   "3730.461.461.11613",
   "default_mujer",
   "default",
   "default_mujer",
   "default"
  ],
  "nombre": "GARCIA, SERGIO ESTEBAN",
  "nro_orden": 1,
  "orden_absoluto": [
   15,
   19,
   11,
   5,
   1
  ],
  "secundarios": [
   "TORRES, GRISELDA SILVANA",
   "ARROYO, HUGO ANTONIO",
   "OCAMPO, KAREN GIMENA",
   "AGUERO, ENRIQUE CESAR"
  ],
  "sexo": "M",
  "suplentes": [
   "VIVEROS, LUZ ELIZABETH",
   "MOLINA, ALBERTO",
   "MIRANDA, SARA ISABEL",
   "VILLAGRA, NAHUEL FACUNDO",
   "VIVEROS, ROCIO CELESTE"
  ]
 },
 {
  "asistida": "Sabadini MAURO DIEGO",
  "cargo_ejecutivo": true,
  "clase": "Candidato",
  "cod_alianza": "3731",
  "cod_categoria": "GOB",
  "cod_lista": "3731.3743.3743",
  "cod_partido": "3731.3743",
  "codigo": "3731.3743.3743.7941",
  "dni": "23362242",
  "id_candidatura": "3731.3743.3743.7941",
  "id_umv": 1205,
  "imagenes": [
   "3731.3743.3743.7941",
   "default_mujer"
  ],
  "nombre": "SABBADINI, MAURO DIEGO",
  "nro_orden": 1,
  "orden_absoluto": [
   10,
   22,
   68,
   1,
   1
  ],
  "secundarios": [
   "LOAYZA PACHECO, JIMENA LUCIA"
  ],
  "sexo": "M",
  "suplentes": [

  ]
 },
 {
  "asistida": "PANTALEON GUSTAVO JAVIER",
  "cargo_ejecutivo": false,
  "clase": "Candidato",
  "cod_alianza": "3731",
  "cod_categoria": "DIP",
  "cod_lista": "3731.3743.3743",
  "cod_partido": "3731.3743",
  "codigo": "3731.3743.3743.7975",
  "dni": "21634094",
  "id_candidatura": "3731.3743.3743.7975",
  "id_umv": 1097,
  "imagenes": [
   "3731.3743.3743.7975"
  ],
  "nombre": "PANTALEON, GUSTAVO JAVIER",
  "nro_orden": 1,
  "orden_absoluto": [
   10,
   22,
   68,
   3,
   1
  ],
  "secundarios": [

  ],
  "sexo": "M",
  "suplentes": [
   "YAPURA, NORBERTO RUBEN HERNANDO"
  ]
 },
 {
  "asistida": "DA SOUZA CORREA TANE",
  "cargo_ejecutivo": true,
  "clase": "Candidato",
  "cod_alianza": "3731",
  "cod_categoria": "INT",
  "cod_lista": "3731.3743.3743",
  "cod_partido": "3731.3743",
  "codigo": "3731.3743.3743.8010",
  "dni": "19013317",
  "id_candidatura": "3731.3743.3743.8010",
  "id_umv": 1436,
  "imagenes": [
   "3731.3743.3743.8010"
  ],
  "nombre": "DA SOUZA CORREA, TANE",
  "nro_orden": 1,
  "orden_absoluto": [
   10,
   22,
   68,
   4,
   1
  ],
  "secundarios": [

  ],
  "sexo": "M",
  "suplentes": [

  ]
 },
 {
  "asistida": "PACHECO VER\u00d3NICA LETICIA",
  "cargo_ejecutivo": false,
  "clase": "Candidato",
  "cod_alianza": "3731",
  "cod_categoria": "CNJ",
  "cod_lista": "3731.3743.3743",
  "cod_partido": "3731.3743",
  "codigo": "3731.3743.3743.8251",
  "dni": "22254994",
  "id_candidatura": "3731.3743.3743.8251",
  "id_umv": 371,
  "imagenes": [
   "3731.3743.3743.8251",
   "default",
   "default_mujer",
   "default",
   "default_mujer"
  ],
  "nombre": "PACHECO, VERONICA LETICIA",
  "nro_orden": 1,
  "orden_absoluto": [
   10,
   22,
   68,
   5,
   1
  ],
  "secundarios": [
   "VIVEROS, JORGE SERGIO DANIEL",
   "GONZALEZ GOMEZA, CARMEN MARIA",
   "FLORES, JAVIER OSCAR",
   "SUMBAY, NOEMI ERMINDA"
  ],
  "sexo": "F",
  "suplentes": [
   "VILLANUEVA VERA, JUAN MARCELO",
   "ABASTO, NOELIA RITA",
   "MANZUR, RICARDO DANIEL",
   "PASTRANA, ANDREA DEL ROSARIO",
   "BARROS, HUGO SANTIAGO"
  ]
 },
 {
  "asistida": "DEL PLA CLAUDIO ARIEL",
  "cargo_ejecutivo": true,
  "clase": "Candidato",
  "cod_alianza": "3732",
  "cod_categoria": "GOB",
  "cod_lista": "3732.3740.3740",
  "cod_partido": "3732.3740",
  "codigo": "3732.3740.3740.6916",
  "dni": "13943671",
  "id_candidatura": "3732.3740.3740.6916",
  "id_umv": 1206,
  "imagenes": [
   "3732.3740.3740.6916",
   "default_mujer"
  ],
  "nombre": "DEL PLA, CLAUDIO ARIEL",
  "nro_orden": 1,
  "orden_absoluto": [
   7,
   18,
   73,
   1,
   1
  ],
  "secundarios": [
   "HIDALGO, LORENA VANESA"
  ],
  "sexo": "M",
  "suplentes": [

  ]
 },
 {
  "asistida": "PADILLA NANCY GABRIELA",
  "cargo_ejecutivo": false,
  "clase": "Candidato",
  "cod_alianza": "3732",
  "cod_categoria": "DIP",
  "cod_lista": "3732.3740.3740",
  "cod_partido": "3732.3740",
  "codigo": "3732.3740.3740.6942",
  "dni": "38275751",
  "id_candidatura": "3732.3740.3740.6942",
  "id_umv": 1103,
  "imagenes": [
   "3732.3740.3740.6942"
  ],
  "nombre": "PADILLA, NANCY GABRIELA",
  "nro_orden": 1,
  "orden_absoluto": [
   7,
   18,
   73,
   3,
   1
  ],
  "secundarios": [

  ],
  "sexo": "F",
  "suplentes": [
   "GUTIERREZ, VICTOR FABIAN"
  ]
 },
 {
  "asistida": "Boaso IGNACIO AUGUSTO",
  "cargo_ejecutivo": true,
  "clase": "Candidato",
  "cod_alianza": "3732",
  "cod_categoria": "INT",
  "cod_lista": "3732.3740.3740",
  "cod_partido": "3732.3740",
  "codigo": "3732.3740.3740.6967",
  "dni": "23545494",
  "id_candidatura": "3732.3740.3740.6967",
  "id_umv": 1453,
  "imagenes": [
   "3732.3740.3740.6967"
  ],
  "nombre": "BOASSO, IGNACIO AUGUSTO",
  "nro_orden": 1,
  "orden_absoluto": [
   7,
   18,
   73,
   4,
   1
  ],
  "secundarios": [

  ],
  "sexo": "M",
  "suplentes": [

  ]
 },
 {
  "asistida": "BURGOS EUSEBIA DEL MILAGRO",
  "cargo_ejecutivo": false,
  "clase": "Candidato",
  "cod_alianza": "3732",
  "cod_categoria": "CNJ",
  "cod_lista": "3732.3740.3740",
  "cod_partido": "3732.3740",
  "codigo": "3732.3740.3740.7081",
  "dni": "26827115",
  "id_candidatura": "3732.3740.3740.7081",
  "id_umv": 388,
  "imagenes": [
   "3732.3740.3740.7081",
   "default",
   "default_mujer",
   "default",
   "default_mujer"
  ],
  "nombre": "BURGOS, EUSEBIA DEL MILAGRO",
  "nro_orden": 1,
  "orden_absoluto": [
   7,
   18,
   73,
   5,
   1
  ],
  "secundarios": [
   "PADILLA, DANTE GERARDO",
   "FLORES, JAQUELINA FERNANDA",
   "DURAN, MIGUEL ANGEL",
   "GUTIERREZ, ANDREA CECILIA"
  ],
  "sexo": "F",
  "suplentes": [
   "BOASSO, MIGUEL ANGEL"
  ]
 },
 {
  "asistida": "DIAZ GERM\u00c1N LUCAS",
  "cargo_ejecutivo": false,
  "clase": "Candidato",
  "cod_alianza": "3733",
  "cod_categoria": "CNJ",
  "cod_lista": "3733.10.10",
  "cod_partido": "3733.10",
  "codigo": "3733.10.10.176",
  "dni": "28503283",
  "id_candidatura": "3733.10.10.176",
  "id_umv": 401,
  "imagenes": [
   "3733.10.10.176",
   "default_mujer",
   "default",
   "default_mujer",
   "default"
  ],
  "nombre": "DIAZ, GERMAN LUCAS",
  "nro_orden": 1,
  "orden_absoluto": [
   11,
   51,
   4,
   5,
   1
  ],
  "secundarios": [
   "CORONEL, PAOLA CAROLINA",
   "SKRIVANELLI, JOSE MARCELO",
   "ALVAREZ, MARIELA EVANGELINA",
   "PAZ ANGEL, MARCELO"
  ],
  "sexo": "M",
  "suplentes": [
   "TORRES, SONIA ELIZABET",
   "GOMEZ, JUAN CARLOS",
   "CERVANTE, CLAUDIA YENIFER"
  ]
 },
 {
  "asistida": "CORIM\u00c1YO HUGO ARMANDO",
  "cargo_ejecutivo": true,
  "clase": "Candidato",
  "cod_alianza": "3733",
  "cod_categoria": "INT",
  "cod_lista": "3733.10.10",
  "cod_partido": "3733.10",
  "codigo": "3733.10.10.29",
  "dni": "10167036",
  "id_candidatura": "3733.10.10.29",
  "id_umv": 1460,
  "imagenes": [
   "3733.10.10.29"
  ],
  "nombre": "CORIMAYO, HUGO ARMANDO",
  "nro_orden": 1,
  "orden_absoluto": [
   11,
   51,
   4,
   4,
   1
  ],
  "secundarios": [

  ],
  "sexo": "M",
  "suplentes": [

  ]
 },
 {
  "asistida": "VIV\u00c9ROS JAIME ISMAEL",
  "cargo_ejecutivo": false,
  "clase": "Candidato",
  "cod_alianza": "3733",
  "cod_categoria": "CNJ",
  "cod_lista": "3733.1861.1861",
  "cod_partido": "3733.1861",
  "codigo": "3733.1861.1861.1495",
  "dni": "22586877",
  "id_candidatura": "3733.1861.1861.1495",
  "id_umv": 422,
  "imagenes": [
   "3733.1861.1861.1495",
   "default_mujer",
   "default",
   "default_mujer",
   "default"
  ],
  "nombre": "VIVEROS, JAIME ISMAEL",
  "nro_orden": 1,
  "orden_absoluto": [
   11,
   55,
   13,
   5,
   1
  ],
  "secundarios": [
   "MAIDANA, LAURA PATRICIA",
   "VERA, MAURICIO NAHUEL",
   "VIVEROS, ROSARIO MARLEN",
   "VILLAFA\u00d1ES, SAUL GERARDO"
  ],
  "sexo": "M",
  "suplentes": [
   "QUIPILDOR, MARISA GRACIELA",
   "CRUZ, FERNANDO EZEQUIEL",
   "PALMA, CARMEN ROSA"
  ]
 },
 {
  "asistida": "MENDA\u00d1A LU\u00cdS GERARDO",
  "cargo_ejecutivo": false,
  "clase": "Candidato",
  "cod_alianza": "3733",
  "cod_categoria": "DIP",
  "cod_lista": "3733.1862.1862",
  "cod_partido": "3733.1862",
  "codigo": "3733.1862.1862.1606",
  "dni": "16547308",
  "id_candidatura": "3733.1862.1862.1606",
  "id_umv": 1111,
  "imagenes": [
   "3733.1862.1862.1606"
  ],
  "nombre": "MENDA\u00d1A, \u201cGRINGO\u201d",
  "nro_orden": 1,
  "orden_absoluto": [
   11,
   63,
   14,
   3,
   1
  ],
  "secundarios": [

  ],
  "sexo": "M",
  "suplentes": [
   "ABRAHAM, ALVARO DAVID"
  ]
 },
 {
  "asistida": "MOREYRA JUAN ANTONIO",
  "cargo_ejecutivo": true,
  "clase": "Candidato",
  "cod_alianza": "3733",
  "cod_categoria": "INT",
  "cod_lista": "3733.1862.1862",
  "cod_partido": "3733.1862",
  "codigo": "3733.1862.1862.1623",
  "dni": "32590977",
  "id_candidatura": "3733.1862.1862.1623",
  "id_umv": 1476,
  "imagenes": [
   "3733.1862.1862.1623"
  ],
  "nombre": "MOREYRA, \u201cPROFE\u201d ANTONIO",
  "nro_orden": 1,
  "orden_absoluto": [
   11,
   63,
   14,
   4,
   1
  ],
  "secundarios": [

  ],
  "sexo": "M",
  "suplentes": [

  ]
 },
 {
  "asistida": "TOL\u00c1BA RUB\u00c9N EDUARDO",
  "cargo_ejecutivo": false,
  "clase": "Candidato",
  "cod_alianza": "3733",
  "cod_categoria": "CNJ",
  "cod_lista": "3733.1862.1862",
  "cod_partido": "3733.1862",
  "codigo": "3733.1862.1862.1897",
  "dni": "29397727",
  "id_candidatura": "3733.1862.1862.1897",
  "id_umv": 452,
  "imagenes": [
   "3733.1862.1862.1897",
   "default_mujer",
   "default",
   "default_mujer",
   "default"
  ],
  "nombre": "TOLABA, RUBEN \u201cTULA\u201d",
  "nro_orden": 1,
  "orden_absoluto": [
   11,
   63,
   14,
   5,
   1
  ],
  "secundarios": [
   "BALTAZAR, JUANA MABEL",
   "CHAVEZ, CARLOS ALBERTO",
   "MENDOZA, MARIA CRISTINA",
   "MAMANI, MATIAS RAUL"
  ],
  "sexo": "M",
  "suplentes": [
   "GUTIERREZ, ROSANA ELIZABET",
   "LOPEZ, HUGO FLORENCIO",
   "QUIPILDOR, ROSARIO",
   "ZERPA BALTAZAR, CHRISTIAN",
   "ROCHA, IVONE YAMILA"
  ]
 },
 {
  "asistida": "L\u00c1CI DANIEL ARTURO",
  "cargo_ejecutivo": false,
  "clase": "Candidato",
  "cod_alianza": "3733",
  "cod_categoria": "CNJ",
  "cod_lista": "3733.1869.1869",
  "cod_partido": "3733.1869",
  "codigo": "3733.1869.1869.2332",
  "dni": "20232969",
  "id_candidatura": "3733.1869.1869.2332",
  "id_umv": 483,
  "imagenes": [
   "3733.1869.1869.2332",
   "default_mujer",
   "default",
   "default_mujer",
   "default"
  ],
  "nombre": "LASCI, DANIEL \u201cCABO\u201d",
  "nro_orden": 1,
  "orden_absoluto": [
   11,
   67,
   15,
   5,
   1
  ],
  "secundarios": [
   "FUENSALIDA, FERNANDA GIMENA",
   "AVELLANEDA, JUAN CARLOS",
   "LANDISVINAY, NADIA MARINES",
   "GUAYMAS, JESUS GIULIANO"
  ],
  "sexo": "M",
  "suplentes": [
   "JURADO, AYELEN ALDANA",
   "MALDONADO, PASCUAL HERMINIO",
   "CAMPO, MAIRA EVELYN",
   "REINAGA, ROBERTO",
   "REARTE, LUCIANA CANDELA"
  ]
 },
 {
  "asistida": "DUR\u00c1ND CORNEJO JOAQUIN",
  "cargo_ejecutivo": false,
  "clase": "Candidato",
  "cod_alianza": "3733",
  "cod_categoria": "CNJ",
  "cod_lista": "3733.2625.2625",
  "cod_partido": "3733.2625",
  "codigo": "3733.2625.2625.4259",
  "dni": "33539791",
  "id_candidatura": "3733.2625.2625.4259",
  "id_umv": 507,
  "imagenes": [
   "3733.2625.2625.4259",
   "default_mujer",
   "default",
   "default_mujer",
   "default"
  ],
  "nombre": "DURAND CORNEJO, JOAQUIN",
  "nro_orden": 1,
  "orden_absoluto": [
   11,
   50,
   62,
   5,
   1
  ],
  "secundarios": [
   "MIRAVAL, GIMENA RENEE",
   "PEREZ, JUAN RAMON",
   "DIAZ, GLORIA ESTELA",
   "SILVA, ZOILO NICOLAS"
  ],
  "sexo": "M",
  "suplentes": [
   "DURAND CORNEJO, ANA INES",
   "MAMANI, INOCENCIO",
   "TULA, GISELLA MARISOL",
   "JUAN, NICOLAS AGUSTIN",
   "MALDONADO, GLADYS MARCELA"
  ]
 },
 {
  "asistida": "GARC\u00cdA OSCAR BENICIO",
  "cargo_ejecutivo": false,
  "clase": "Candidato",
  "cod_alianza": "3733",
  "cod_categoria": "CNJ",
  "cod_lista": "3733.2627.2627",
  "cod_partido": "3733.2627",
  "codigo": "3733.2627.2627.4732",
  "dni": "32857264",
  "id_candidatura": "3733.2627.2627.4732",
  "id_umv": 525,
  "imagenes": [
   "3733.2627.2627.4732",
   "default_mujer",
   "default",
   "default_mujer",
   "default"
  ],
  "nombre": "GARCIA, OSCAR \u201cYAYITA\u201d",
  "nro_orden": 1,
  "orden_absoluto": [
   11,
   72,
   20,
   5,
   1
  ],
  "secundarios": [
   "DIEZ REYES, ISABEL SANTINA",
   "ALVARADO, GERARDO MARTIN",
   "VERA, NANCY CAROLINA",
   "ZERPA, ARTURO RODRIGO"
  ],
  "sexo": "M",
  "suplentes": [
   "SORIA, ESTELA RAMONA",
   "QUISPE CARVAJAL, SAID ORLANDO",
   "VIVEROS, MICAELA JIMENA",
   "PASTRANA, TOBIAS JONATAN",
   "FIGUEROA, NATALIA"
  ]
 },
 {
  "asistida": "CARDOZO FRANCO CEL\u00cdN",
  "cargo_ejecutivo": false,
  "clase": "Candidato",
  "cod_alianza": "3733",
  "cod_categoria": "CNJ",
  "cod_lista": "3733.3656.3656",
  "cod_partido": "3733.3656",
  "codigo": "3733.3656.3656.6152",
  "dni": "45366302",
  "id_candidatura": "3733.3656.3656.6152",
  "id_umv": 540,
  "imagenes": [
   "3733.3656.3656.6152",
   "default_mujer",
   "default",
   "default_mujer",
   "default"
  ],
  "nombre": "CARDOZO, \u201cFRANQUITO\u201d",
  "nro_orden": 1,
  "orden_absoluto": [
   11,
   48,
   43,
   5,
   1
  ],
  "secundarios": [
   "RIVERO, CINTIA ELIZABETH",
   "LOPEZ MONRROY, CRISTIAN NICOLAS",
   "SERRANO, LUCRECIA ISABEL",
   "GIMENEZ, JONATAN HORACIO"
  ],
  "sexo": "M",
  "suplentes": [
   "CUELLAR, NATALIA DE LOS ANGELES",
   "LOPEZ, HUMBERTO FERNANDO",
   "BORQUEZ, NOELIA CARINA",
   "DOMINGUEZ, JOSE MARCELINO",
   "SANDOVAL, FERNANDA AGUSTINA"
  ]
 },
 {
  "asistida": "Ruberto SAENZ GUSTAVO ADOLFO",
  "cargo_ejecutivo": true,
  "clase": "Candidato",
  "cod_alianza": "3734",
  "cod_categoria": "GOB",
  "cod_lista": "3734.3737.3737",
  "cod_partido": "3734.3737",
  "codigo": "3734.3737.3737.6358",
  "dni": "20609646",
  "id_candidatura": "3734.3737.3737.6358",
  "id_umv": 1207,
  "imagenes": [
   "3734.3737.3737.6358",
   "default"
  ],
  "nombre": "SAENZ, GUSTAVO",
  "nro_orden": 1,
  "orden_absoluto": [
   1,
   5,
   69,
   1,
   1
  ],
  "secundarios": [
   "MAROCCO, ANTONIO \u201cGRINGO\u201d"
  ],
  "sexo": "M",
  "suplentes": [

  ]
 },
 {
  "asistida": "DAZA PEDRO ALBERTO",
  "cargo_ejecutivo": false,
  "clase": "Candidato",
  "cod_alianza": "3735",
  "cod_categoria": "CNJ",
  "cod_lista": "3735.15.15",
  "cod_partido": "3735.15",
  "codigo": "3735.15.15.1060",
  "dni": "10166684",
  "id_candidatura": "3735.15.15.1060",
  "id_umv": 582,
  "imagenes": [
   "3735.15.15.1060",
   "default_mujer",
   "default",
   "default_mujer",
   "default"
  ],
  "nombre": "DAZA, PEDRO ALBERTO",
  "nro_orden": 1,
  "orden_absoluto": [
   12,
   59,
   1,
   5,
   1
  ],
  "secundarios": [
   "CRUZ, MARTA SILVIA",
   "LOPEZ, JOSE FRANCISCO",
   "DAZA, VALERIA ESTHER",
   "LOPEZ, JORGE DOMINGO"
  ],
  "sexo": "M",
  "suplentes": [
   "LUNA, DELINA ISABEL"
  ]
 },
 {
  "asistida": "JOJ\u00d3T RAMOH\u00c1 JUAN MANUEL",
  "cargo_ejecutivo": false,
  "clase": "Candidato",
  "cod_alianza": "3735",
  "cod_categoria": "CNJ",
  "cod_lista": "3735.1873.1873",
  "cod_partido": "3735.1873",
  "codigo": "3735.1873.1873.2856",
  "dni": "32630208",
  "id_candidatura": "3735.1873.1873.2856",
  "id_umv": 626,
  "imagenes": [
   "3735.1873.1873.2856",
   "default_mujer",
   "default",
   "default_mujer",
   "default"
  ],
  "nombre": "JOJOT RAMOHA, JUAN MANUEL",
  "nro_orden": 1,
  "orden_absoluto": [
   12,
   56,
   80,
   5,
   1
  ],
  "secundarios": [
   "MANEIRA, ANALIA DEL VALLE",
   "OYARZU, ALBERTO FRANCISCO",
   "JOJOT RAMOHA, MARIA CRISTINA",
   "LOPEZ GUTIERREZ, MATIAS NAHUEL"
  ],
  "sexo": "M",
  "suplentes": [
   "DIP TORRES, MARIA VERONICA",
   "JOJOT RAMOHA, JOSE FRANCISCO"
  ]
 },
 {
  "asistida": "FR\u00c1NCO CARLOS SANTIAGO",
  "cargo_ejecutivo": false,
  "clase": "Candidato",
  "cod_alianza": "3735",
  "cod_categoria": "CNJ",
  "cod_lista": "3735.208.208",
  "cod_partido": "3735.208",
  "codigo": "3735.208.208.3255",
  "dni": "23296369",
  "id_candidatura": "3735.208.208.3255",
  "id_umv": 657,
  "imagenes": [
   "3735.208.208.3255",
   "default_mujer",
   "default",
   "default_mujer",
   "default"
  ],
  "nombre": "FRANCO, CARLOS \u201c\u00d1OQUI\u201d",
  "nro_orden": 1,
  "orden_absoluto": [
   12,
   41,
   7,
   5,
   1
  ],
  "secundarios": [
   "IBA\u00d1EZ, CLAUDIA ROSANA",
   "SARAPURA, WALTER ALFREDO",
   "RODRIGUEZ, OLGA LUCIA",
   "CABRERA SEGOVIA, LUIS MARTIN"
  ],
  "sexo": "M",
  "suplentes": [
   "ROQUE, MICAELA MARIA DEL HUERTO",
   "MARCON, HORACIO ANDRES",
   "MIRANDA, ZULMA MONTSERRAT",
   "IBA\u00d1EZ, FABIO NAHUEL",
   "SOLA, ROCIO MARIEL"
  ]
 },
 {
  "asistida": "VINCIGUERRA VANINA",
  "cargo_ejecutivo": false,
  "clase": "Candidato",
  "cod_alianza": "3735",
  "cod_categoria": "CNJ",
  "cod_lista": "3735.32.32",
  "cod_partido": "3735.32",
  "codigo": "3735.32.32.5173",
  "dni": "24172406",
  "id_candidatura": "3735.32.32.5173",
  "id_umv": 692,
  "imagenes": [
   "3735.32.32.5173",
   "default",
   "default_mujer",
   "default",
   "default_mujer"
  ],
  "nombre": "VINCIGUERRA, VANINA",
  "nro_orden": 1,
  "orden_absoluto": [
   12,
   46,
   63,
   5,
   1
  ],
  "secundarios": [
   "YAMPA, JUAN PABLO",
   "ORDO\u00d1EZ, MARIA ALEJANDRA",
   "JAIME, ANTONIO ARTURO",
   "RIVAROLA, MARCELA ALEJANDRA"
  ],
  "sexo": "F",
  "suplentes": [
   "AGUILERA, LUIS ALFREDO",
   "CRUZ BALTAZAR, BARBARA LUCIA",
   "ARIAS, GABRIEL RENE",
   "ZERPA, SONIA EPIFANIA",
   "SOLA, HECTOR ANTONIO"
  ]
 },
 {
  "asistida": "CALISAYA DIEGO GUILLERMO",
  "cargo_ejecutivo": false,
  "clase": "Candidato",
  "cod_alianza": "3735",
  "cod_categoria": "CNJ",
  "cod_lista": "3735.3650.3650",
  "cod_partido": "3735.3650",
  "codigo": "3735.3650.3650.5926",
  "dni": "33056653",
  "id_candidatura": "3735.3650.3650.5926",
  "id_umv": 728,
  "imagenes": [
   "3735.3650.3650.5926",
   "default_mujer",
   "default",
   "default_mujer",
   "default"
  ],
  "nombre": "CALISAYA, DIEGO GUILLERMO",
  "nro_orden": 1,
  "orden_absoluto": [
   12,
   66,
   23,
   5,
   1
  ],
  "secundarios": [
   "CAMPO, VIVIANA MARIBEL",
   "ROMERO, VICTOR VICENTE",
   "GONZALEZ, YULIANA MAILEN",
   "MENDOZA, MARCELO EZEQUIEL"
  ],
  "sexo": "M",
  "suplentes": [
   "MAMANI, ABIGAIL EMILCE",
   "RAMOHA, FERNANDO DANIEL",
   "VERA, SILVINA JANET",
   "CRUZ LOPEZ, OMAR DIEGO",
   "MENDOZA COSTAS, MACARENA"
  ]
 },
 {
  "asistida": "Daha Rayim MAX REN\u00c9",
  "cargo_ejecutivo": false,
  "clase": "Candidato",
  "cod_alianza": "3735",
  "cod_categoria": "DIP",
  "cod_lista": "3735.3745.3745",
  "cod_partido": "3735.3745",
  "codigo": "3735.3745.3745.8568",
  "dni": "20105240",
  "id_candidatura": "3735.3745.3745.8568",
  "id_umv": 1134,
  "imagenes": [
   "3735.3745.3745.8568"
  ],
  "nombre": "DAHAS, \u201cTURCO\u201d",
  "nro_orden": 1,
  "orden_absoluto": [
   12,
   25,
   70,
   3,
   1
  ],
  "secundarios": [

  ],
  "sexo": "M",
  "suplentes": [
   "MAMANI, MARIANA RAQUEL"
  ]
 },
 {
  "asistida": "MORENO OVALLE DANIEL ROBERTO",
  "cargo_ejecutivo": true,
  "clase": "Candidato",
  "cod_alianza": "3735",
  "cod_categoria": "INT",
  "cod_lista": "3735.3745.3745",
  "cod_partido": "3735.3745",
  "codigo": "3735.3745.3745.8595",
  "dni": "20232087",
  "id_candidatura": "3735.3745.3745.8595",
  "id_umv": 1557,
  "imagenes": [
   "3735.3745.3745.8595"
  ],
  "nombre": "MORENO, DANIEL",
  "nro_orden": 1,
  "orden_absoluto": [
   12,
   25,
   70,
   4,
   1
  ],
  "secundarios": [

  ],
  "sexo": "M",
  "suplentes": [

  ]
 },
 {
  "asistida": "MAIDANA AURELIA",
  "cargo_ejecutivo": false,
  "clase": "Candidato",
  "cod_alianza": "3735",
  "cod_categoria": "CNJ",
  "cod_lista": "3735.4.4",
  "cod_partido": "3735.4",
  "codigo": "3735.4.4.10394",
  "dni": "17088280",
  "id_candidatura": "3735.4.4.10394",
  "id_umv": 776,
  "imagenes": [
   "3735.4.4.10394",
   "default",
   "default_mujer",
   "default",
   "default_mujer"
  ],
  "nombre": "MAIDANA, AURELIA",
  "nro_orden": 1,
  "orden_absoluto": [
   12,
   58,
   6,
   5,
   1
  ],
  "secundarios": [
   "ORELLANA, CARLOS DANIEL",
   "MEDINA, PAULA ANDREA DEL ROSARIO",
   "GIMENEZ, ALFREDO JOSE MARTIN",
   "SEGOVIA, MARTHA BEATRIZ"
  ],
  "sexo": "F",
  "suplentes": [
   "GUTIERREZ, MOISES JUAN FRANCISCO",
   "TRONCOSO, PAULA NAHIR",
   "OCAMPO, JUAN CARLOS",
   "MAIDANA, DULCE MARIA",
   "MORA TITO, AGUSTIN"
  ]
 },
 {
  "asistida": "GUTIERRES JUAN GABRIEL",
  "cargo_ejecutivo": false,
  "clase": "Candidato",
  "cod_alianza": "3735",
  "cod_categoria": "CNJ",
  "cod_lista": "3735.460.460",
  "cod_partido": "3735.460",
  "codigo": "3735.460.460.11376",
  "dni": "39400466",
  "id_candidatura": "3735.460.460.11376",
  "id_umv": 825,
  "imagenes": [
   "3735.460.460.11376",
   "default_mujer",
   "default",
   "default_mujer",
   "default"
  ],
  "nombre": "GUTIERRES, JUAN GABRIEL",
  "nro_orden": 1,
  "orden_absoluto": [
   12,
   23,
   10,
   5,
   1
  ],
  "secundarios": [
   "VASQUEZ, JAQUELINA GLORIA",
   "FIORI, FRANCO LUCIANO",
   "CUTIPA, NELLY MILAGROS",
   "LOBO TERAN, SANTIAGO JOSE"
  ],
  "sexo": "M",
  "suplentes": [
   "TOLABA, PAMELA ADRIANA",
   "PASTRANA BERTERO, BALTAZAR",
   "SARAPURA, BRISA DANIELA SOLEDAD",
   "WALTER, FEDERICO GABRIEL",
   "GORDILLO, ANA LAURA"
  ]
 },
 {
  "asistida": "Escotor\u00edn RAMIRO DANIEL",
  "cargo_ejecutivo": true,
  "clase": "Candidato",
  "cod_alianza": "685",
  "cod_categoria": "GOB",
  "cod_lista": "685.685.685",
  "cod_partido": "685.685",
  "codigo": "685.685.685.12004",
  "dni": "17581303",
  "id_candidatura": "685.685.685.12004",
  "id_umv": 1208,
  "imagenes": [
   "685.685.685.12004",
   "default_mujer"
  ],
  "nombre": "ESCOTORIN, RAMIRO DANIEL",
  "nro_orden": 1,
  "orden_absoluto": [
   14,
   30,
   78,
   1,
   1
  ],
  "secundarios": [
   "CALIVA, PATRICIA DEL VALLE"
  ],
  "sexo": "M",
  "suplentes": [

  ]
 },
 {
  "asistida": "Voto en BLANCO",
  "cargo_ejecutivo": false,
  "clase": "Blanco",
  "cod_categoria": "CNJ",
  "cod_lista": "",
  "codigo": "BLC",
  "id_candidatura": "BLC",
  "id_umv": 874,
  "imagenes": [
   "BLC"
  ],
  "nombre": "Voto en BLANCO",
  "nro_orden": 5,
  "orden_absoluto": [
   994,
   5
  ],
  "secundarios": [

  ],
  "sexo": null,
  "suplentes": [

  ]
 },
 {
  "asistida": "Voto en BLANCO",
  "cargo_ejecutivo": false,
  "clase": "Blanco",
  "cod_categoria": "DIP",
  "cod_lista": "",
  "codigo": "BLC",
  "id_candidatura": "BLC",
  "id_umv": 1160,
  "imagenes": [
   "BLC"
  ],
  "nombre": "Voto en BLANCO",
  "nro_orden": 3,
  "orden_absoluto": [
   994,
   3
  ],
  "secundarios": [

  ],
  "sexo": null,
  "suplentes": [

  ]
 },
 {
  "asistida": "Voto en BLANCO",
  "cargo_ejecutivo": true,
  "clase": "Blanco",
  "cod_categoria": "GOB",
  "cod_lista": "",
  "codigo": "BLC",
  "id_candidatura": "BLC",
  "id_umv": 1209,
  "imagenes": [
   "BLC"
  ],
  "nombre": "Voto en BLANCO",
  "nro_orden": 1,
  "orden_absoluto": [
   994,
   1
  ],
  "secundarios": [

  ],
  "sexo": null,
  "suplentes": [

  ]
 },
 {
  "asistida": "Voto en BLANCO",
  "cargo_ejecutivo": true,
  "clase": "Blanco",
  "cod_categoria": "INT",
  "cod_lista": "",
  "codigo": "BLC",
  "id_candidatura": "BLC",
  "id_umv": 1648,
  "imagenes": [
   "BLC"
  ],
  "nombre": "Voto en BLANCO",
  "nro_orden": 4,
  "orden_absoluto": [
   994,
   4
  ],
  "secundarios": [

  ],
  "sexo": null,
  "suplentes": [

  ]
 },
 {
  "asistida": "Votos IMPUGNADOS",
  "cargo_ejecutivo": false,
  "clase": "Especial",
  "cod_categoria": "CNJ",
  "cod_lista": "",
  "codigo": "IMP",
  "id_candidatura": "IMP",
  "id_umv": 934,
  "nombre": "Votos IMPUGNADOS",
  "nro_orden": 5,
  "orden_absoluto": [
   995,
   5
  ],
  "secundarios": [

  ],
  "sexo": null,
  "suplentes": [

  ]
 },
 {
  "asistida": "Votos IMPUGNADOS",
  "cargo_ejecutivo": false,
  "clase": "Especial",
  "cod_categoria": "DIP",
  "cod_lista": "",
  "codigo": "IMP",
  "id_candidatura": "IMP",
  "id_umv": 1175,
  "nombre": "Votos IMPUGNADOS",
  "nro_orden": 3,
  "orden_absoluto": [
   995,
   3
  ],
  "secundarios": [

  ],
  "sexo": null,
  "suplentes": [

  ]
 },
 {
  "asistida": "Votos IMPUGNADOS",
  "cargo_ejecutivo": true,
  "clase": "Especial",
  "cod_categoria": "GOB",
  "cod_lista": "",
  "codigo": "IMP",
  "id_candidatura": "IMP",
  "id_umv": 1210,
  "nombre": "Votos IMPUGNADOS",
  "nro_orden": 1,
  "orden_absoluto": [
   995,
   1
  ],
  "secundarios": [

  ],
  "sexo": null,
  "suplentes": [

  ]
 },
 {
  "asistida": "Votos IMPUGNADOS",
  "cargo_ejecutivo": true,
  "clase": "Especial",
  "cod_categoria": "INT",
  "cod_lista": "",
  "codigo": "IMP",
  "id_candidatura": "IMP",
  "id_umv": 1708,
  "nombre": "Votos IMPUGNADOS",
  "nro_orden": 4,
  "orden_absoluto": [
   995,
   4
  ],
  "secundarios": [

  ],
  "sexo": null,
  "suplentes": [

  ]
 },
 {
  "asistida": "Votos OBSERVADOS",
  "cargo_ejecutivo": false,
  "clase": "Especial",
  "cod_categoria": "CNJ",
  "cod_lista": "",
  "codigo": "OBS",
  "id_candidatura": "OBS",
  "id_umv": 994,
  "nombre": "Votos OBSERVADOS",
  "nro_orden": 5,
  "orden_absoluto": [
   996,
   5
  ],
  "secundarios": [

  ],
  "sexo": null,
  "suplentes": [

  ]
 },
 {
  "asistida": "Votos OBSERVADOS",
  "cargo_ejecutivo": false,
  "clase": "Especial",
  "cod_categoria": "DIP",
  "cod_lista": "",
  "codigo": "OBS",
  "id_candidatura": "OBS",
  "id_umv": 1190,
  "nombre": "Votos OBSERVADOS",
  "nro_orden": 3,
  "orden_absoluto": [
   996,
   3
  ],
  "secundarios": [

  ],
  "sexo": null,
  "suplentes": [

  ]
 },
 {
  "asistida": "Votos OBSERVADOS",
  "cargo_ejecutivo": true,
  "clase": "Especial",
  "cod_categoria": "GOB",
  "cod_lista": "",
  "codigo": "OBS",
  "id_candidatura": "OBS",
  "id_umv": 1211,
  "nombre": "Votos OBSERVADOS",
  "nro_orden": 1,
  "orden_absoluto": [
   996,
   1
  ],
  "secundarios": [

  ],
  "sexo": null,
  "suplentes": [

  ]
 },
 {
  "asistida": "Votos OBSERVADOS",
  "cargo_ejecutivo": true,
  "clase": "Especial",
  "cod_categoria": "INT",
  "cod_lista": "",
  "codigo": "OBS",
  "id_candidatura": "OBS",
  "id_umv": 1768,
  "nombre": "Votos OBSERVADOS",
  "nro_orden": 4,
  "orden_absoluto": [
   996,
   4
  ],
  "secundarios": [

  ],
  "sexo": null,
  "suplentes": [

  ]
 }
]