22145,22167,22070,22413,22155,22314,22385,22292,22555,22088,22324,22103,22336,22066,22491,22354,22026,21990,22190,22189,22402,22081,22117,22183,22178,22157,22229
22241,22228,22131,22166,22002,22423,22043,22281,22367,22362,22345,22044,22276,22026,22095,22316,22293,22363,22248,22401,22212,22203,22154,22232,22252,22168,22128
22261,22256,22210,22144,22116,22419,22123,22340,22107,22061,22330,22323,22403,22408,22248,22285,22201,22325,22162,22002,21910,22389,22334,21937,22275,22232,22199
22200,21989,22344,22446,22319,22315,22171,22161,22223,22327,22001,22293,22266,22013,22097,22266,22228,22226,21881,22395,21953,22472,22495,22172,21999,22355,22393
22465,22166,22241,22250,22216,22182,22189,22301,22002,22538,22054,22047,22311,22218,22307,21780,22063,22158,22562,22275,22343,22379,22090,22313,22032,22196,22322
22253,22248,22392,22233,22145,22306,22215,22207,22435,22471,22137,22001,22099,22330,22243,22212,22407,22455,22039,22314,22127,22178,22020,22095,22310,22089,22039
22278,22200,22133,21906,22172,22174,22189,22408,21987,22231,22141,22343,22164,22258,22113,22241,22326,22016,22239,22310,22321,22277,22377,22075,22526,22241,22354
22166,22217,22440,21944,22225,22079,22174,22215,22026,22273,22141,22330,22040,22322,22177,22221,22533,21920,22333,22407,22503,22279,22324,22366,22153,22018,22174
22061,22421,22082,22002,22317,22392,22193,22237,22093,22233,22217,22243,21878,22205,22209,22421,22136,22273,22323,22356,22571,22317,22280,22242,22326,22022,21950
22409,21992,22400,21999,22286,22488,22256,22115,22380,22273,22471,22264,22124,22341,21941,22354,22220,22040,22148,22278,22275,22194,22002,22215,22275,22101,22159
22319,22043,22254,22320,22221,21963,22424,22273,22318,21970,22310,22080,22168,22246,22382,22221,22488,22086,22456,21984,22021,22180,22378,22111,22264,22197,22323
22214,22386,22067,22282,22110,22361,22225,22150,22223,22196,22213,22084,22073,22165,22028,22441,22296,22259,22112,22375,22174,22150,22249,22081,22275,22323,22488
22296,22219,22076,22478,22136,22343,22240,21949,21886,22165,22007,22436,22034,22111,22379,22085,22075,22172,22287,22333,22332,22358,22336,22295,22320,22535,22117
22118,22081,22177,22648,22270,22287,22284,22172,22233,22303,22074,22394,22209,22223,22133,22607,21958,22282,21967,22192,22444,22137,22227,22369,21829,22213,22169
22126,22288,22067,22325,22185,21959,22480,22190,22054,22117,22466,22186,22188,22466,22213,22252,22141,22416,22134,22147,22192,22137,22076,22185,22208,22315,22487
22178,22351,22549,22067,22033,22198,22116,22023,22295,22081,22145,22359,22324,22046,22421,22010,22073,22271,22288,22154,22385,22095,22058,22478,22455,22512,22035
22101,22035,22157,22390,22358,22107,21949,22192,22111,22216,22264,22225,22422,22388,22135,22323,22213,22152,22382,22500,22235,22187,22340,22193,22216,22092,22117
22406,22103,22318,22192,22276,22110,22094,22315,22057,22093,21923,22336,22472,22323,22320,22124,22066,22339,22292,22190,22295,22202,21951,22440,22384,22161,22218
22248,22350,21970,22451,22406,22017,22351,22393,22374,22163,22441,22177,22355,22022,22160,22095,22449,22175,22237,21897,21876,22316,22235,22171,21934,22359,22378
22232,22529,22245,22017,22284,22345,21914,22161,22006,21995,22257,22354,22379,22120,22188,22335,22315,22286,22328,22181,22509,22276,22408,22006,21725,22234,22371
22306,22358,22040,22386,22203,21982,22428,22217,22363,22345,22343,22116,22295,22237,22260,22132,22315,22283,22337,22191,21895,22016,22151,21942,22280,22398,22181
22089,22158,22590,22165,22407,22458,22319,22187,22352,22376,22564,22129,22197,22228,22082,22144,22137,22161,22092,21890,22059,21987,22374,22223,22259,22404,21969
22159,22285,22092,22356,22077,22095,22199,22405,22355,22380,22059,22106,22277,22271,22336,22104,22155,22250,22261,22125,22387,22153,22162,22278,22111,22150,22412
22342,22157,22253,22038,22000,22389,22508,22260,22312,22417,22134,22264,22234,22210,22074,22393,22334,21995,22225,22030,22034,22284,22197,22245,22484,22134,22053
22095,22291,22375,22175,22223,22061,22281,22229,22135,22093,22426,22347,22201,22440,22589,21960,21941,22055,22071,22321,22254,22072,22276,22563,22289,22002,22235
22165,22070,21931,22191,22278,22061,22142,22165,22372,22129,22402,22115,22118,22322,22374,22122,22438,22381,22207,22326,21936,22272,22124,22237,22218,22442,22462
22127,22412,22396,22016,22580,22172,22108,22162,22379,22104,21811,22301,22157,21995,22005,22202,22173,22671,22199,22237,22355,22409,22265,22353,22423,21950,22038
