[
 {
  "CNJ": 32,
  "INT": 1257,
  "agrupacion_municipal": false,
  "codigo": "3717.13.13",
  "lista_completa": true
 },
 {
  "CNJ": 80,
  "INT": 1257,
  "agrupacion_municipal": false,
  "codigo": "3717.2626.2626",
  "lista_completa": true
 },
 {
  "CNJ": 102,
  "INT": 1257,
  "agrupacion_municipal": false,
  "codigo": "3717.3739.3739",
  "lista_completa": true
 },
 {
  "CNJ": 133,
  "INT": 1257,
  "agrupacion_municipal": false,
  "codigo": "3717.443.443",
  "lista_completa": true
 },
 {
  "CNJ": 154,
  "INT": 1257,
  "agrupacion_municipal": false,
  "codigo": "3717.632.632",
  "lista_completa": true
 },
 {
  "CNJ": 167,
  "INT": 1301,
  "agrupacion_municipal": false,
  "codigo": "3723.12.12",
  "lista_completa": true
 },
 {
  "CNJ": 181,
  "INT": 1301,
  "agrupacion_municipal": false,
  "codigo": "3723.3649.3649",
  "lista_completa": true
 },
 {
  "CNJ": 198,
  "INT": 1301,
  "agrupacion_municipal": false,
  "codigo": "3723.3741.3741",
  "lista_completa": true
 },
 {
  "CNJ": 228,
  "INT": 1339,
  "agrupacion_municipal": false,
  "codigo": "3728.17.17",
  "lista_completa": true
 },
 {
  "CNJ": 234,
  "INT": 1339,
  "agrupacion_municipal": false,
  "codigo": "3728.3742.3742",
  "lista_completa": true
 },
 {
  "CNJ": 247,
  "INT": 1339,
  "agrupacion_municipal": false,
  "codigo": "3728.3748.3748",
  "lista_completa": true
 },
 {
  "CNJ": 262,
  "INT": 1365,
  "agrupacion_municipal": false,
  "codigo": "3729.179.179",
  "lista_completa": true
 },
 {
  "CNJ": 275,
  "INT": 1365,
  "agrupacion_municipal": false,
  "codigo": "3729.3747.3747",
  "lista_completa": true
 },
 {
  "CNJ": 295,
  "INT": 1384,
  "agrupacion_municipal": false,
  "codigo": "3729.459.459",
  "lista_completa": true
 },
 {
  "CNJ": 306,
  "INT": 1394,
  "agrupacion_municipal": false,
  "codigo": "3730.3746.3746",
  "lista_completa": true
 },
 {
  "CNJ": 601,
  "INT": 1603,
  "agrupacion_municipal": false,
  "codigo": "3735.15.15",
  "lista_completa": true
 },
 {
  "CNJ": 616,
  "INT": 1603,
  "agrupacion_municipal": false,
  "codigo": "3735.1873.1873",
  "lista_completa": true
 },
 {
  "CNJ": 647,
  "INT": 1579,
  "agrupacion_municipal": false,
  "codigo": "3735.208.208",
  "lista_completa": true
 },
 {
  "CNJ": 685,
  "INT": 1603,
  "agrupacion_municipal": false,
  "codigo": "3735.32.32",
  "lista_completa": true
 },
 {
  "CNJ": 717,
  "INT": 1603,
  "agrupacion_municipal": false,
  "codigo": "3735.3650.3650",
  "lista_completa": true
 },
 {
  "CNJ": 762,
  "INT": 1579,
  "agrupacion_municipal": false,
  "codigo": "3735.4.4",
  "lista_completa": true
 },
 {
  "CNJ": 813,
  "INT": 1603,
  "agrupacion_municipal": false,
  "codigo": "3735.460.460",
  "lista_completa": true
 },
 {
  "CNJ": 843,
  "INT": 1617,
  "agrupacion_municipal": false,
  "codigo": "685.685.685",
  "lista_completa": true
 },
 {
  "CNJ": 902,
  "INT": 1676,
  "agrupacion_municipal": false,
  "codigo": "BLC",
  "lista_completa": true
 }
]