[
 {
  "GOB": 1197,
  "agrupacion_municipal": false,
  "codigo": "1863.1863.1863",
  "lista_completa": true
 },
 {
  "GOB": 1198,
  "agrupacion_municipal": false,
  "codigo": "22.22.22",
  "lista_completa": true
 },
 {
  "GOB": 1199,
  "agrupacion_municipal": false,
  "codigo": "3625.3625.3625",
  "lista_completa": true
 },
 {
  "CNJ": 117,
  "GOB": 1200,
  "INT": 1275,
  "agrupacion_municipal": false,
  "codigo": "3717.3739.3739",
  "lista_completa": true
 },
 {
  "CNJ": 140,
  "GOB": 1200,
  "INT": 1275,
  "agrupacion_municipal": false,
  "codigo": "3717.443.443",
  "lista_completa": true
 },
 {
  "CNJ": 215,
  "GOB": 1201,
  "INT": 1318,
  "agrupacion_municipal": false,
  "codigo": "3723.3741.3741",
  "lista_completa": true
 },
 {
  "GOB": 1202,
  "INT": 1347,
  "agrupacion_municipal": false,
  "codigo": "3728.3742.3742",
  "lista_completa": false
 },
 {
  "CNJ": 255,
  "GOB": 1202,
  "INT": 1347,
  "agrupacion_municipal": false,
  "codigo": "3728.3748.3748",
  "lista_completa": true
 },
 {
  "CNJ": 289,
  "GOB": 1203,
  "INT": 1379,
  "agrupacion_municipal": false,
  "codigo": "3729.3747.3747",
  "lista_completa": true
 },
 {
  "CNJ": 320,
  "GOB": 1204,
  "INT": 1410,
  "agrupacion_municipal": false,
  "codigo": "3730.3746.3746",
  "lista_completa": true
 },
 {
  "CNJ": 342,
  "GOB": 1204,
  "INT": 1410,
  "agrupacion_municipal": false,
  "codigo": "3730.461.461",
  "lista_completa": true
 },
 {
  "CNJ": 374,
  "GOB": 1205,
  "INT": 1439,
  "agrupacion_municipal": false,
  "codigo": "3731.3743.3743",
  "lista_completa": true
 },
 {
  "GOB": 1206,
  "agrupacion_municipal": false,
  "codigo": "3732.3740.3740",
  "lista_completa": true
 },
 {
  "CNJ": 456,
  "GOB": 1207,
  "INT": 1509,
  "agrupacion_municipal": false,
  "codigo": "3733.1862.1862",
  "lista_completa": true
 },
 {
  "CNJ": 486,
  "GOB": 1207,
  "INT": 1509,
  "agrupacion_municipal": false,
  "codigo": "3733.1869.1869",
  "lista_completa": true
 },
 {
  "GOB": 1207,
  "INT": 1509,
  "agrupacion_municipal": false,
  "codigo": "3733.3744.3744",
  "lista_completa": false
 },
 {
  "CNJ": 568,
  "GOB": 1207,
  "INT": 1509,
  "agrupacion_municipal": false,
  "codigo": "3733.38.38",
  "lista_completa": true
 },
 {
  "GOB": 1207,
  "agrupacion_municipal": false,
  "codigo": "3734.3737.3737",
  "lista_completa": true
 },
 {
  "CNJ": 660,
  "GOB": 1207,
  "INT": 1592,
  "agrupacion_municipal": false,
  "codigo": "3735.208.208",
  "lista_completa": true
 },
 {
  "CNJ": 731,
  "GOB": 1207,
  "INT": 1611,
  "agrupacion_municipal": false,
  "codigo": "3735.3650.3650",
  "lista_completa": true
 },
 {
  "CNJ": 784,
  "GOB": 1207,
  "INT": 1592,
  "agrupacion_municipal": false,
  "codigo": "3735.4.4",
  "lista_completa": true
 },
 {
  "CNJ": 829,
  "GOB": 1207,
  "INT": 1611,
  "agrupacion_municipal": false,
  "codigo": "3735.460.460",
  "lista_completa": true
 },
 {
  "GOB": 1208,
  "agrupacion_municipal": false,
  "codigo": "685.685.685",
  "lista_completa": true
 },
 {
  "CNJ": 867,
  "GOB": 1209,
  "INT": 1641,
  "agrupacion_municipal": false,
  "codigo": "BLC",
  "lista_completa": true
 }
]