[
 {
  "asistida": "PLANES DANIELA",
  "cargo_ejecutivo": true,
  "clase": "Candidato",
  "cod_alianza": "1863",
  "cod_categoria": "GOB",
  "cod_lista": "1863.1863.1863",
  "cod_partido": "1863.1863",
  "codigo": "1863.1863.1863.2069",
  "dni": "28523544",
  "id_candidatura": "1863.1863.1863.2069",
  "id_umv": 1197,
  "imagenes": [
   "1863.1863.1863.2069",
   "default_mujer"
  ],
  "nombre": "PLANES, DANIELA",
  "nro_orden": 1,
  "orden_absoluto": [
   22,
   53,
   12,
   1,
   1
  ],
  "secundarios": [
   "TEJERINA, VERONICA"
  ],
  "sexo": "F",
  "suplentes": [

  ]
 },
 {
  "asistida": "GIL VIOLETA",
  "cargo_ejecutivo": true,
  "clase": "Candidato",
  "cod_alianza": "22",
  "cod_categoria": "GOB",
  "cod_lista": "22.22.22",
  "cod_partido": "22.22",
  "codigo": "22.22.22.3409",
  "dni": "33984630",
  "id_candidatura": "22.22.22.3409",
  "id_umv": 1198,
  "imagenes": [
   "22.22.22.3409",
   "default"
  ],
  "nombre": "GIL, VIOLETA",
  "nro_orden": 1,
  "orden_absoluto": [
   23,
   62,
   3,
   1,
   1
  ],
  "secundarios": [
   "TOLABA, ANGEL RODOLFO"
  ],
  "sexo": "F",
  "suplentes": [

  ]
 },
 {
  "asistida": "SOZA JUAN CARLOS",
  "cargo_ejecutivo": false,
  "clase": "Candidato",
  "cod_alianza": "22",
  "cod_categoria": "SEN",
  "cod_lista": "22.22.22",
  "cod_partido": "22.22",
  "codigo": "22.22.22.3411",
  "dni": "24580078",
  "id_candidatura": "22.22.22.3411",
  "id_umv": 1804,
  "imagenes": [
   "22.22.22.3411"
  ],
  "nombre": "SOZA, JUAN CARLOS",
  "nro_orden": 1,
  "orden_absoluto": [
   23,
   62,
   3,
   2,
   1
  ],
  "secundarios": [

  ],
  "sexo": "M",
  "suplentes": [
   "GAITE, TOMASA MERCEDES"
  ]
 },
 {
  "asistida": "TogNolini MARCOS",
  "cargo_ejecutivo": true,
  "clase": "Candidato",
  "cod_alianza": "3625",
  "cod_categoria": "GOB",
  "cod_lista": "3625.3625.3625",
  "cod_partido": "3625.3625",
  "codigo": "3625.3625.3625.5312",
  "dni": "29336659",
  "id_candidatura": "3625.3625.3625.5312",
  "id_umv": 1199,
  "imagenes": [
   "3625.3625.3625.5312",
   "default_mujer"
  ],
  "nombre": "TOGNOLINI, MARCOS",
  "nro_orden": 1,
  "orden_absoluto": [
   21,
   43,
   21,
   1,
   1
  ],
  "secundarios": [
   "RAMOS, MIRTA ADRIANA"
  ],
  "sexo": "M",
  "suplentes": [

  ]
 },
 {
  "asistida": "ORELLANA DAIANA KARINA",
  "cargo_ejecutivo": false,
  "clase": "Candidato",
  "cod_alianza": "3717",
  "cod_categoria": "CNJ",
  "cod_lista": "3717.13.13",
  "cod_partido": "3717.13",
  "codigo": "3717.13.13.478",
  "dni": "36533892",
  "id_candidatura": "3717.13.13.478",
  "id_umv": 21,
  "imagenes": [
   "3717.13.13.478",
   "default",
   "default_mujer",
   "default",
   "default_mujer"
  ],
  "nombre": "ORELLANA, DAIANA",
  "nro_orden": 1,
  "orden_absoluto": [
   6,
   52,
   75,
   5,
   1
  ],
  "secundarios": [
   "TOSCANO, AUGUSTO MIGUEL ANGEL",
   "GUAYMAS, MARIA INES",
   "JUAREZ, SEGUNDO RENE",
   "GONZALEZ, CARLA DANIELA"
  ],
  "sexo": "F",
  "suplentes": [
   "QUIROGA, JUAN JOSE",
   "VILLALBA, MARIANA ANTONIA",
   "JUAREZ, JUAN JOSE"
  ]
 },
 {
  "asistida": "CAMPOS RANULFO BENITO",
  "cargo_ejecutivo": false,
  "clase": "Candidato",
  "cod_alianza": "3717",
  "cod_categoria": "CNJ",
  "cod_lista": "3717.2543.2543",
  "cod_partido": "3717.2543",
  "codigo": "3717.2543.2543.3646",
  "dni": "21701791",
  "id_candidatura": "3717.2543.2543.3646",
  "id_umv": 50,
  "imagenes": [
   "3717.2543.2543.3646",
   "default_mujer",
   "default",
   "default_mujer",
   "default"
  ],
  "nombre": "CAMPOS, RANULFO \u201cPELAO\u201d",
  "nro_orden": 1,
  "orden_absoluto": [
   6,
   71,
   17,
   5,
   1
  ],
  "secundarios": [
   "VANETTA, OLGA ESTELA",
   "PUNTANO, ALDO DANIEL",
   "ORTEGA, SILVANA CELESTE",
   "ARGUELLO, JOSE RAUL"
  ],
  "sexo": "M",
  "suplentes": [
   "GARCIA, LOURDES ROCIO",
   "LEDESMA, MARIO DANIEL",
   "GARCIA, CAROLINA DEL MILAGRO",
   "PEREZ, ANGEL ADRIAN",
   "GUERRA, ALDANA DANIELA"
  ]
 },
 {
  "asistida": "ESTRADA EMILIANO RAFAEL",
  "cargo_ejecutivo": true,
  "clase": "Candidato",
  "cod_alianza": "3717",
  "cod_categoria": "GOB",
  "cod_lista": "3717.3739.3739",
  "cod_partido": "3717.3739",
  "codigo": "3717.3739.3739.6360",
  "dni": "32165256",
  "id_candidatura": "3717.3739.3739.6360",
  "id_umv": 1200,
  "imagenes": [
   "3717.3739.3739.6360",
   "default"
  ],
  "nombre": "ESTRADA, EMILIANO",
  "nro_orden": 1,
  "orden_absoluto": [
   6,
   17,
   64,
   1,
   1
  ],
  "secundarios": [
   "ZAPATA, CARLOS RAUL"
  ],
  "sexo": "M",
  "suplentes": [

  ]
 },
 {
  "asistida": "THOMAS MAR\u00cdA LAURA",
  "cargo_ejecutivo": false,
  "clase": "Candidato",
  "cod_alianza": "3717",
  "cod_categoria": "SEN",
  "cod_lista": "3717.3739.3739",
  "cod_partido": "3717.3739",
  "codigo": "3717.3739.3739.6370",
  "dni": "34974225",
  "id_candidatura": "3717.3739.3739.6370",
  "id_umv": 1812,
  "imagenes": [
   "3717.3739.3739.6370"
  ],
  "nombre": "DRA. THOMAS, MARIA LAURA \u201cCOTTY\u201d",
  "nro_orden": 1,
  "orden_absoluto": [
   6,
   17,
   64,
   2,
   1
  ],
  "secundarios": [

  ],
  "sexo": "F",
  "suplentes": [
   "GOMES, VICTOR"
  ]
 },
 {
  "asistida": "ROMERO H\u00c9CTOR ERNESTO",
  "cargo_ejecutivo": true,
  "clase": "Candidato",
  "cod_alianza": "3717",
  "cod_categoria": "INT",
  "cod_lista": "3717.3739.3739",
  "cod_partido": "3717.3739",
  "codigo": "3717.3739.3739.6431",
  "dni": "13968781",
  "id_candidatura": "3717.3739.3739.6431",
  "id_umv": 1246,
  "imagenes": [
   "3717.3739.3739.6431"
  ],
  "nombre": "ROMERO, HECTOR \u201cPAPOSA\u201d",
  "nro_orden": 1,
  "orden_absoluto": [
   6,
   17,
   64,
   4,
   1
  ],
  "secundarios": [

  ],
  "sexo": "M",
  "suplentes": [

  ]
 },
 {
  "asistida": "PEREZ SANTOS RAUL",
  "cargo_ejecutivo": false,
  "clase": "Candidato",
  "cod_alianza": "3717",
  "cod_categoria": "CNJ",
  "cod_lista": "3717.3739.3739",
  "cod_partido": "3717.3739",
  "codigo": "3717.3739.3739.6512",
  "dni": "14146187",
  "id_candidatura": "3717.3739.3739.6512",
  "id_umv": 91,
  "imagenes": [
   "3717.3739.3739.6512",
   "default_mujer",
   "default",
   "default_mujer",
   "default"
  ],
  "nombre": "PEREZ, SANTOS RAUL",
  "nro_orden": 1,
  "orden_absoluto": [
   6,
   17,
   64,
   5,
   1
  ],
  "secundarios": [
   "CORVALAN, CECILIA CAROLINA",
   "LEDESMA, RICARDO RAUL",
   "FERREIRA, MARIA DE LOS ANGELES",
   "SANDEZ, JAIRO GERMAN"
  ],
  "sexo": "M",
  "suplentes": [
   "VELARDEZ, ANALIA FIDELINA",
   "GUERRA, CARLOS EDUARDO",
   "CAMPOS, GRACIELA CAROLINA",
   "CASARES, JOSE ORLANDO",
   "CANALEJA, GABRIELA ALEJANDRA"
  ]
 },
 {
  "asistida": "GARC\u00cdA EDUARDO DANIEL",
  "cargo_ejecutivo": false,
  "clase": "Candidato",
  "cod_alianza": "3717",
  "cod_categoria": "CNJ",
  "cod_lista": "3717.632.632",
  "cod_partido": "3717.632",
  "codigo": "3717.632.632.11784",
  "dni": "12308147",
  "id_candidatura": "3717.632.632.11784",
  "id_umv": 146,
  "imagenes": [
   "3717.632.632.11784",
   "default_mujer",
   "default",
   "default_mujer",
   "default"
  ],
  "nombre": "GARCIA, \u201cCHAYES\u201d",
  "nro_orden": 1,
  "orden_absoluto": [
   6,
   47,
   8,
   5,
   1
  ],
  "secundarios": [
   "ROMERO, ROSA EDITH",
   "CABRAL, HERNAN HUGO",
   "BERON, ELENA ARMINDA",
   "LESCANO, ESTEBAN BENITO"
  ],
  "sexo": "M",
  "suplentes": [
   "ALEMAN, INGRID ANTONELLA",
   "GARCIA, HUGO ROGELIO",
   "VILLA, FATIMA HAYDEE"
  ]
 },
 {
  "asistida": "ONTIVEROS N\u00c9STOR FABI\u00c1N",
  "cargo_ejecutivo": false,
  "clase": "Candidato",
  "cod_alianza": "3723",
  "cod_categoria": "SEN",
  "cod_lista": "3723.3649.3649",
  "cod_partido": "3723.3649",
  "codigo": "3723.3649.3649.5434",
  "dni": "24298791",
  "id_candidatura": "3723.3649.3649.5434",
  "id_umv": 1819,
  "imagenes": [
   "3723.3649.3649.5434"
  ],
  "nombre": "ONTIVEROS, NESTOR FABIAN",
  "nro_orden": 1,
  "orden_absoluto": [
   5,
   29,
   22,
   2,
   1
  ],
  "secundarios": [

  ],
  "sexo": "M",
  "suplentes": [
   "SERRANO, RAQUEL MERCEDES"
  ]
 },
 {
  "asistida": "W\u00c1YAR GU\u00c1LTER RAUL",
  "cargo_ejecutivo": true,
  "clase": "Candidato",
  "cod_alianza": "3723",
  "cod_categoria": "GOB",
  "cod_lista": "3723.3741.3741",
  "cod_partido": "3723.3741",
  "codigo": "3723.3741.3741.7154",
  "dni": "12220501",
  "id_candidatura": "3723.3741.3741.7154",
  "id_umv": 1201,
  "imagenes": [
   "3723.3741.3741.7154",
   "default"
  ],
  "nombre": "WAYAR, WALTER",
  "nro_orden": 1,
  "orden_absoluto": [
   5,
   14,
   65,
   1,
   1
  ],
  "secundarios": [
   "MIZZAU, IVAN"
  ],
  "sexo": "M",
  "suplentes": [

  ]
 },
 {
  "asistida": "Teseyra MARCOS ANTONIO",
  "cargo_ejecutivo": false,
  "clase": "Candidato",
  "cod_alianza": "3723",
  "cod_categoria": "SEN",
  "cod_lista": "3723.3741.3741",
  "cod_partido": "3723.3741",
  "codigo": "3723.3741.3741.7164",
  "dni": "24858912",
  "id_candidatura": "3723.3741.3741.7164",
  "id_umv": 1824,
  "imagenes": [
   "3723.3741.3741.7164"
  ],
  "nombre": "TESEYRA, MARCOS ANTONIO",
  "nro_orden": 1,
  "orden_absoluto": [
   5,
   14,
   65,
   2,
   1
  ],
  "secundarios": [

  ],
  "sexo": "M",
  "suplentes": [
   "PADILLA PEDRAZA, SONIA KARINA"
  ]
 },
 {
  "asistida": "PAZ POSE LUCIO",
  "cargo_ejecutivo": true,
  "clase": "Candidato",
  "cod_alianza": "3728",
  "cod_categoria": "GOB",
  "cod_lista": "3728.3742.3742",
  "cod_partido": "3728.3742",
  "codigo": "3728.3742.3742.7704",
  "dni": "24875401",
  "id_candidatura": "3728.3742.3742.7704",
  "id_umv": 1202,
  "imagenes": [
   "3728.3742.3742.7704",
   "default_mujer"
  ],
  "nombre": "PAZ POSSE, LUCIO \u201cPINO\u201d",
  "nro_orden": 1,
  "orden_absoluto": [
   9,
   21,
   66,
   1,
   1
  ],
  "secundarios": [
   "FARJAT D\u2019ALESSANDRO, LORENA"
  ],
  "sexo": "M",
  "suplentes": [

  ]
 },
 {
  "asistida": "GARC\u00cdA RAMIRO EDUARDO",
  "cargo_ejecutivo": false,
  "clase": "Candidato",
  "cod_alianza": "3728",
  "cod_categoria": "SEN",
  "cod_lista": "3728.3742.3742",
  "cod_partido": "3728.3742",
  "codigo": "3728.3742.3742.7710",
  "dni": "26899158",
  "id_candidatura": "3728.3742.3742.7710",
  "id_umv": 1832,
  "imagenes": [
   "3728.3742.3742.7710"
  ],
  "nombre": "GARCIA, RAMIRO EDUARDO",
  "nro_orden": 1,
  "orden_absoluto": [
   9,
   21,
   66,
   2,
   1
  ],
  "secundarios": [

  ],
  "sexo": "M",
  "suplentes": [
   "SARAVIA, PAOLA CARINA"
  ]
 },
 {
  "asistida": "CAL\u00cdVA L\u00cdA VER\u00d3NICA",
  "cargo_ejecutivo": true,
  "clase": "Candidato",
  "cod_alianza": "3729",
  "cod_categoria": "GOB",
  "cod_lista": "3729.3747.3747",
  "cod_partido": "3729.3747",
  "codigo": "3729.3747.3747.9058",
  "dni": "25624792",
  "id_candidatura": "3729.3747.3747.9058",
  "id_umv": 1203,
  "imagenes": [
   "3729.3747.3747.9058",
   "default"
  ],
  "nombre": "CALIVA, LIA VERONICA",
  "nro_orden": 1,
  "orden_absoluto": [
   24,
   68,
   67,
   1,
   1
  ],
  "secundarios": [
   "GRAVANAGO, CARLOS ALEJANDRO"
  ],
  "sexo": "F",
  "suplentes": [

  ]
 },
 {
  "asistida": "GARC\u00cdA GASTON ALEJANDRO",
  "cargo_ejecutivo": false,
  "clase": "Candidato",
  "cod_alianza": "3729",
  "cod_categoria": "SEN",
  "cod_lista": "3729.3747.3747",
  "cod_partido": "3729.3747",
  "codigo": "3729.3747.3747.9065",
  "dni": "29258543",
  "id_candidatura": "3729.3747.3747.9065",
  "id_umv": 1838,
  "imagenes": [
   "3729.3747.3747.9065"
  ],
  "nombre": "GARCIA, GASTON ALEJANDRO",
  "nro_orden": 1,
  "orden_absoluto": [
   24,
   68,
   67,
   2,
   1
  ],
  "secundarios": [

  ],
  "sexo": "M",
  "suplentes": [

  ]
 },
 {
  "asistida": "NANNI VALERO MIGUEL",
  "cargo_ejecutivo": true,
  "clase": "Candidato",
  "cod_alianza": "3730",
  "cod_categoria": "GOB",
  "cod_lista": "3730.3746.3746",
  "cod_partido": "3730.3746",
  "codigo": "3730.3746.3746.8614",
  "dni": "25802248",
  "id_candidatura": "3730.3746.3746.8614",
  "id_umv": 1204,
  "imagenes": [
   "3730.3746.3746.8614",
   "default_mujer"
  ],
  "nombre": "NANNI, MIGUEL",
  "nro_orden": 1,
  "orden_absoluto": [
   15,
   32,
   74,
   1,
   1
  ],
  "secundarios": [
   "CORNEJO, VIRGINIA"
  ],
  "sexo": "M",
  "suplentes": [

  ]
 },
 {
  "asistida": "DE SAN ROM\u00c1N FERNANDO SANTIAGO",
  "cargo_ejecutivo": false,
  "clase": "Candidato",
  "cod_alianza": "3730",
  "cod_categoria": "SEN",
  "cod_lista": "3730.3746.3746",
  "cod_partido": "3730.3746",
  "codigo": "3730.3746.3746.8624",
  "dni": "6182909",
  "id_candidatura": "3730.3746.3746.8624",
  "id_umv": 1848,
  "imagenes": [
   "3730.3746.3746.8624"
  ],
  "nombre": "DE SAN ROMAN, FERNANDO SANTIAGO",
  "nro_orden": 1,
  "orden_absoluto": [
   15,
   32,
   74,
   2,
   1
  ],
  "secundarios": [

  ],
  "sexo": "M",
  "suplentes": [
   "BERNASAR, MARISA DEL LUJAN"
  ]
 },
 {
  "asistida": "SAL\u00cdS GRACIELA SUSANA",
  "cargo_ejecutivo": true,
  "clase": "Candidato",
  "cod_alianza": "3730",
  "cod_categoria": "INT",
  "cod_lista": "3730.3746.3746",
  "cod_partido": "3730.3746",
  "codigo": "3730.3746.3746.8685",
  "dni": "20798592",
  "id_candidatura": "3730.3746.3746.8685",
  "id_umv": 1387,
  "imagenes": [
   "3730.3746.3746.8685"
  ],
  "nombre": "SALIS, GRACIELA SUSANA",
  "nro_orden": 1,
  "orden_absoluto": [
   15,
   32,
   74,
   4,
   1
  ],
  "secundarios": [

  ],
  "sexo": "F",
  "suplentes": [

  ]
 },
 {
  "asistida": "JORGE SARAVIA Virjinia",
  "cargo_ejecutivo": false,
  "clase": "Candidato",
  "cod_alianza": "3730",
  "cod_categoria": "CNJ",
  "cod_lista": "3730.3746.3746",
  "cod_partido": "3730.3746",
  "codigo": "3730.3746.3746.8758",
  "dni": "42488510",
  "id_candidatura": "3730.3746.3746.8758",
  "id_umv": 300,
  "imagenes": [
   "3730.3746.3746.8758",
   "default",
   "default_mujer",
   "default",
   "default_mujer"
  ],
  "nombre": "JORGE SARAVIA, VIRGINIA",
  "nro_orden": 1,
  "orden_absoluto": [
   15,
   32,
   74,
   5,
   1
  ],
  "secundarios": [
   "FIGUEROA MONICO, CAMILO MARTIN",
   "GIMENEZ, LEANDRA EVANGELINA",
   "SALAZAR, MARCELO DAVID",
   "BARRERA JUAREZ, IVONE MARIA"
  ],
  "sexo": "F",
  "suplentes": [
   "JORGE SARAVIA, FAUSTO FACUNDO",
   "OLIVOS, AIXA STELLA MARIS"
  ]
 },
 {
  "asistida": "Sabadini MAURO DIEGO",
  "cargo_ejecutivo": true,
  "clase": "Candidato",
  "cod_alianza": "3731",
  "cod_categoria": "GOB",
  "cod_lista": "3731.3743.3743",
  "cod_partido": "3731.3743",
  "codigo": "3731.3743.3743.7941",
  "dni": "23362242",
  "id_candidatura": "3731.3743.3743.7941",
  "id_umv": 1205,
  "imagenes": [
   "3731.3743.3743.7941",
   "default_mujer"
  ],
  "nombre": "SABBADINI, MAURO DIEGO",
  "nro_orden": 1,
  "orden_absoluto": [
   10,
   22,
   68,
   1,
   1
  ],
  "secundarios": [
   "LOAYZA PACHECO, JIMENA LUCIA"
  ],
  "sexo": "M",
  "suplentes": [

  ]
 },
 {
  "asistida": "DEL PLA CLAUDIO ARIEL",
  "cargo_ejecutivo": true,
  "clase": "Candidato",
  "cod_alianza": "3732",
  "cod_categoria": "GOB",
  "cod_lista": "3732.3740.3740",
  "cod_partido": "3732.3740",
  "codigo": "3732.3740.3740.6916",
  "dni": "13943671",
  "id_candidatura": "3732.3740.3740.6916",
  "id_umv": 1206,
  "imagenes": [
   "3732.3740.3740.6916",
   "default_mujer"
  ],
  "nombre": "DEL PLA, CLAUDIO ARIEL",
  "nro_orden": 1,
  "orden_absoluto": [
   7,
   18,
   73,
   1,
   1
  ],
  "secundarios": [
   "HIDALGO, LORENA VANESA"
  ],
  "sexo": "M",
  "suplentes": [

  ]
 },
 {
  "asistida": "SANTILLAN JOS\u00c9 BENITO",
  "cargo_ejecutivo": false,
  "clase": "Candidato",
  "cod_alianza": "3732",
  "cod_categoria": "SEN",
  "cod_lista": "3732.3740.3740",
  "cod_partido": "3732.3740",
  "codigo": "3732.3740.3740.6919",
  "dni": "18228615",
  "id_candidatura": "3732.3740.3740.6919",
  "id_umv": 1859,
  "imagenes": [
   "3732.3740.3740.6919"
  ],
  "nombre": "SANTILLAN, JOSE BENITO",
  "nro_orden": 1,
  "orden_absoluto": [
   7,
   18,
   73,
   2,
   1
  ],
  "secundarios": [

  ],
  "sexo": "M",
  "suplentes": [
   "PALMA, MERCEDES ANGELICA"
  ]
 },
 {
  "asistida": "POSADAS Baz\u00e1n DANIEL ARNALDO",
  "cargo_ejecutivo": true,
  "clase": "Candidato",
  "cod_alianza": "3732",
  "cod_categoria": "INT",
  "cod_lista": "3732.3740.3740",
  "cod_partido": "3732.3740",
  "codigo": "3732.3740.3740.6961",
  "dni": "16431147",
  "id_candidatura": "3732.3740.3740.6961",
  "id_umv": 1447,
  "imagenes": [
   "3732.3740.3740.6961"
  ],
  "nombre": "POSADAS BAZAN, DANIEL ARNALDO",
  "nro_orden": 1,
  "orden_absoluto": [
   7,
   18,
   73,
   4,
   1
  ],
  "secundarios": [

  ],
  "sexo": "M",
  "suplentes": [

  ]
 },
 {
  "asistida": "GARC\u00cdA SILVIA PASTORA",
  "cargo_ejecutivo": false,
  "clase": "Candidato",
  "cod_alianza": "3732",
  "cod_categoria": "CNJ",
  "cod_lista": "3732.3740.3740",
  "cod_partido": "3732.3740",
  "codigo": "3732.3740.3740.7016",
  "dni": "31870357",
  "id_candidatura": "3732.3740.3740.7016",
  "id_umv": 382,
  "imagenes": [
   "3732.3740.3740.7016",
   "default",
   "default_mujer",
   "default",
   "default_mujer"
  ],
  "nombre": "GARCIA, SILVIA PASTORA",
  "nro_orden": 1,
  "orden_absoluto": [
   7,
   18,
   73,
   5,
   1
  ],
  "secundarios": [
   "VENENCIA, CLAUDIO LEONEL",
   "SORAIRE FERREYRA, CAMILA CECILIA",
   "VENENCIA, HIGINIO MANUEL",
   "VELARDE, CARLA ANDREA"
  ],
  "sexo": "F",
  "suplentes": [

  ]
 },
 {
  "asistida": "Gramaglia ROBERTO ENRIQUE",
  "cargo_ejecutivo": false,
  "clase": "Candidato",
  "cod_alianza": "3733",
  "cod_categoria": "SEN",
  "cod_lista": "3733.3744.3744",
  "cod_partido": "3733.3744",
  "codigo": "3733.3744.3744.8375",
  "dni": "11470183",
  "id_candidatura": "3733.3744.3744.8375",
  "id_umv": 1867,
  "imagenes": [
   "3733.3744.3744.8375"
  ],
  "nombre": "GRAMAGLIA, ROBERTO ENRIQUE",
  "nro_orden": 1,
  "orden_absoluto": [
   11,
   24,
   71,
   2,
   1
  ],
  "secundarios": [

  ],
  "sexo": "M",
  "suplentes": [
   "LEDESMA, JUAN GABRIEL"
  ]
 },
 {
  "asistida": "MOYANO JES\u00daS BENITO",
  "cargo_ejecutivo": true,
  "clase": "Candidato",
  "cod_alianza": "3733",
  "cod_categoria": "INT",
  "cod_lista": "3733.3744.3744",
  "cod_partido": "3733.3744",
  "codigo": "3733.3744.3744.8412",
  "dni": "12019213",
  "id_candidatura": "3733.3744.3744.8412",
  "id_umv": 1489,
  "imagenes": [
   "3733.3744.3744.8412"
  ],
  "nombre": "MOYANO, JESUS \u201cCHUCHU\u201d",
  "nro_orden": 1,
  "orden_absoluto": [
   11,
   24,
   71,
   4,
   1
  ],
  "secundarios": [

  ],
  "sexo": "M",
  "suplentes": [

  ]
 },
 {
  "asistida": "PINASCO CLAUDIA BEATRIZ",
  "cargo_ejecutivo": false,
  "clase": "Candidato",
  "cod_alianza": "3733",
  "cod_categoria": "CNJ",
  "cod_lista": "3733.3744.3744",
  "cod_partido": "3733.3744",
  "codigo": "3733.3744.3744.8446",
  "dni": "25410800",
  "id_candidatura": "3733.3744.3744.8446",
  "id_umv": 543,
  "imagenes": [
   "3733.3744.3744.8446",
   "default",
   "default_mujer",
   "default",
   "default_mujer"
  ],
  "nombre": "PINASCO, CLAUDIA BEATRIZ",
  "nro_orden": 1,
  "orden_absoluto": [
   11,
   24,
   71,
   5,
   1
  ],
  "secundarios": [
   "PEREZ, GUSTAVO FERNANDO",
   "APAZA, MARIA SIMONA",
   "GUZMAN, RICARDO CESAR",
   "CENTENO, LUCIANA BELEN"
  ],
  "sexo": "F",
  "suplentes": [

  ]
 },
 {
  "asistida": "Ruberto SAENZ GUSTAVO ADOLFO",
  "cargo_ejecutivo": true,
  "clase": "Candidato",
  "cod_alianza": "3734",
  "cod_categoria": "GOB",
  "cod_lista": "3734.3737.3737",
  "cod_partido": "3734.3737",
  "codigo": "3734.3737.3737.6358",
  "dni": "20609646",
  "id_candidatura": "3734.3737.3737.6358",
  "id_umv": 1207,
  "imagenes": [
   "3734.3737.3737.6358",
   "default"
  ],
  "nombre": "SAENZ, GUSTAVO",
  "nro_orden": 1,
  "orden_absoluto": [
   1,
   5,
   69,
   1,
   1
  ],
  "secundarios": [
   "MAROCCO, ANTONIO \u201cGRINGO\u201d"
  ],
  "sexo": "M",
  "suplentes": [

  ]
 },
 {
  "asistida": "GONZALEZ FABIANA DEL MILAGRO",
  "cargo_ejecutivo": false,
  "clase": "Candidato",
  "cod_alianza": "3735",
  "cod_categoria": "CNJ",
  "cod_lista": "3735.208.208",
  "cod_partido": "3735.208",
  "codigo": "3735.208.208.3006",
  "dni": "26188925",
  "id_candidatura": "3735.208.208.3006",
  "id_umv": 638,
  "imagenes": [
   "3735.208.208.3006",
   "default",
   "default_mujer",
   "default",
   "default_mujer"
  ],
  "nombre": "GONZALEZ, FABIANA DEL MILAGRO",
  "nro_orden": 1,
  "orden_absoluto": [
   12,
   41,
   7,
   5,
   1
  ],
  "secundarios": [
   "CAILLOU, ENRIQUE SEBASTIAN",
   "BERON, GRACIELA VERONICA",
   "CEJAS, JORGE ALBERTO",
   "ORTIZ, CARLA NATALIA"
  ],
  "sexo": "F",
  "suplentes": [
   "MARTEL, HECTOR FEDERICO",
   "CHAVEZ, ZONIA MABEL",
   "SOTO, FERNANDO ALBERTO",
   "GONZALEZ, NATALIA MARISA",
   "LOPEZ, MIGUEL ORLANDO"
  ]
 },
 {
  "asistida": "Daur\u00eda H\u00e9ctor DANIEL",
  "cargo_ejecutivo": false,
  "clase": "Candidato",
  "cod_alianza": "3735",
  "cod_categoria": "SEN",
  "cod_lista": "3735.3745.3745",
  "cod_partido": "3735.3745",
  "codigo": "3735.3745.3745.8554",
  "dni": "18469158",
  "id_candidatura": "3735.3745.3745.8554",
  "id_umv": 1876,
  "imagenes": [
   "3735.3745.3745.8554"
  ],
  "nombre": "D\u2019AURIA, HECTOR DANIEL",
  "nro_orden": 1,
  "orden_absoluto": [
   12,
   25,
   70,
   2,
   1
  ],
  "secundarios": [

  ],
  "sexo": "M",
  "suplentes": [
   "FRADEJAS, ANDRES NICOLAS"
  ]
 },
 {
  "asistida": "SACA FEDERICO JOS\u00c9",
  "cargo_ejecutivo": true,
  "clase": "Candidato",
  "cod_alianza": "3735",
  "cod_categoria": "INT",
  "cod_lista": "3735.3745.3745",
  "cod_partido": "3735.3745",
  "codigo": "3735.3745.3745.8585",
  "dni": "24138252",
  "id_candidatura": "3735.3745.3745.8585",
  "id_umv": 1547,
  "imagenes": [
   "3735.3745.3745.8585"
  ],
  "nombre": "SACCA, FEDERICO JOSE",
  "nro_orden": 1,
  "orden_absoluto": [
   12,
   25,
   70,
   4,
   1
  ],
  "secundarios": [

  ],
  "sexo": "M",
  "suplentes": [

  ]
 },
 {
  "asistida": "CORIA MIGUEL \u00c1NGEL",
  "cargo_ejecutivo": false,
  "clase": "Candidato",
  "cod_alianza": "3735",
  "cod_categoria": "CNJ",
  "cod_lista": "3735.4.4",
  "cod_partido": "3735.4",
  "codigo": "3735.4.4.10059",
  "dni": "37189869",
  "id_candidatura": "3735.4.4.10059",
  "id_umv": 748,
  "imagenes": [
   "3735.4.4.10059",
   "default_mujer",
   "default",
   "default_mujer",
   "default"
  ],
  "nombre": "CORIA, MIGUEL ANGEL",
  "nro_orden": 1,
  "orden_absoluto": [
   12,
   58,
   6,
   5,
   1
  ],
  "secundarios": [
   "WIERNA, VERONICA FLORENCIA",
   "DIAZ, ALEJANDRO ROBERTO",
   "NAVARRO, GUADALUPE ANABEL",
   "ARGUELLO, SERGIO DANIEL"
  ],
  "sexo": "M",
  "suplentes": [
   "VALE VENENCIA, CLAUDIA SILVINA",
   "SAY, JOSE LUIS",
   "MOLINS ALEMAN, MARIANA ALEJANDRA",
   "CHAUQUE, JOSE ANTONIO",
   "LANOZA, ANA ROSA"
  ]
 },
 {
  "asistida": "GARC\u00cdA PEDRO ADOLFO",
  "cargo_ejecutivo": false,
  "clase": "Candidato",
  "cod_alianza": "3735",
  "cod_categoria": "CNJ",
  "cod_lista": "3735.460.460",
  "cod_partido": "3735.460",
  "codigo": "3735.460.460.11092",
  "dni": "16663567",
  "id_candidatura": "3735.460.460.11092",
  "id_umv": 802,
  "imagenes": [
   "3735.460.460.11092",
   "default_mujer",
   "default",
   "default_mujer",
   "default"
  ],
  "nombre": "GARCIA, \u201cMAESTRO\u201d PEDRO",
  "nro_orden": 1,
  "orden_absoluto": [
   12,
   23,
   10,
   5,
   1
  ],
  "secundarios": [
   "DIAZ, CINTIA LILIANA",
   "SOTO, DIEGO JOSE IGNACIO",
   "LUNA, ANGELA LORENA",
   "ARGA\u00d1ARAZ, HECTOR RAMON"
  ],
  "sexo": "M",
  "suplentes": [
   "QUI\u00d1ONERO, NELLY JUANA",
   "MENDEZ, MAXIMILIANO WALTER",
   "CAMPOS, NOEMI ELIZABETH",
   "CORREA, VICTOR HUGO",
   "CRUZ, DEOLINDA VIRGINIA"
  ]
 },
 {
  "asistida": "Escotor\u00edn RAMIRO DANIEL",
  "cargo_ejecutivo": true,
  "clase": "Candidato",
  "cod_alianza": "685",
  "cod_categoria": "GOB",
  "cod_lista": "685.685.685",
  "cod_partido": "685.685",
  "codigo": "685.685.685.12004",
  "dni": "17581303",
  "id_candidatura": "685.685.685.12004",
  "id_umv": 1208,
  "imagenes": [
   "685.685.685.12004",
   "default_mujer"
  ],
  "nombre": "ESCOTORIN, RAMIRO DANIEL",
  "nro_orden": 1,
  "orden_absoluto": [
   14,
   30,
   78,
   1,
   1
  ],
  "secundarios": [
   "CALIVA, PATRICIA DEL VALLE"
  ],
  "sexo": "M",
  "suplentes": [

  ]
 },
 {
  "asistida": "Voto en BLANCO",
  "cargo_ejecutivo": false,
  "clase": "Blanco",
  "cod_categoria": "CNJ",
  "cod_lista": "",
  "codigo": "BLC",
  "id_candidatura": "BLC",
  "id_umv": 885,
  "imagenes": [
   "BLC"
  ],
  "nombre": "Voto en BLANCO",
  "nro_orden": 5,
  "orden_absoluto": [
   994,
   5
  ],
  "secundarios": [

  ],
  "sexo": null,
  "suplentes": [

  ]
 },
 {
  "asistida": "Voto en BLANCO",
  "cargo_ejecutivo": true,
  "clase": "Blanco",
  "cod_categoria": "GOB",
  "cod_lista": "",
  "codigo": "BLC",
  "id_candidatura": "BLC",
  "id_umv": 1209,
  "imagenes": [
   "BLC"
  ],
  "nombre": "Voto en BLANCO",
  "nro_orden": 1,
  "orden_absoluto": [
   994,
   1
  ],
  "secundarios": [

  ],
  "sexo": null,
  "suplentes": [

  ]
 },
 {
  "asistida": "Voto en BLANCO",
  "cargo_ejecutivo": true,
  "clase": "Blanco",
  "cod_categoria": "INT",
  "cod_lista": "",
  "codigo": "BLC",
  "id_candidatura": "BLC",
  "id_umv": 1659,
  "imagenes": [
   "BLC"
  ],
  "nombre": "Voto en BLANCO",
  "nro_orden": 4,
  "orden_absoluto": [
   994,
   4
  ],
  "secundarios": [

  ],
  "sexo": null,
  "suplentes": [

  ]
 },
 {
  "asistida": "Voto en BLANCO",
  "cargo_ejecutivo": false,
  "clase": "Blanco",
  "cod_categoria": "SEN",
  "cod_lista": "",
  "codigo": "BLC",
  "id_candidatura": "BLC",
  "id_umv": 1892,
  "imagenes": [
   "BLC"
  ],
  "nombre": "Voto en BLANCO",
  "nro_orden": 2,
  "orden_absoluto": [
   994,
   2
  ],
  "secundarios": [

  ],
  "sexo": null,
  "suplentes": [

  ]
 },
 {
  "asistida": "Votos IMPUGNADOS",
  "cargo_ejecutivo": false,
  "clase": "Especial",
  "cod_categoria": "CNJ",
  "cod_lista": "",
  "codigo": "IMP",
  "id_candidatura": "IMP",
  "id_umv": 945,
  "nombre": "Votos IMPUGNADOS",
  "nro_orden": 5,
  "orden_absoluto": [
   995,
   5
  ],
  "secundarios": [

  ],
  "sexo": null,
  "suplentes": [

  ]
 },
 {
  "asistida": "Votos IMPUGNADOS",
  "cargo_ejecutivo": true,
  "clase": "Especial",
  "cod_categoria": "GOB",
  "cod_lista": "",
  "codigo": "IMP",
  "id_candidatura": "IMP",
  "id_umv": 1210,
  "nombre": "Votos IMPUGNADOS",
  "nro_orden": 1,
  "orden_absoluto": [
   995,
   1
  ],
  "secundarios": [

  ],
  "sexo": null,
  "suplentes": [

  ]
 },
 {
  "asistida": "Votos IMPUGNADOS",
  "cargo_ejecutivo": true,
  "clase": "Especial",
  "cod_categoria": "INT",
  "cod_lista": "",
  "codigo": "IMP",
  "id_candidatura": "IMP",
  "id_umv": 1719,
  "nombre": "Votos IMPUGNADOS",
  "nro_orden": 4,
  "orden_absoluto": [
   995,
   4
  ],
  "secundarios": [

  ],
  "sexo": null,
  "suplentes": [

  ]
 },
 {
  "asistida": "Votos IMPUGNADOS",
  "cargo_ejecutivo": false,
  "clase": "Especial",
  "cod_categoria": "SEN",
  "cod_lista": "",
  "codigo": "IMP",
  "id_candidatura": "IMP",
  "id_umv": 1903,
  "nombre": "Votos IMPUGNADOS",
  "nro_orden": 2,
  "orden_absoluto": [
   995,
   2
  ],
  "secundarios": [

  ],
  "sexo": null,
  "suplentes": [

  ]
 },
 {
  "asistida": "Votos OBSERVADOS",
  "cargo_ejecutivo": false,
  "clase": "Especial",
  "cod_categoria": "CNJ",
  "cod_lista": "",
  "codigo": "OBS",
  "id_candidatura": "OBS",
  "id_umv": 1005,
  "nombre": "Votos OBSERVADOS",
  "nro_orden": 5,
  "orden_absoluto": [
   996,
   5
  ],
  "secundarios": [

  ],
  "sexo": null,
  "suplentes": [

  ]
 },
 {
  "asistida": "Votos OBSERVADOS",
  "cargo_ejecutivo": true,
  "clase": "Especial",
  "cod_categoria": "GOB",
  "cod_lista": "",
  "codigo": "OBS",
  "id_candidatura": "OBS",
  "id_umv": 1211,
  "nombre": "Votos OBSERVADOS",
  "nro_orden": 1,
  "orden_absoluto": [
   996,
   1
  ],
  "secundarios": [

  ],
  "sexo": null,
  "suplentes": [

  ]
 },
 {
  "asistida": "Votos OBSERVADOS",
  "cargo_ejecutivo": true,
  "clase": "Especial",
  "cod_categoria": "INT",
  "cod_lista": "",
  "codigo": "OBS",
  "id_candidatura": "OBS",
  "id_umv": 1779,
  "nombre": "Votos OBSERVADOS",
  "nro_orden": 4,
  "orden_absoluto": [
   996,
   4
  ],
  "secundarios": [

  ],
  "sexo": null,
  "suplentes": [

  ]
 },
 {
  "asistida": "Votos OBSERVADOS",
  "cargo_ejecutivo": false,
  "clase": "Especial",
  "cod_categoria": "SEN",
  "cod_lista": "",
  "codigo": "OBS",
  "id_candidatura": "OBS",
  "id_umv": 1914,
  "nombre": "Votos OBSERVADOS",
  "nro_orden": 2,
  "orden_absoluto": [
   996,
   2
  ],
  "secundarios": [

  ],
  "sexo": null,
  "suplentes": [

  ]
 }
]