[
 {
  "asistida": "RUIZ SEBASTI\u00c1N Osc\u00e1r",
  "cargo_ejecutivo": true,
  "clase": "Candidato",
  "cod_alianza": "3709",
  "cod_categoria": "INT",
  "cod_lista": "3709.3709.3709",
  "cod_partido": "3709.3709",
  "codigo": "3709.3709.3709.6189",
  "dni": "8387255",
  "id_candidatura": "3709.3709.3709.6189",
  "id_umv": 1229,
  "imagenes": [
   "3709.3709.3709.6189"
  ],
  "nombre": "RUIZ, SEBASTIAN OSCAR",
  "nro_orden": 1,
  "orden_absoluto": [
   18,
   38,
   33,
   4,
   1
  ],
  "secundarios": [

  ],
  "sexo": "M",
  "suplentes": [

  ]
 },
 {
  "asistida": "MALDONADO CARLOS MAR\u00cdA",
  "cargo_ejecutivo": false,
  "clase": "Candidato",
  "cod_alianza": "3709",
  "cod_categoria": "CNJ",
  "cod_lista": "3709.3709.3709",
  "cod_partido": "3709.3709",
  "codigo": "3709.3709.3709.6190",
  "dni": "26713394",
  "id_candidatura": "3709.3709.3709.6190",
  "id_umv": 18,
  "imagenes": [
   "3709.3709.3709.6190",
   "default_mujer",
   "default",
   "default_mujer",
   "default",
   "default_mujer",
   "default"
  ],
  "nombre": "MALDONADO, CARLOS MARIA",
  "nro_orden": 1,
  "orden_absoluto": [
   18,
   38,
   33,
   5,
   1
  ],
  "secundarios": [
   "TOLEDO, MATILDE FABIANA",
   "CHARRAS TOCONAS, PABLO JOAQUIN",
   "ROLDAN, ANALIA SUSANA",
   "ANNA, JOSE GABRIEL",
   "ALTAMIRANO, ARIANA MALENA",
   "RUIZ FARJAT, MIGUEL MATIAS"
  ],
  "sexo": "M",
  "suplentes": [
   "JUAREZ ROLDAN, AILIN LOURDES",
   "TAPIA JURADO, JUAN SEBASTIAN",
   "CONDORI, CECILIA ROSA",
   "RUIZ FARJAT, SEBASTIAN OSCAR",
   "I\u00d1IGO, MARCELA ELIZABETH",
   "VARGAS, JOSE MARIA"
  ]
 },
 {
  "asistida": "LUNA JORGE AN\u00cdBAL",
  "cargo_ejecutivo": false,
  "clase": "Candidato",
  "cod_alianza": "3717",
  "cod_categoria": "CNJ",
  "cod_lista": "3717.13.13",
  "cod_partido": "3717.13",
  "codigo": "3717.13.13.544",
  "dni": "22207101",
  "id_candidatura": "3717.13.13.544",
  "id_umv": 27,
  "imagenes": [
   "3717.13.13.544",
   "default_mujer",
   "default",
   "default_mujer",
   "default",
   "default_mujer",
   "default"
  ],
  "nombre": "LUNA, JORGE \u201cTELMO\u201d",
  "nro_orden": 1,
  "orden_absoluto": [
   6,
   52,
   75,
   5,
   1
  ],
  "secundarios": [
   "GERONIMO, DALINDA DEL VALLE",
   "MAMANI, RAFAEL REINALDO",
   "FRIAS MARQUES, JOHANNA PAOLA",
   "VIZGARRA, ROBERTO ALEJANDRO",
   "YAPURA, GABRIELA ELIZABETH",
   "CALERO, SERGIO DANIEL"
  ],
  "sexo": "M",
  "suplentes": [
   "CAVOLO, BALBINA ISABEL",
   "RIOS, SERGIO DAVID",
   "FERNANDEZ, LILIANA ELIZABETH",
   "BAZAN, CASILDO",
   "CARDOZO, GABRIELA CRISTINA"
  ]
 },
 {
  "asistida": "COLOMBRES HUGO",
  "cargo_ejecutivo": false,
  "clase": "Candidato",
  "cod_alianza": "3717",
  "cod_categoria": "CNJ",
  "cod_lista": "3717.2543.2543",
  "cod_partido": "3717.2543",
  "codigo": "3717.2543.2543.3710",
  "dni": "20219114",
  "id_candidatura": "3717.2543.2543.3710",
  "id_umv": 55,
  "imagenes": [
   "3717.2543.2543.3710",
   "default_mujer",
   "default",
   "default_mujer",
   "default",
   "default_mujer",
   "default"
  ],
  "nombre": "COLOMBRES, HUGO",
  "nro_orden": 1,
  "orden_absoluto": [
   6,
   71,
   17,
   5,
   1
  ],
  "secundarios": [
   "GUYOT, COSTANZA",
   "GUERRERO, LEANDRO EZEQUIEL",
   "VALENCIA, JOHANA NATALIA",
   "RISO, IGNACIO PASCUAL",
   "CRUZ GUTIERREZ, CAROLINA VIVIANA",
   "SERAPIO, JUAN FRANCO"
  ],
  "sexo": "M",
  "suplentes": [
   "FUNES, JESICA ANABEL DEL MILAGRO",
   "ACOSTA, EUCEBIO",
   "BURGOS, MILAGROS LUCRECIA",
   "JAIME, JORGE ALBERTO",
   "BURGOS, JAZMIN LILIANA",
   "MOLINA, MARCELO OSCAR"
  ]
 },
 {
  "asistida": "ZENTENO FRANCISCO CATALINO",
  "cargo_ejecutivo": false,
  "clase": "Candidato",
  "cod_alianza": "3717",
  "cod_categoria": "CNJ",
  "cod_lista": "3717.2626.2626",
  "cod_partido": "3717.2626",
  "codigo": "3717.2626.2626.4424",
  "dni": "20558229",
  "id_candidatura": "3717.2626.2626.4424",
  "id_umv": 77,
  "imagenes": [
   "3717.2626.2626.4424",
   "default_mujer",
   "default",
   "default_mujer",
   "default",
   "default_mujer",
   "default"
  ],
  "nombre": "ZENTENO, \u201cPANCHO\u201d",
  "nro_orden": 1,
  "orden_absoluto": [
   6,
   4,
   19,
   5,
   1
  ],
  "secundarios": [
   "LOPEZ, NORMA MIRTA",
   "BORTONI CACERES, FERNANDO ISMAEL",
   "VILLALBA, EDITH ANALIA",
   "GARCIA, JORGE CALIXTO",
   "SARAPURA, MARIA GABRIELA",
   "ALTAMIRANO, JOSE LUIS"
  ],
  "sexo": "M",
  "suplentes": [
   "MAMANI, NANCY ADRIANA",
   "RIOS, MATIAS EXEQUIEL",
   "LOPEZ, NATALIA SOLEDAD",
   "CARDOZO, ARIEL ALEJANDRO",
   "CHOQUE, SILVIA LORENA"
  ]
 },
 {
  "asistida": "GONZA ERNESTO FERNANDO",
  "cargo_ejecutivo": true,
  "clase": "Candidato",
  "cod_alianza": "3717",
  "cod_categoria": "INT",
  "cod_lista": "3717.3739.3739",
  "cod_partido": "3717.3739",
  "codigo": "3717.3739.3739.6439",
  "dni": "18240392",
  "id_candidatura": "3717.3739.3739.6439",
  "id_umv": 1254,
  "imagenes": [
   "3717.3739.3739.6439"
  ],
  "nombre": "GONZA, \u201cKILA\u201d",
  "nro_orden": 1,
  "orden_absoluto": [
   6,
   17,
   64,
   4,
   1
  ],
  "secundarios": [

  ],
  "sexo": "M",
  "suplentes": [

  ]
 },
 {
  "asistida": "GONZA ALDO DALMIRO",
  "cargo_ejecutivo": false,
  "clase": "Candidato",
  "cod_alianza": "3717",
  "cod_categoria": "CNJ",
  "cod_lista": "3717.3739.3739",
  "cod_partido": "3717.3739",
  "codigo": "3717.3739.3739.6594",
  "dni": "23749072",
  "id_candidatura": "3717.3739.3739.6594",
  "id_umv": 98,
  "imagenes": [
   "3717.3739.3739.6594",
   "default_mujer",
   "default",
   "default_mujer",
   "default",
   "default_mujer",
   "default"
  ],
  "nombre": "GONZA, ALDO",
  "nro_orden": 1,
  "orden_absoluto": [
   6,
   17,
   64,
   5,
   1
  ],
  "secundarios": [
   "FANTI, CRISTINA NOEMI",
   "MAMANI, MARCELO EDUARDO",
   "VILLANUEVA, SEBASTIANA OFELIA",
   "REYES, MAURO DANIEL",
   "RAMOS, GLORIA",
   "ALFARO, ERNESTO DAVID"
  ],
  "sexo": "M",
  "suplentes": [
   "ANDRADE, MARIA AGOSTINA",
   "SALES, RICARDO FRANCISCO",
   "GARNICA, VIOLETA GLORIA",
   "GUAYMAS, ORLANDO DANIEL",
   "CHOQUE, SUSANA ELIZABETH",
   "SANDOVAL, RAMON GUSTAVO",
   "LEYES, NOELIA MERCEDES"
  ]
 },
 {
  "asistida": "ESTRADA MARIANO MATIAS",
  "cargo_ejecutivo": true,
  "clase": "Candidato",
  "cod_alianza": "3723",
  "cod_categoria": "INT",
  "cod_lista": "3723.3741.3741",
  "cod_partido": "3723.3741",
  "codigo": "3723.3741.3741.7231",
  "dni": "27973133",
  "id_candidatura": "3723.3741.3741.7231",
  "id_umv": 1296,
  "imagenes": [
   "3723.3741.3741.7231"
  ],
  "nombre": "ESTRADA, MARIANO MATIAS",
  "nro_orden": 1,
  "orden_absoluto": [
   5,
   14,
   65,
   4,
   1
  ],
  "secundarios": [

  ],
  "sexo": "M",
  "suplentes": [

  ]
 },
 {
  "asistida": "GONZA JORGE EUSEBIO",
  "cargo_ejecutivo": false,
  "clase": "Candidato",
  "cod_alianza": "3723",
  "cod_categoria": "CNJ",
  "cod_lista": "3723.3741.3741",
  "cod_partido": "3723.3741",
  "codigo": "3723.3741.3741.7357",
  "dni": "13640435",
  "id_candidatura": "3723.3741.3741.7357",
  "id_umv": 193,
  "imagenes": [
   "3723.3741.3741.7357",
   "default_mujer",
   "default",
   "default_mujer",
   "default",
   "default_mujer",
   "default"
  ],
  "nombre": "GONZA, JORGE EUSEBIO",
  "nro_orden": 1,
  "orden_absoluto": [
   5,
   14,
   65,
   5,
   1
  ],
  "secundarios": [
   "CIRER BOSSETTO, AYELEN FATIMA",
   "ACOSTA ROMERO, CRISTIAN FABIAN",
   "FERREYRA, MARIA ELSA",
   "CRUZ, OSCAR SANDRO",
   "BURGOS, ROSANA ELIZABETH",
   "GONZALEZ, OSCAR GERARDO"
  ],
  "sexo": "M",
  "suplentes": [
   "CELEDON ROMERO, ANALIA",
   "PRIETO, HERNAN ELIBERTO",
   "MOLINA, ANA MIRIAM",
   "LINDOW, GERMAN EZEQUIEL",
   "PALACIO, DEBORA PAOLA",
   "LOPEZ, JOSE MARIO"
  ]
 },
 {
  "asistida": "Raciopi MAR\u00cdA SUSANA",
  "cargo_ejecutivo": true,
  "clase": "Candidato",
  "cod_alianza": "3728",
  "cod_categoria": "INT",
  "cod_lista": "3728.3742.3742",
  "cod_partido": "3728.3742",
  "codigo": "3728.3742.3742.7764",
  "dni": "6535523",
  "id_candidatura": "3728.3742.3742.7764",
  "id_umv": 1336,
  "imagenes": [
   "3728.3742.3742.7764"
  ],
  "nombre": "RACIOPPI, MARIA SUSANA",
  "nro_orden": 1,
  "orden_absoluto": [
   9,
   21,
   66,
   4,
   1
  ],
  "secundarios": [

  ],
  "sexo": "F",
  "suplentes": [

  ]
 },
 {
  "asistida": "PLAZA REN\u00c9 GONZALO RODRIGO",
  "cargo_ejecutivo": false,
  "clase": "Candidato",
  "cod_alianza": "3728",
  "cod_categoria": "CNJ",
  "cod_lista": "3728.3748.3748",
  "cod_partido": "3728.3748",
  "codigo": "3728.3748.3748.9548",
  "dni": "31900626",
  "id_candidatura": "3728.3748.3748.9548",
  "id_umv": 244,
  "imagenes": [
   "3728.3748.3748.9548",
   "default_mujer",
   "default",
   "default_mujer",
   "default",
   "default_mujer",
   "default"
  ],
  "nombre": "PLAZA, RENE GONZALO RODRIGO",
  "nro_orden": 1,
  "orden_absoluto": [
   9,
   15,
   24,
   5,
   1
  ],
  "secundarios": [
   "GUERRA, LORENA ALEJANDRA",
   "TORRES, ANGEL RAMIRO",
   "CORDOBA, CAROLA PATRICIA",
   "GUERRA, PABLO NICOLAS AGUSTIN",
   "RAMOS, ELSA ROSANA",
   "HIDALGO, EDUVIGIS LUIS"
  ],
  "sexo": "M",
  "suplentes": [
   "MORENO DURNELI, EMILIA MICOL",
   "RUEDA, NELSON",
   "PALMA, DANIELA DEL MILAGRO",
   "REYNOSO, HUMBERTO VICTORIO"
  ]
 },
 {
  "asistida": "GIUR\u00cd SARAVIA HORACIO",
  "cargo_ejecutivo": true,
  "clase": "Candidato",
  "cod_alianza": "3729",
  "cod_categoria": "INT",
  "cod_lista": "3729.3747.3747",
  "cod_partido": "3729.3747",
  "codigo": "3729.3747.3747.9114",
  "dni": "36802805",
  "id_candidatura": "3729.3747.3747.9114",
  "id_umv": 1362,
  "imagenes": [
   "3729.3747.3747.9114"
  ],
  "nombre": "GIURI SARAVIA, HORACIO",
  "nro_orden": 1,
  "orden_absoluto": [
   24,
   68,
   67,
   4,
   1
  ],
  "secundarios": [

  ],
  "sexo": "M",
  "suplentes": [

  ]
 },
 {
  "asistida": "CARDOZO LUCAS DAR\u00cdO EZEQUIEL",
  "cargo_ejecutivo": false,
  "clase": "Candidato",
  "cod_alianza": "3729",
  "cod_categoria": "CNJ",
  "cod_lista": "3729.3747.3747",
  "cod_partido": "3729.3747",
  "codigo": "3729.3747.3747.9227",
  "dni": "37777285",
  "id_candidatura": "3729.3747.3747.9227",
  "id_umv": 272,
  "imagenes": [
   "3729.3747.3747.9227",
   "default_mujer",
   "default",
   "default_mujer",
   "default",
   "default_mujer",
   "default"
  ],
  "nombre": "CARDOZO, LUCAS DARIO EZEQUIEL",
  "nro_orden": 1,
  "orden_absoluto": [
   24,
   68,
   67,
   5,
   1
  ],
  "secundarios": [
   "VERA, JORGELINA MABEL",
   "BAEZ, RAMIRO EDUARDO",
   "YAPURA, MARIA DEMETRIA",
   "PEREYRA, LUCAS LEANDRO",
   "AQUINO, MARIELA IVANA VALERIA",
   "LOPEZ, ANGEL ERIK"
  ],
  "sexo": "M",
  "suplentes": [
   "TORINO, MARIELA GRISEL",
   "MEDINA, SEBASTIAN ANDRES",
   "LOPEZ, MARISOL BELINDA"
  ]
 },
 {
  "asistida": "TICONA LOURDES NATIVIDAD",
  "cargo_ejecutivo": false,
  "clase": "Candidato",
  "cod_alianza": "3729",
  "cod_categoria": "CNJ",
  "cod_lista": "3729.459.459",
  "cod_partido": "3729.459",
  "codigo": "3729.459.459.10946",
  "dni": "34062686",
  "id_candidatura": "3729.459.459.10946",
  "id_umv": 294,
  "imagenes": [
   "3729.459.459.10946",
   "default",
   "default_mujer",
   "default",
   "default_mujer",
   "default",
   "default_mujer"
  ],
  "nombre": "TICONA, LOURDES NATIVIDAD",
  "nro_orden": 1,
  "orden_absoluto": [
   24,
   35,
   77,
   5,
   1
  ],
  "secundarios": [
   "GUERRA, MARCOS ANTONIO",
   "AGUILAR, ROMINA GISEL",
   "BARRIOS, MARIO FIDEL",
   "TORREZ, MAIA FLORENCIA AGUSTINA",
   "ARCE, NESTOR EDUARDO",
   "TORRES, MARIA ESTELA"
  ],
  "sexo": "F",
  "suplentes": [
   "PASTRANA, ROSALIO ALEJANDRO",
   "CASTRO ARANDA, ELINA CLARA",
   "CACERES, ANTONIO NOLBERTO",
   "RUEDA, RITA GRACIELA"
  ]
 },
 {
  "asistida": "VALENCIA DONAT JULIETA",
  "cargo_ejecutivo": true,
  "clase": "Candidato",
  "cod_alianza": "3730",
  "cod_categoria": "INT",
  "cod_lista": "3730.3746.3746",
  "cod_partido": "3730.3746",
  "codigo": "3730.3746.3746.8689",
  "dni": "22637109",
  "id_candidatura": "3730.3746.3746.8689",
  "id_umv": 1391,
  "imagenes": [
   "3730.3746.3746.8689"
  ],
  "nombre": "VALENCIA, \u201cJULIETA\u201d",
  "nro_orden": 1,
  "orden_absoluto": [
   15,
   32,
   74,
   4,
   1
  ],
  "secundarios": [

  ],
  "sexo": "F",
  "suplentes": [

  ]
 },
 {
  "asistida": "RODR\u00cdGUEZ Laconi AGUSTINA",
  "cargo_ejecutivo": false,
  "clase": "Candidato",
  "cod_alianza": "3730",
  "cod_categoria": "CNJ",
  "cod_lista": "3730.3746.3746",
  "cod_partido": "3730.3746",
  "codigo": "3730.3746.3746.8811",
  "dni": "33970664",
  "id_candidatura": "3730.3746.3746.8811",
  "id_umv": 304,
  "imagenes": [
   "3730.3746.3746.8811",
   "default",
   "default_mujer",
   "default",
   "default_mujer",
   "default",
   "default_mujer"
  ],
  "nombre": "RODRIGUEZ LACONI, AGUSTINA",
  "nro_orden": 1,
  "orden_absoluto": [
   15,
   32,
   74,
   5,
   1
  ],
  "secundarios": [
   "ROJAS, JOSE DE CALAZAN",
   "AGUILAR, EVA JORGELINA",
   "ASSAF, FEDERICO PABLO SAID",
   "FIGUEROA, MARIA BELEN",
   "DURAN, FERNANDO",
   "IBARRARAN GUAIMAS, ANGELA"
  ],
  "sexo": "F",
  "suplentes": [
   "GONZALEZ, \u201cJUANCHI\u201d",
   "CORONEL, CARINA",
   "TAPIA, JAVIER",
   "AGUILAR, LEANDRA MARIBEL",
   "ORTEGA, FABIAN",
   "LOPEZ, ALEJANDRA NATALIA"
  ]
 },
 {
  "asistida": "APAZA NANCY NOEM\u00cd",
  "cargo_ejecutivo": true,
  "clase": "Candidato",
  "cod_alianza": "3731",
  "cod_categoria": "INT",
  "cod_lista": "3731.3743.3743",
  "cod_partido": "3731.3743",
  "codigo": "3731.3743.3743.7999",
  "dni": "22947145",
  "id_candidatura": "3731.3743.3743.7999",
  "id_umv": 1425,
  "imagenes": [
   "3731.3743.3743.7999"
  ],
  "nombre": "APAZA, NANCY NOEMI",
  "nro_orden": 1,
  "orden_absoluto": [
   10,
   22,
   68,
   4,
   1
  ],
  "secundarios": [

  ],
  "sexo": "F",
  "suplentes": [

  ]
 },
 {
  "asistida": "GOMEZ JAVIER ALEJANDRO",
  "cargo_ejecutivo": false,
  "clase": "Candidato",
  "cod_alianza": "3731",
  "cod_categoria": "CNJ",
  "cod_lista": "3731.3743.3743",
  "cod_partido": "3731.3743",
  "codigo": "3731.3743.3743.8092",
  "dni": "29337847",
  "id_candidatura": "3731.3743.3743.8092",
  "id_umv": 359,
  "imagenes": [
   "3731.3743.3743.8092",
   "default_mujer",
   "default",
   "default_mujer",
   "default",
   "default_mujer",
   "default"
  ],
  "nombre": "GOMEZ, JAVIER ALEJANDRO",
  "nro_orden": 1,
  "orden_absoluto": [
   10,
   22,
   68,
   5,
   1
  ],
  "secundarios": [
   "DIAZ, DINA DELIA",
   "SOLIS, RODRIGO SEBASTIAN",
   "VILLARREAL, SUSANA RUTH",
   "SALVA, VICTOR SANTOS",
   "SALVA, MILAGRO AGUSTINA",
   "COLQUE, MARCOS ROLANDO"
  ],
  "sexo": "M",
  "suplentes": [
   "SOTO, ESTER DEL VALLE",
   "GORRITI, LUIS HECTOR",
   "APARICIO ZENTENO, NAHIR MARIA",
   "MAIZA, SEBASTIAN ARIEL",
   "GUITIAN, FATIMA RAQUEL",
   "ARANDA, LUIS NORBERTO",
   "CRUZ, HILDA NICOLASA"
  ]
 },
 {
  "asistida": "CARBONI LAGUNA DAIANA GISELLE",
  "cargo_ejecutivo": true,
  "clase": "Candidato",
  "cod_alianza": "3732",
  "cod_categoria": "INT",
  "cod_lista": "3732.3740.3740",
  "cod_partido": "3732.3740",
  "codigo": "3732.3740.3740.6963",
  "dni": "38525824",
  "id_candidatura": "3732.3740.3740.6963",
  "id_umv": 1449,
  "imagenes": [
   "3732.3740.3740.6963"
  ],
  "nombre": "CARBONI LAGUNA, DAIANA",
  "nro_orden": 1,
  "orden_absoluto": [
   7,
   18,
   73,
   4,
   1
  ],
  "secundarios": [

  ],
  "sexo": "F",
  "suplentes": [

  ]
 },
 {
  "asistida": "CAYO JORGE GUSTAVO",
  "cargo_ejecutivo": false,
  "clase": "Candidato",
  "cod_alianza": "3732",
  "cod_categoria": "CNJ",
  "cod_lista": "3732.3740.3740",
  "cod_partido": "3732.3740",
  "codigo": "3732.3740.3740.7042",
  "dni": "31436902",
  "id_candidatura": "3732.3740.3740.7042",
  "id_umv": 384,
  "imagenes": [
   "3732.3740.3740.7042",
   "default_mujer",
   "default",
   "default_mujer",
   "default",
   "default_mujer",
   "default"
  ],
  "nombre": "CAYO, JORGE GUSTAVO",
  "nro_orden": 1,
  "orden_absoluto": [
   7,
   18,
   73,
   5,
   1
  ],
  "secundarios": [
   "ROMEO, JULIANA NELIDA",
   "GARNICA, SANTIAGO JAVIER",
   "LAGOS COLQUE, JAQUELINE ANGELICA",
   "FARFAN, JORGE ANTONIO",
   "CARRIZO, NATALIA ELIZABETH",
   "IBA\u00d1EZ, JULIO CESAR"
  ],
  "sexo": "M",
  "suplentes": [

  ]
 },
 {
  "asistida": "DURAN GUILLERMO FERNANDO",
  "cargo_ejecutivo": false,
  "clase": "Candidato",
  "cod_alianza": "3733",
  "cod_categoria": "CNJ",
  "cod_lista": "3733.10.10",
  "cod_partido": "3733.10",
  "codigo": "3733.10.10.100",
  "dni": "35264505",
  "id_candidatura": "3733.10.10.100",
  "id_umv": 395,
  "imagenes": [
   "default",
   "default_mujer",
   "default",
   "default_mujer",
   "default",
   "default_mujer"
  ],
  "nombre": "DURAN, GUILLERMO FERNANDO",
  "nro_orden": 1,
  "orden_absoluto": [
   11,
   51,
   4,
   5,
   1
  ],
  "secundarios": [
   "PACHECO VELEZ, MARIA CRISTINA",
   "HIDALGO, RICARDO ORLANDO",
   "ALANIS CACERES, MACARENA FABIOLA",
   "DURAN, JUAN ESTEBAN",
   "DEL CASTILLO, NOELIA MAGDALENA"
  ],
  "sexo": "M",
  "suplentes": [

  ]
 },
 {
  "asistida": "LAMBERT\u00cdN JES\u00daS HUMBERTO",
  "cargo_ejecutivo": true,
  "clase": "Candidato",
  "cod_alianza": "3733",
  "cod_categoria": "INT",
  "cod_lista": "3733.1862.1862",
  "cod_partido": "3733.1862",
  "codigo": "3733.1862.1862.1616",
  "dni": "32857922",
  "id_candidatura": "3733.1862.1862.1616",
  "id_umv": 1469,
  "imagenes": [
   "3733.1862.1862.1616"
  ],
  "nombre": "LAMBERTIN, JESUS HUMBERTO",
  "nro_orden": 1,
  "orden_absoluto": [
   11,
   63,
   14,
   4,
   1
  ],
  "secundarios": [

  ],
  "sexo": "M",
  "suplentes": [

  ]
 },
 {
  "asistida": "AGUIRRE GUSTAVO ALFREDO",
  "cargo_ejecutivo": false,
  "clase": "Candidato",
  "cod_alianza": "3733",
  "cod_categoria": "CNJ",
  "cod_lista": "3733.1862.1862",
  "cod_partido": "3733.1862",
  "codigo": "3733.1862.1862.1758",
  "dni": "28071686",
  "id_candidatura": "3733.1862.1862.1758",
  "id_umv": 440,
  "imagenes": [
   "3733.1862.1862.1758",
   "default_mujer",
   "default",
   "default_mujer",
   "default",
   "default_mujer",
   "default"
  ],
  "nombre": "AGUIRRE, GUSTAVO ALFREDO",
  "nro_orden": 1,
  "orden_absoluto": [
   11,
   63,
   14,
   5,
   1
  ],
  "secundarios": [
   "BARRIOS LENCINA, ANA MARIA",
   "MERILES, RAUL DAVID",
   "RUIZ, PAOLA SOLEDAD",
   "SARAPURA, JUAN ROMAN",
   "DURAN, PAOLA LEONOR",
   "ZERPA, RAMIRO JAVIER"
  ],
  "sexo": "M",
  "suplentes": [
   "VALENZUELA, MARIA ALEJANDRA",
   "GALVAN, GUSTAVO ARIEL",
   "MARTINEZ, GABRIELA ALEJANDRA",
   "CRUZ, LUIS EDUARDO",
   "GALVAN, MARTA",
   "CHA\u00d1E, EDUARDO FERNANDO",
   "GARCETA, CLAUDIA MILAGRO"
  ]
 },
 {
  "asistida": "CRUZ ANDR\u00c9S BENJAM\u00cdN",
  "cargo_ejecutivo": true,
  "clase": "Candidato",
  "cod_alianza": "3733",
  "cod_categoria": "INT",
  "cod_lista": "3733.1869.1869",
  "cod_partido": "3733.1869",
  "codigo": "3733.1869.1869.2130",
  "dni": "25571816",
  "id_candidatura": "3733.1869.1869.2130",
  "id_umv": 1481,
  "imagenes": [
   "3733.1869.1869.2130"
  ],
  "nombre": "CRUZ, BENJAMIN",
  "nro_orden": 1,
  "orden_absoluto": [
   11,
   67,
   15,
   4,
   1
  ],
  "secundarios": [

  ],
  "sexo": "M",
  "suplentes": [

  ]
 },
 {
  "asistida": "ROMERO JUAN BAUTISTA",
  "cargo_ejecutivo": false,
  "clase": "Candidato",
  "cod_alianza": "3733",
  "cod_categoria": "CNJ",
  "cod_lista": "3733.1869.1869",
  "cod_partido": "3733.1869",
  "codigo": "3733.1869.1869.2220",
  "dni": "36802062",
  "id_candidatura": "3733.1869.1869.2220",
  "id_umv": 473,
  "imagenes": [
   "3733.1869.1869.2220",
   "default_mujer",
   "default",
   "default_mujer",
   "default",
   "default_mujer",
   "default"
  ],
  "nombre": "ROMERO, JUAN BAUTISTA",
  "nro_orden": 1,
  "orden_absoluto": [
   11,
   67,
   15,
   5,
   1
  ],
  "secundarios": [
   "HANSEN, SANDRA MARIEL",
   "DELALOYE, MARIO ALEJANDRO",
   "CORREA MONTERRUBIO, ISOLINA INES",
   "NOGALES GIMENEZ, JOAQUIN",
   "CARRIZO, PATRICIA BEATRIZ",
   "DAVALOS, TORIBIO"
  ],
  "sexo": "M",
  "suplentes": [
   "PRIETO, PRISCILA ESTEFANIA",
   "MEDINA, NAHUEL IVAN",
   "IBARRA, ANA SOL"
  ]
 },
 {
  "asistida": "MERCADO MIGUEL ANGEL",
  "cargo_ejecutivo": false,
  "clase": "Candidato",
  "cod_alianza": "3735",
  "cod_categoria": "CNJ",
  "cod_lista": "3735.15.15",
  "cod_partido": "3735.15",
  "codigo": "3735.15.15.910",
  "dni": "20919888",
  "id_candidatura": "3735.15.15.910",
  "id_umv": 596,
  "imagenes": [
   "3735.15.15.910",
   "default_mujer",
   "default",
   "default_mujer",
   "default",
   "default_mujer",
   "default"
  ],
  "nombre": "MERCADO, MIGUEL ANGEL",
  "nro_orden": 1,
  "orden_absoluto": [
   12,
   59,
   1,
   5,
   1
  ],
  "secundarios": [
   "GONZALEZ BONORINO, CECILIA",
   "SARAPURA, NICACIO TEODORO",
   "GONZALEZ, VIVIANA ELIZABETH",
   "ALBORNOZ ACOSTA, ROBERTO CARLOS",
   "YAPURA, MARIA FERNANDA",
   "RIOS, ANGEL OSCAR"
  ],
  "sexo": "M",
  "suplentes": [
   "DIAZ, RUTH ABIGAIL",
   "MACCHI SOLA, CARLOS JOSE",
   "MOLINA, NATALIA GRISELDA",
   "CHOCOBAR, VICTOR FABIAN",
   "MERCADO, ANDREA LUCIA",
   "RIOS, ANTONIO ARNALDO"
  ]
 },
 {
  "asistida": "SALAZAR FEDERICO",
  "cargo_ejecutivo": false,
  "clase": "Candidato",
  "cod_alianza": "3735",
  "cod_categoria": "CNJ",
  "cod_lista": "3735.1873.1873",
  "cod_partido": "3735.1873",
  "codigo": "3735.1873.1873.2664",
  "dni": "33090493",
  "id_candidatura": "3735.1873.1873.2664",
  "id_umv": 611,
  "imagenes": [
   "3735.1873.1873.2664",
   "default_mujer",
   "default",
   "default_mujer",
   "default",
   "default_mujer",
   "default"
  ],
  "nombre": "SALAZAR, \u201cTOPITO\u201d",
  "nro_orden": 1,
  "orden_absoluto": [
   12,
   56,
   80,
   5,
   1
  ],
  "secundarios": [
   "SERRANO, MARINA ROCIO",
   "PEREZ MERELLO, MARCOS",
   "MONZON, ANALUZ DEL ROSARIO",
   "SUAREZ, CARLOS ADOLFO ARTURO",
   "GALINDO, BRENDA MACARENA GISELA",
   "CALDERONI ZENTENO, PEDRO"
  ],
  "sexo": "M",
  "suplentes": [
   "GALINDO, CONSTANZA ANTONELLA",
   "MAMANI GUTIERREZ, CRISTIAN",
   "GUTIERREZ, EMILIA ANDREA",
   "DIEZ PE\u00d1ALBA, IGNACIO",
   "CONDE MAUGER, MARIA LORENA"
  ]
 },
 {
  "asistida": "CONDE M\u00e1ujer JOS\u00c9 MAR\u00cdA",
  "cargo_ejecutivo": false,
  "clase": "Candidato",
  "cod_alianza": "3735",
  "cod_categoria": "CNJ",
  "cod_lista": "3735.32.32",
  "cod_partido": "3735.32",
  "codigo": "3735.32.32.5001",
  "dni": "22785125",
  "id_candidatura": "3735.32.32.5001",
  "id_umv": 680,
  "imagenes": [
   "3735.32.32.5001",
   "default_mujer",
   "default",
   "default_mujer",
   "default",
   "default_mujer",
   "default"
  ],
  "nombre": "CONDE MAUGER, JOSE MARIA",
  "nro_orden": 1,
  "orden_absoluto": [
   12,
   46,
   63,
   5,
   1
  ],
  "secundarios": [
   "I\u00d1IGUEZ, MARIA JOSEFINA",
   "CORIMAYO, LUIS SANTIAGO",
   "SALTO, ELIANA MARISOL",
   "GUANTAY, MATIAS JOSE",
   "ALFARO, IVANA JIMENA",
   "LOPEZ RIVAS, MARIANO NICOLAS"
  ],
  "sexo": "M",
  "suplentes": [
   "ALVAREZ, CARMEN CECILIA",
   "PEREZ, SERGIO RICARDO",
   "CEBALLOS, OLGA NOEMI",
   "MAINOLI, PATRICIO MANUEL",
   "DI SANTOLO, ANDREA VIVIANA"
  ]
 },
 {
  "asistida": "TOSCANO JULIO C\u00c9SAR",
  "cargo_ejecutivo": false,
  "clase": "Candidato",
  "cod_alianza": "3735",
  "cod_categoria": "CNJ",
  "cod_lista": "3735.3711.3711",
  "cod_partido": "3735.3711",
  "codigo": "3735.3711.3711.6245",
  "dni": "45773311",
  "id_candidatura": "3735.3711.3711.6245",
  "id_umv": 745,
  "imagenes": [
   "3735.3711.3711.6245",
   "default_mujer",
   "default",
   "default_mujer",
   "default",
   "default_mujer",
   "default"
  ],
  "nombre": "TOSCANO, JULIO CESAR",
  "nro_orden": 1,
  "orden_absoluto": [
   12,
   70,
   34,
   5,
   1
  ],
  "secundarios": [
   "RODRIGUEZ FLORES, CINTIA MARISA",
   "GUTIERRES, PABLO ISAAC",
   "ARANCIBIA, ANDREA VERONICA",
   "FLORES, LUIS EDUARDO",
   "SARAPURA, VIVIANA",
   "PAZ, MAURICIO ALBERTO"
  ],
  "sexo": "M",
  "suplentes": [
   "SANDOBAL, ANDREA DE LOS ANGELES",
   "FABIAN, LEONSIO",
   "ROJAS, SABINA DEL VALLE",
   "SANCHEZ, LUCAS MAXIMILIANO",
   "FARFAN, NORMA BEATRIZ",
   "PEREZ, CARLOS BENJAMIN"
  ]
 },
 {
  "asistida": "SARAVIA ARIAS JOS\u00c9 MANUEL",
  "cargo_ejecutivo": true,
  "clase": "Candidato",
  "cod_alianza": "3735",
  "cod_categoria": "INT",
  "cod_lista": "3735.3745.3745",
  "cod_partido": "3735.3745",
  "codigo": "3735.3745.3745.8588",
  "dni": "21633852",
  "id_candidatura": "3735.3745.3745.8588",
  "id_umv": 1550,
  "imagenes": [
   "3735.3745.3745.8588"
  ],
  "nombre": "SARAVIA, MANUEL",
  "nro_orden": 1,
  "orden_absoluto": [
   12,
   25,
   70,
   4,
   1
  ],
  "secundarios": [

  ],
  "sexo": "M",
  "suplentes": [

  ]
 },
 {
  "asistida": "D\u00c1VALOS JUAN PABLO",
  "cargo_ejecutivo": false,
  "clase": "Candidato",
  "cod_alianza": "3735",
  "cod_categoria": "CNJ",
  "cod_lista": "3735.460.460",
  "cod_partido": "3735.460",
  "codigo": "3735.460.460.11169",
  "dni": "27974154",
  "id_candidatura": "3735.460.460.11169",
  "id_umv": 808,
  "imagenes": [
   "3735.460.460.11169",
   "default_mujer",
   "default",
   "default_mujer",
   "default",
   "default_mujer",
   "default"
  ],
  "nombre": "DAVALOS, JUAN PABLO",
  "nro_orden": 1,
  "orden_absoluto": [
   12,
   23,
   10,
   5,
   1
  ],
  "secundarios": [
   "SERAPIO, CAROLINA ALEJANDRA",
   "VEGA, FERNANDO RAUL",
   "LOPEZ, CARMEN ROSA",
   "FLEMING, FEDERICO",
   "JARAMILLO, NELIDA IVANA",
   "FIGUEROA, CARLOS JOSE ANTONIO"
  ],
  "sexo": "M",
  "suplentes": [
   "MAZA, SILVIA ELISABETH",
   "ANDRADA, FACUNDO JOAQUIN",
   "RUEDA, CAMILA RUTH DEL MILAGRO",
   "NAVARRO, MAURO ORLANDO",
   "ARIAS ARJONA, AGUSTINA MARIBEL",
   "DAL MOLIN, EUGENIO MANUEL",
   "LAMAS, MARIANGELES"
  ]
 },
 {
  "asistida": "Voto en BLANCO",
  "cargo_ejecutivo": false,
  "clase": "Blanco",
  "cod_categoria": "CNJ",
  "cod_lista": "",
  "codigo": "BLC",
  "id_candidatura": "BLC",
  "id_umv": 851,
  "imagenes": [
   "BLC"
  ],
  "nombre": "Voto en BLANCO",
  "nro_orden": 5,
  "orden_absoluto": [
   994,
   5
  ],
  "secundarios": [

  ],
  "sexo": null,
  "suplentes": [

  ]
 },
 {
  "asistida": "Voto en BLANCO",
  "cargo_ejecutivo": true,
  "clase": "Blanco",
  "cod_categoria": "INT",
  "cod_lista": "",
  "codigo": "BLC",
  "id_candidatura": "BLC",
  "id_umv": 1625,
  "imagenes": [
   "BLC"
  ],
  "nombre": "Voto en BLANCO",
  "nro_orden": 4,
  "orden_absoluto": [
   994,
   4
  ],
  "secundarios": [

  ],
  "sexo": null,
  "suplentes": [

  ]
 },
 {
  "asistida": "Votos IMPUGNADOS",
  "cargo_ejecutivo": false,
  "clase": "Especial",
  "cod_categoria": "CNJ",
  "cod_lista": "",
  "codigo": "IMP",
  "id_candidatura": "IMP",
  "id_umv": 911,
  "nombre": "Votos IMPUGNADOS",
  "nro_orden": 5,
  "orden_absoluto": [
   995,
   5
  ],
  "secundarios": [

  ],
  "sexo": null,
  "suplentes": [

  ]
 },
 {
  "asistida": "Votos IMPUGNADOS",
  "cargo_ejecutivo": true,
  "clase": "Especial",
  "cod_categoria": "INT",
  "cod_lista": "",
  "codigo": "IMP",
  "id_candidatura": "IMP",
  "id_umv": 1685,
  "nombre": "Votos IMPUGNADOS",
  "nro_orden": 4,
  "orden_absoluto": [
   995,
   4
  ],
  "secundarios": [

  ],
  "sexo": null,
  "suplentes": [

  ]
 },
 {
  "asistida": "Votos OBSERVADOS",
  "cargo_ejecutivo": false,
  "clase": "Especial",
  "cod_categoria": "CNJ",
  "cod_lista": "",
  "codigo": "OBS",
  "id_candidatura": "OBS",
  "id_umv": 971,
  "nombre": "Votos OBSERVADOS",
  "nro_orden": 5,
  "orden_absoluto": [
   996,
   5
  ],
  "secundarios": [

  ],
  "sexo": null,
  "suplentes": [

  ]
 },
 {
  "asistida": "Votos OBSERVADOS",
  "cargo_ejecutivo": true,
  "clase": "Especial",
  "cod_categoria": "INT",
  "cod_lista": "",
  "codigo": "OBS",
  "id_candidatura": "OBS",
  "id_umv": 1745,
  "nombre": "Votos OBSERVADOS",
  "nro_orden": 4,
  "orden_absoluto": [
   996,
   4
  ],
  "secundarios": [

  ],
  "sexo": null,
  "suplentes": [

  ]
 }
]