[
 {
  "asistida": "FRENTE AVANCEMOS",
  "clase": "Alianza",
  "codigo": "3717",
  "color": [
   "#3F0077",
   "#F1C400",
   "#C8102E"
  ],
  "id_candidatura": "3717",
  "imagenes": [
   "3717"
  ],
  "nombre": "FRENTE AVANCEMOS",
  "nombre_corto": "FRENTE AVANCEMOS",
  "orden_absoluto": [
   6
  ]
 },
 {
  "asistida": "PARTIDO DE LA VICTORIA",
  "clase": "Partido",
  "cod_alianza": "3717",
  "codigo": "3717.13",
  "color": [
   "#009CDE",
   "#FFFFFF",
   "#009CDE"
  ],
  "id_candidatura": "3717.13",
  "imagenes": [
   "3717.13"
  ],
  "nombre": "PARTIDO DE LA VICTORIA",
  "nombre_corto": "PART. DE LA VICTORIA",
  "orden_absoluto": [
   6,
   52
  ]
 },
 {
  "asistida": "54 PARTIDO DE LA VICTORIA",
  "clase": "Lista",
  "cod_alianza": "3717",
  "cod_partido": "3717.13",
  "codigo": "3717.13.13",
  "color": [
   "#009CDE",
   "#FFFFFF",
   "#009CDE"
  ],
  "color_tipografia": [
   "#000000"
  ],
  "id_candidatura": "3717.13.13",
  "imagenes": [
   "3717.13.13"
  ],
  "nombre": "PARTIDO DE LA VICTORIA",
  "nombre_corto": "PART. DE LA VICTORIA",
  "numero": "54",
  "orden_absoluto": [
   6,
   52,
   75
  ]
 },
 {
  "asistida": "FRENTE AVANCEMOS",
  "clase": "Partido",
  "cod_alianza": "3717",
  "codigo": "3717.3739",
  "color": [
   "#3F0077",
   "#F1C400",
   "#C8102E"
  ],
  "id_candidatura": "3717.3739",
  "imagenes": [
   "3717.3739"
  ],
  "nombre": "FRENTE AVANCEMOS",
  "nombre_corto": "FRENTE AVANCEMOS",
  "orden_absoluto": [
   6,
   17
  ]
 },
 {
  "asistida": "401 FRENTE AVANCEMOS",
  "clase": "Lista",
  "cod_alianza": "3717",
  "cod_partido": "3717.3739",
  "codigo": "3717.3739.3739",
  "color": [
   "#3F0077",
   "#F1C400",
   "#C8102E"
  ],
  "color_tipografia": [
   "#000000"
  ],
  "id_candidatura": "3717.3739.3739",
  "imagenes": [
   "3717.3739.3739"
  ],
  "nombre": "FRENTE AVANCEMOS",
  "nombre_corto": "FRENTE AVANCEMOS",
  "numero": "401",
  "orden_absoluto": [
   6,
   17,
   64
  ]
 },
 {
  "asistida": "ENTRE TODOS",
  "clase": "Alianza",
  "codigo": "3723",
  "color": [
   "#00A7E6"
  ],
  "id_candidatura": "3723",
  "imagenes": [
   "3723"
  ],
  "nombre": "ENTRE TODOS",
  "nombre_corto": "ENTRE TODOS",
  "orden_absoluto": [
   5
  ]
 },
 {
  "asistida": "PARTIDO FRENTE GRANDE",
  "clase": "Partido",
  "cod_alianza": "3723",
  "codigo": "3723.12",
  "color": [
   "#ED3237",
   "#3E4095"
  ],
  "id_candidatura": "3723.12",
  "imagenes": [
   "3723.12"
  ],
  "nombre": "PARTIDO FRENTE GRANDE",
  "nombre_corto": "PART. FRENTE GRANDE",
  "orden_absoluto": [
   5,
   57
  ]
 },
 {
  "asistida": "41 PARTIDO FRENTE GRANDE",
  "clase": "Lista",
  "cod_alianza": "3723",
  "cod_partido": "3723.12",
  "codigo": "3723.12.12",
  "color": [
   "#ED3237",
   "#3E4095"
  ],
  "color_tipografia": [
   "#000000"
  ],
  "id_candidatura": "3723.12.12",
  "imagenes": [
   "3723.12.12"
  ],
  "nombre": "PARTIDO FRENTE GRANDE",
  "nombre_corto": "PART. FRENTE GRANDE",
  "numero": "41",
  "orden_absoluto": [
   5,
   57,
   72
  ]
 },
 {
  "asistida": "ENTRE TODOS",
  "clase": "Partido",
  "cod_alianza": "3723",
  "codigo": "3723.3741",
  "color": [
   "#00A7E6"
  ],
  "id_candidatura": "3723.3741",
  "imagenes": [
   "3723.3741"
  ],
  "nombre": "ENTRE TODOS",
  "nombre_corto": "ENTRE TODOS",
  "orden_absoluto": [
   5,
   14
  ]
 },
 {
  "asistida": "402 ENTRE TODOS",
  "clase": "Lista",
  "cod_alianza": "3723",
  "cod_partido": "3723.3741",
  "codigo": "3723.3741.3741",
  "color": [
   "#00A7E6"
  ],
  "color_tipografia": [
   "#000000"
  ],
  "id_candidatura": "3723.3741.3741",
  "imagenes": [
   "3723.3741.3741"
  ],
  "nombre": "ENTRE TODOS",
  "nombre_corto": "ENTRE TODOS",
  "numero": "402",
  "orden_absoluto": [
   5,
   14,
   65
  ]
 },
 {
  "asistida": "FRENTE SALTA AVANZA CON VOS",
  "clase": "Alianza",
  "codigo": "3728",
  "color": [
   "#35637B",
   "#D98264"
  ],
  "id_candidatura": "3728",
  "imagenes": [
   "3728"
  ],
  "nombre": "FRENTE SALTA AVANZA CON VOS",
  "nombre_corto": "SALTA AVANZA CON VOS",
  "orden_absoluto": [
   9
  ]
 },
 {
  "asistida": "FRENTE SALTA AVANZA CON VOS",
  "clase": "Partido",
  "cod_alianza": "3728",
  "codigo": "3728.3742",
  "color": [
   "#35637B",
   "#D98264"
  ],
  "id_candidatura": "3728.3742",
  "imagenes": [
   "3728.3742"
  ],
  "nombre": "FRENTE SALTA AVANZA CON VOS",
  "nombre_corto": "SALTA AVANZA CON VOS",
  "orden_absoluto": [
   9,
   21
  ]
 },
 {
  "asistida": "403 FRENTE SALTA AVANZA CON VOS",
  "clase": "Lista",
  "cod_alianza": "3728",
  "cod_partido": "3728.3742",
  "codigo": "3728.3742.3742",
  "color": [
   "#35637B",
   "#D98264"
  ],
  "color_tipografia": [
   "#000000"
  ],
  "id_candidatura": "3728.3742.3742",
  "imagenes": [
   "3728.3742.3742"
  ],
  "nombre": "FRENTE SALTA AVANZA CON VOS",
  "nombre_corto": "SALTA AVANZA CON VOS",
  "numero": "403",
  "orden_absoluto": [
   9,
   21,
   66
  ]
 },
 {
  "asistida": "FEDERAL ALTERNATIVO REGIONAL ORGANIZ\u00c1DO -FARO",
  "clase": "Partido",
  "cod_alianza": "3728",
  "codigo": "3728.3748",
  "color": [
   "#007F00",
   "#FF0000"
  ],
  "id_candidatura": "3728.3748",
  "imagenes": [
   "3728.3748"
  ],
  "nombre": "FEDERAL ALTERNATIVO REGIONAL ORGANIZADO-FARO",
  "nombre_corto": "FED.ALT.REG.ORGANIZ.",
  "orden_absoluto": [
   9,
   15
  ]
 },
 {
  "asistida": "238 FEDERAL ALTERNATIVO REGIONAL ORGANIZ\u00c1DO -FARO",
  "clase": "Lista",
  "cod_alianza": "3728",
  "cod_partido": "3728.3748",
  "codigo": "3728.3748.3748",
  "color": [
   "#007F00",
   "#FF0000"
  ],
  "color_tipografia": [
   "#000000"
  ],
  "id_candidatura": "3728.3748.3748",
  "imagenes": [
   "3728.3748.3748"
  ],
  "nombre": "FEDERAL ALTERNATIVO REGIONAL ORGANIZADO-FARO",
  "nombre_corto": "FED.ALT.REG.ORGANIZ.",
  "numero": "238",
  "orden_absoluto": [
   9,
   15,
   24
  ]
 },
 {
  "asistida": "SALTA PARA TODOS - CALIVA GOBERNADORA",
  "clase": "Alianza",
  "codigo": "3729",
  "color": [
   "#FFFFFF",
   "#1389DC",
   "#FFBD59"
  ],
  "id_candidatura": "3729",
  "imagenes": [
   "3729"
  ],
  "nombre": "SALTA PARA TODOS - CALIVA GOBERNADORA",
  "nombre_corto": "SALTA PARA TODOS-CG",
  "orden_absoluto": [
   24
  ]
 },
 {
  "asistida": "SALTA PARA TODOS - CAL\u00cdVA GOBERNADORA",
  "clase": "Partido",
  "cod_alianza": "3729",
  "codigo": "3729.3747",
  "color": [
   "#FFFFFF",
   "#1389DC",
   "#FFBD59"
  ],
  "id_candidatura": "3729.3747",
  "imagenes": [
   "3729.3747"
  ],
  "nombre": "SALTA PARA TODOS - CALIVA GOBERNADORA",
  "nombre_corto": "SALTA PARA TODOS-CG",
  "orden_absoluto": [
   24,
   68
  ]
 },
 {
  "asistida": "404 SALTA PARA TODOS - CAL\u00cdVA GOBERNADORA",
  "clase": "Lista",
  "cod_alianza": "3729",
  "cod_partido": "3729.3747",
  "codigo": "3729.3747.3747",
  "color": [
   "#FFFFFF",
   "#1389DC",
   "#FFBD59"
  ],
  "color_tipografia": [
   "#000000"
  ],
  "id_candidatura": "3729.3747.3747",
  "imagenes": [
   "3729.3747.3747"
  ],
  "nombre": "SALTA PARA TODOS - CALIVA GOBERNADORA",
  "nombre_corto": "SALTA PARA TODOS-CG",
  "numero": "404",
  "orden_absoluto": [
   24,
   68,
   67
  ]
 },
 {
  "asistida": "JUNTOS POR EL CAMBIO",
  "clase": "Alianza",
  "codigo": "3730",
  "color": [
   "#FFB300"
  ],
  "id_candidatura": "3730",
  "imagenes": [
   "3730"
  ],
  "nombre": "JUNTOS POR EL CAMBIO",
  "nombre_corto": "JUNTOS POR EL CAMBIO",
  "orden_absoluto": [
   15
  ]
 },
 {
  "asistida": "JUNTOS POR EL CAMBIO",
  "clase": "Partido",
  "cod_alianza": "3730",
  "codigo": "3730.3746",
  "color": [
   "#FFB300"
  ],
  "id_candidatura": "3730.3746",
  "imagenes": [
   "3730.3746"
  ],
  "nombre": "JUNTOS POR EL CAMBIO",
  "nombre_corto": "JUNTOS POR EL CAMBIO",
  "orden_absoluto": [
   15,
   32
  ]
 },
 {
  "asistida": "411 JUNTOS POR EL CAMBIO",
  "clase": "Lista",
  "cod_alianza": "3730",
  "cod_partido": "3730.3746",
  "codigo": "3730.3746.3746",
  "color": [
   "#FFB300"
  ],
  "color_tipografia": [
   "#000000"
  ],
  "id_candidatura": "3730.3746.3746",
  "imagenes": [
   "3730.3746.3746"
  ],
  "nombre": "JUNTOS POR EL CAMBIO",
  "nombre_corto": "JUNTOS POR EL CAMBIO",
  "numero": "411",
  "orden_absoluto": [
   15,
   32,
   74
  ]
 },
 {
  "asistida": "FRENTE SALTA VA CON FELICIDAD",
  "clase": "Alianza",
  "codigo": "3731",
  "color": [
   "#9D2642",
   "#040205",
   "#E95B19"
  ],
  "id_candidatura": "3731",
  "imagenes": [
   "3731"
  ],
  "nombre": "FRENTE SALTA VA CON FELICIDAD",
  "nombre_corto": "SALTA VA C\/FELICIDAD",
  "orden_absoluto": [
   10
  ]
 },
 {
  "asistida": "UNIDAD SOCIALISTA",
  "clase": "Partido",
  "cod_alianza": "3731",
  "codigo": "3731.2566",
  "color": [
   "#FF7F00",
   "#0000BF",
   "#FFFFFF"
  ],
  "id_candidatura": "3731.2566",
  "imagenes": [
   "3731.2566"
  ],
  "nombre": "UNIDAD SOCIALISTA",
  "nombre_corto": "UNIDAD SOCIALISTA",
  "orden_absoluto": [
   10,
   74
  ]
 },
 {
  "asistida": "334 UNIDAD SOCIALISTA",
  "clase": "Lista",
  "cod_alianza": "3731",
  "cod_partido": "3731.2566",
  "codigo": "3731.2566.2566",
  "color": [
   "#FF7F00",
   "#0000BF",
   "#FFFFFF"
  ],
  "color_tipografia": [
   "#000000"
  ],
  "id_candidatura": "3731.2566.2566",
  "imagenes": [
   "3731.2566.2566"
  ],
  "nombre": "UNIDAD SOCIALISTA",
  "nombre_corto": "UNIDAD SOCIALISTA",
  "numero": "334",
  "orden_absoluto": [
   10,
   74,
   58
  ]
 },
 {
  "asistida": "FRENTE SALTA VA CON FELICIDAD",
  "clase": "Partido",
  "cod_alianza": "3731",
  "codigo": "3731.3743",
  "color": [
   "#9D2642",
   "#040205",
   "#E95B19"
  ],
  "id_candidatura": "3731.3743",
  "imagenes": [
   "3731.3743"
  ],
  "nombre": "FRENTE SALTA VA CON FELICIDAD",
  "nombre_corto": "SALTA VA C\/FELICIDAD",
  "orden_absoluto": [
   10,
   22
  ]
 },
 {
  "asistida": "405 FRENTE SALTA VA CON FELICIDAD",
  "clase": "Lista",
  "cod_alianza": "3731",
  "cod_partido": "3731.3743",
  "codigo": "3731.3743.3743",
  "color": [
   "#9D2642",
   "#040205",
   "#E95B19"
  ],
  "color_tipografia": [
   "#000000"
  ],
  "id_candidatura": "3731.3743.3743",
  "imagenes": [
   "3731.3743.3743"
  ],
  "nombre": "FRENTE SALTA VA CON FELICIDAD",
  "nombre_corto": "SALTA VA C\/FELICIDAD",
  "numero": "405",
  "orden_absoluto": [
   10,
   22,
   68
  ]
 },
 {
  "asistida": "FRENTE VAMOS SALTA",
  "clase": "Alianza",
  "codigo": "3735",
  "color": [
   "#2C4B92"
  ],
  "id_candidatura": "3735",
  "imagenes": [
   "3735"
  ],
  "nombre": "FRENTE VAMOS SALTA",
  "nombre_corto": "FRENTE VAMOS SALTA",
  "orden_absoluto": [
   12
  ]
 },
 {
  "asistida": "PARTIDO RENOVADOR DE SALTA",
  "clase": "Partido",
  "cod_alianza": "3735",
  "codigo": "3735.15",
  "color": [
   "#FFFFFF",
   "#007FFF",
   "#000000"
  ],
  "id_candidatura": "3735.15",
  "imagenes": [
   "3735.15"
  ],
  "nombre": "PARTIDO RENOVADOR DE SALTA",
  "nombre_corto": "PART.RENOV.DE SALTA",
  "orden_absoluto": [
   12,
   59
  ]
 },
 {
  "asistida": "152 PARTIDO RENOVADOR DE SALTA",
  "clase": "Lista",
  "cod_alianza": "3735",
  "cod_partido": "3735.15",
  "codigo": "3735.15.15",
  "color": [
   "#FFFFFF",
   "#007FFF",
   "#000000"
  ],
  "color_tipografia": [
   "#000000"
  ],
  "id_candidatura": "3735.15.15",
  "imagenes": [
   "3735.15.15"
  ],
  "nombre": "PARTIDO RENOVADOR DE SALTA",
  "nombre_corto": "PART.RENOV.DE SALTA",
  "numero": "152",
  "orden_absoluto": [
   12,
   59,
   1
  ]
 },
 {
  "asistida": "PARTIDO FE",
  "clase": "Partido",
  "cod_alianza": "3735",
  "codigo": "3735.1873",
  "color": [
   "#00BF00",
   "#007FFF",
   "#ED8B00"
  ],
  "id_candidatura": "3735.1873",
  "imagenes": [
   "3735.1873"
  ],
  "nombre": "PARTIDO FE",
  "nombre_corto": "PARTIDO FE",
  "orden_absoluto": [
   12,
   56
  ]
 },
 {
  "asistida": "77 PARTIDO FE",
  "clase": "Lista",
  "cod_alianza": "3735",
  "cod_partido": "3735.1873",
  "codigo": "3735.1873.1873",
  "color": [
   "#00BF00",
   "#007FFF",
   "#ED8B00"
  ],
  "color_tipografia": [
   "#000000"
  ],
  "id_candidatura": "3735.1873.1873",
  "imagenes": [
   "3735.1873.1873"
  ],
  "nombre": "PARTIDO FE",
  "nombre_corto": "PARTIDO FE",
  "numero": "77",
  "orden_absoluto": [
   12,
   56,
   80
  ]
 },
 {
  "asistida": "MEMORIA Y MOVILIZACI\u00d3N SOCIAL",
  "clase": "Partido",
  "cod_alianza": "3735",
  "codigo": "3735.208",
  "color": [
   "#0000FF",
   "#EE3224"
  ],
  "id_candidatura": "3735.208",
  "imagenes": [
   "3735.208"
  ],
  "nombre": "MEMORIA Y MOVILIZACION SOCIAL",
  "nombre_corto": "MEM.Y MOVILIZ.SOCIAL",
  "orden_absoluto": [
   12,
   41
  ]
 },
 {
  "asistida": "200 MEMORIA Y MOVILIZACI\u00d3N SOCIAL",
  "clase": "Lista",
  "cod_alianza": "3735",
  "cod_partido": "3735.208",
  "codigo": "3735.208.208",
  "color": [
   "#0000FF",
   "#EE3224"
  ],
  "color_tipografia": [
   "#000000"
  ],
  "id_candidatura": "3735.208.208",
  "imagenes": [
   "3735.208.208"
  ],
  "nombre": "MEMORIA Y MOVILIZACION SOCIAL",
  "nombre_corto": "MEM.Y MOVILIZ.SOCIAL",
  "numero": "200",
  "orden_absoluto": [
   12,
   41,
   7
  ]
 },
 {
  "asistida": "UNI\u00d3N VECINAL",
  "clase": "Partido",
  "cod_alianza": "3735",
  "codigo": "3735.2568",
  "color": [
   "#AA56FF",
   "#FCF34E",
   "#4AD34A"
  ],
  "id_candidatura": "3735.2568",
  "imagenes": [
   "3735.2568"
  ],
  "nombre": "UNION VECINAL",
  "nombre_corto": "UNION VECINAL",
  "orden_absoluto": [
   12,
   77
  ]
 },
 {
  "asistida": "335 UNI\u00d3N VECINAL",
  "clase": "Lista",
  "cod_alianza": "3735",
  "cod_partido": "3735.2568",
  "codigo": "3735.2568.2568",
  "color": [
   "#AA56FF",
   "#FCF34E",
   "#4AD34A"
  ],
  "color_tipografia": [
   "#000000"
  ],
  "id_candidatura": "3735.2568.2568",
  "imagenes": [
   "3735.2568.2568"
  ],
  "nombre": "UNION VECINAL",
  "nombre_corto": "UNION VECINAL",
  "numero": "335",
  "orden_absoluto": [
   12,
   77,
   59
  ]
 },
 {
  "asistida": "MOVIMIENTO LIBRES DEL SUR",
  "clase": "Partido",
  "cod_alianza": "3735",
  "codigo": "3735.32",
  "color": [
   "#1E4A7B",
   "#A71D2F"
  ],
  "id_candidatura": "3735.32",
  "imagenes": [
   "3735.32"
  ],
  "nombre": "MOVIMIENTO LIBRES DEL SUR",
  "nombre_corto": "MOVIM.LIBRES DEL SUR",
  "orden_absoluto": [
   12,
   46
  ]
 },
 {
  "asistida": "40 MOVIMIENTO LIBRES DEL SUR",
  "clase": "Lista",
  "cod_alianza": "3735",
  "cod_partido": "3735.32",
  "codigo": "3735.32.32",
  "color": [
   "#1E4A7B",
   "#A71D2F"
  ],
  "color_tipografia": [
   "#000000"
  ],
  "id_candidatura": "3735.32.32",
  "imagenes": [
   "3735.32.32"
  ],
  "nombre": "MOVIMIENTO LIBRES DEL SUR",
  "nombre_corto": "MOVIM.LIBRES DEL SUR",
  "numero": "40",
  "orden_absoluto": [
   12,
   46,
   63
  ]
 },
 {
  "asistida": "REPRESENTAR",
  "clase": "Partido",
  "cod_alianza": "3735",
  "codigo": "3735.3650",
  "color": [
   "#E6007E",
   "#2D2E83"
  ],
  "id_candidatura": "3735.3650",
  "imagenes": [
   "3735.3650"
  ],
  "nombre": "REPRESENTAR",
  "nombre_corto": "REPRESENTAR",
  "orden_absoluto": [
   12,
   66
  ]
 },
 {
  "asistida": "237 REPRESENTAR",
  "clase": "Lista",
  "cod_alianza": "3735",
  "cod_partido": "3735.3650",
  "codigo": "3735.3650.3650",
  "color": [
   "#E6007E",
   "#2D2E83"
  ],
  "color_tipografia": [
   "#000000"
  ],
  "id_candidatura": "3735.3650.3650",
  "imagenes": [
   "3735.3650.3650"
  ],
  "nombre": "REPRESENTAR",
  "nombre_corto": "REPRESENTAR",
  "numero": "237",
  "orden_absoluto": [
   12,
   66,
   23
  ]
 },
 {
  "asistida": "PARTIDO JUSTICIALISTA",
  "clase": "Partido",
  "cod_alianza": "3735",
  "codigo": "3735.4",
  "color": [
   "#1658F2"
  ],
  "id_candidatura": "3735.4",
  "imagenes": [
   "3735.4"
  ],
  "nombre": "PARTIDO JUSTICIALISTA",
  "nombre_corto": "PART. JUSTICIALISTA",
  "orden_absoluto": [
   12,
   58
  ]
 },
 {
  "asistida": "2 PARTIDO JUSTICIALISTA",
  "clase": "Lista",
  "cod_alianza": "3735",
  "cod_partido": "3735.4",
  "codigo": "3735.4.4",
  "color": [
   "#1658F2"
  ],
  "color_tipografia": [
   "#000000"
  ],
  "id_candidatura": "3735.4.4",
  "imagenes": [
   "3735.4.4"
  ],
  "nombre": "PARTIDO JUSTICIALISTA",
  "nombre_corto": "PART. JUSTICIALISTA",
  "numero": "2",
  "orden_absoluto": [
   12,
   58,
   6
  ]
 },
 {
  "asistida": "FRENTE SALTE\u00d1O",
  "clase": "Partido",
  "cod_alianza": "3735",
  "codigo": "3735.460",
  "color": [
   "#DD2A2A",
   "#1C0303",
   "#E51010"
  ],
  "id_candidatura": "3735.460",
  "imagenes": [
   "3735.460"
  ],
  "nombre": "FRENTE SALTE\u00d1O",
  "nombre_corto": "FRENTE SALTE\u00d1O",
  "orden_absoluto": [
   12,
   23
  ]
 },
 {
  "asistida": "215 FRENTE SALTE\u00d1O",
  "clase": "Lista",
  "cod_alianza": "3735",
  "cod_partido": "3735.460",
  "codigo": "3735.460.460",
  "color": [
   "#DD2A2A",
   "#1C0303",
   "#E51010"
  ],
  "color_tipografia": [
   "#000000"
  ],
  "id_candidatura": "3735.460.460",
  "imagenes": [
   "3735.460.460"
  ],
  "nombre": "FRENTE SALTE\u00d1O",
  "nombre_corto": "FRENTE SALTE\u00d1O",
  "numero": "215",
  "orden_absoluto": [
   12,
   23,
   10
  ]
 }
]