[
 {
  "GOB": 1197,
  "agrupacion_municipal": false,
  "codigo": "1863.1863.1863",
  "lista_completa": true
 },
 {
  "GOB": 1198,
  "SEN": 1804,
  "agrupacion_municipal": false,
  "codigo": "22.22.22",
  "lista_completa": true
 },
 {
  "GOB": 1199,
  "agrupacion_municipal": false,
  "codigo": "3625.3625.3625",
  "lista_completa": true
 },
 {
  "CNJ": 47,
  "GOB": 1200,
  "INT": 1285,
  "SEN": 1812,
  "agrupacion_municipal": false,
  "codigo": "3717.13.13",
  "lista_completa": true
 },
 {
  "CNJ": 127,
  "GOB": 1200,
  "INT": 1285,
  "SEN": 1812,
  "agrupacion_municipal": false,
  "codigo": "3717.3739.3739",
  "lista_completa": true
 },
 {
  "GOB": 1201,
  "SEN": 1819,
  "agrupacion_municipal": false,
  "codigo": "3723.3649.3649",
  "lista_completa": true
 },
 {
  "GOB": 1201,
  "SEN": 1824,
  "agrupacion_municipal": false,
  "codigo": "3723.3741.3741",
  "lista_completa": true
 },
 {
  "GOB": 1202,
  "SEN": 1832,
  "agrupacion_municipal": false,
  "codigo": "3728.3742.3742",
  "lista_completa": true
 },
 {
  "GOB": 1203,
  "SEN": 1838,
  "agrupacion_municipal": false,
  "codigo": "3729.3747.3747",
  "lista_completa": true
 },
 {
  "GOB": 1204,
  "SEN": 1848,
  "agrupacion_municipal": false,
  "codigo": "3730.3746.3746",
  "lista_completa": true
 },
 {
  "GOB": 1205,
  "agrupacion_municipal": false,
  "codigo": "3731.3743.3743",
  "lista_completa": true
 },
 {
  "GOB": 1206,
  "SEN": 1859,
  "agrupacion_municipal": false,
  "codigo": "3732.3740.3740",
  "lista_completa": true
 },
 {
  "CNJ": 557,
  "GOB": 1207,
  "INT": 1522,
  "SEN": 1867,
  "agrupacion_municipal": false,
  "codigo": "3733.3744.3744",
  "lista_completa": true
 },
 {
  "GOB": 1207,
  "agrupacion_municipal": false,
  "codigo": "3734.3737.3737",
  "lista_completa": true
 },
 {
  "CNJ": 670,
  "GOB": 1207,
  "INT": 1569,
  "SEN": 1876,
  "agrupacion_municipal": false,
  "codigo": "3735.208.208",
  "lista_completa": true
 },
 {
  "CNJ": 743,
  "GOB": 1207,
  "INT": 1569,
  "SEN": 1876,
  "agrupacion_municipal": false,
  "codigo": "3735.3650.3650",
  "lista_completa": true
 },
 {
  "GOB": 1207,
  "INT": 1569,
  "SEN": 1876,
  "agrupacion_municipal": false,
  "codigo": "3735.3745.3745",
  "lista_completa": false
 },
 {
  "CNJ": 800,
  "GOB": 1207,
  "INT": 1569,
  "SEN": 1876,
  "agrupacion_municipal": false,
  "codigo": "3735.4.4",
  "lista_completa": true
 },
 {
  "CNJ": 840,
  "GOB": 1207,
  "INT": 1569,
  "SEN": 1876,
  "agrupacion_municipal": false,
  "codigo": "3735.460.460",
  "lista_completa": true
 },
 {
  "GOB": 1208,
  "agrupacion_municipal": false,
  "codigo": "685.685.685",
  "lista_completa": true
 },
 {
  "CNJ": 887,
  "GOB": 1209,
  "INT": 1661,
  "SEN": 1892,
  "agrupacion_municipal": false,
  "codigo": "BLC",
  "lista_completa": true
 }
]