[
 {
  "asistida": "POLITICA OBRERA",
  "clase": "Alianza",
  "codigo": "22",
  "color": [
   "#FFFFFF",
   "#E70808"
  ],
  "id_candidatura": "22",
  "imagenes": [
   "default_lista"
  ],
  "nombre": "POLITICA OBRERA",
  "nombre_corto": "POLITICA OBRERA",
  "orden_absoluto": [
   23
  ]
 },
 {
  "asistida": "POLITICA OBRERA",
  "clase": "Partido",
  "cod_alianza": "22",
  "codigo": "22.22",
  "color": [
   "#FFFFFF",
   "#E70808"
  ],
  "id_candidatura": "22.22",
  "imagenes": [
   "22.22"
  ],
  "nombre": "POLITICA OBRERA",
  "nombre_corto": "POLITICA OBRERA",
  "orden_absoluto": [
   23,
   62
  ]
 },
 {
  "asistida": "189 POLITICA OBRERA",
  "clase": "Lista",
  "cod_alianza": "22",
  "cod_partido": "22.22",
  "codigo": "22.22.22",
  "color": [
   "#FFFFFF",
   "#E70808"
  ],
  "color_tipografia": [
   "#000000"
  ],
  "id_candidatura": "22.22.22",
  "imagenes": [
   "22.22.22"
  ],
  "nombre": "POLITICA OBRERA",
  "nombre_corto": "POLITICA OBRERA",
  "numero": "189",
  "orden_absoluto": [
   23,
   62,
   3
  ]
 },
 {
  "asistida": "FRENTE AVANCEMOS",
  "clase": "Alianza",
  "codigo": "3717",
  "color": [
   "#3F0077",
   "#F1C400",
   "#C8102E"
  ],
  "id_candidatura": "3717",
  "imagenes": [
   "3717"
  ],
  "nombre": "FRENTE AVANCEMOS",
  "nombre_corto": "FRENTE AVANCEMOS",
  "orden_absoluto": [
   6
  ]
 },
 {
  "asistida": "PARTIDO DE LA VICTORIA",
  "clase": "Partido",
  "cod_alianza": "3717",
  "codigo": "3717.13",
  "color": [
   "#009CDE",
   "#FFFFFF",
   "#009CDE"
  ],
  "id_candidatura": "3717.13",
  "imagenes": [
   "3717.13"
  ],
  "nombre": "PARTIDO DE LA VICTORIA",
  "nombre_corto": "PART. DE LA VICTORIA",
  "orden_absoluto": [
   6,
   52
  ]
 },
 {
  "asistida": "54 PARTIDO DE LA VICTORIA",
  "clase": "Lista",
  "cod_alianza": "3717",
  "cod_partido": "3717.13",
  "codigo": "3717.13.13",
  "color": [
   "#009CDE",
   "#FFFFFF",
   "#009CDE"
  ],
  "color_tipografia": [
   "#000000"
  ],
  "id_candidatura": "3717.13.13",
  "imagenes": [
   "3717.13.13"
  ],
  "nombre": "PARTIDO DE LA VICTORIA",
  "nombre_corto": "PART. DE LA VICTORIA",
  "numero": "54",
  "orden_absoluto": [
   6,
   52,
   75
  ]
 },
 {
  "asistida": "FRENTE AVANCEMOS",
  "clase": "Partido",
  "cod_alianza": "3717",
  "codigo": "3717.3739",
  "color": [
   "#3F0077",
   "#F1C400",
   "#C8102E"
  ],
  "id_candidatura": "3717.3739",
  "imagenes": [
   "3717.3739"
  ],
  "nombre": "FRENTE AVANCEMOS",
  "nombre_corto": "FRENTE AVANCEMOS",
  "orden_absoluto": [
   6,
   17
  ]
 },
 {
  "asistida": "401 FRENTE AVANCEMOS",
  "clase": "Lista",
  "cod_alianza": "3717",
  "cod_partido": "3717.3739",
  "codigo": "3717.3739.3739",
  "color": [
   "#3F0077",
   "#F1C400",
   "#C8102E"
  ],
  "color_tipografia": [
   "#000000"
  ],
  "id_candidatura": "3717.3739.3739",
  "imagenes": [
   "3717.3739.3739"
  ],
  "nombre": "FRENTE AVANCEMOS",
  "nombre_corto": "FRENTE AVANCEMOS",
  "numero": "401",
  "orden_absoluto": [
   6,
   17,
   64
  ]
 },
 {
  "asistida": "MOVIMIENTO POPULAR UNIDO",
  "clase": "Partido",
  "cod_alianza": "3717",
  "codigo": "3717.632",
  "color": [
   "#56AAFF",
   "#FF00FF"
  ],
  "id_candidatura": "3717.632",
  "imagenes": [
   "3717.632"
  ],
  "nombre": "MOVIMIENTO POPULAR UNIDO",
  "nombre_corto": "MOVIM.POPULAR UNIDO",
  "orden_absoluto": [
   6,
   47
  ]
 },
 {
  "asistida": "202 MOVIMIENTO POPULAR UNIDO",
  "clase": "Lista",
  "cod_alianza": "3717",
  "cod_partido": "3717.632",
  "codigo": "3717.632.632",
  "color": [
   "#56AAFF",
   "#FF00FF"
  ],
  "color_tipografia": [
   "#000000"
  ],
  "id_candidatura": "3717.632.632",
  "imagenes": [
   "3717.632.632"
  ],
  "nombre": "MOVIMIENTO POPULAR UNIDO",
  "nombre_corto": "MOVIM.POPULAR UNIDO",
  "numero": "202",
  "orden_absoluto": [
   6,
   47,
   8
  ]
 },
 {
  "asistida": "SALTA PARA TODOS - CALIVA GOBERNADORA",
  "clase": "Alianza",
  "codigo": "3729",
  "color": [
   "#FFFFFF",
   "#1389DC",
   "#FFBD59"
  ],
  "id_candidatura": "3729",
  "imagenes": [
   "3729"
  ],
  "nombre": "SALTA PARA TODOS - CALIVA GOBERNADORA",
  "nombre_corto": "SALTA PARA TODOS-CG",
  "orden_absoluto": [
   24
  ]
 },
 {
  "asistida": "SALTA PARA TODOS - CAL\u00cdVA GOBERNADORA",
  "clase": "Partido",
  "cod_alianza": "3729",
  "codigo": "3729.3747",
  "color": [
   "#FFFFFF",
   "#1389DC",
   "#FFBD59"
  ],
  "id_candidatura": "3729.3747",
  "imagenes": [
   "3729.3747"
  ],
  "nombre": "SALTA PARA TODOS - CALIVA GOBERNADORA",
  "nombre_corto": "SALTA PARA TODOS-CG",
  "orden_absoluto": [
   24,
   68
  ]
 },
 {
  "asistida": "404 SALTA PARA TODOS - CAL\u00cdVA GOBERNADORA",
  "clase": "Lista",
  "cod_alianza": "3729",
  "cod_partido": "3729.3747",
  "codigo": "3729.3747.3747",
  "color": [
   "#FFFFFF",
   "#1389DC",
   "#FFBD59"
  ],
  "color_tipografia": [
   "#000000"
  ],
  "id_candidatura": "3729.3747.3747",
  "imagenes": [
   "3729.3747.3747"
  ],
  "nombre": "SALTA PARA TODOS - CALIVA GOBERNADORA",
  "nombre_corto": "SALTA PARA TODOS-CG",
  "numero": "404",
  "orden_absoluto": [
   24,
   68,
   67
  ]
 },
 {
  "asistida": "KOL\u00cdNA",
  "clase": "Partido",
  "cod_alianza": "3729",
  "codigo": "3729.459",
  "color": [
   "#FFFFFF",
   "#009600",
   "#0A0A0A"
  ],
  "id_candidatura": "3729.459",
  "imagenes": [
   "3729.459"
  ],
  "nombre": "KOLINA",
  "nombre_corto": "KOLINA",
  "orden_absoluto": [
   24,
   35
  ]
 },
 {
  "asistida": "67 KOL\u00cdNA",
  "clase": "Lista",
  "cod_alianza": "3729",
  "cod_partido": "3729.459",
  "codigo": "3729.459.459",
  "color": [
   "#FFFFFF",
   "#009600",
   "#0A0A0A"
  ],
  "color_tipografia": [
   "#000000"
  ],
  "id_candidatura": "3729.459.459",
  "imagenes": [
   "3729.459.459"
  ],
  "nombre": "KOLINA",
  "nombre_corto": "KOLINA",
  "numero": "67",
  "orden_absoluto": [
   24,
   35,
   77
  ]
 },
 {
  "asistida": "JUNTOS POR EL CAMBIO",
  "clase": "Alianza",
  "codigo": "3730",
  "color": [
   "#FFB300"
  ],
  "id_candidatura": "3730",
  "imagenes": [
   "3730"
  ],
  "nombre": "JUNTOS POR EL CAMBIO",
  "nombre_corto": "JUNTOS POR EL CAMBIO",
  "orden_absoluto": [
   15
  ]
 },
 {
  "asistida": "JUNTOS POR EL CAMBIO",
  "clase": "Partido",
  "cod_alianza": "3730",
  "codigo": "3730.3746",
  "color": [
   "#FFB300"
  ],
  "id_candidatura": "3730.3746",
  "imagenes": [
   "3730.3746"
  ],
  "nombre": "JUNTOS POR EL CAMBIO",
  "nombre_corto": "JUNTOS POR EL CAMBIO",
  "orden_absoluto": [
   15,
   32
  ]
 },
 {
  "asistida": "411 JUNTOS POR EL CAMBIO",
  "clase": "Lista",
  "cod_alianza": "3730",
  "cod_partido": "3730.3746",
  "codigo": "3730.3746.3746",
  "color": [
   "#FFB300"
  ],
  "color_tipografia": [
   "#000000"
  ],
  "id_candidatura": "3730.3746.3746",
  "imagenes": [
   "3730.3746.3746"
  ],
  "nombre": "JUNTOS POR EL CAMBIO",
  "nombre_corto": "JUNTOS POR EL CAMBIO",
  "numero": "411",
  "orden_absoluto": [
   15,
   32,
   74
  ]
 },
 {
  "asistida": "FRENTE SALTA VA CON FELICIDAD",
  "clase": "Alianza",
  "codigo": "3731",
  "color": [
   "#9D2642",
   "#040205",
   "#E95B19"
  ],
  "id_candidatura": "3731",
  "imagenes": [
   "3731"
  ],
  "nombre": "FRENTE SALTA VA CON FELICIDAD",
  "nombre_corto": "SALTA VA C\/FELICIDAD",
  "orden_absoluto": [
   10
  ]
 },
 {
  "asistida": "FRENTE SALTA VA CON FELICIDAD",
  "clase": "Partido",
  "cod_alianza": "3731",
  "codigo": "3731.3743",
  "color": [
   "#9D2642",
   "#040205",
   "#E95B19"
  ],
  "id_candidatura": "3731.3743",
  "imagenes": [
   "3731.3743"
  ],
  "nombre": "FRENTE SALTA VA CON FELICIDAD",
  "nombre_corto": "SALTA VA C\/FELICIDAD",
  "orden_absoluto": [
   10,
   22
  ]
 },
 {
  "asistida": "405 FRENTE SALTA VA CON FELICIDAD",
  "clase": "Lista",
  "cod_alianza": "3731",
  "cod_partido": "3731.3743",
  "codigo": "3731.3743.3743",
  "color": [
   "#9D2642",
   "#040205",
   "#E95B19"
  ],
  "color_tipografia": [
   "#000000"
  ],
  "id_candidatura": "3731.3743.3743",
  "imagenes": [
   "3731.3743.3743"
  ],
  "nombre": "FRENTE SALTA VA CON FELICIDAD",
  "nombre_corto": "SALTA VA C\/FELICIDAD",
  "numero": "405",
  "orden_absoluto": [
   10,
   22,
   68
  ]
 },
 {
  "asistida": "FRENTE VAMOS SALTA",
  "clase": "Alianza",
  "codigo": "3735",
  "color": [
   "#2C4B92"
  ],
  "id_candidatura": "3735",
  "imagenes": [
   "3735"
  ],
  "nombre": "FRENTE VAMOS SALTA",
  "nombre_corto": "FRENTE VAMOS SALTA",
  "orden_absoluto": [
   12
  ]
 },
 {
  "asistida": "AGRUPACION DEMOCRATICA COMUNAL",
  "clase": "Partido",
  "cod_alianza": "3735",
  "codigo": "3735.1",
  "color": [
   "#FFFF00",
   "#FF0000"
  ],
  "id_candidatura": "3735.1",
  "imagenes": [
   "3735.1"
  ],
  "nombre": "AGRUPACION DEMOCRATICA COMUNAL",
  "nombre_corto": "AGR.DEMOCRAT.COMUNAL",
  "orden_absoluto": [
   12,
   1
  ]
 },
 {
  "asistida": "330 AGRUPACION DEMOCRATICA COMUNAL",
  "clase": "Lista",
  "cod_alianza": "3735",
  "cod_partido": "3735.1",
  "codigo": "3735.1.1",
  "color": [
   "#FFFF00",
   "#FF0000"
  ],
  "color_tipografia": [
   "#000000"
  ],
  "id_candidatura": "3735.1.1",
  "imagenes": [
   "3735.1.1"
  ],
  "nombre": "AGRUPACION DEMOCRATICA COMUNAL",
  "nombre_corto": "AGR.DEMOCRAT.COMUNAL",
  "numero": "330",
  "orden_absoluto": [
   12,
   1,
   55
  ]
 },
 {
  "asistida": "PARTIDO FE",
  "clase": "Partido",
  "cod_alianza": "3735",
  "codigo": "3735.1873",
  "color": [
   "#00BF00",
   "#007FFF",
   "#ED8B00"
  ],
  "id_candidatura": "3735.1873",
  "imagenes": [
   "3735.1873"
  ],
  "nombre": "PARTIDO FE",
  "nombre_corto": "PARTIDO FE",
  "orden_absoluto": [
   12,
   56
  ]
 },
 {
  "asistida": "77 PARTIDO FE",
  "clase": "Lista",
  "cod_alianza": "3735",
  "cod_partido": "3735.1873",
  "codigo": "3735.1873.1873",
  "color": [
   "#00BF00",
   "#007FFF",
   "#ED8B00"
  ],
  "color_tipografia": [
   "#000000"
  ],
  "id_candidatura": "3735.1873.1873",
  "imagenes": [
   "3735.1873.1873"
  ],
  "nombre": "PARTIDO FE",
  "nombre_corto": "PARTIDO FE",
  "numero": "77",
  "orden_absoluto": [
   12,
   56,
   80
  ]
 },
 {
  "asistida": "AGRUPACION MUNICIPAL AGUARAY - AMA",
  "clase": "Partido",
  "cod_alianza": "3735",
  "codigo": "3735.3630",
  "color": [
   "#D60B52",
   "#A3195B"
  ],
  "id_candidatura": "3735.3630",
  "imagenes": [
   "3735.3630"
  ],
  "nombre": "AGRUPACION MUNICIPAL AGUARAY A.M.A.",
  "nombre_corto": "AGR.MUNICIP.AGUARAY",
  "orden_absoluto": [
   12,
   3
  ]
 },
 {
  "asistida": "331 AGRUPACION MUNICIPAL AGUARAY - AMA",
  "clase": "Lista",
  "cod_alianza": "3735",
  "cod_partido": "3735.3630",
  "codigo": "3735.3630.3630",
  "color": [
   "#D60B52",
   "#A3195B"
  ],
  "color_tipografia": [
   "#000000"
  ],
  "id_candidatura": "3735.3630.3630",
  "imagenes": [
   "3735.3630.3630"
  ],
  "nombre": "AGRUPACION MUNICIPAL AGUARAY A.M.A.",
  "nombre_corto": "AGR.MUNICIP.AGUARAY",
  "numero": "331",
  "orden_absoluto": [
   12,
   3,
   56
  ]
 },
 {
  "asistida": "REPRESENTAR",
  "clase": "Partido",
  "cod_alianza": "3735",
  "codigo": "3735.3650",
  "color": [
   "#E6007E",
   "#2D2E83"
  ],
  "id_candidatura": "3735.3650",
  "imagenes": [
   "3735.3650"
  ],
  "nombre": "REPRESENTAR",
  "nombre_corto": "REPRESENTAR",
  "orden_absoluto": [
   12,
   66
  ]
 },
 {
  "asistida": "237 REPRESENTAR",
  "clase": "Lista",
  "cod_alianza": "3735",
  "cod_partido": "3735.3650",
  "codigo": "3735.3650.3650",
  "color": [
   "#E6007E",
   "#2D2E83"
  ],
  "color_tipografia": [
   "#000000"
  ],
  "id_candidatura": "3735.3650.3650",
  "imagenes": [
   "3735.3650.3650"
  ],
  "nombre": "REPRESENTAR",
  "nombre_corto": "REPRESENTAR",
  "numero": "237",
  "orden_absoluto": [
   12,
   66,
   23
  ]
 },
 {
  "asistida": "PARTIDO JUSTICIALISTA",
  "clase": "Partido",
  "cod_alianza": "3735",
  "codigo": "3735.4",
  "color": [
   "#1658F2"
  ],
  "id_candidatura": "3735.4",
  "imagenes": [
   "3735.4"
  ],
  "nombre": "PARTIDO JUSTICIALISTA",
  "nombre_corto": "PART. JUSTICIALISTA",
  "orden_absoluto": [
   12,
   58
  ]
 },
 {
  "asistida": "2 PARTIDO JUSTICIALISTA",
  "clase": "Lista",
  "cod_alianza": "3735",
  "cod_partido": "3735.4",
  "codigo": "3735.4.4",
  "color": [
   "#1658F2"
  ],
  "color_tipografia": [
   "#000000"
  ],
  "id_candidatura": "3735.4.4",
  "imagenes": [
   "3735.4.4"
  ],
  "nombre": "PARTIDO JUSTICIALISTA",
  "nombre_corto": "PART. JUSTICIALISTA",
  "numero": "2",
  "orden_absoluto": [
   12,
   58,
   6
  ]
 },
 {
  "asistida": "FRENTE SALTE\u00d1O",
  "clase": "Partido",
  "cod_alianza": "3735",
  "codigo": "3735.460",
  "color": [
   "#DD2A2A",
   "#1C0303",
   "#E51010"
  ],
  "id_candidatura": "3735.460",
  "imagenes": [
   "3735.460"
  ],
  "nombre": "FRENTE SALTE\u00d1O",
  "nombre_corto": "FRENTE SALTE\u00d1O",
  "orden_absoluto": [
   12,
   23
  ]
 },
 {
  "asistida": "215 FRENTE SALTE\u00d1O",
  "clase": "Lista",
  "cod_alianza": "3735",
  "cod_partido": "3735.460",
  "codigo": "3735.460.460",
  "color": [
   "#DD2A2A",
   "#1C0303",
   "#E51010"
  ],
  "color_tipografia": [
   "#000000"
  ],
  "id_candidatura": "3735.460.460",
  "imagenes": [
   "3735.460.460"
  ],
  "nombre": "FRENTE SALTE\u00d1O",
  "nombre_corto": "FRENTE SALTE\u00d1O",
  "numero": "215",
  "orden_absoluto": [
   12,
   23,
   10
  ]
 },
 {
  "asistida": "INSTRUMENTO ELECTORAL POR LA UNIDAD POPULAR",
  "clase": "Alianza",
  "codigo": "685",
  "color": [
   "#0046AD",
   "#56AAFF"
  ],
  "id_candidatura": "685",
  "imagenes": [
   "default_lista"
  ],
  "nombre": "INSTRUMENTO ELECTORAL POR LA UNIDAD POPULAR",
  "nombre_corto": "INSTR.ELECT.UNID.POP",
  "orden_absoluto": [
   14
  ]
 },
 {
  "asistida": "INSTRUMENTO ELECTORAL POR LA UNIDAD POPULAR",
  "clase": "Partido",
  "cod_alianza": "685",
  "codigo": "685.685",
  "color": [
   "#0046AD",
   "#56AAFF"
  ],
  "id_candidatura": "685.685",
  "imagenes": [
   "685.685"
  ],
  "nombre": "INSTRUMENTO ELECTORAL POR LA UNIDAD POPULAR",
  "nombre_corto": "INSTR.ELECT.UNID.POP",
  "orden_absoluto": [
   14,
   30
  ]
 },
 {
  "asistida": "72 INSTRUMENTO ELECTORAL POR LA UNIDAD POPULAR",
  "clase": "Lista",
  "cod_alianza": "685",
  "cod_partido": "685.685",
  "codigo": "685.685.685",
  "color": [
   "#0046AD",
   "#56AAFF"
  ],
  "color_tipografia": [
   "#000000"
  ],
  "id_candidatura": "685.685.685",
  "imagenes": [
   "685.685.685"
  ],
  "nombre": "INSTRUMENTO ELECTORAL POR LA UNIDAD POPULAR",
  "nombre_corto": "INSTR.ELECT.UNID.POP",
  "numero": "72",
  "orden_absoluto": [
   14,
   30,
   78
  ]
 }
]