[
 {
  "asistida": "\u00c1LVAREZ ALEJANDRA MARIELA",
  "cargo_ejecutivo": true,
  "clase": "Candidato",
  "cod_alianza": "22",
  "cod_categoria": "INT",
  "cod_lista": "22.22.22",
  "cod_partido": "22.22",
  "codigo": "22.22.22.3449",
  "dni": "22416868",
  "id_candidatura": "22.22.22.3449",
  "id_umv": 1218,
  "imagenes": [
   "22.22.22.3449"
  ],
  "nombre": "ALVAREZ, ALEJANDRA MARIELA",
  "nro_orden": 1,
  "orden_absoluto": [
   23,
   62,
   3,
   4,
   1
  ],
  "secundarios": [

  ],
  "sexo": "F",
  "suplentes": [

  ]
 },
 {
  "asistida": "GOMEZ ELEONORA ANABEL",
  "cargo_ejecutivo": false,
  "clase": "Candidato",
  "cod_alianza": "22",
  "cod_categoria": "CNJ",
  "cod_lista": "22.22.22",
  "cod_partido": "22.22",
  "codigo": "22.22.22.3531",
  "dni": "32534517",
  "id_candidatura": "22.22.22.3531",
  "id_umv": 7,
  "imagenes": [
   "22.22.22.3531",
   "default",
   "default_mujer",
   "default",
   "default_mujer",
   "default",
   "default_mujer"
  ],
  "nombre": "GOMEZ, ELEONORA ANABEL",
  "nro_orden": 1,
  "orden_absoluto": [
   23,
   62,
   3,
   5,
   1
  ],
  "secundarios": [
   "GALLARDO, PABLO GABRIEL",
   "GOMEZ, VILMA BELINDA",
   "CALATAYU, RUBEN ORLANDO",
   "BARBOZA, PATRICIA EDITH",
   "MONTEROS, GERMAN FABRICIO",
   "ALVAREZ, NELLY ELISA DEL VALLE"
  ],
  "sexo": "F",
  "suplentes": [
   "CARDOZO, AGUSTIN ALBERTO",
   "FELIX, JOANA GRACIELA",
   "CAMPOS, DARIO JORGE RAMON",
   "BARROSO, ANA PILAR"
  ]
 },
 {
  "asistida": "BARRIOS CINTHIA DANIELA",
  "cargo_ejecutivo": false,
  "clase": "Candidato",
  "cod_alianza": "3717",
  "cod_categoria": "CNJ",
  "cod_lista": "3717.13.13",
  "cod_partido": "3717.13",
  "codigo": "3717.13.13.645",
  "dni": "34610126",
  "id_candidatura": "3717.13.13.645",
  "id_umv": 35,
  "imagenes": [
   "3717.13.13.645",
   "default",
   "default_mujer",
   "default",
   "default_mujer",
   "default",
   "default_mujer"
  ],
  "nombre": "BARRIOS, CINTHIA",
  "nro_orden": 1,
  "orden_absoluto": [
   6,
   52,
   75,
   5,
   1
  ],
  "secundarios": [
   "SARZUR, LUIS DANIEL",
   "ARCE, ZULMA LILIANA",
   "VIRAVICA, JULIO ENRIQUE",
   "MARQUIEGUI, FLORENCIA ANA BELEN",
   "ATIENZO, ALFREDO JOAQUIN",
   "VAZQUEZ, MARIA VIRGINIA"
  ],
  "sexo": "F",
  "suplentes": [
   "FARFAN, JOSE LUIS",
   "ARAYA, IRMA BEATRIZ",
   "SEGOVIA, JORGE ALFREDO"
  ]
 },
 {
  "asistida": "OLMOS GU\u00c1LTER PABLO NORMANDO",
  "cargo_ejecutivo": true,
  "clase": "Candidato",
  "cod_alianza": "3717",
  "cod_categoria": "INT",
  "cod_lista": "3717.3739.3739",
  "cod_partido": "3717.3739",
  "codigo": "3717.3739.3739.6444",
  "dni": "10430062",
  "id_candidatura": "3717.3739.3739.6444",
  "id_umv": 1259,
  "imagenes": [
   "3717.3739.3739.6444"
  ],
  "nombre": "OLMOS, WALTER",
  "nro_orden": 1,
  "orden_absoluto": [
   6,
   17,
   64,
   4,
   1
  ],
  "secundarios": [

  ],
  "sexo": "M",
  "suplentes": [

  ]
 },
 {
  "asistida": "QUISPE MALVINA FABIOLA",
  "cargo_ejecutivo": false,
  "clase": "Candidato",
  "cod_alianza": "3717",
  "cod_categoria": "CNJ",
  "cod_lista": "3717.3739.3739",
  "cod_partido": "3717.3739",
  "codigo": "3717.3739.3739.6677",
  "dni": "29276270",
  "id_candidatura": "3717.3739.3739.6677",
  "id_umv": 104,
  "imagenes": [
   "3717.3739.3739.6677",
   "default",
   "default_mujer",
   "default",
   "default_mujer",
   "default",
   "default_mujer"
  ],
  "nombre": "QUISPE, MALVINA",
  "nro_orden": 1,
  "orden_absoluto": [
   6,
   17,
   64,
   5,
   1
  ],
  "secundarios": [
   "ARAOZ, MARIO NELSON",
   "SORIA, RAQUEL NOEMI",
   "CASTELLANOS, HECTOR EDUARDO",
   "LLANOS, ERLIN ROSA",
   "TOLEDO, JAVIER ALEJANDRO",
   "QUISPE, NADIA MELINA"
  ],
  "sexo": "F",
  "suplentes": [
   "BARRIOS, ANDRES MAXIMILIANO",
   "ZUNIGA, SELENA MALEN"
  ]
 },
 {
  "asistida": "ROJAS JAVIER ROM\u00c1N",
  "cargo_ejecutivo": false,
  "clase": "Candidato",
  "cod_alianza": "3717",
  "cod_categoria": "CNJ",
  "cod_lista": "3717.632.632",
  "cod_partido": "3717.632",
  "codigo": "3717.632.632.11909",
  "dni": "25885144",
  "id_candidatura": "3717.632.632.11909",
  "id_umv": 156,
  "imagenes": [
   "3717.632.632.11909",
   "default_mujer",
   "default",
   "default_mujer",
   "default",
   "default_mujer",
   "default"
  ],
  "nombre": "ROJAS, JAVIER",
  "nro_orden": 1,
  "orden_absoluto": [
   6,
   47,
   8,
   5,
   1
  ],
  "secundarios": [
   "RAMOS, ROSA MABEL",
   "SALGADO, SOLANO",
   "LEIVA, MERCEDES DEL VALLE",
   "INDALECIO, CARLOS MARCOS",
   "VALLEJOS, ADRIANA MARINA",
   "CUAQUIRA, JUAN CARLOS"
  ],
  "sexo": "M",
  "suplentes": [
   "ROMERO, SILVIA LAURA",
   "BASUALDO, RAMON HORACIO",
   "ARIAS, FLORENCIA ELIANA ALEXIA",
   "ROMERO, CRISTIAN DANIEL",
   "ROJAS, INES ALBEANA",
   "SORIA, JUAN SEBASTIAN"
  ]
 },
 {
  "asistida": "FIGUEREDO GRACIELA DEL CARMEN",
  "cargo_ejecutivo": true,
  "clase": "Candidato",
  "cod_alianza": "3729",
  "cod_categoria": "INT",
  "cod_lista": "3729.3747.3747",
  "cod_partido": "3729.3747",
  "codigo": "3729.3747.3747.9121",
  "dni": "25563914",
  "id_candidatura": "3729.3747.3747.9121",
  "id_umv": 1369,
  "imagenes": [
   "3729.3747.3747.9121"
  ],
  "nombre": "FIGUEREDO, GRACIELA DEL CARMEN",
  "nro_orden": 1,
  "orden_absoluto": [
   24,
   68,
   67,
   4,
   1
  ],
  "secundarios": [

  ],
  "sexo": "F",
  "suplentes": [

  ]
 },
 {
  "asistida": "PEREZ RAQUEL EL\u00cdZABET",
  "cargo_ejecutivo": false,
  "clase": "Candidato",
  "cod_alianza": "3729",
  "cod_categoria": "CNJ",
  "cod_lista": "3729.3747.3747",
  "cod_partido": "3729.3747",
  "codigo": "3729.3747.3747.9322",
  "dni": "29948452",
  "id_candidatura": "3729.3747.3747.9322",
  "id_umv": 279,
  "imagenes": [
   "3729.3747.3747.9322",
   "default",
   "default_mujer",
   "default",
   "default_mujer",
   "default",
   "default_mujer"
  ],
  "nombre": "PEREZ, RAQUEL ELIZABET",
  "nro_orden": 1,
  "orden_absoluto": [
   24,
   68,
   67,
   5,
   1
  ],
  "secundarios": [
   "MORENO, ALBERTO JULIAN",
   "AGUILERA, NILDA ESTER",
   "SANCHEZ, NICOLAS EMANUEL",
   "MANQUEZ, JANINA CARLA JANET",
   "ROSENDO, JAVIER",
   "FIGUEREDO, CARLA GISELA"
  ],
  "sexo": "F",
  "suplentes": [
   "CASTRO, DANIEL OMAR",
   "GOMEZ, MIRIAN MARIELA",
   "ACOSTA, RAMON EDUARDO"
  ]
 },
 {
  "asistida": "BULACIO RAMON ALFREDO",
  "cargo_ejecutivo": true,
  "clase": "Candidato",
  "cod_alianza": "3729",
  "cod_categoria": "INT",
  "cod_lista": "3729.459.459",
  "cod_partido": "3729.459",
  "codigo": "3729.459.459.10945",
  "dni": "26519168",
  "id_candidatura": "3729.459.459.10945",
  "id_umv": 1385,
  "imagenes": [
   "3729.459.459.10945"
  ],
  "nombre": "BULACIO, RAMON ALFREDO",
  "nro_orden": 1,
  "orden_absoluto": [
   24,
   35,
   77,
   4,
   1
  ],
  "secundarios": [

  ],
  "sexo": "M",
  "suplentes": [

  ]
 },
 {
  "asistida": "ROBLES PAOLA ANG\u00c9LICA",
  "cargo_ejecutivo": false,
  "clase": "Candidato",
  "cod_alianza": "3729",
  "cod_categoria": "CNJ",
  "cod_lista": "3729.459.459",
  "cod_partido": "3729.459",
  "codigo": "3729.459.459.10975",
  "dni": "30443592",
  "id_candidatura": "3729.459.459.10975",
  "id_umv": 296,
  "imagenes": [
   "3729.459.459.10975",
   "default",
   "default_mujer",
   "default",
   "default_mujer",
   "default",
   "default_mujer"
  ],
  "nombre": "ROBLES, PAOLA ANGELICA",
  "nro_orden": 1,
  "orden_absoluto": [
   24,
   35,
   77,
   5,
   1
  ],
  "secundarios": [
   "HERRERA, FABIO",
   "MARTINEZ, VANESA ANDREA",
   "GUTIERREZ, ARMANDO DANIEL",
   "LAZO, RAMONA ELIZABETH",
   "CRUZ, DARDO MIGUEL",
   "CAMACHO, LILIA DE LOS ANGELES"
  ],
  "sexo": "F",
  "suplentes": [
   "ELIAS, FERNANDO MARCELO",
   "RIVERO, MARIELA",
   "ROBLES CAMACHO, JUAN CARLOS",
   "FLORES, MAGDALENA DEL VALLE",
   "BULACIO, JESUS SEBASTIAN"
  ]
 },
 {
  "asistida": "Ayl\u00f3n SERGIO JES\u00daS",
  "cargo_ejecutivo": true,
  "clase": "Candidato",
  "cod_alianza": "3730",
  "cod_categoria": "INT",
  "cod_lista": "3730.3746.3746",
  "cod_partido": "3730.3746",
  "codigo": "3730.3746.3746.8696",
  "dni": "18309012",
  "id_candidatura": "3730.3746.3746.8696",
  "id_umv": 1398,
  "imagenes": [
   "3730.3746.3746.8696"
  ],
  "nombre": "AYLLON, SERGIO JESUS",
  "nro_orden": 1,
  "orden_absoluto": [
   15,
   32,
   74,
   4,
   1
  ],
  "secundarios": [

  ],
  "sexo": "M",
  "suplentes": [

  ]
 },
 {
  "asistida": "CARRASCO H\u00c9CTOR VICENTE",
  "cargo_ejecutivo": false,
  "clase": "Candidato",
  "cod_alianza": "3730",
  "cod_categoria": "CNJ",
  "cod_lista": "3730.3746.3746",
  "cod_partido": "3730.3746",
  "codigo": "3730.3746.3746.8897",
  "dni": "16035897",
  "id_candidatura": "3730.3746.3746.8897",
  "id_umv": 310,
  "imagenes": [
   "3730.3746.3746.8897",
   "default_mujer",
   "default",
   "default_mujer",
   "default",
   "default_mujer",
   "default"
  ],
  "nombre": "CARRASCO, HECTOR VICENTE",
  "nro_orden": 1,
  "orden_absoluto": [
   15,
   32,
   74,
   5,
   1
  ],
  "secundarios": [
   "CHAUQUE, MIRIAN ADRIANA",
   "RUIZ NIEVA, NICOLAS EZEQUIEL",
   "CABRERA, ADRIANA SOLEDAD",
   "BARROSO, ELIO RICARDO",
   "CARDOZO, ELBA ROMINA",
   "PINTOS, RAMON MARIO"
  ],
  "sexo": "M",
  "suplentes": [
   "SANCHEZ, ADRIANA CAROLINA",
   "ORTIZ, DARDO ROMAN",
   "ALVAREZ, MARIA ANDREA",
   "LOPEZ, GENARO",
   "TOLEDO, MONICA SUSANA",
   "CASTRO, RENE ARIEL"
  ]
 },
 {
  "asistida": "MESA MARTA ANG\u00c9LICA",
  "cargo_ejecutivo": true,
  "clase": "Candidato",
  "cod_alianza": "3731",
  "cod_categoria": "INT",
  "cod_lista": "3731.3743.3743",
  "cod_partido": "3731.3743",
  "codigo": "3731.3743.3743.8006",
  "dni": "27252588",
  "id_candidatura": "3731.3743.3743.8006",
  "id_umv": 1432,
  "imagenes": [
   "3731.3743.3743.8006"
  ],
  "nombre": "MESA, MARTA ANGELICA",
  "nro_orden": 1,
  "orden_absoluto": [
   10,
   22,
   68,
   4,
   1
  ],
  "secundarios": [

  ],
  "sexo": "F",
  "suplentes": [

  ]
 },
 {
  "asistida": "JOS\u00c9 SARA YAMILA",
  "cargo_ejecutivo": false,
  "clase": "Candidato",
  "cod_alianza": "3731",
  "cod_categoria": "CNJ",
  "cod_lista": "3731.3743.3743",
  "cod_partido": "3731.3743",
  "codigo": "3731.3743.3743.8188",
  "dni": "42317022",
  "id_candidatura": "3731.3743.3743.8188",
  "id_umv": 366,
  "imagenes": [
   "3731.3743.3743.8188",
   "default",
   "default_mujer",
   "default",
   "default_mujer",
   "default",
   "default_mujer"
  ],
  "nombre": "JOSE, SARA YAMILA",
  "nro_orden": 1,
  "orden_absoluto": [
   10,
   22,
   68,
   5,
   1
  ],
  "secundarios": [
   "CORTES, LUCAS RICARDO FEDERICO",
   "ROCA, ERIKA FERNANDA",
   "ROCA, MOISES",
   "CORTEZ, FERNANDA ELIZABETH",
   "DE LA COLINA, MARCELO RUBEN",
   "CORTES, NORA CELESTE"
  ],
  "sexo": "F",
  "suplentes": [
   "SARMIENTO, ROQUE MARCELO",
   "ROCA, KAREN EMILSE",
   "ROCA, FABIAN CARLOS",
   "CORTES, PAULA ELIZABETH",
   "ROCA, MOISES",
   "DIAZ, DAIANA PAMELA"
  ]
 },
 {
  "asistida": "ALEMAN GUILLERMO SEBASTI\u00c1N",
  "cargo_ejecutivo": true,
  "clase": "Candidato",
  "cod_alianza": "3735",
  "cod_categoria": "INT",
  "cod_lista": "3735.1.1",
  "cod_partido": "3735.1",
  "codigo": "3735.1.1.1",
  "dni": "31022881",
  "id_candidatura": "3735.1.1.1",
  "id_umv": 1523,
  "imagenes": [
   "3735.1.1.1"
  ],
  "nombre": "ALEMAN, GUILLERMO SEBASTIAN",
  "nro_orden": 1,
  "orden_absoluto": [
   12,
   1,
   55,
   4,
   1
  ],
  "secundarios": [

  ],
  "sexo": "M",
  "suplentes": [

  ]
 },
 {
  "asistida": "LINARES SERGIO FERNANDO",
  "cargo_ejecutivo": false,
  "clase": "Candidato",
  "cod_alianza": "3735",
  "cod_categoria": "CNJ",
  "cod_lista": "3735.1.1",
  "cod_partido": "3735.1",
  "codigo": "3735.1.1.2",
  "dni": "39039736",
  "id_candidatura": "3735.1.1.2",
  "id_umv": 575,
  "imagenes": [
   "3735.1.1.2",
   "default_mujer",
   "default",
   "default_mujer",
   "default",
   "default_mujer",
   "default"
  ],
  "nombre": "LINARES, SERGIO FERNANDO",
  "nro_orden": 1,
  "orden_absoluto": [
   12,
   1,
   55,
   5,
   1
  ],
  "secundarios": [
   "UMBRELLO, NORA ISABEL",
   "SALAS, CARLOS ENRIQUE",
   "CASIMIRO, MARLENE FABIOLA",
   "ROBLES, JOSE LUIS",
   "CHAVARRIA, FRANCISCA",
   "CASTA\u00d1O, LUIS FERNANDO"
  ],
  "sexo": "M",
  "suplentes": [
   "LICANTICA, LIA LUZ",
   "MORENO ILLESCAS, ALEJANDRO DANNY",
   "ORELLANA, MARIA ESTER",
   "GUZMAN, JESUS MARIA",
   "CASIMIRO, MARIA JULIETA",
   "FERNANDEZ, NESTOR ANGEL",
   "HERRERA, EVELIA EVANGELINA"
  ]
 },
 {
  "asistida": "VALDIVIEZO Osc\u00e1r ALBERTO",
  "cargo_ejecutivo": false,
  "clase": "Candidato",
  "cod_alianza": "3735",
  "cod_categoria": "CNJ",
  "cod_lista": "3735.1873.1873",
  "cod_partido": "3735.1873",
  "codigo": "3735.1873.1873.2773",
  "dni": "14792320",
  "id_candidatura": "3735.1873.1873.2773",
  "id_umv": 619,
  "imagenes": [
   "3735.1873.1873.2773",
   "default_mujer",
   "default",
   "default_mujer",
   "default",
   "default_mujer",
   "default"
  ],
  "nombre": "VALDIVIEZO, OSCAR ALBERTO",
  "nro_orden": 1,
  "orden_absoluto": [
   12,
   56,
   80,
   5,
   1
  ],
  "secundarios": [
   "GALLARDO, GABRIELA NATALIA",
   "SEGUNDO, NOLBERTO",
   "GALVAN, VIVIANA TRINIDAD",
   "CENTENO, MAXIMILIANO ANGEL",
   "ORTIZ, MARCELA MICAELA",
   "VACA, NORMANDO ELIO"
  ],
  "sexo": "M",
  "suplentes": [
   "SILVERA, OLGA BEATRIZ",
   "PEREYRA, EUGENIO DANTE",
   "FELIX, NORMA ASUNCION DEL VALLE",
   "MARQUEZ, ALFREDO VICTOR",
   "VALDIVIEZO, MARIA CECILIA",
   "SIMON, FREDY ANASTACIO"
  ]
 },
 {
  "asistida": "ALTAMIRANO LUIS ALFREDO",
  "cargo_ejecutivo": false,
  "clase": "Candidato",
  "cod_alianza": "3735",
  "cod_categoria": "CNJ",
  "cod_lista": "3735.3630.3630",
  "cod_partido": "3735.3630",
  "codigo": "3735.3630.3630.5375",
  "dni": "33351293",
  "id_candidatura": "3735.3630.3630.5375",
  "id_umv": 704,
  "imagenes": [
   "3735.3630.3630.5375",
   "default_mujer",
   "default",
   "default_mujer",
   "default",
   "default_mujer",
   "default"
  ],
  "nombre": "ALTAMIRANO, LUIS ALFREDO",
  "nro_orden": 1,
  "orden_absoluto": [
   12,
   3,
   56,
   5,
   1
  ],
  "secundarios": [
   "ROMERO, MARINES DE LOS ANGELES",
   "CHAILE, RAUL ARNALDO",
   "DURAN, ADRIANA SOLEDAD",
   "OLBRICH, WALTER FRANCISCO",
   "ALCOBA, MARIALENA DEL VALLE",
   "MENDEZ, HUGO ABEL"
  ],
  "sexo": "M",
  "suplentes": [
   "CHAILE, MARILU DE LOS ANGELES",
   "SILVA, JORGE ROBERTO PANTALEON",
   "ORTIZ, CARINA ALEJANDRA",
   "MEDINA, AGUSTIN WALTER",
   "ARGA\u00d1ARAZ, ALEJANDRA GEORGINA",
   "MOJICA, PABLO",
   "ALCOBA, NATALIA DE LOS ANGELES"
  ]
 },
 {
  "asistida": "NIEVA SERGIO Osc\u00e1r",
  "cargo_ejecutivo": false,
  "clase": "Candidato",
  "cod_alianza": "3735",
  "cod_categoria": "CNJ",
  "cod_lista": "3735.3650.3650",
  "cod_partido": "3735.3650",
  "codigo": "3735.3650.3650.5840",
  "dni": "22309882",
  "id_candidatura": "3735.3650.3650.5840",
  "id_umv": 721,
  "imagenes": [
   "3735.3650.3650.5840",
   "default_mujer",
   "default",
   "default_mujer",
   "default",
   "default_mujer",
   "default"
  ],
  "nombre": "NIEVA, \u201cCOQUI\u201d",
  "nro_orden": 1,
  "orden_absoluto": [
   12,
   66,
   23,
   5,
   1
  ],
  "secundarios": [
   "GUERRA, MARIA FERMINA",
   "BALDERRAMA, JUAN",
   "ANDRADA, CAMILA NATALIA",
   "IBA\u00d1EZ, EMILIO WILFREDO",
   "GOMEZ, GABRIELA MARGARITA",
   "VALLEJOS, MAXIMO"
  ],
  "sexo": "M",
  "suplentes": [
   "ARIAS, DANIELA PAOLA",
   "COINTE, JOSE MANUEL",
   "CACERES, VALERIA ALEJANDRA",
   "FERNANDEZ, BERNARDO",
   "FERRARI, MOIRA LORENA",
   "ORDO\u00d1EZ, NORMAN VICTOR"
  ]
 },
 {
  "asistida": "\u00c1LVAREZ CRISTINA MATILDE",
  "cargo_ejecutivo": false,
  "clase": "Candidato",
  "cod_alianza": "3735",
  "cod_categoria": "CNJ",
  "cod_lista": "3735.4.4",
  "cod_partido": "3735.4",
  "codigo": "3735.4.4.10285",
  "dni": "21841501",
  "id_candidatura": "3735.4.4.10285",
  "id_umv": 765,
  "imagenes": [
   "3735.4.4.10285",
   "default",
   "default_mujer",
   "default",
   "default_mujer",
   "default",
   "default_mujer"
  ],
  "nombre": "ALVAREZ, CRISTINA MATILDE",
  "nro_orden": 1,
  "orden_absoluto": [
   12,
   58,
   6,
   5,
   1
  ],
  "secundarios": [
   "AMAYA, GERARDO DAVID",
   "ROJAS, ELINA FLORENCIA",
   "ARISPE, HUGO GERMAN",
   "ALCOBA, NADIA MACIEL",
   "GIMENEZ, ANIBAL RONALDO RAFAEL",
   "QUISPE, MARIA EUGENIA"
  ],
  "sexo": "F",
  "suplentes": [
   "BARRIOS, JESUS EXEQUIEL",
   "ARISPE, JESSICA JOHANA",
   "SUAREZ RODAS, GUSTAVO ARIEL",
   "VILLALBA, SARA ISABEL",
   "FERNANDEZ, ANTONIO EMANUEL",
   "SOSA, JESICA FERNANDA",
   "CHAVARRIA, NESTOR RAFAEL"
  ]
 },
 {
  "asistida": "QUINTEROS DIEGO GUSTAVO",
  "cargo_ejecutivo": true,
  "clase": "Candidato",
  "cod_alianza": "3735",
  "cod_categoria": "INT",
  "cod_lista": "3735.460.460",
  "cod_partido": "3735.460",
  "codigo": "3735.460.460.11043",
  "dni": "29720214",
  "id_candidatura": "3735.460.460.11043",
  "id_umv": 1606,
  "imagenes": [
   "3735.460.460.11043"
  ],
  "nombre": "QUINTEROS, DIEGO GUSTAVO",
  "nro_orden": 1,
  "orden_absoluto": [
   12,
   23,
   10,
   4,
   1
  ],
  "secundarios": [

  ],
  "sexo": "M",
  "suplentes": [

  ]
 },
 {
  "asistida": "QUINTANA Sare ISA TOM\u00c1S",
  "cargo_ejecutivo": false,
  "clase": "Candidato",
  "cod_alianza": "3735",
  "cod_categoria": "CNJ",
  "cod_lista": "3735.460.460",
  "cod_partido": "3735.460",
  "codigo": "3735.460.460.11290",
  "dni": "38274266",
  "id_candidatura": "3735.460.460.11290",
  "id_umv": 817,
  "imagenes": [
   "3735.460.460.11290",
   "default_mujer",
   "default",
   "default_mujer",
   "default",
   "default_mujer",
   "default"
  ],
  "nombre": "QUINTANA SARE, HISA TOMAS",
  "nro_orden": 1,
  "orden_absoluto": [
   12,
   23,
   10,
   5,
   1
  ],
  "secundarios": [
   "CATUE, ZULMA ELIZABET",
   "QUINTANA, WALTER HORACIO",
   "SANDRINI, DIANA VALERIIA",
   "AGUILAR, DANIEL RICARDO",
   "ALCOBA, IRIS KARINA",
   "YARE, FABIO RODRIGO"
  ],
  "sexo": "M",
  "suplentes": [
   "ARCE, ERICA MARISEL",
   "ILLESCA, BLADIMIR EZEQUIEL",
   "REYES, GISELA HILDA CECILIA"
  ]
 },
 {
  "asistida": "QUIROGA SEBASTI\u00c1N CRISTIAN",
  "cargo_ejecutivo": true,
  "clase": "Candidato",
  "cod_alianza": "685",
  "cod_categoria": "INT",
  "cod_lista": "685.685.685",
  "cod_partido": "685.685",
  "codigo": "685.685.685.12037",
  "dni": "36682086",
  "id_candidatura": "685.685.685.12037",
  "id_umv": 1619,
  "imagenes": [
   "default"
  ],
  "nombre": "QUIROGA, SEBASTIAN CRISTIAN",
  "nro_orden": 1,
  "orden_absoluto": [
   14,
   30,
   78,
   4,
   1
  ],
  "secundarios": [

  ],
  "sexo": "M",
  "suplentes": [

  ]
 },
 {
  "asistida": "GIRON MIGUEL ANGEL",
  "cargo_ejecutivo": false,
  "clase": "Candidato",
  "cod_alianza": "685",
  "cod_categoria": "CNJ",
  "cod_lista": "685.685.685",
  "cod_partido": "685.685",
  "codigo": "685.685.685.12118",
  "dni": "29086014",
  "id_candidatura": "685.685.685.12118",
  "id_umv": 845,
  "imagenes": [
   "685.685.685.12118",
   "default_mujer",
   "default",
   "default_mujer",
   "default",
   "default_mujer",
   "default"
  ],
  "nombre": "GIRON, MIGUEL ANGEL",
  "nro_orden": 1,
  "orden_absoluto": [
   14,
   30,
   78,
   5,
   1
  ],
  "secundarios": [
   "GALLO, ANGELA GRACIELA",
   "DOMINGUEZ, ERNESTO",
   "ORDO\u00d1EZ, GLADIS ELSA",
   "RIVERO, JESUS ALDO",
   "SALGADO, ANTONIA",
   "ORDO\u00d1EZ, RODRIGO MATIAS"
  ],
  "sexo": "M",
  "suplentes": [
   "PAIVA, GISELLA NAYLA",
   "RIVERO, JORGE ALEJANDRO",
   "ROMERO, NATIVIDAD EUGENIA",
   "GONZALEZ, MIDAN",
   "RIVERO, ESTELA NATALIA"
  ]
 },
 {
  "asistida": "Voto en BLANCO",
  "cargo_ejecutivo": false,
  "clase": "Blanco",
  "cod_categoria": "CNJ",
  "cod_lista": "",
  "codigo": "BLC",
  "id_candidatura": "BLC",
  "id_umv": 906,
  "imagenes": [
   "BLC"
  ],
  "nombre": "Voto en BLANCO",
  "nro_orden": 5,
  "orden_absoluto": [
   994,
   5
  ],
  "secundarios": [

  ],
  "sexo": null,
  "suplentes": [

  ]
 },
 {
  "asistida": "Voto en BLANCO",
  "cargo_ejecutivo": true,
  "clase": "Blanco",
  "cod_categoria": "INT",
  "cod_lista": "",
  "codigo": "BLC",
  "id_candidatura": "BLC",
  "id_umv": 1680,
  "imagenes": [
   "BLC"
  ],
  "nombre": "Voto en BLANCO",
  "nro_orden": 4,
  "orden_absoluto": [
   994,
   4
  ],
  "secundarios": [

  ],
  "sexo": null,
  "suplentes": [

  ]
 },
 {
  "asistida": "Votos IMPUGNADOS",
  "cargo_ejecutivo": false,
  "clase": "Especial",
  "cod_categoria": "CNJ",
  "cod_lista": "",
  "codigo": "IMP",
  "id_candidatura": "IMP",
  "id_umv": 966,
  "nombre": "Votos IMPUGNADOS",
  "nro_orden": 5,
  "orden_absoluto": [
   995,
   5
  ],
  "secundarios": [

  ],
  "sexo": null,
  "suplentes": [

  ]
 },
 {
  "asistida": "Votos IMPUGNADOS",
  "cargo_ejecutivo": true,
  "clase": "Especial",
  "cod_categoria": "INT",
  "cod_lista": "",
  "codigo": "IMP",
  "id_candidatura": "IMP",
  "id_umv": 1740,
  "nombre": "Votos IMPUGNADOS",
  "nro_orden": 4,
  "orden_absoluto": [
   995,
   4
  ],
  "secundarios": [

  ],
  "sexo": null,
  "suplentes": [

  ]
 },
 {
  "asistida": "Votos OBSERVADOS",
  "cargo_ejecutivo": false,
  "clase": "Especial",
  "cod_categoria": "CNJ",
  "cod_lista": "",
  "codigo": "OBS",
  "id_candidatura": "OBS",
  "id_umv": 1026,
  "nombre": "Votos OBSERVADOS",
  "nro_orden": 5,
  "orden_absoluto": [
   996,
   5
  ],
  "secundarios": [

  ],
  "sexo": null,
  "suplentes": [

  ]
 },
 {
  "asistida": "Votos OBSERVADOS",
  "cargo_ejecutivo": true,
  "clase": "Especial",
  "cod_categoria": "INT",
  "cod_lista": "",
  "codigo": "OBS",
  "id_candidatura": "OBS",
  "id_umv": 1800,
  "nombre": "Votos OBSERVADOS",
  "nro_orden": 4,
  "orden_absoluto": [
   996,
   4
  ],
  "secundarios": [

  ],
  "sexo": null,
  "suplentes": [

  ]
 }
]