[
 {
  "asistida": "PLANES DANIELA",
  "cargo_ejecutivo": true,
  "clase": "Candidato",
  "cod_alianza": "1863",
  "cod_categoria": "GOB",
  "cod_lista": "1863.1863.1863",
  "cod_partido": "1863.1863",
  "codigo": "1863.1863.1863.2069",
  "dni": "28523544",
  "id_candidatura": "1863.1863.1863.2069",
  "id_umv": 1197,
  "imagenes": [
   "1863.1863.1863.2069",
   "default_mujer"
  ],
  "nombre": "PLANES, DANIELA",
  "nro_orden": 1,
  "orden_absoluto": [
   22,
   53,
   12,
   1,
   1
  ],
  "secundarios": [
   "TEJERINA, VERONICA"
  ],
  "sexo": "F",
  "suplentes": [

  ]
 },
 {
  "asistida": "GIL VIOLETA",
  "cargo_ejecutivo": true,
  "clase": "Candidato",
  "cod_alianza": "22",
  "cod_categoria": "GOB",
  "cod_lista": "22.22.22",
  "cod_partido": "22.22",
  "codigo": "22.22.22.3409",
  "dni": "33984630",
  "id_candidatura": "22.22.22.3409",
  "id_umv": 1198,
  "imagenes": [
   "22.22.22.3409",
   "default"
  ],
  "nombre": "GIL, VIOLETA",
  "nro_orden": 1,
  "orden_absoluto": [
   23,
   62,
   3,
   1,
   1
  ],
  "secundarios": [
   "TOLABA, ANGEL RODOLFO"
  ],
  "sexo": "F",
  "suplentes": [

  ]
 },
 {
  "asistida": "TogNolini MARCOS",
  "cargo_ejecutivo": true,
  "clase": "Candidato",
  "cod_alianza": "3625",
  "cod_categoria": "GOB",
  "cod_lista": "3625.3625.3625",
  "cod_partido": "3625.3625",
  "codigo": "3625.3625.3625.5312",
  "dni": "29336659",
  "id_candidatura": "3625.3625.3625.5312",
  "id_umv": 1199,
  "imagenes": [
   "3625.3625.3625.5312",
   "default_mujer"
  ],
  "nombre": "TOGNOLINI, MARCOS",
  "nro_orden": 1,
  "orden_absoluto": [
   21,
   43,
   21,
   1,
   1
  ],
  "secundarios": [
   "RAMOS, MIRTA ADRIANA"
  ],
  "sexo": "M",
  "suplentes": [

  ]
 },
 {
  "asistida": "FERNANDEZ VICENTE DANIEL",
  "cargo_ejecutivo": false,
  "clase": "Candidato",
  "cod_alianza": "3717",
  "cod_categoria": "CNJ",
  "cod_lista": "3717.13.13",
  "cod_partido": "3717.13",
  "codigo": "3717.13.13.668",
  "dni": "18719449",
  "id_candidatura": "3717.13.13.668",
  "id_umv": 37,
  "imagenes": [
   "3717.13.13.668",
   "default_mujer",
   "default",
   "default_mujer",
   "default",
   "default_mujer",
   "default",
   "default_mujer",
   "default"
  ],
  "nombre": "FERNANDEZ, VICENTE DANIEL",
  "nro_orden": 1,
  "orden_absoluto": [
   6,
   52,
   75,
   5,
   1
  ],
  "secundarios": [
   "FLORES, MICAELA GIMENA",
   "FLORES, JORGE FRANCISCO",
   "NIEVA, LILIANA SOLEDAD",
   "GUTIERREZ, MARCOS JAVIER",
   "AGUILAR, FILOMENA DEL CARMEN",
   "VAZQUEZ, RAMIRO SEBASTIAN",
   "LESCANO, MARIZOL MERCEDES",
   "MANCILLA, CRISTIAN SILVANO"
  ],
  "sexo": "M",
  "suplentes": [
   "CEJAS, MARIA FERNANDA",
   "ARGUELLO, EDUARDO ANTONIO",
   "VAZQUEZ, PATRICIA DEL CARMEN",
   "RUIZ, VICTOR RAFAEL",
   "VILLAGRA, BELEN MERCEDES",
   "ARGOTA, RODOLFO"
  ]
 },
 {
  "asistida": "SANCHEZ ADRIAN ALEJANDRO",
  "cargo_ejecutivo": false,
  "clase": "Candidato",
  "cod_alianza": "3717",
  "cod_categoria": "CNJ",
  "cod_lista": "3717.2543.2543",
  "cod_partido": "3717.2543",
  "codigo": "3717.2543.2543.3796",
  "dni": "33428708",
  "id_candidatura": "3717.2543.2543.3796",
  "id_umv": 61,
  "imagenes": [
   "3717.2543.2543.3796",
   "default_mujer",
   "default",
   "default_mujer",
   "default",
   "default_mujer",
   "default",
   "default_mujer",
   "default"
  ],
  "nombre": "SANCHEZ, ADRIAN",
  "nro_orden": 1,
  "orden_absoluto": [
   6,
   71,
   17,
   5,
   1
  ],
  "secundarios": [
   "FLORES URQUIZA, DANIELA NATALIA",
   "SORIA, JESUS EDUARDO",
   "ALDERETE, GABRIELA ROMINA",
   "SANTILLAN, MARCELO ARNALDO",
   "GONZALEZ, ANDREA JULIETA",
   "GOMEZ, GUSTAVO ALEJANDRO",
   "TARIFA, JESICA YOHANA",
   "HERRERA, HUGO VICENTE"
  ],
  "sexo": "M",
  "suplentes": [
   "AGUIRRE, MONICA LILIANA",
   "COSTILLA, JESUS ISMAEL"
  ]
 },
 {
  "asistida": "ESTRADA EMILIANO RAFAEL",
  "cargo_ejecutivo": true,
  "clase": "Candidato",
  "cod_alianza": "3717",
  "cod_categoria": "GOB",
  "cod_lista": "3717.3739.3739",
  "cod_partido": "3717.3739",
  "codigo": "3717.3739.3739.6360",
  "dni": "32165256",
  "id_candidatura": "3717.3739.3739.6360",
  "id_umv": 1200,
  "imagenes": [
   "3717.3739.3739.6360",
   "default"
  ],
  "nombre": "ESTRADA, EMILIANO",
  "nro_orden": 1,
  "orden_absoluto": [
   6,
   17,
   64,
   1,
   1
  ],
  "secundarios": [
   "ZAPATA, CARLOS RAUL"
  ],
  "sexo": "M",
  "suplentes": [

  ]
 },
 {
  "asistida": "MESON GANA JUAN PABLO",
  "cargo_ejecutivo": false,
  "clase": "Candidato",
  "cod_alianza": "3717",
  "cod_categoria": "SEN",
  "cod_lista": "3717.3739.3739",
  "cod_partido": "3717.3739",
  "codigo": "3717.3739.3739.6362",
  "dni": "26031159",
  "id_candidatura": "3717.3739.3739.6362",
  "id_umv": 1808,
  "imagenes": [
   "3717.3739.3739.6362"
  ],
  "nombre": "DR. MESON GANA, JUAN PABLO",
  "nro_orden": 1,
  "orden_absoluto": [
   6,
   17,
   64,
   2,
   1
  ],
  "secundarios": [

  ],
  "sexo": "M",
  "suplentes": [
   "VIER, SOLEDAD CELESTE"
  ]
 },
 {
  "asistida": "Ust\u00e1rez COLQUE JUSTINO",
  "cargo_ejecutivo": false,
  "clase": "Candidato",
  "cod_alianza": "3717",
  "cod_categoria": "DIP",
  "cod_lista": "3717.3739.3739",
  "cod_partido": "3717.3739",
  "codigo": "3717.3739.3739.6396",
  "dni": "18536098",
  "id_candidatura": "3717.3739.3739.6396",
  "id_umv": 1041,
  "imagenes": [
   "3717.3739.3739.6396",
   "default_mujer"
  ],
  "nombre": "DR. USTAREZ, JUSTINO",
  "nro_orden": 1,
  "orden_absoluto": [
   6,
   17,
   64,
   3,
   1
  ],
  "secundarios": [
   "MARTINEZ SERRANO, ANA EDITH"
  ],
  "sexo": "M",
  "suplentes": [
   "DELGADO, DANIEL GUSTAVO",
   "RODRIGUEZ, DEBORA ALEJANDRA"
  ]
 },
 {
  "asistida": "CISNERO MARIO RAUL",
  "cargo_ejecutivo": true,
  "clase": "Candidato",
  "cod_alianza": "3717",
  "cod_categoria": "INT",
  "cod_lista": "3717.3739.3739",
  "cod_partido": "3717.3739",
  "codigo": "3717.3739.3739.6448",
  "dni": "21713439",
  "id_candidatura": "3717.3739.3739.6448",
  "id_umv": 1263,
  "imagenes": [
   "3717.3739.3739.6448"
  ],
  "nombre": "PROF. CISNERO, MARIO",
  "nro_orden": 1,
  "orden_absoluto": [
   6,
   17,
   64,
   4,
   1
  ],
  "secundarios": [

  ],
  "sexo": "M",
  "suplentes": [

  ]
 },
 {
  "asistida": "Ust\u00e1rez ADRIAN GONZALO NICOL\u00e1S",
  "cargo_ejecutivo": false,
  "clase": "Candidato",
  "cod_alianza": "3717",
  "cod_categoria": "CNJ",
  "cod_lista": "3717.3739.3739",
  "cod_partido": "3717.3739",
  "codigo": "3717.3739.3739.6713",
  "dni": "31093103",
  "id_candidatura": "3717.3739.3739.6713",
  "id_umv": 108,
  "imagenes": [
   "3717.3739.3739.6713",
   "default_mujer",
   "default",
   "default_mujer",
   "default",
   "default_mujer",
   "default",
   "default_mujer",
   "default"
  ],
  "nombre": "USTAREZ, ADRIAN",
  "nro_orden": 1,
  "orden_absoluto": [
   6,
   17,
   64,
   5,
   1
  ],
  "secundarios": [
   "IBARRA, EVANGELINA LEONOR",
   "ANDRADA, SEBASTIAN OMAR",
   "ESCOBAR TORANZO, ANGELA CELESTE",
   "GUZMAN, HECTOR ARNALDO",
   "CRUZ, CELESTE ELIZABETH",
   "FECCIA, EDUARDO ALEJANDRO",
   "GOMEZ SILVA, SILVANA YOLANDA",
   "ESCOBAR TORANZO, EMMANUEL GASPAR"
  ],
  "sexo": "M",
  "suplentes": [
   "FLORES, SALLY DOLORES ANGELES",
   "IBARRA, JOSE LUIS",
   "BURGOS, GABRIELA NATALIA",
   "MORALES, ALDO DANIEL",
   "CRUZ, ALBA ELIZABETH"
  ]
 },
 {
  "asistida": "RIVERO RAMON HUMBERTO",
  "cargo_ejecutivo": false,
  "clase": "Candidato",
  "cod_alianza": "3717",
  "cod_categoria": "CNJ",
  "cod_lista": "3717.632.632",
  "cod_partido": "3717.632",
  "codigo": "3717.632.632.11925",
  "dni": "16350781",
  "id_candidatura": "3717.632.632.11925",
  "id_umv": 158,
  "imagenes": [
   "3717.632.632.11925",
   "default_mujer",
   "default",
   "default_mujer",
   "default",
   "default_mujer",
   "default",
   "default_mujer",
   "default"
  ],
  "nombre": "RIVERO, \u201cNEGRO\u201d",
  "nro_orden": 1,
  "orden_absoluto": [
   6,
   47,
   8,
   5,
   1
  ],
  "secundarios": [
   "TORRES, ROSA JIMENA",
   "CISNERO LESCANO, RAUL",
   "JUAREZ, CATALINA ADRIANA",
   "AREVALO, GONZALO MIGUEL",
   "LOPEZ, ZULEMA MONICA",
   "RIVERO, LEANDRO HUMBERTO",
   "YARAD, EMILIA",
   "RIVERO, RENE SANTIAGO"
  ],
  "sexo": "M",
  "suplentes": [
   "NAVARRETE, MARINA GRACIELA",
   "BARRIENTOS, JOSE VICENTE",
   "PERALES, DEBORA RAQUEL"
  ]
 },
 {
  "asistida": "ORTIZ C\u00c9SPEDES MELISA SILVINA",
  "cargo_ejecutivo": true,
  "clase": "Candidato",
  "cod_alianza": "3721",
  "cod_categoria": "INT",
  "cod_lista": "3721.3721.3721",
  "cod_partido": "3721.3721",
  "codigo": "3721.3721.3721.6339",
  "dni": "36337628",
  "id_candidatura": "3721.3721.3721.6339",
  "id_umv": 1286,
  "imagenes": [
   "3721.3721.3721.6339"
  ],
  "nombre": "ORTIZ CESPEDES, MELISA SILVINA",
  "nro_orden": 1,
  "orden_absoluto": [
   16,
   36,
   36,
   4,
   1
  ],
  "secundarios": [

  ],
  "sexo": "F",
  "suplentes": [

  ]
 },
 {
  "asistida": "Maman\u00ed DELIA JORGELINA",
  "cargo_ejecutivo": false,
  "clase": "Candidato",
  "cod_alianza": "3721",
  "cod_categoria": "CNJ",
  "cod_lista": "3721.3721.3721",
  "cod_partido": "3721.3721",
  "codigo": "3721.3721.3721.6340",
  "dni": "21312845",
  "id_candidatura": "3721.3721.3721.6340",
  "id_umv": 164,
  "imagenes": [
   "3721.3721.3721.6340",
   "default",
   "default_mujer",
   "default",
   "default_mujer",
   "default",
   "default_mujer",
   "default",
   "default_mujer"
  ],
  "nombre": "MAMANI, DELIA JORGELINA",
  "nro_orden": 1,
  "orden_absoluto": [
   16,
   36,
   36,
   5,
   1
  ],
  "secundarios": [
   "ZURITA, EMILIO RAMON ALFREDO",
   "CORTEZ, MARIA ALEJANDRA RAMONA",
   "ALBAIZETA FERNANDEZ, NICOLAS",
   "MORALES, PAULA HILDA",
   "RODRIGUEZ, FRANCISCO JEREMIAS",
   "FERNANDEZ, MARIA LILIANA",
   "MAMANI, JOAQUIN LORENZO",
   "YAPURA, EDITH SAMANTA"
  ],
  "sexo": "F",
  "suplentes": [
   "CARABAJAL, LUIS RAMIRO",
   "RODRIGUEZ, AGUSTINA TAILA",
   "SALDIVIA, RUBEN GERARDO",
   "CISNERO, VERONICA MARCELA",
   "MERCADO CARDENAS, RICARDO HERNAN",
   "COCETTA, LUCIANA AYELEN",
   "SERAPIO, LEONEL ISRAEL",
   "TORRES, ANABELLA KARINA",
   "QUIPILDOR YAPURA, MATIAS ANGEL"
  ]
 },
 {
  "asistida": "MOLINA GERM\u00c1N SEBASTI\u00c1N",
  "cargo_ejecutivo": false,
  "clase": "Candidato",
  "cod_alianza": "3723",
  "cod_categoria": "SEN",
  "cod_lista": "3723.3649.3649",
  "cod_partido": "3723.3649",
  "codigo": "3723.3649.3649.5432",
  "dni": "30182973",
  "id_candidatura": "3723.3649.3649.5432",
  "id_umv": 1818,
  "imagenes": [
   "3723.3649.3649.5432"
  ],
  "nombre": "MOLINA, \u201cGERMAN\u201d",
  "nro_orden": 1,
  "orden_absoluto": [
   5,
   29,
   22,
   2,
   1
  ],
  "secundarios": [

  ],
  "sexo": "M",
  "suplentes": [
   "GONZALEZ, LUCIA ELIZABET"
  ]
 },
 {
  "asistida": "AG\u00dcERO GONZALEZ ARON EXEQUIEL",
  "cargo_ejecutivo": false,
  "clase": "Candidato",
  "cod_alianza": "3723",
  "cod_categoria": "DIP",
  "cod_lista": "3723.3649.3649",
  "cod_partido": "3723.3649",
  "codigo": "3723.3649.3649.5436",
  "dni": "43137213",
  "id_candidatura": "3723.3649.3649.5436",
  "id_umv": 1052,
  "imagenes": [
   "3723.3649.3649.5436",
   "default_mujer"
  ],
  "nombre": "AG\u00dcERO GONZALEZ, AARON EXEQUIEL",
  "nro_orden": 1,
  "orden_absoluto": [
   5,
   29,
   22,
   3,
   1
  ],
  "secundarios": [
   "MILLARES, SUSANA EDITH"
  ],
  "sexo": "M",
  "suplentes": [
   "REZAMAL FERNANDEZ, CRISTIAN",
   "PADOVAN, ANDREA MARIANA"
  ]
 },
 {
  "asistida": "ZELAYA CARLOS V\u00cdCTOR DAVID",
  "cargo_ejecutivo": false,
  "clase": "Candidato",
  "cod_alianza": "3723",
  "cod_categoria": "CNJ",
  "cod_lista": "3723.3649.3649",
  "cod_partido": "3723.3649",
  "codigo": "3723.3649.3649.5522",
  "dni": "38035405",
  "id_candidatura": "3723.3649.3649.5522",
  "id_umv": 184,
  "imagenes": [
   "3723.3649.3649.5522",
   "default_mujer",
   "default",
   "default_mujer",
   "default",
   "default_mujer",
   "default",
   "default_mujer",
   "default"
  ],
  "nombre": "ZELAYA, CARLOS VICTOR DAVID",
  "nro_orden": 1,
  "orden_absoluto": [
   5,
   29,
   22,
   5,
   1
  ],
  "secundarios": [
   "DI PASQUALE, VALERIA IVANA",
   "DEL PRADO, GIANCARLO",
   "EROLES LEIVA, ANDREA ANTONELLA",
   "ORTEGA AGUIRRE, LEANDRO JAVIER",
   "BERRONDO, ANA ROSA",
   "ROMERO MIRANDA, JUAN MANUEL",
   "MAIGUA, MARIA EUGENIA",
   "SIERRA, NOLASCO GERARDO"
  ],
  "sexo": "M",
  "suplentes": [
   "PARDO MILLARES, MARIANA PAMELA",
   "TORRICO, EMANUEL ALEJANDRO",
   "HOYOS, MARIA ALEJANDRA",
   "JURADO, ROBERTO EMMANUEL",
   "CHAUQUE, BETINA ANDREA",
   "ORTEGA ROJAS, NELSON ALFREDO"
  ]
 },
 {
  "asistida": "W\u00c1YAR GU\u00c1LTER RAUL",
  "cargo_ejecutivo": true,
  "clase": "Candidato",
  "cod_alianza": "3723",
  "cod_categoria": "GOB",
  "cod_lista": "3723.3741.3741",
  "cod_partido": "3723.3741",
  "codigo": "3723.3741.3741.7154",
  "dni": "12220501",
  "id_candidatura": "3723.3741.3741.7154",
  "id_umv": 1201,
  "imagenes": [
   "3723.3741.3741.7154",
   "default"
  ],
  "nombre": "WAYAR, WALTER",
  "nro_orden": 1,
  "orden_absoluto": [
   5,
   14,
   65,
   1,
   1
  ],
  "secundarios": [
   "MIZZAU, IVAN"
  ],
  "sexo": "M",
  "suplentes": [

  ]
 },
 {
  "asistida": "FRIAS ADRIANA ELIZABETH",
  "cargo_ejecutivo": false,
  "clase": "Candidato",
  "cod_alianza": "3723",
  "cod_categoria": "SEN",
  "cod_lista": "3723.3741.3741",
  "cod_partido": "3723.3741",
  "codigo": "3723.3741.3741.7158",
  "dni": "26627511",
  "id_candidatura": "3723.3741.3741.7158",
  "id_umv": 1821,
  "imagenes": [
   "3723.3741.3741.7158"
  ],
  "nombre": "FRIAS, ADRIANA ELIZABETH",
  "nro_orden": 1,
  "orden_absoluto": [
   5,
   14,
   65,
   2,
   1
  ],
  "secundarios": [

  ],
  "sexo": "F",
  "suplentes": [
   "CARO, JUAN MIGUEL"
  ]
 },
 {
  "asistida": "Alancay CELIA ALEJANDRA",
  "cargo_ejecutivo": false,
  "clase": "Candidato",
  "cod_alianza": "3723",
  "cod_categoria": "DIP",
  "cod_lista": "3723.3741.3741",
  "cod_partido": "3723.3741",
  "codigo": "3723.3741.3741.7196",
  "dni": "31639257",
  "id_candidatura": "3723.3741.3741.7196",
  "id_umv": 1055,
  "imagenes": [
   "3723.3741.3741.7196",
   "default"
  ],
  "nombre": "ALANCAY, CELIA ALEJANDRA",
  "nro_orden": 1,
  "orden_absoluto": [
   5,
   14,
   65,
   3,
   1
  ],
  "secundarios": [
   "SAJAMA, MARTIN GERARDO"
  ],
  "sexo": "F",
  "suplentes": [
   "ARIAS MAZZA, PAMELA ROMINA",
   "MAMANI, GUSTAVO EMANUEL"
  ]
 },
 {
  "asistida": "PEREYRA Malcon YAMIL ISRAEL",
  "cargo_ejecutivo": true,
  "clase": "Candidato",
  "cod_alianza": "3723",
  "cod_categoria": "INT",
  "cod_lista": "3723.3741.3741",
  "cod_partido": "3723.3741",
  "codigo": "3723.3741.3741.7244",
  "dni": "34190988",
  "id_candidatura": "3723.3741.3741.7244",
  "id_umv": 1309,
  "imagenes": [
   "3723.3741.3741.7244"
  ],
  "nombre": "PEREYRA, MALCOM",
  "nro_orden": 1,
  "orden_absoluto": [
   5,
   14,
   65,
   4,
   1
  ],
  "secundarios": [

  ],
  "sexo": "M",
  "suplentes": [

  ]
 },
 {
  "asistida": "TAPIA SANDRA NOEM\u00ed",
  "cargo_ejecutivo": false,
  "clase": "Candidato",
  "cod_alianza": "3723",
  "cod_categoria": "CNJ",
  "cod_lista": "3723.3741.3741",
  "cod_partido": "3723.3741",
  "codigo": "3723.3741.3741.7494",
  "dni": "21319300",
  "id_candidatura": "3723.3741.3741.7494",
  "id_umv": 206,
  "imagenes": [
   "3723.3741.3741.7494",
   "default",
   "default_mujer",
   "default",
   "default_mujer",
   "default",
   "default_mujer",
   "default",
   "default_mujer"
  ],
  "nombre": "TAPIA, SANDRA NOEMI",
  "nro_orden": 1,
  "orden_absoluto": [
   5,
   14,
   65,
   5,
   1
  ],
  "secundarios": [
   "JAIME, NICOLAS ORLANDO",
   "CONTRERA, GEORGINA ELIZABETH",
   "VIDELA, ADRIAN ENRIQUE",
   "CANABIDE, ESTRELLA BELEN",
   "CASTILLO, MARCELO EMILIANO",
   "RETAMOZO, BLANCA MELISA",
   "PE\u00d1A, PABLO MAXIMILIANO",
   "CAREAGA, LORENA DEL VALLE"
  ],
  "sexo": "F",
  "suplentes": [
   "RAMIREZ, ENZO LEONEL",
   "GUTIERREZ, MARISA PAOLA",
   "TORREZ, CRISTIAN DANIEL",
   "FIGUEROA, NIDIA ESTER",
   "ACU\u00d1A, ELIO GUSTAVO",
   "PISTAN, SOLANA ALEXSANDRA",
   "CALVO, EDUARDO",
   "MORAN, ELEONORA SOLEDAD",
   "LIENDRO, RUBEN ANTONIO"
  ]
 },
 {
  "asistida": "PAZ POSE LUCIO",
  "cargo_ejecutivo": true,
  "clase": "Candidato",
  "cod_alianza": "3728",
  "cod_categoria": "GOB",
  "cod_lista": "3728.3742.3742",
  "cod_partido": "3728.3742",
  "codigo": "3728.3742.3742.7704",
  "dni": "24875401",
  "id_candidatura": "3728.3742.3742.7704",
  "id_umv": 1202,
  "imagenes": [
   "3728.3742.3742.7704",
   "default_mujer"
  ],
  "nombre": "PAZ POSSE, LUCIO \u201cPINO\u201d",
  "nro_orden": 1,
  "orden_absoluto": [
   9,
   21,
   66,
   1,
   1
  ],
  "secundarios": [
   "FARJAT D\u2019ALESSANDRO, LORENA"
  ],
  "sexo": "M",
  "suplentes": [

  ]
 },
 {
  "asistida": "Baduna GOMEZA V\u00cdCTOR EDUARDO",
  "cargo_ejecutivo": false,
  "clase": "Candidato",
  "cod_alianza": "3728",
  "cod_categoria": "SEN",
  "cod_lista": "3728.3742.3742",
  "cod_partido": "3728.3742",
  "codigo": "3728.3742.3742.7706",
  "dni": "18504158",
  "id_candidatura": "3728.3742.3742.7706",
  "id_umv": 1830,
  "imagenes": [
   "3728.3742.3742.7706"
  ],
  "nombre": "BADUNA GOMEZA, VICTOR EDUARDO",
  "nro_orden": 1,
  "orden_absoluto": [
   9,
   21,
   66,
   2,
   1
  ],
  "secundarios": [

  ],
  "sexo": "M",
  "suplentes": [
   "BERRUETA, CRISTIAN ANGEL"
  ]
 },
 {
  "asistida": "PAZ CARLOS ANDR\u00c9S",
  "cargo_ejecutivo": false,
  "clase": "Candidato",
  "cod_alianza": "3728",
  "cod_categoria": "DIP",
  "cod_lista": "3728.3742.3742",
  "cod_partido": "3728.3742",
  "codigo": "3728.3742.3742.7734",
  "dni": "12959896",
  "id_candidatura": "3728.3742.3742.7734",
  "id_umv": 1066,
  "imagenes": [
   "3728.3742.3742.7734",
   "default_mujer"
  ],
  "nombre": "PAZ, CARLOS ANDRES",
  "nro_orden": 1,
  "orden_absoluto": [
   9,
   21,
   66,
   3,
   1
  ],
  "secundarios": [
   "CRUZ, RITA AGUSTINA"
  ],
  "sexo": "M",
  "suplentes": [
   "CRUZ GASPAR, AGUSTIN EXEQUIEL",
   "VERNIERI, CARLA VICTORIA"
  ]
 },
 {
  "asistida": "ECHAZ\u00da JULIO C\u00c9SAR",
  "cargo_ejecutivo": true,
  "clase": "Candidato",
  "cod_alianza": "3728",
  "cod_categoria": "INT",
  "cod_lista": "3728.3742.3742",
  "cod_partido": "3728.3742",
  "codigo": "3728.3742.3742.7770",
  "dni": "20482109",
  "id_candidatura": "3728.3742.3742.7770",
  "id_umv": 1342,
  "imagenes": [
   "3728.3742.3742.7770"
  ],
  "nombre": "ECHAZU, JULIO CESAR",
  "nro_orden": 1,
  "orden_absoluto": [
   9,
   21,
   66,
   4,
   1
  ],
  "secundarios": [

  ],
  "sexo": "M",
  "suplentes": [

  ]
 },
 {
  "asistida": "LIZARRAGA CRISTIAN MAXIMILIANO",
  "cargo_ejecutivo": false,
  "clase": "Candidato",
  "cod_alianza": "3728",
  "cod_categoria": "CNJ",
  "cod_lista": "3728.3742.3742",
  "cod_partido": "3728.3742",
  "codigo": "3728.3742.3742.7857",
  "dni": "31853441",
  "id_candidatura": "3728.3742.3742.7857",
  "id_umv": 236,
  "imagenes": [
   "3728.3742.3742.7857",
   "default_mujer",
   "default",
   "default_mujer",
   "default",
   "default_mujer",
   "default",
   "default_mujer",
   "default"
  ],
  "nombre": "LIZARRAGA, CRISTIAN MAXIMILIANO",
  "nro_orden": 1,
  "orden_absoluto": [
   9,
   21,
   66,
   5,
   1
  ],
  "secundarios": [
   "ORTU\u00d1O VERA, GRACIELA DEL",
   "LOPEZ, ZACARIAS",
   "LICUDIS, FLORENCIA MILAGRO",
   "MEDINA, CARLOS ENRIQUE",
   "LOPEZ, VANESA LORENA",
   "LUNA CARRERAS, DANIEL GONZALO",
   "GUITIAN AYBAR, DANIELA FERNANDA",
   "PISTAN, JORGE ANTONIO"
  ],
  "sexo": "M",
  "suplentes": [
   "LICUDIS, CASANDRA",
   "LERNER, LUIS MARCELO",
   "VELASQUEZ, VALERIA LORENA",
   "RIVERO, WALTER FACUNDO",
   "CORNEJO, CINTIA DEBORA"
  ]
 },
 {
  "asistida": "AVENDA\u00d1O EL\u00cdZABET DEL MILAGRO",
  "cargo_ejecutivo": false,
  "clase": "Candidato",
  "cod_alianza": "3728",
  "cod_categoria": "CNJ",
  "cod_lista": "3728.3748.3748",
  "cod_partido": "3728.3748",
  "codigo": "3728.3748.3748.9622",
  "dni": "22487360",
  "id_candidatura": "3728.3748.3748.9622",
  "id_umv": 250,
  "imagenes": [
   "3728.3748.3748.9622",
   "default",
   "default_mujer",
   "default",
   "default_mujer",
   "default",
   "default_mujer",
   "default",
   "default_mujer"
  ],
  "nombre": "AVENDA\u00d1O, ELIZABETH DEL MILAGRO",
  "nro_orden": 1,
  "orden_absoluto": [
   9,
   15,
   24,
   5,
   1
  ],
  "secundarios": [
   "LICUDIS, ANGEL",
   "ROJAS, SILVANA VALERIA",
   "GUTIERREZ, CALIXTO RAFAEL",
   "NAZR, VIVIANA NOEMI DEL VALLE",
   "BADUNA, FRANCO TOMAS",
   "RODRIGUEZ, NORA YANEL",
   "MAIDANA, OSCAR FACUNDO",
   "SOSA, MARCELA ALEJANDRA"
  ],
  "sexo": "F",
  "suplentes": [
   "TAPIA, FACUNDO EMANUEL",
   "SCIME, LIDIA CRISTINA",
   "SUAREZ, ZOILO ALBERTO",
   "ECHAZU, BELEN ALEJANDRA"
  ]
 },
 {
  "asistida": "CAL\u00cdVA L\u00cdA VER\u00d3NICA",
  "cargo_ejecutivo": true,
  "clase": "Candidato",
  "cod_alianza": "3729",
  "cod_categoria": "GOB",
  "cod_lista": "3729.3747.3747",
  "cod_partido": "3729.3747",
  "codigo": "3729.3747.3747.9058",
  "dni": "25624792",
  "id_candidatura": "3729.3747.3747.9058",
  "id_umv": 1203,
  "imagenes": [
   "3729.3747.3747.9058",
   "default"
  ],
  "nombre": "CALIVA, LIA VERONICA",
  "nro_orden": 1,
  "orden_absoluto": [
   24,
   68,
   67,
   1,
   1
  ],
  "secundarios": [
   "GRAVANAGO, CARLOS ALEJANDRO"
  ],
  "sexo": "F",
  "suplentes": [

  ]
 },
 {
  "asistida": "RUEDA JUAN IGNACIO",
  "cargo_ejecutivo": false,
  "clase": "Candidato",
  "cod_alianza": "3729",
  "cod_categoria": "SEN",
  "cod_lista": "3729.3747.3747",
  "cod_partido": "3729.3747",
  "codigo": "3729.3747.3747.9061",
  "dni": "10422221",
  "id_candidatura": "3729.3747.3747.9061",
  "id_umv": 1836,
  "imagenes": [
   "3729.3747.3747.9061"
  ],
  "nombre": "RUEDA, JUAN IGNACIO",
  "nro_orden": 1,
  "orden_absoluto": [
   24,
   68,
   67,
   2,
   1
  ],
  "secundarios": [

  ],
  "sexo": "M",
  "suplentes": [
   "GUTIERREZ, VALERIA RAQUEL"
  ]
 },
 {
  "asistida": "ARIAS CARMEN RAFAELA LILIA",
  "cargo_ejecutivo": false,
  "clase": "Candidato",
  "cod_alianza": "3729",
  "cod_categoria": "DIP",
  "cod_lista": "3729.3747.3747",
  "cod_partido": "3729.3747",
  "codigo": "3729.3747.3747.9089",
  "dni": "25813004",
  "id_candidatura": "3729.3747.3747.9089",
  "id_umv": 1075,
  "imagenes": [
   "3729.3747.3747.9089",
   "default"
  ],
  "nombre": "ARIAS, CARMEN RAFAELA LILIA",
  "nro_orden": 1,
  "orden_absoluto": [
   24,
   68,
   67,
   3,
   1
  ],
  "secundarios": [
   "CANTERO, ALEXANDER EMANUEL"
  ],
  "sexo": "F",
  "suplentes": [

  ]
 },
 {
  "asistida": "\u00c1LVAREZ SUSANA MAB\u00c9L",
  "cargo_ejecutivo": true,
  "clase": "Candidato",
  "cod_alianza": "3729",
  "cod_categoria": "INT",
  "cod_lista": "3729.3747.3747",
  "cod_partido": "3729.3747",
  "codigo": "3729.3747.3747.9126",
  "dni": "23749719",
  "id_candidatura": "3729.3747.3747.9126",
  "id_umv": 1374,
  "imagenes": [
   "3729.3747.3747.9126"
  ],
  "nombre": "ALVAREZ, SUSANA MABEL",
  "nro_orden": 1,
  "orden_absoluto": [
   24,
   68,
   67,
   4,
   1
  ],
  "secundarios": [

  ],
  "sexo": "F",
  "suplentes": [

  ]
 },
 {
  "asistida": "LEDESMA EMANUEL ANTONIO",
  "cargo_ejecutivo": false,
  "clase": "Candidato",
  "cod_alianza": "3729",
  "cod_categoria": "CNJ",
  "cod_lista": "3729.3747.3747",
  "cod_partido": "3729.3747",
  "codigo": "3729.3747.3747.9358",
  "dni": "34066960",
  "id_candidatura": "3729.3747.3747.9358",
  "id_umv": 284,
  "imagenes": [
   "default",
   "default_mujer",
   "default",
   "default_mujer",
   "default",
   "default_mujer",
   "default",
   "default_mujer",
   "default"
  ],
  "nombre": "LEDESMA, EMANUEL ANTONIO",
  "nro_orden": 1,
  "orden_absoluto": [
   24,
   68,
   67,
   5,
   1
  ],
  "secundarios": [
   "VILLARREAL, EMILSE ANAHI",
   "ZAMORANO, DIEGO RAUL",
   "GRILLO RUSSO, JOHANNA JESSICA",
   "VILLA, RICARDO RAMON",
   "ZAMORANO, DANIELA IRIS",
   "DIAZ, OMAR GUSTAVO",
   "CRUZ, VICTORIA ESTEFANIA",
   "DOMENICHELLI, NESTOR EMILIANO"
  ],
  "sexo": "M",
  "suplentes": [
   "ARIAS, CRISTINA",
   "AGUIRRE, MARIO VALENTIN",
   "TORRES, CRISTINA SOLEDAD ABIGAIL"
  ]
 },
 {
  "asistida": "NANNI VALERO MIGUEL",
  "cargo_ejecutivo": true,
  "clase": "Candidato",
  "cod_alianza": "3730",
  "cod_categoria": "GOB",
  "cod_lista": "3730.3746.3746",
  "cod_partido": "3730.3746",
  "codigo": "3730.3746.3746.8614",
  "dni": "25802248",
  "id_candidatura": "3730.3746.3746.8614",
  "id_umv": 1204,
  "imagenes": [
   "3730.3746.3746.8614",
   "default_mujer"
  ],
  "nombre": "NANNI, MIGUEL",
  "nro_orden": 1,
  "orden_absoluto": [
   15,
   32,
   74,
   1,
   1
  ],
  "secundarios": [
   "CORNEJO, VIRGINIA"
  ],
  "sexo": "M",
  "suplentes": [

  ]
 },
 {
  "asistida": "JORA MAR\u00edA DEL CARMEN",
  "cargo_ejecutivo": false,
  "clase": "Candidato",
  "cod_alianza": "3730",
  "cod_categoria": "SEN",
  "cod_lista": "3730.3746.3746",
  "cod_partido": "3730.3746",
  "codigo": "3730.3746.3746.8616",
  "dni": "11853182",
  "id_candidatura": "3730.3746.3746.8616",
  "id_umv": 1844,
  "imagenes": [
   "3730.3746.3746.8616"
  ],
  "nombre": "JORA, \u201cGRINGA\u201d MARIA DEL CARMEN",
  "nro_orden": 1,
  "orden_absoluto": [
   15,
   32,
   74,
   2,
   1
  ],
  "secundarios": [

  ],
  "sexo": "F",
  "suplentes": [
   "BAIZ, HUGO EUSEBIO"
  ]
 },
 {
  "asistida": "Fermosele SERGIO RUB\u00c9N",
  "cargo_ejecutivo": false,
  "clase": "Candidato",
  "cod_alianza": "3730",
  "cod_categoria": "DIP",
  "cod_lista": "3730.3746.3746",
  "cod_partido": "3730.3746",
  "codigo": "3730.3746.3746.8650",
  "dni": "12958516",
  "id_candidatura": "3730.3746.3746.8650",
  "id_umv": 1082,
  "imagenes": [
   "3730.3746.3746.8650",
   "default_mujer"
  ],
  "nombre": "FERMOSELLE, SERGIO RUBEN",
  "nro_orden": 1,
  "orden_absoluto": [
   15,
   32,
   74,
   3,
   1
  ],
  "secundarios": [
   "SARACHO, MARIA CRISTINA"
  ],
  "sexo": "M",
  "suplentes": [
   "BAIZ, DIEGO EMANUEL",
   "ORTIZ, MARIA DEL ROSARIO"
  ]
 },
 {
  "asistida": "AGUILERA ALEJANDRO RANIERO",
  "cargo_ejecutivo": true,
  "clase": "Candidato",
  "cod_alianza": "3730",
  "cod_categoria": "INT",
  "cod_lista": "3730.3746.3746",
  "cod_partido": "3730.3746",
  "codigo": "3730.3746.3746.8699",
  "dni": "23959902",
  "id_candidatura": "3730.3746.3746.8699",
  "id_umv": 1401,
  "imagenes": [
   "3730.3746.3746.8699"
  ],
  "nombre": "AGUILERA, ALEJANDRO RANIERO",
  "nro_orden": 1,
  "orden_absoluto": [
   15,
   32,
   74,
   4,
   1
  ],
  "secundarios": [

  ],
  "sexo": "M",
  "suplentes": [

  ]
 },
 {
  "asistida": "VALLEJO MARTORELL RAMIRO",
  "cargo_ejecutivo": false,
  "clase": "Candidato",
  "cod_alianza": "3730",
  "cod_categoria": "CNJ",
  "cod_lista": "3730.446.446",
  "cod_partido": "3730.446",
  "codigo": "3730.446.446.10880",
  "dni": "36803722",
  "id_candidatura": "3730.446.446.10880",
  "id_umv": 330,
  "imagenes": [
   "3730.446.446.10880",
   "default_mujer",
   "default",
   "default_mujer",
   "default",
   "default_mujer",
   "default",
   "default_mujer",
   "default"
  ],
  "nombre": "VALLEJO MARTORELL, RAMIRO",
  "nro_orden": 1,
  "orden_absoluto": [
   15,
   64,
   76,
   5,
   1
  ],
  "secundarios": [
   "UGOLINI, ANA ROSA",
   "SERAPIO, GUSTAVO ERNESTO",
   "LAMBERTI, MARIA SOL",
   "CALIARI, PIERO NICOLAS",
   "DIAZ, MARISEL BEATRIZ",
   "LOPEZ SOTO, FRANCISCO GUMERSINDO",
   "RUIZ DE LOS LLANOS, ALICIA LUCIA",
   "AGUILERA MARTINEZ, AGUSTIN"
  ],
  "sexo": "M",
  "suplentes": [
   "MENDOZA, OLGA NIVEA",
   "VALLEJO, FEDERICO GUILLERMO",
   "VALLEJO MARTORELL, CAMILA",
   "GIMENEZ ZAMORA, MAURICIO MARTIN",
   "CALIARI, AGUSTINA"
  ]
 },
 {
  "asistida": "MART\u00cdNEZ JUAN JES\u00daS",
  "cargo_ejecutivo": false,
  "clase": "Candidato",
  "cod_alianza": "3730",
  "cod_categoria": "CNJ",
  "cod_lista": "3730.5.5",
  "cod_partido": "3730.5",
  "codigo": "3730.5.5.11726",
  "dni": "35935426",
  "id_candidatura": "3730.5.5.11726",
  "id_umv": 349,
  "imagenes": [
   "3730.5.5.11726",
   "default_mujer",
   "default",
   "default_mujer",
   "default",
   "default_mujer",
   "default",
   "default_mujer",
   "default"
  ],
  "nombre": "MARTINEZ, JUAN JESUS",
  "nro_orden": 1,
  "orden_absoluto": [
   15,
   76,
   25,
   5,
   1
  ],
  "secundarios": [
   "BAIZ, DEBORA ALEJANDRA",
   "FERNANDEZ, ABEL LADISLAO",
   "VILTE, MARIA BELEN",
   "JORA SAURAT, AYRTON GIULIANO",
   "VEGA, CRISTINA DEL CARMEN",
   "RENFIGE, ANIBAL ANTONIO",
   "MARTINEZ, ANA NOEMI",
   "CORDOVA, CARLOS ROBERTO"
  ],
  "sexo": "M",
  "suplentes": [
   "ORTIZ, MARIA DEL LUJAN",
   "LOPEZ, RAUL EULOGIO",
   "KRYLOV, EUGENIA"
  ]
 },
 {
  "asistida": "Sabadini MAURO DIEGO",
  "cargo_ejecutivo": true,
  "clase": "Candidato",
  "cod_alianza": "3731",
  "cod_categoria": "GOB",
  "cod_lista": "3731.3743.3743",
  "cod_partido": "3731.3743",
  "codigo": "3731.3743.3743.7941",
  "dni": "23362242",
  "id_candidatura": "3731.3743.3743.7941",
  "id_umv": 1205,
  "imagenes": [
   "3731.3743.3743.7941",
   "default_mujer"
  ],
  "nombre": "SABBADINI, MAURO DIEGO",
  "nro_orden": 1,
  "orden_absoluto": [
   10,
   22,
   68,
   1,
   1
  ],
  "secundarios": [
   "LOAYZA PACHECO, JIMENA LUCIA"
  ],
  "sexo": "M",
  "suplentes": [

  ]
 },
 {
  "asistida": "FARFAN NOEM\u00cd DE LOS ANGELES",
  "cargo_ejecutivo": false,
  "clase": "Candidato",
  "cod_alianza": "3731",
  "cod_categoria": "SEN",
  "cod_lista": "3731.3743.3743",
  "cod_partido": "3731.3743",
  "codigo": "3731.3743.3743.7943",
  "dni": "13988995",
  "id_candidatura": "3731.3743.3743.7943",
  "id_umv": 1853,
  "imagenes": [
   "3731.3743.3743.7943"
  ],
  "nombre": "FARFAN, NOEMI DE LOS ANGELES",
  "nro_orden": 1,
  "orden_absoluto": [
   10,
   22,
   68,
   2,
   1
  ],
  "secundarios": [

  ],
  "sexo": "F",
  "suplentes": [
   "BURGOS CASTRO, MARIA INES"
  ]
 },
 {
  "asistida": "CRUZ MARTA JOSEFINA",
  "cargo_ejecutivo": false,
  "clase": "Candidato",
  "cod_alianza": "3731",
  "cod_categoria": "DIP",
  "cod_lista": "3731.3743.3743",
  "cod_partido": "3731.3743",
  "codigo": "3731.3743.3743.7969",
  "dni": "16664939",
  "id_candidatura": "3731.3743.3743.7969",
  "id_umv": 1095,
  "imagenes": [
   "3731.3743.3743.7969",
   "default"
  ],
  "nombre": "CRUZ, MARTHA JOSEFINA",
  "nro_orden": 1,
  "orden_absoluto": [
   10,
   22,
   68,
   3,
   1
  ],
  "secundarios": [
   "LAMAS, IVAN OMAR"
  ],
  "sexo": "F",
  "suplentes": [
   "DOMINGUEZ, JESICA MARIANELA",
   "LOPEZ, ALDO RAMIRO"
  ]
 },
 {
  "asistida": "ROMANO NILDA LAURA DEL VALLE",
  "cargo_ejecutivo": true,
  "clase": "Candidato",
  "cod_alianza": "3731",
  "cod_categoria": "INT",
  "cod_lista": "3731.3743.3743",
  "cod_partido": "3731.3743",
  "codigo": "3731.3743.3743.8008",
  "dni": "23679434",
  "id_candidatura": "3731.3743.3743.8008",
  "id_umv": 1434,
  "imagenes": [
   "3731.3743.3743.8008"
  ],
  "nombre": "ROMANO, NILDA LAURA DEL VALLE",
  "nro_orden": 1,
  "orden_absoluto": [
   10,
   22,
   68,
   4,
   1
  ],
  "secundarios": [

  ],
  "sexo": "F",
  "suplentes": [

  ]
 },
 {
  "asistida": "SAJAMA GUSTAVO MATIAS",
  "cargo_ejecutivo": false,
  "clase": "Candidato",
  "cod_alianza": "3731",
  "cod_categoria": "CNJ",
  "cod_lista": "3731.3743.3743",
  "cod_partido": "3731.3743",
  "codigo": "3731.3743.3743.8225",
  "dni": "26897486",
  "id_candidatura": "3731.3743.3743.8225",
  "id_umv": 369,
  "imagenes": [
   "3731.3743.3743.8225",
   "default_mujer",
   "default",
   "default_mujer",
   "default",
   "default_mujer",
   "default",
   "default_mujer",
   "default"
  ],
  "nombre": "SAJAMA, GUSTAVO MATIAS",
  "nro_orden": 1,
  "orden_absoluto": [
   10,
   22,
   68,
   5,
   1
  ],
  "secundarios": [
   "VALDIVIEZO CRUZ, MIRTA DEL VALLE",
   "CEBALLOS, MARCELO ALEJANDRO",
   "CORBALAN, ELENA DE LA CRUZ",
   "DIB ASHUR, HABIB JALIL",
   "PEREZ MARTIN, ALEJANDRA ROMINA",
   "CESPEDES, MAXIMILIANO",
   "REINOSO, SANDRA MARCELA",
   "DOMINGUEZ, GREGORIO NELSON"
  ],
  "sexo": "M",
  "suplentes": [
   "ZULETA, ISIS IVON",
   "DOMINGUEZ, NELSON JULIO CESAR",
   "GUANCA, ELINA ELISABETH",
   "FLORES, JUAN GUILLERMO",
   "HUANUCO, MIRTA ROMINA",
   "PASTRANA, CRISTIAN JAVIER"
  ]
 },
 {
  "asistida": "DEL PLA CLAUDIO ARIEL",
  "cargo_ejecutivo": true,
  "clase": "Candidato",
  "cod_alianza": "3732",
  "cod_categoria": "GOB",
  "cod_lista": "3732.3740.3740",
  "cod_partido": "3732.3740",
  "codigo": "3732.3740.3740.6916",
  "dni": "13943671",
  "id_candidatura": "3732.3740.3740.6916",
  "id_umv": 1206,
  "imagenes": [
   "3732.3740.3740.6916",
   "default_mujer"
  ],
  "nombre": "DEL PLA, CLAUDIO ARIEL",
  "nro_orden": 1,
  "orden_absoluto": [
   7,
   18,
   73,
   1,
   1
  ],
  "secundarios": [
   "HIDALGO, LORENA VANESA"
  ],
  "sexo": "M",
  "suplentes": [

  ]
 },
 {
  "asistida": "B\u00daRGOS GISEL ANAH\u00cd",
  "cargo_ejecutivo": false,
  "clase": "Candidato",
  "cod_alianza": "3733",
  "cod_categoria": "CNJ",
  "cod_lista": "3733.10.10",
  "cod_partido": "3733.10",
  "codigo": "3733.10.10.149",
  "dni": "36791706",
  "id_candidatura": "3733.10.10.149",
  "id_umv": 399,
  "imagenes": [
   "3733.10.10.149",
   "default",
   "default_mujer",
   "default",
   "default_mujer",
   "default",
   "default_mujer",
   "default",
   "default_mujer"
  ],
  "nombre": "BURGOS, GISEL",
  "nro_orden": 1,
  "orden_absoluto": [
   11,
   51,
   4,
   5,
   1
  ],
  "secundarios": [
   "NU\u00d1EZ, WALTER EDUARDO",
   "CHAUQUI, LORENA ALEJANDRA",
   "MENDOZA, JORGE RAUL",
   "LIENDRO, CINTIA VANESA",
   "CRUZ, GERMAN RODRIGO",
   "GARCIA CHAUQUE, PATRICIA SOLEDAD",
   "RAMIREZ, LEONARDO GABRIEL",
   "CHOCOBAR, MARIA ELENA"
  ],
  "sexo": "F",
  "suplentes": [
   "SEGUNDO, ROMUALDO",
   "PALAVECINO, NORMA GRACIELA",
   "MARTINEZ, NELSON JAVIER",
   "SORIA, ROMINA ANTONIA GISELLA",
   "PONSE, NESTOR ALBERTO",
   "LOPEZ, FERNANDA RAQUEL",
   "APARICIO, ALVARO NICOLAS"
  ]
 },
 {
  "asistida": "CORONEL HUGO FABI\u00c1N",
  "cargo_ejecutivo": false,
  "clase": "Candidato",
  "cod_alianza": "3733",
  "cod_categoria": "CNJ",
  "cod_lista": "3733.1861.1861",
  "cod_partido": "3733.1861",
  "codigo": "3733.1861.1861.1467",
  "dni": "25673889",
  "id_candidatura": "3733.1861.1861.1467",
  "id_umv": 420,
  "imagenes": [
   "3733.1861.1861.1467",
   "default_mujer",
   "default",
   "default_mujer",
   "default",
   "default_mujer",
   "default",
   "default_mujer",
   "default"
  ],
  "nombre": "CORONEL, HUGO \u201cMECHA\u201d",
  "nro_orden": 1,
  "orden_absoluto": [
   11,
   55,
   13,
   5,
   1
  ],
  "secundarios": [
   "FERRARI AGUILAR, MARIA CECILIA",
   "PONZETTI, FERNANDO IVAN",
   "CRUZ, DEBORA ANABELA",
   "RIOS, GERMAN ROMAN",
   "SILVA, CARLA SOLEDAD",
   "MAMANI, ALVARO ALEXIS",
   "GUAYMAS, CELESTE XIMENA",
   "FERRIL, ROBERTO GUSTAVO"
  ],
  "sexo": "M",
  "suplentes": [
   "VAZQUEZ, LUZ MARINA DEL VALLE",
   "ASTUN, LUIS ALFREDO",
   "FRANCO, MARIA CECILIA",
   "GUAYMAS, HUMBERTO RAMON",
   "NU\u00d1EZ, MARIA GUADALUPE"
  ]
 },
 {
  "asistida": "CORIM\u00c1YO MAR\u00cdA CELESTE",
  "cargo_ejecutivo": false,
  "clase": "Candidato",
  "cod_alianza": "3733",
  "cod_categoria": "CNJ",
  "cod_lista": "3733.1862.1862",
  "cod_partido": "3733.1862",
  "codigo": "3733.1862.1862.1842",
  "dni": "31062817",
  "id_candidatura": "3733.1862.1862.1842",
  "id_umv": 448,
  "imagenes": [
   "3733.1862.1862.1842",
   "default",
   "default_mujer",
   "default",
   "default_mujer",
   "default",
   "default_mujer",
   "default",
   "default_mujer"
  ],
  "nombre": "CORIMAYO, CELESTE \u201cCELE\u201d",
  "nro_orden": 1,
  "orden_absoluto": [
   11,
   63,
   14,
   5,
   1
  ],
  "secundarios": [
   "PALOMINO ROMANO, ALEJANDRO",
   "CHAUQUE, SANDRA ISABEL",
   "ALVAREZ, MARCOS BENJAMIN",
   "TITO, ROMINA BELEN",
   "SALAMANCA, ROBERTO CARLOS",
   "FRANCO, ELBA DEL MILAGRO",
   "GUERRA, RODRIGO ESTEBAN",
   "GERON, MARIANA ELENA"
  ],
  "sexo": "F",
  "suplentes": [
   "TORRES, FACUNDO ESTEBAN",
   "LIENDRO, VERONICA MILAGRO",
   "CANGIASO, GIANFRANCO",
   "BURGOS, VALERIA DE LOS ANGELES",
   "BORDON, JESUS JOEL OSVALDO",
   "POLANCO, NEREA AGUSTINA",
   "SALVA, CARLOS FEDERICO",
   "FRANCO, ANASOL",
   "MEDINA, FRANCO EZEQUIEL"
  ]
 },
 {
  "asistida": "\u00c1BALOS M\u00c1RIO RAUL",
  "cargo_ejecutivo": false,
  "clase": "Candidato",
  "cod_alianza": "3733",
  "cod_categoria": "CNJ",
  "cod_lista": "3733.1869.1869",
  "cod_partido": "3733.1869",
  "codigo": "3733.1869.1869.2282",
  "dni": "16350709",
  "id_candidatura": "3733.1869.1869.2282",
  "id_umv": 479,
  "imagenes": [
   "3733.1869.1869.2282",
   "default_mujer",
   "default",
   "default_mujer",
   "default",
   "default_mujer",
   "default",
   "default_mujer",
   "default"
  ],
  "nombre": "ABALOS, MARIO",
  "nro_orden": 1,
  "orden_absoluto": [
   11,
   67,
   15,
   5,
   1
  ],
  "secundarios": [
   "ZERPA, ELBA MARIA",
   "PERELLO THOMAS, JORGE EZEQUIEL",
   "FERREIRA, DAIANA YAMILA",
   "VILCA, LEONEL MAXIMILIANO",
   "RIOS, ANGELA DANIELA",
   "ESCALANTE, JOSE ALEJANDRO",
   "DIAZ, MICAELA FABIOLA",
   "JURADO, MATIAS JESUS"
  ],
  "sexo": "M",
  "suplentes": [
   "MORALES, MARIA MAGDALENA",
   "PASTRANA, LUCAS SAMUEL MATIAS",
   "ABALOS ZERPA, DOLORES CANDELA",
   "JURADO, VICTOR MIGUEL",
   "ABALOS, ANA ISABEL",
   "ACU\u00d1A, PEDRO GUSTAVO",
   "ABALOS ZERPA, CARLA AGOSTINA",
   "JURADO, OSCAR DANIEL",
   "GUANCA, NANCY CELESTE"
  ]
 },
 {
  "asistida": "CAPPAI B\u00c1RBARA CONCEPCI\u00d3N",
  "cargo_ejecutivo": false,
  "clase": "Candidato",
  "cod_alianza": "3733",
  "cod_categoria": "CNJ",
  "cod_lista": "3733.2625.2625",
  "cod_partido": "3733.2625",
  "codigo": "3733.2625.2625.4231",
  "dni": "35482328",
  "id_candidatura": "3733.2625.2625.4231",
  "id_umv": 505,
  "imagenes": [
   "3733.2625.2625.4231",
   "default",
   "default_mujer",
   "default",
   "default_mujer",
   "default",
   "default_mujer",
   "default",
   "default_mujer"
  ],
  "nombre": "CAPPAI, BARBARA \u201cBARBY\u201d",
  "nro_orden": 1,
  "orden_absoluto": [
   11,
   50,
   62,
   5,
   1
  ],
  "secundarios": [
   "GOMEZ, LUIS ENRIQUE",
   "MARTINEZ, ANDREA LORENA",
   "TAPIA, CESAR ISMAEL",
   "AGUIRREZ, ROSA DEL MILAGRO",
   "AVALOS, JUAN PABLO",
   "VERA, DEBORA ELISABETH",
   "DELGADO, JAIME HERNAN",
   "OCAMPO, DANIELA DEL MILAGRO"
  ],
  "sexo": "F",
  "suplentes": [
   "FLORES, ARIEL GASTON",
   "CASTILLO, DAIANA NOELIA",
   "CASTILLO, RODRIGO AGUSTIN",
   "COLQUE, LUCIANA MABEL",
   "MARTINEZ LOPEZ, PABLO NICOLAS",
   "VALENZUELA, FERNANDA PAOLA"
  ]
 },
 {
  "asistida": "TORRES PEDRO REN\u00c9",
  "cargo_ejecutivo": false,
  "clase": "Candidato",
  "cod_alianza": "3733",
  "cod_categoria": "CNJ",
  "cod_lista": "3733.2627.2627",
  "cod_partido": "3733.2627",
  "codigo": "3733.2627.2627.4695",
  "dni": "25375901",
  "id_candidatura": "3733.2627.2627.4695",
  "id_umv": 522,
  "imagenes": [
   "3733.2627.2627.4695",
   "default_mujer",
   "default",
   "default_mujer",
   "default",
   "default_mujer",
   "default",
   "default_mujer",
   "default"
  ],
  "nombre": "TORRES, PEDRO",
  "nro_orden": 1,
  "orden_absoluto": [
   11,
   72,
   20,
   5,
   1
  ],
  "secundarios": [
   "CORREA, MARIEL ELECTA DEL VALLE",
   "DIAZ, WALTER GUSTAVO",
   "CHOQUE, CARINA FERNANDA",
   "SEGURA, ROQUE DAVID",
   "SUBELZA, ALEJANDRA",
   "GUERRA, ALEJANDRO SEBASTIAN",
   "APARICIO, SONIA",
   "GUERRA, LUCAS GABRIEL"
  ],
  "sexo": "M",
  "suplentes": [
   "SUBELZA, BELEN DIONISIA",
   "CALVO, DOMINGO RENEE",
   "CIARES, ANDREA AZUCENA",
   "TORRES, PEDRO RENEE",
   "MARA\u00d1ON, ELBA FILPO"
  ]
 },
 {
  "asistida": "CARMEN NILDA MAGDALENA",
  "cargo_ejecutivo": false,
  "clase": "Candidato",
  "cod_alianza": "3733",
  "cod_categoria": "CNJ",
  "cod_lista": "3733.3716.3716",
  "cod_partido": "3733.3716",
  "codigo": "3733.3716.3716.6307",
  "dni": "30636769",
  "id_candidatura": "3733.3716.3716.6307",
  "id_umv": 542,
  "imagenes": [
   "3733.3716.3716.6307",
   "default",
   "default_mujer",
   "default",
   "default_mujer",
   "default",
   "default_mujer",
   "default",
   "default_mujer"
  ],
  "nombre": "CARMEN, NILDA",
  "nro_orden": 1,
  "orden_absoluto": [
   11,
   31,
   35,
   5,
   1
  ],
  "secundarios": [
   "ZARATE, ELIO OSCAR",
   "TAKAS, CARINA ROMINA",
   "GIMENEZ, EMILIO IGNACIO",
   "MAITA, VANESA DEL VALLE",
   "GOMEZ PAZ, ROBERTO NAHUEL",
   "BUSTAMANTE, NATALIA CARINA",
   "CARPANCHAY, ANTONIO RAMIRO",
   "SILVA, CLAUDIA ESTER"
  ],
  "sexo": "F",
  "suplentes": [
   "CARMEN, OSCAR BENITO",
   "GIMENEZ, IVONE VERONICA",
   "JURADO, DIEGO ABEL",
   "SILVA, ERICA VANESA",
   "GARECA, SANTOS FERMIN"
  ]
 },
 {
  "asistida": "CARO D\u00c1VALOS GONZALO",
  "cargo_ejecutivo": false,
  "clase": "Candidato",
  "cod_alianza": "3733",
  "cod_categoria": "SEN",
  "cod_lista": "3733.3744.3744",
  "cod_partido": "3733.3744",
  "codigo": "3733.3744.3744.8369",
  "dni": "29737303",
  "id_candidatura": "3733.3744.3744.8369",
  "id_umv": 1864,
  "imagenes": [
   "3733.3744.3744.8369"
  ],
  "nombre": "CARO DAVALOS, GONZALO",
  "nro_orden": 1,
  "orden_absoluto": [
   11,
   24,
   71,
   2,
   1
  ],
  "secundarios": [

  ],
  "sexo": "M",
  "suplentes": [
   "IUNNISSI, MIGUEL SEVERINO"
  ]
 },
 {
  "asistida": "ALBEZA LUIS FERNANDO",
  "cargo_ejecutivo": false,
  "clase": "Candidato",
  "cod_alianza": "3733",
  "cod_categoria": "DIP",
  "cod_lista": "3733.3744.3744",
  "cod_partido": "3733.3744",
  "codigo": "3733.3744.3744.8385",
  "dni": "30759564",
  "id_candidatura": "3733.3744.3744.8385",
  "id_umv": 1116,
  "imagenes": [
   "3733.3744.3744.8385",
   "default_mujer"
  ],
  "nombre": "ALBEZA, LUIS FERNANDO",
  "nro_orden": 1,
  "orden_absoluto": [
   11,
   24,
   71,
   3,
   1
  ],
  "secundarios": [
   "RAMIREZ, MARIA GABRIELA"
  ],
  "sexo": "M",
  "suplentes": [
   "CALVO VALERO, CARLOS ANDRES",
   "TRONCOZO, NELLY MABEL"
  ]
 },
 {
  "asistida": "BORELLI ENRIQUE FLAVIO",
  "cargo_ejecutivo": true,
  "clase": "Candidato",
  "cod_alianza": "3733",
  "cod_categoria": "INT",
  "cod_lista": "3733.3744.3744",
  "cod_partido": "3733.3744",
  "codigo": "3733.3744.3744.8422",
  "dni": "29114725",
  "id_candidatura": "3733.3744.3744.8422",
  "id_umv": 1499,
  "imagenes": [
   "3733.3744.3744.8422"
  ],
  "nombre": "BORELLI, ENRIQUE FLAVIO",
  "nro_orden": 1,
  "orden_absoluto": [
   11,
   24,
   71,
   4,
   1
  ],
  "secundarios": [

  ],
  "sexo": "M",
  "suplentes": [

  ]
 },
 {
  "asistida": "ALBEZA DANIEL DARIO",
  "cargo_ejecutivo": false,
  "clase": "Candidato",
  "cod_alianza": "3733",
  "cod_categoria": "CNJ",
  "cod_lista": "3733.38.38",
  "cod_partido": "3733.38",
  "codigo": "3733.38.38.9849",
  "dni": "32775359",
  "id_candidatura": "3733.38.38.9849",
  "id_umv": 564,
  "imagenes": [
   "3733.38.38.9849",
   "default_mujer",
   "default",
   "default_mujer",
   "default",
   "default_mujer",
   "default",
   "default_mujer",
   "default"
  ],
  "nombre": "ALBEZA, DARIO \u201cMEMBRILLO\u201d",
  "nro_orden": 1,
  "orden_absoluto": [
   11,
   65,
   5,
   5,
   1
  ],
  "secundarios": [
   "ESCALANTE, SILVIA ESTER MARINA",
   "FLORES, JORGE CARMELO",
   "FLORES, CARINA VALERIA",
   "TESEYRA, MARCOS GABRIEL",
   "LOBO, MERCEDES BEATRIZ",
   "AVILA, ANDRES MAURICIO",
   "SOSA, SILVINA ROXANA",
   "ROJAS, MARCELO EDUARDO"
  ],
  "sexo": "M",
  "suplentes": [
   "AVILA, FERNANDA DEL VALLE",
   "ROJAS, ESTEBAN ALBERTO",
   "MONTERO, ELSA ANGELICA",
   "ROJAS, ESTEBAN ARIEL",
   "ROJAS, CARINA ALEJANDRA",
   "ROJAS, MAURICIO ALEJANDRO",
   "GUTIERREZ, JULIA ISABEL",
   "ALBEZA, CRISTIAN ROBERTO",
   "AVILA, SHIARA"
  ]
 },
 {
  "asistida": "Ruberto SAENZ GUSTAVO ADOLFO",
  "cargo_ejecutivo": true,
  "clase": "Candidato",
  "cod_alianza": "3734",
  "cod_categoria": "GOB",
  "cod_lista": "3734.3737.3737",
  "cod_partido": "3734.3737",
  "codigo": "3734.3737.3737.6358",
  "dni": "20609646",
  "id_candidatura": "3734.3737.3737.6358",
  "id_umv": 1207,
  "imagenes": [
   "3734.3737.3737.6358",
   "default"
  ],
  "nombre": "SAENZ, GUSTAVO",
  "nro_orden": 1,
  "orden_absoluto": [
   1,
   5,
   69,
   1,
   1
  ],
  "secundarios": [
   "MAROCCO, ANTONIO \u201cGRINGO\u201d"
  ],
  "sexo": "M",
  "suplentes": [

  ]
 },
 {
  "asistida": "TORRES N\u00c9LIDA EL\u00cdZABET",
  "cargo_ejecutivo": false,
  "clase": "Candidato",
  "cod_alianza": "3735",
  "cod_categoria": "CNJ",
  "cod_lista": "3735.15.15",
  "cod_partido": "3735.15",
  "codigo": "3735.15.15.1019",
  "dni": "26701184",
  "id_candidatura": "3735.15.15.1019",
  "id_umv": 579,
  "imagenes": [
   "3735.15.15.1019",
   "default",
   "default_mujer",
   "default",
   "default_mujer",
   "default",
   "default_mujer",
   "default",
   "default_mujer"
  ],
  "nombre": "TORRES, \u201cNELLY\u201d",
  "nro_orden": 1,
  "orden_absoluto": [
   12,
   59,
   1,
   5,
   1
  ],
  "secundarios": [
   "LAMAS, MARIO JESUS",
   "LOPEZ, ANDREA VIVIANA",
   "BUSTAMANTE, LUIS EDUARDO",
   "CABA CEDILLO, ANABEL CELESTE",
   "MAMANI, RICARDO FABIAN",
   "TOLABA, GABRIELA MICAELA",
   "FLORES, ROBERTO CAYETANO",
   "BORJA, LIDIA DEL CARMEN"
  ],
  "sexo": "F",
  "suplentes": [
   "PASTRANA, SERGIO OSVALDO",
   "GONZALEZ, MARIA SOLEDAD",
   "VELIZ, FERNANDO FABIAN",
   "FLORES, LUISA MARIANA",
   "MEDINA, SERGIO DANIEL CAYETANO",
   "SULCA, MARIA BENJAMINA",
   "PEREYRA, BRIAN RAFAEL",
   "CRUZ, NATALIA DEL VALLE"
  ]
 },
 {
  "asistida": "VILCH\u00cd MIGUEL ANGEL",
  "cargo_ejecutivo": false,
  "clase": "Candidato",
  "cod_alianza": "3735",
  "cod_categoria": "CNJ",
  "cod_lista": "3735.1873.1873",
  "cod_partido": "3735.1873",
  "codigo": "3735.1873.1873.2808",
  "dni": "23542232",
  "id_candidatura": "3735.1873.1873.2808",
  "id_umv": 622,
  "imagenes": [
   "3735.1873.1873.2808",
   "default_mujer",
   "default",
   "default_mujer",
   "default",
   "default_mujer",
   "default",
   "default_mujer",
   "default"
  ],
  "nombre": "VILCHI, MIGUEL ANGEL",
  "nro_orden": 1,
  "orden_absoluto": [
   12,
   56,
   80,
   5,
   1
  ],
  "secundarios": [
   "VERCELLINO, MARIA EUGENIA",
   "COLQUE, VICTOR DANIEL",
   "BITANCOR, ALEJANDRA YANINA",
   "VAZQUEZ, JORGE DAVID",
   "ROLDAN, JESICA VALERIA",
   "PEREYRA, UBALDO RUBEN",
   "GUTIERREZ, MARIA DE LOS ANGELES",
   "SOLDEVILA, MIGUEL ALBERTO"
  ],
  "sexo": "M",
  "suplentes": [
   "CRUZ, GIMENA DE LOS ANGELES",
   "MURUAGA, JAVIER ALEJANDRO",
   "BERRUEZO VILCHI, ELIANA BEATRIZ",
   "JAIME, FACUNDO NICOLAS",
   "TARITOLAY, CINTIA BELEN",
   "SALVA, DIEGO ARMANDO",
   "CUELLO, NOEMI DEL VALLE",
   "BERRUEZO, GUILLERMO EDUARDO"
  ]
 },
 {
  "asistida": "B\u00daRGOS FERNANDO ARIEL",
  "cargo_ejecutivo": false,
  "clase": "Candidato",
  "cod_alianza": "3735",
  "cod_categoria": "CNJ",
  "cod_lista": "3735.208.208",
  "cod_partido": "3735.208",
  "codigo": "3735.208.208.3209",
  "dni": "22554748",
  "id_candidatura": "3735.208.208.3209",
  "id_umv": 654,
  "imagenes": [
   "3735.208.208.3209",
   "default_mujer",
   "default",
   "default_mujer",
   "default",
   "default_mujer",
   "default",
   "default_mujer",
   "default"
  ],
  "nombre": "BURGOS, FERNANDO ARIEL",
  "nro_orden": 1,
  "orden_absoluto": [
   12,
   41,
   7,
   5,
   1
  ],
  "secundarios": [
   "CLIMENT, NAIRA FERNANDA",
   "FERRUFINO, CRISTIAN DANIEL",
   "FERNANDEZ, GABRIELA DEL VALLE",
   "AVILES, DIEGO EDUARDO",
   "PALAVECINO, SOFIA MACARENA",
   "TEJERINA, CARLOS ALBERTO",
   "CULICUY, MIRIAN SOLEDAD",
   "CRUZ, DANIEL GUSTAVO"
  ],
  "sexo": "M",
  "suplentes": [
   "VALENZUELA, MARIA DE LOS ANGELES",
   "PEDRAZA, ELIO GUSTAVO",
   "CAZALBON, ROSARIO AYELEN",
   "ALCOCER, NORMANDO ISMAEL",
   "VASQUEZ, NOEMI ESTER",
   "BURGOS, DIEGO FERNANDO",
   "GUAIMAS, LORENA NATALIA",
   "BURGOS, GONZALO ARIEL",
   "CHUCHUY, MARIA ROGELIA"
  ]
 },
 {
  "asistida": "Garc\u00eda OMAR ROLANDO",
  "cargo_ejecutivo": false,
  "clase": "Candidato",
  "cod_alianza": "3735",
  "cod_categoria": "CNJ",
  "cod_lista": "3735.32.32",
  "cod_partido": "3735.32",
  "codigo": "3735.32.32.5129",
  "dni": "36448310",
  "id_candidatura": "3735.32.32.5129",
  "id_umv": 689,
  "imagenes": [
   "3735.32.32.5129",
   "default_mujer",
   "default",
   "default_mujer",
   "default",
   "default_mujer",
   "default",
   "default_mujer",
   "default"
  ],
  "nombre": "GARCIA, OMAR \u201cTATI\u201d",
  "nro_orden": 1,
  "orden_absoluto": [
   12,
   46,
   63,
   5,
   1
  ],
  "secundarios": [
   "REYNOSO, NOELIA PAMELA",
   "CHAVES, FORTUNATO GERMAN",
   "GUAYMAS, CELESTE GUADALUPE",
   "ACEVEDO PEREZ, MAXIMILIANO",
   "TAMES, MACARENA ROCIO",
   "CARMEN, DIEGO AUGUSTO",
   "PEREZ, SANDRA LUCRECIA",
   "VALDEZ, LEONEL CRISTIAN NICOLAS"
  ],
  "sexo": "M",
  "suplentes": [
   "CANABIDE, LORENA DE LOS ANGELES",
   "TOLABA, DANIEL RICARDO",
   "SANG\u00dcESO, YANINA NOEMI",
   "ARROYO MORALES, GABRIEL NICOLAS",
   "AGUIRRE, FLORENCIA PAOLA",
   "PLAZA, GASTON IGNACIO",
   "ARMELLA PEREZ, MARISOL TAMARA",
   "IBARRA VALDIVIEZO, MATIAS"
  ]
 },
 {
  "asistida": "GONZA ARIEL ROBERTO",
  "cargo_ejecutivo": false,
  "clase": "Candidato",
  "cod_alianza": "3735",
  "cod_categoria": "CNJ",
  "cod_lista": "3735.3650.3650",
  "cod_partido": "3735.3650",
  "codigo": "3735.3650.3650.5875",
  "dni": "25890092",
  "id_candidatura": "3735.3650.3650.5875",
  "id_umv": 724,
  "imagenes": [
   "3735.3650.3650.5875",
   "default_mujer",
   "default",
   "default_mujer",
   "default",
   "default_mujer",
   "default",
   "default_mujer",
   "default"
  ],
  "nombre": "GONZA, ARIEL \u2019EL PORTE\u00d1O\u2019",
  "nro_orden": 1,
  "orden_absoluto": [
   12,
   66,
   23,
   5,
   1
  ],
  "secundarios": [
   "DIARTE, TERESITA ALEJANDRA",
   "PEREZ, ALEJANDRO ENRIQUE",
   "VILCA JURADO, MARIA TERESA",
   "CRUZ, MARCELO DANIEL",
   "OSCARI, OLGA SOCORRO",
   "IBA\u00d1EZ, DIEGO CARLOS ALBERTO",
   "LEON, CARMEN ROSA",
   "FLORES, HEBER LEANDRO"
  ],
  "sexo": "M",
  "suplentes": [
   "CALA, SILVINA JUDITH",
   "CHAJU, GABRIEL GEREMIAS",
   "VILCA, FERNANDA FABIOLA",
   "SUAREZ, ABEL LEONARDO MATIAS",
   "GOMEZ, ROMINA LEILA",
   "ALFARO, GABRIEL JONATAN",
   "URRUTIA, MIRTA INES",
   "NIEVAS TONDINI, FREDI BENJAMIN"
  ]
 },
 {
  "asistida": "SANZ VEGA CARLOS FERNANDO",
  "cargo_ejecutivo": false,
  "clase": "Candidato",
  "cod_alianza": "3735",
  "cod_categoria": "SEN",
  "cod_lista": "3735.3745.3745",
  "cod_partido": "3735.3745",
  "codigo": "3735.3745.3745.8548",
  "dni": "33753918",
  "id_candidatura": "3735.3745.3745.8548",
  "id_umv": 1873,
  "imagenes": [
   "3735.3745.3745.8548"
  ],
  "nombre": "SANZ, FERNANDO",
  "nro_orden": 1,
  "orden_absoluto": [
   12,
   25,
   70,
   2,
   1
  ],
  "secundarios": [

  ],
  "sexo": "M",
  "suplentes": [
   "SANZ VEGA, DIEGO VALENTIN"
  ]
 },
 {
  "asistida": "JORGE CARLOS IGNACIO",
  "cargo_ejecutivo": false,
  "clase": "Candidato",
  "cod_alianza": "3735",
  "cod_categoria": "DIP",
  "cod_lista": "3735.3745.3745",
  "cod_partido": "3735.3745",
  "codigo": "3735.3745.3745.8560",
  "dni": "35780482",
  "id_candidatura": "3735.3745.3745.8560",
  "id_umv": 1131,
  "imagenes": [
   "3735.3745.3745.8560",
   "default_mujer"
  ],
  "nombre": "JORGE, CARLOS \u201cPUCHITO\u201d",
  "nro_orden": 1,
  "orden_absoluto": [
   12,
   25,
   70,
   3,
   1
  ],
  "secundarios": [
   "IMPERATRICE, FLAVIA CAROLINA"
  ],
  "sexo": "M",
  "suplentes": [
   "MONTA\u00d1EZ, MARCOS MANUEL",
   "DIEZ GOMEZ, ANALIA"
  ]
 },
 {
  "asistida": "VEGA YOLANDA GRACIELA",
  "cargo_ejecutivo": true,
  "clase": "Candidato",
  "cod_alianza": "3735",
  "cod_categoria": "INT",
  "cod_lista": "3735.3745.3745",
  "cod_partido": "3735.3745",
  "codigo": "3735.3745.3745.8593",
  "dni": "18230734",
  "id_candidatura": "3735.3745.3745.8593",
  "id_umv": 1555,
  "imagenes": [
   "3735.3745.3745.8593"
  ],
  "nombre": "VEGA, YOLANDA GRACIELA",
  "nro_orden": 1,
  "orden_absoluto": [
   12,
   25,
   70,
   4,
   1
  ],
  "secundarios": [

  ],
  "sexo": "F",
  "suplentes": [

  ]
 },
 {
  "asistida": "KAIR\u00daZ JAVIER",
  "cargo_ejecutivo": false,
  "clase": "Candidato",
  "cod_alianza": "3735",
  "cod_categoria": "CNJ",
  "cod_lista": "3735.4.4",
  "cod_partido": "3735.4",
  "codigo": "3735.4.4.10357",
  "dni": "17893230",
  "id_candidatura": "3735.4.4.10357",
  "id_umv": 773,
  "imagenes": [
   "3735.4.4.10357",
   "default_mujer",
   "default",
   "default_mujer",
   "default",
   "default_mujer",
   "default",
   "default_mujer",
   "default"
  ],
  "nombre": "KAIRUZ, JAVIER",
  "nro_orden": 1,
  "orden_absoluto": [
   12,
   58,
   6,
   5,
   1
  ],
  "secundarios": [
   "HOYOS MARTINEZ, VIVIANA LORENA",
   "VILLEGAS, MARCELO LEANDRO",
   "MAMANI, NORA SUSANA DEL VALLE",
   "MARRUPE, GUSTAVO ADOLFO",
   "VERA, MARIA ELENA",
   "LOPEZ, FABIAN FACUNDO",
   "ARAIS PERALTA, MARIA GUADALUPE",
   "ESTRADA, FACUNDO MARCELO"
  ],
  "sexo": "M",
  "suplentes": [
   "MAMANI, ARMINDA YANINA",
   "LEIVA, DIEGO VALENTIN",
   "RODRIGUEZ, DEBORA ANALIA",
   "JAIME, JOEL SAMUEL",
   "LOPEZ, YANET DAIANA",
   "GONZALES, LEONEL ARIEL",
   "SANTOS, ROCIO MICAELA",
   "MAMANI, DIEGO SEBASTIAN",
   "KAIRUZ MARRUPE, ANA GABRIELA"
  ]
 },
 {
  "asistida": "Landriel ADRIAN MARCELO",
  "cargo_ejecutivo": false,
  "clase": "Candidato",
  "cod_alianza": "3735",
  "cod_categoria": "CNJ",
  "cod_lista": "3735.460.460",
  "cod_partido": "3735.460",
  "codigo": "3735.460.460.11327",
  "dni": "31639286",
  "id_candidatura": "3735.460.460.11327",
  "id_umv": 821,
  "imagenes": [
   "3735.460.460.11327",
   "default_mujer",
   "default",
   "default_mujer",
   "default",
   "default_mujer",
   "default",
   "default_mujer",
   "default"
  ],
  "nombre": "LANDRIEL, ADRIAN MARCELO",
  "nro_orden": 1,
  "orden_absoluto": [
   12,
   23,
   10,
   5,
   1
  ],
  "secundarios": [
   "CHAUQUI, NATALIA SILVANA",
   "BARRIENTOS, HECTOR SEBASTIAN",
   "CAYOLA ESPINOZA, SANDRA ROMINA",
   "QUIROGA, EZEQUIEL ANTONIO",
   "FERNANDEZ, EVANGELINA DEL VALLE",
   "LOZANO, ELIO DAVID",
   "MAMANI, MARIA ROSA",
   "CASTILLO, RUBEN ALBERTO"
  ],
  "sexo": "M",
  "suplentes": [
   "TORRES GUTIERREZ, CAMILA BELEN",
   "AVALOS, JAVIER OSCAR",
   "MARTINEZ, NORA RAQUEL",
   "ORTIZ, LUIS ARIEL",
   "COLQUE, MAIRA ELIZABETH",
   "PICCO, MARIO ISMAEL",
   "SOLALIGUE, SOFIA CONSTANZA",
   "VILLANUEVA TILCA, FAVIO SILVIO",
   "LOPEZ, SONIA ELIZABET"
  ]
 },
 {
  "asistida": "Escotor\u00edn RAMIRO DANIEL",
  "cargo_ejecutivo": true,
  "clase": "Candidato",
  "cod_alianza": "685",
  "cod_categoria": "GOB",
  "cod_lista": "685.685.685",
  "cod_partido": "685.685",
  "codigo": "685.685.685.12004",
  "dni": "17581303",
  "id_candidatura": "685.685.685.12004",
  "id_umv": 1208,
  "imagenes": [
   "685.685.685.12004",
   "default_mujer"
  ],
  "nombre": "ESCOTORIN, RAMIRO DANIEL",
  "nro_orden": 1,
  "orden_absoluto": [
   14,
   30,
   78,
   1,
   1
  ],
  "secundarios": [
   "CALIVA, PATRICIA DEL VALLE"
  ],
  "sexo": "M",
  "suplentes": [

  ]
 },
 {
  "asistida": "Voto en BLANCO",
  "cargo_ejecutivo": false,
  "clase": "Blanco",
  "cod_categoria": "CNJ",
  "cod_lista": "",
  "codigo": "BLC",
  "id_candidatura": "BLC",
  "id_umv": 855,
  "imagenes": [
   "BLC"
  ],
  "nombre": "Voto en BLANCO",
  "nro_orden": 5,
  "orden_absoluto": [
   994,
   5
  ],
  "secundarios": [

  ],
  "sexo": null,
  "suplentes": [

  ]
 },
 {
  "asistida": "Voto en BLANCO",
  "cargo_ejecutivo": false,
  "clase": "Blanco",
  "cod_categoria": "DIP",
  "cod_lista": "",
  "codigo": "BLC",
  "id_candidatura": "BLC",
  "id_umv": 1154,
  "imagenes": [
   "BLC"
  ],
  "nombre": "Voto en BLANCO",
  "nro_orden": 3,
  "orden_absoluto": [
   994,
   3
  ],
  "secundarios": [

  ],
  "sexo": null,
  "suplentes": [

  ]
 },
 {
  "asistida": "Voto en BLANCO",
  "cargo_ejecutivo": true,
  "clase": "Blanco",
  "cod_categoria": "GOB",
  "cod_lista": "",
  "codigo": "BLC",
  "id_candidatura": "BLC",
  "id_umv": 1209,
  "imagenes": [
   "BLC"
  ],
  "nombre": "Voto en BLANCO",
  "nro_orden": 1,
  "orden_absoluto": [
   994,
   1
  ],
  "secundarios": [

  ],
  "sexo": null,
  "suplentes": [

  ]
 },
 {
  "asistida": "Voto en BLANCO",
  "cargo_ejecutivo": true,
  "clase": "Blanco",
  "cod_categoria": "INT",
  "cod_lista": "",
  "codigo": "BLC",
  "id_candidatura": "BLC",
  "id_umv": 1629,
  "imagenes": [
   "BLC"
  ],
  "nombre": "Voto en BLANCO",
  "nro_orden": 4,
  "orden_absoluto": [
   994,
   4
  ],
  "secundarios": [

  ],
  "sexo": null,
  "suplentes": [

  ]
 },
 {
  "asistida": "Voto en BLANCO",
  "cargo_ejecutivo": false,
  "clase": "Blanco",
  "cod_categoria": "SEN",
  "cod_lista": "",
  "codigo": "BLC",
  "id_candidatura": "BLC",
  "id_umv": 1888,
  "imagenes": [
   "BLC"
  ],
  "nombre": "Voto en BLANCO",
  "nro_orden": 2,
  "orden_absoluto": [
   994,
   2
  ],
  "secundarios": [

  ],
  "sexo": null,
  "suplentes": [

  ]
 },
 {
  "asistida": "Votos IMPUGNADOS",
  "cargo_ejecutivo": false,
  "clase": "Especial",
  "cod_categoria": "CNJ",
  "cod_lista": "",
  "codigo": "IMP",
  "id_candidatura": "IMP",
  "id_umv": 915,
  "nombre": "Votos IMPUGNADOS",
  "nro_orden": 5,
  "orden_absoluto": [
   995,
   5
  ],
  "secundarios": [

  ],
  "sexo": null,
  "suplentes": [

  ]
 },
 {
  "asistida": "Votos IMPUGNADOS",
  "cargo_ejecutivo": false,
  "clase": "Especial",
  "cod_categoria": "DIP",
  "cod_lista": "",
  "codigo": "IMP",
  "id_candidatura": "IMP",
  "id_umv": 1169,
  "nombre": "Votos IMPUGNADOS",
  "nro_orden": 3,
  "orden_absoluto": [
   995,
   3
  ],
  "secundarios": [

  ],
  "sexo": null,
  "suplentes": [

  ]
 },
 {
  "asistida": "Votos IMPUGNADOS",
  "cargo_ejecutivo": true,
  "clase": "Especial",
  "cod_categoria": "GOB",
  "cod_lista": "",
  "codigo": "IMP",
  "id_candidatura": "IMP",
  "id_umv": 1210,
  "nombre": "Votos IMPUGNADOS",
  "nro_orden": 1,
  "orden_absoluto": [
   995,
   1
  ],
  "secundarios": [

  ],
  "sexo": null,
  "suplentes": [

  ]
 },
 {
  "asistida": "Votos IMPUGNADOS",
  "cargo_ejecutivo": true,
  "clase": "Especial",
  "cod_categoria": "INT",
  "cod_lista": "",
  "codigo": "IMP",
  "id_candidatura": "IMP",
  "id_umv": 1689,
  "nombre": "Votos IMPUGNADOS",
  "nro_orden": 4,
  "orden_absoluto": [
   995,
   4
  ],
  "secundarios": [

  ],
  "sexo": null,
  "suplentes": [

  ]
 },
 {
  "asistida": "Votos IMPUGNADOS",
  "cargo_ejecutivo": false,
  "clase": "Especial",
  "cod_categoria": "SEN",
  "cod_lista": "",
  "codigo": "IMP",
  "id_candidatura": "IMP",
  "id_umv": 1899,
  "nombre": "Votos IMPUGNADOS",
  "nro_orden": 2,
  "orden_absoluto": [
   995,
   2
  ],
  "secundarios": [

  ],
  "sexo": null,
  "suplentes": [

  ]
 },
 {
  "asistida": "Votos OBSERVADOS",
  "cargo_ejecutivo": false,
  "clase": "Especial",
  "cod_categoria": "CNJ",
  "cod_lista": "",
  "codigo": "OBS",
  "id_candidatura": "OBS",
  "id_umv": 975,
  "nombre": "Votos OBSERVADOS",
  "nro_orden": 5,
  "orden_absoluto": [
   996,
   5
  ],
  "secundarios": [

  ],
  "sexo": null,
  "suplentes": [

  ]
 },
 {
  "asistida": "Votos OBSERVADOS",
  "cargo_ejecutivo": false,
  "clase": "Especial",
  "cod_categoria": "DIP",
  "cod_lista": "",
  "codigo": "OBS",
  "id_candidatura": "OBS",
  "id_umv": 1184,
  "nombre": "Votos OBSERVADOS",
  "nro_orden": 3,
  "orden_absoluto": [
   996,
   3
  ],
  "secundarios": [

  ],
  "sexo": null,
  "suplentes": [

  ]
 },
 {
  "asistida": "Votos OBSERVADOS",
  "cargo_ejecutivo": true,
  "clase": "Especial",
  "cod_categoria": "GOB",
  "cod_lista": "",
  "codigo": "OBS",
  "id_candidatura": "OBS",
  "id_umv": 1211,
  "nombre": "Votos OBSERVADOS",
  "nro_orden": 1,
  "orden_absoluto": [
   996,
   1
  ],
  "secundarios": [

  ],
  "sexo": null,
  "suplentes": [

  ]
 },
 {
  "asistida": "Votos OBSERVADOS",
  "cargo_ejecutivo": true,
  "clase": "Especial",
  "cod_categoria": "INT",
  "cod_lista": "",
  "codigo": "OBS",
  "id_candidatura": "OBS",
  "id_umv": 1749,
  "nombre": "Votos OBSERVADOS",
  "nro_orden": 4,
  "orden_absoluto": [
   996,
   4
  ],
  "secundarios": [

  ],
  "sexo": null,
  "suplentes": [

  ]
 },
 {
  "asistida": "Votos OBSERVADOS",
  "cargo_ejecutivo": false,
  "clase": "Especial",
  "cod_categoria": "SEN",
  "cod_lista": "",
  "codigo": "OBS",
  "id_candidatura": "OBS",
  "id_umv": 1910,
  "nombre": "Votos OBSERVADOS",
  "nro_orden": 2,
  "orden_absoluto": [
   996,
   2
  ],
  "secundarios": [

  ],
  "sexo": null,
  "suplentes": [

  ]
 }
]