[
 {
  "GOB": 1197,
  "agrupacion_municipal": false,
  "codigo": "1863.1863.1863",
  "lista_completa": true
 },
 {
  "CNJ": 4,
  "DIP": 1033,
  "GOB": 1198,
  "INT": 1215,
  "SEN": 1805,
  "agrupacion_municipal": false,
  "codigo": "22.22.22",
  "lista_completa": true
 },
 {
  "GOB": 1199,
  "agrupacion_municipal": false,
  "codigo": "3625.3625.3625",
  "lista_completa": true
 },
 {
  "CNJ": 29,
  "DIP": 1037,
  "GOB": 1200,
  "INT": 1235,
  "SEN": 1807,
  "agrupacion_municipal": false,
  "codigo": "3717.13.13",
  "lista_completa": true
 },
 {
  "CNJ": 100,
  "DIP": 1050,
  "GOB": 1200,
  "INT": 1256,
  "SEN": 1815,
  "agrupacion_municipal": false,
  "codigo": "3717.3739.3739",
  "lista_completa": true
 },
 {
  "CNJ": 152,
  "DIP": 1037,
  "GOB": 1200,
  "INT": 1235,
  "SEN": 1807,
  "agrupacion_municipal": false,
  "codigo": "3717.632.632",
  "lista_completa": true
 },
 {
  "CNJ": 195,
  "DIP": 1063,
  "GOB": 1201,
  "INT": 1298,
  "SEN": 1827,
  "agrupacion_municipal": false,
  "codigo": "3723.3741.3741",
  "lista_completa": true
 },
 {
  "DIP": 1071,
  "GOB": 1202,
  "SEN": 1833,
  "agrupacion_municipal": false,
  "codigo": "3728.3742.3742",
  "lista_completa": true
 },
 {
  "DIP": 1079,
  "GOB": 1203,
  "SEN": 1841,
  "agrupacion_municipal": false,
  "codigo": "3729.3747.3747",
  "lista_completa": true
 },
 {
  "DIP": 1091,
  "GOB": 1204,
  "INT": 1392,
  "SEN": 1851,
  "agrupacion_municipal": false,
  "codigo": "3730.3746.3746",
  "lista_completa": false
 },
 {
  "CNJ": 329,
  "DIP": 1091,
  "GOB": 1204,
  "INT": 1392,
  "SEN": 1851,
  "agrupacion_municipal": false,
  "codigo": "3730.446.446",
  "lista_completa": true
 },
 {
  "CNJ": 337,
  "DIP": 1091,
  "GOB": 1204,
  "INT": 1392,
  "SEN": 1851,
  "agrupacion_municipal": false,
  "codigo": "3730.461.461",
  "lista_completa": true
 },
 {
  "CNJ": 348,
  "DIP": 1091,
  "GOB": 1204,
  "INT": 1392,
  "SEN": 1851,
  "agrupacion_municipal": false,
  "codigo": "3730.5.5",
  "lista_completa": true
 },
 {
  "CNJ": 361,
  "DIP": 1100,
  "GOB": 1205,
  "INT": 1427,
  "SEN": 1856,
  "agrupacion_municipal": false,
  "codigo": "3731.3743.3743",
  "lista_completa": true
 },
 {
  "DIP": 1106,
  "GOB": 1206,
  "SEN": 1860,
  "agrupacion_municipal": false,
  "codigo": "3732.3740.3740",
  "lista_completa": true
 },
 {
  "CNJ": 397,
  "DIP": 1124,
  "GOB": 1207,
  "INT": 1471,
  "SEN": 1869,
  "agrupacion_municipal": false,
  "codigo": "3733.10.10",
  "lista_completa": true
 },
 {
  "CNJ": 417,
  "DIP": 1124,
  "GOB": 1207,
  "INT": 1461,
  "SEN": 1869,
  "agrupacion_municipal": false,
  "codigo": "3733.1861.1861",
  "lista_completa": true
 },
 {
  "CNJ": 442,
  "DIP": 1124,
  "GOB": 1207,
  "INT": 1471,
  "SEN": 1869,
  "agrupacion_municipal": false,
  "codigo": "3733.1862.1862",
  "lista_completa": true
 },
 {
  "CNJ": 475,
  "DIP": 1124,
  "GOB": 1207,
  "INT": 1471,
  "SEN": 1869,
  "agrupacion_municipal": false,
  "codigo": "3733.1869.1869",
  "lista_completa": true
 },
 {
  "CNJ": 501,
  "DIP": 1124,
  "GOB": 1207,
  "INT": 1461,
  "SEN": 1869,
  "agrupacion_municipal": false,
  "codigo": "3733.2625.2625",
  "lista_completa": true
 },
 {
  "CNJ": 517,
  "DIP": 1124,
  "GOB": 1207,
  "INT": 1471,
  "SEN": 1869,
  "agrupacion_municipal": false,
  "codigo": "3733.2627.2627",
  "lista_completa": true
 },
 {
  "DIP": 1124,
  "GOB": 1207,
  "SEN": 1869,
  "agrupacion_municipal": false,
  "codigo": "3733.3744.3744",
  "lista_completa": false
 },
 {
  "CNJ": 562,
  "DIP": 1124,
  "GOB": 1207,
  "INT": 1461,
  "SEN": 1869,
  "agrupacion_municipal": false,
  "codigo": "3733.38.38",
  "lista_completa": true
 },
 {
  "GOB": 1207,
  "agrupacion_municipal": false,
  "codigo": "3734.3737.3737",
  "lista_completa": true
 },
 {
  "CNJ": 598,
  "DIP": 1137,
  "GOB": 1207,
  "INT": 1551,
  "SEN": 1877,
  "agrupacion_municipal": false,
  "codigo": "3735.15.15",
  "lista_completa": true
 },
 {
  "CNJ": 613,
  "DIP": 1137,
  "GOB": 1207,
  "INT": 1551,
  "SEN": 1877,
  "agrupacion_municipal": false,
  "codigo": "3735.1873.1873",
  "lista_completa": true
 },
 {
  "CNJ": 644,
  "DIP": 1137,
  "GOB": 1207,
  "INT": 1551,
  "SEN": 1877,
  "agrupacion_municipal": false,
  "codigo": "3735.208.208",
  "lista_completa": true
 },
 {
  "CNJ": 682,
  "DIP": 1137,
  "GOB": 1207,
  "INT": 1551,
  "SEN": 1877,
  "agrupacion_municipal": false,
  "codigo": "3735.32.32",
  "lista_completa": true
 },
 {
  "CNJ": 714,
  "DIP": 1137,
  "GOB": 1207,
  "INT": 1551,
  "SEN": 1877,
  "agrupacion_municipal": false,
  "codigo": "3735.3650.3650",
  "lista_completa": true
 },
 {
  "DIP": 1137,
  "GOB": 1207,
  "INT": 1551,
  "SEN": 1877,
  "agrupacion_municipal": false,
  "codigo": "3735.3745.3745",
  "lista_completa": false
 },
 {
  "CNJ": 759,
  "DIP": 1137,
  "GOB": 1207,
  "INT": 1551,
  "SEN": 1877,
  "agrupacion_municipal": false,
  "codigo": "3735.4.4",
  "lista_completa": true
 },
 {
  "CNJ": 810,
  "DIP": 1137,
  "GOB": 1207,
  "INT": 1551,
  "SEN": 1877,
  "agrupacion_municipal": false,
  "codigo": "3735.460.460",
  "lista_completa": true
 },
 {
  "GOB": 1208,
  "agrupacion_municipal": false,
  "codigo": "685.685.685",
  "lista_completa": true
 },
 {
  "CNJ": 898,
  "DIP": 1165,
  "GOB": 1209,
  "INT": 1672,
  "SEN": 1895,
  "agrupacion_municipal": false,
  "codigo": "BLC",
  "lista_completa": true
 }
]