[
 {
  "GOB": 1197,
  "agrupacion_municipal": false,
  "codigo": "1863.1863.1863",
  "lista_completa": true
 },
 {
  "GOB": 1198,
  "agrupacion_municipal": false,
  "codigo": "22.22.22",
  "lista_completa": true
 },
 {
  "GOB": 1199,
  "agrupacion_municipal": false,
  "codigo": "3625.3625.3625",
  "lista_completa": true
 },
 {
  "CNJ": 16,
  "INT": 1227,
  "agrupacion_municipal": true,
  "codigo": "3657.3657.3657",
  "lista_completa": true
 },
 {
  "CNJ": 41,
  "DIP": 1049,
  "GOB": 1200,
  "INT": 1277,
  "agrupacion_municipal": false,
  "codigo": "3717.13.13",
  "lista_completa": true
 },
 {
  "CNJ": 119,
  "DIP": 1049,
  "GOB": 1200,
  "INT": 1277,
  "agrupacion_municipal": false,
  "codigo": "3717.3739.3739",
  "lista_completa": true
 },
 {
  "CNJ": 141,
  "DIP": 1049,
  "GOB": 1200,
  "INT": 1277,
  "agrupacion_municipal": false,
  "codigo": "3717.443.443",
  "lista_completa": true
 },
 {
  "CNJ": 218,
  "DIP": 1062,
  "GOB": 1201,
  "INT": 1321,
  "agrupacion_municipal": false,
  "codigo": "3723.3741.3741",
  "lista_completa": true
 },
 {
  "CNJ": 239,
  "DIP": 1070,
  "GOB": 1202,
  "INT": 1348,
  "agrupacion_municipal": false,
  "codigo": "3728.3742.3742",
  "lista_completa": true
 },
 {
  "CNJ": 256,
  "DIP": 1070,
  "GOB": 1202,
  "INT": 1348,
  "agrupacion_municipal": false,
  "codigo": "3728.3748.3748",
  "lista_completa": true
 },
 {
  "DIP": 1078,
  "GOB": 1203,
  "agrupacion_municipal": false,
  "codigo": "3729.3747.3747",
  "lista_completa": true
 },
 {
  "DIP": 1090,
  "GOB": 1204,
  "agrupacion_municipal": false,
  "codigo": "3730.3746.3746",
  "lista_completa": true
 },
 {
  "CNJ": 376,
  "DIP": 1099,
  "GOB": 1205,
  "INT": 1441,
  "agrupacion_municipal": false,
  "codigo": "3731.3743.3743",
  "lista_completa": true
 },
 {
  "DIP": 1105,
  "GOB": 1206,
  "agrupacion_municipal": false,
  "codigo": "3732.3740.3740",
  "lista_completa": true
 },
 {
  "CNJ": 404,
  "DIP": 1112,
  "GOB": 1207,
  "INT": 1477,
  "agrupacion_municipal": false,
  "codigo": "3733.10.10",
  "lista_completa": true
 },
 {
  "CNJ": 427,
  "DIP": 1112,
  "GOB": 1207,
  "INT": 1477,
  "agrupacion_municipal": false,
  "codigo": "3733.1861.1861",
  "lista_completa": true
 },
 {
  "CNJ": 458,
  "DIP": 1112,
  "GOB": 1207,
  "INT": 1477,
  "agrupacion_municipal": false,
  "codigo": "3733.1862.1862",
  "lista_completa": true
 },
 {
  "CNJ": 488,
  "DIP": 1112,
  "GOB": 1207,
  "INT": 1477,
  "agrupacion_municipal": false,
  "codigo": "3733.1869.1869",
  "lista_completa": true
 },
 {
  "CNJ": 509,
  "DIP": 1112,
  "GOB": 1207,
  "INT": 1477,
  "agrupacion_municipal": false,
  "codigo": "3733.2625.2625",
  "lista_completa": true
 },
 {
  "CNJ": 529,
  "DIP": 1112,
  "GOB": 1207,
  "INT": 1477,
  "agrupacion_municipal": false,
  "codigo": "3733.2627.2627",
  "lista_completa": true
 },
 {
  "CNJ": 569,
  "DIP": 1112,
  "GOB": 1207,
  "INT": 1477,
  "agrupacion_municipal": false,
  "codigo": "3733.38.38",
  "lista_completa": true
 },
 {
  "GOB": 1207,
  "agrupacion_municipal": false,
  "codigo": "3734.3737.3737",
  "lista_completa": true
 },
 {
  "CNJ": 662,
  "DIP": 1136,
  "GOB": 1207,
  "INT": 1561,
  "agrupacion_municipal": false,
  "codigo": "3735.208.208",
  "lista_completa": true
 },
 {
  "CNJ": 697,
  "DIP": 1136,
  "GOB": 1207,
  "INT": 1561,
  "agrupacion_municipal": false,
  "codigo": "3735.32.32",
  "lista_completa": true
 },
 {
  "CNJ": 733,
  "DIP": 1136,
  "GOB": 1207,
  "INT": 1561,
  "agrupacion_municipal": false,
  "codigo": "3735.3650.3650",
  "lista_completa": true
 },
 {
  "DIP": 1136,
  "GOB": 1207,
  "INT": 1561,
  "agrupacion_municipal": false,
  "codigo": "3735.3745.3745",
  "lista_completa": false
 },
 {
  "CNJ": 787,
  "DIP": 1136,
  "GOB": 1207,
  "INT": 1561,
  "agrupacion_municipal": false,
  "codigo": "3735.4.4",
  "lista_completa": true
 },
 {
  "CNJ": 832,
  "DIP": 1136,
  "GOB": 1207,
  "INT": 1561,
  "agrupacion_municipal": false,
  "codigo": "3735.460.460",
  "lista_completa": true
 },
 {
  "CNJ": 847,
  "DIP": 1150,
  "GOB": 1208,
  "INT": 1621,
  "agrupacion_municipal": false,
  "codigo": "685.685.685",
  "lista_completa": true
 },
 {
  "CNJ": 882,
  "DIP": 1164,
  "GOB": 1209,
  "INT": 1656,
  "agrupacion_municipal": false,
  "codigo": "BLC",
  "lista_completa": true
 }
]