[
 {
  "CNJ": 37,
  "INT": 1263,
  "agrupacion_municipal": false,
  "codigo": "3717.13.13",
  "lista_completa": true
 },
 {
  "CNJ": 61,
  "INT": 1263,
  "agrupacion_municipal": false,
  "codigo": "3717.2543.2543",
  "lista_completa": true
 },
 {
  "CNJ": 108,
  "INT": 1263,
  "agrupacion_municipal": false,
  "codigo": "3717.3739.3739",
  "lista_completa": true
 },
 {
  "CNJ": 158,
  "INT": 1263,
  "agrupacion_municipal": false,
  "codigo": "3717.632.632",
  "lista_completa": true
 },
 {
  "CNJ": 164,
  "INT": 1286,
  "agrupacion_municipal": false,
  "codigo": "3721.3721.3721",
  "lista_completa": true
 },
 {
  "CNJ": 184,
  "INT": 1309,
  "agrupacion_municipal": false,
  "codigo": "3723.3649.3649",
  "lista_completa": true
 },
 {
  "CNJ": 206,
  "INT": 1309,
  "agrupacion_municipal": false,
  "codigo": "3723.3741.3741",
  "lista_completa": true
 },
 {
  "CNJ": 236,
  "INT": 1342,
  "agrupacion_municipal": false,
  "codigo": "3728.3742.3742",
  "lista_completa": true
 },
 {
  "CNJ": 250,
  "INT": 1342,
  "agrupacion_municipal": false,
  "codigo": "3728.3748.3748",
  "lista_completa": true
 },
 {
  "CNJ": 284,
  "INT": 1374,
  "agrupacion_municipal": false,
  "codigo": "3729.3747.3747",
  "lista_completa": true
 },
 {
  "INT": 1401,
  "agrupacion_municipal": false,
  "codigo": "3730.3746.3746",
  "lista_completa": false
 },
 {
  "CNJ": 330,
  "INT": 1401,
  "agrupacion_municipal": false,
  "codigo": "3730.446.446",
  "lista_completa": true
 },
 {
  "CNJ": 349,
  "INT": 1401,
  "agrupacion_municipal": false,
  "codigo": "3730.5.5",
  "lista_completa": true
 },
 {
  "CNJ": 369,
  "INT": 1434,
  "agrupacion_municipal": false,
  "codigo": "3731.3743.3743",
  "lista_completa": true
 },
 {
  "CNJ": 399,
  "INT": 1499,
  "agrupacion_municipal": false,
  "codigo": "3733.10.10",
  "lista_completa": true
 },
 {
  "CNJ": 420,
  "INT": 1499,
  "agrupacion_municipal": false,
  "codigo": "3733.1861.1861",
  "lista_completa": true
 },
 {
  "CNJ": 448,
  "INT": 1499,
  "agrupacion_municipal": false,
  "codigo": "3733.1862.1862",
  "lista_completa": true
 },
 {
  "CNJ": 479,
  "INT": 1499,
  "agrupacion_municipal": false,
  "codigo": "3733.1869.1869",
  "lista_completa": true
 },
 {
  "CNJ": 505,
  "INT": 1499,
  "agrupacion_municipal": false,
  "codigo": "3733.2625.2625",
  "lista_completa": true
 },
 {
  "CNJ": 522,
  "INT": 1499,
  "agrupacion_municipal": false,
  "codigo": "3733.2627.2627",
  "lista_completa": true
 },
 {
  "CNJ": 542,
  "INT": 1499,
  "agrupacion_municipal": false,
  "codigo": "3733.3716.3716",
  "lista_completa": true
 },
 {
  "INT": 1499,
  "agrupacion_municipal": false,
  "codigo": "3733.3744.3744",
  "lista_completa": false
 },
 {
  "CNJ": 564,
  "INT": 1499,
  "agrupacion_municipal": false,
  "codigo": "3733.38.38",
  "lista_completa": true
 },
 {
  "CNJ": 579,
  "INT": 1555,
  "agrupacion_municipal": false,
  "codigo": "3735.15.15",
  "lista_completa": true
 },
 {
  "CNJ": 622,
  "INT": 1555,
  "agrupacion_municipal": false,
  "codigo": "3735.1873.1873",
  "lista_completa": true
 },
 {
  "CNJ": 654,
  "INT": 1555,
  "agrupacion_municipal": false,
  "codigo": "3735.208.208",
  "lista_completa": true
 },
 {
  "CNJ": 689,
  "INT": 1555,
  "agrupacion_municipal": false,
  "codigo": "3735.32.32",
  "lista_completa": true
 },
 {
  "CNJ": 724,
  "INT": 1555,
  "agrupacion_municipal": false,
  "codigo": "3735.3650.3650",
  "lista_completa": true
 },
 {
  "INT": 1555,
  "agrupacion_municipal": false,
  "codigo": "3735.3745.3745",
  "lista_completa": false
 },
 {
  "CNJ": 773,
  "INT": 1555,
  "agrupacion_municipal": false,
  "codigo": "3735.4.4",
  "lista_completa": true
 },
 {
  "CNJ": 821,
  "INT": 1555,
  "agrupacion_municipal": false,
  "codigo": "3735.460.460",
  "lista_completa": true
 },
 {
  "CNJ": 855,
  "INT": 1629,
  "agrupacion_municipal": false,
  "codigo": "BLC",
  "lista_completa": true
 }
]