[
 {
  "asistida": "UB\u00c1LLES ALEJANDRO DIONICIO",
  "cargo_ejecutivo": false,
  "clase": "Candidato",
  "cod_alianza": "3717",
  "cod_categoria": "CNJ",
  "cod_lista": "3717.13.13",
  "cod_partido": "3717.13",
  "codigo": "3717.13.13.755",
  "dni": "10115484",
  "id_candidatura": "3717.13.13.755",
  "id_umv": 45,
  "imagenes": [
   "3717.13.13.755",
   "default_mujer",
   "default",
   "default_mujer",
   "default",
   "default_mujer",
   "default",
   "default_mujer",
   "default"
  ],
  "nombre": "UBALLES, ALEJANDRO",
  "nro_orden": 1,
  "orden_absoluto": [
   6,
   52,
   75,
   5,
   1
  ],
  "secundarios": [
   "RODRIGUEZ, VERONICA PATRICIA",
   "SANDOVAL, EXEQUIEL ALEJANDRO",
   "AVALOS, IVANA NOELIA",
   "FRANQUI, JOSE ROBERTO",
   "VILLARREAL, AMERICA NATALIA",
   "MENDEZ, MIGUEL ANGEL",
   "FARFAN, CAMILA MICAELA",
   "ESPINOZA, MAXIMILIANO ALEJANDRO"
  ],
  "sexo": "M",
  "suplentes": [
   "CHACON DORR, MARIA MARTA",
   "SALAZAR, PEDRO MARCELO",
   "MAIZARES, JUANA ANA",
   "JORDAN, ENRIQUE RICARDO",
   "SOLIZ, MARIA DEL VALLE",
   "MARTINEZ, JOSE MARIANO",
   "ESPINOZA, ELIZABET MAGDALENA"
  ]
 },
 {
  "asistida": "CABRAL MARIO RAMON",
  "cargo_ejecutivo": false,
  "clase": "Candidato",
  "cod_alianza": "3717",
  "cod_categoria": "CNJ",
  "cod_lista": "3717.2543.2543",
  "cod_partido": "3717.2543",
  "codigo": "3717.2543.2543.3870",
  "dni": "22945137",
  "id_candidatura": "3717.2543.2543.3870",
  "id_umv": 68,
  "imagenes": [
   "3717.2543.2543.3870",
   "default_mujer",
   "default",
   "default_mujer",
   "default",
   "default_mujer",
   "default",
   "default_mujer",
   "default"
  ],
  "nombre": "CABRAL, MARIO \u201cGUALA\u201d",
  "nro_orden": 1,
  "orden_absoluto": [
   6,
   71,
   17,
   5,
   1
  ],
  "secundarios": [
   "SALCEDO, SILVINA RAQUEL",
   "SILVERA, MIGUEL ANGEL",
   "AMAYA, MARIA MIRIAM",
   "MANSILLA, ROQUE ADRIAN",
   "RODRIGUEZ, ESTELA MARI",
   "VALDIVIEZO, OMAR OSCAR",
   "GUANTAY, NORMA DELINA",
   "ESPINOZA, SAMUEL ELIAS"
  ],
  "sexo": "M",
  "suplentes": [
   "ALDONATE, CAROLINA BELEN",
   "GARECA, RUBEN ROLANDO",
   "SALCEDO, ROCIO BELEN",
   "TORRES, NICOLAS LEONARDO",
   "ONIEVA, OLGA BETY",
   "ARGA\u00d1ARAZ, JUAN CARLOS",
   "CENTURION, GISELA NOEMI",
   "CORDOBA, CARLOS RICARDO"
  ]
 },
 {
  "asistida": "RODR\u00cdGUEZ HERN\u00c1N HIP\u00d3LITO",
  "cargo_ejecutivo": false,
  "clase": "Candidato",
  "cod_alianza": "3717",
  "cod_categoria": "CNJ",
  "cod_lista": "3717.2548.2548",
  "cod_partido": "3717.2548",
  "codigo": "3717.2548.2548.3905",
  "dni": "16361680",
  "id_candidatura": "3717.2548.2548.3905",
  "id_umv": 70,
  "imagenes": [
   "3717.2548.2548.3905",
   "default_mujer",
   "default",
   "default_mujer",
   "default",
   "default_mujer",
   "default",
   "default_mujer",
   "default"
  ],
  "nombre": "RODRIGUEZ, HERNAN \u201cINDIO\u201d",
  "nro_orden": 1,
  "orden_absoluto": [
   6,
   27,
   40,
   5,
   1
  ],
  "secundarios": [
   "RENGIFO, LUCIA ELIZABETH",
   "SILVA, DAVID RENE",
   "ROMANO, MIRTA DEL VALLE",
   "DESTEFANO, DIEGO EZEQUIEL",
   "CEJAS, JORGELINA DEL VALLE",
   "ARIAS, ADOLFO FERNANDO",
   "CAPETTA VILTE, BELLA NATASHA",
   "ACOSTA, JOVAN YUSEF"
  ],
  "sexo": "M",
  "suplentes": [
   "AQUINO, CLAUDIA ROXANA",
   "FIGUEROA, ALDO SEBASTIAN",
   "TOLABA, SARA BEATRIZ",
   "RODRIGUEZ, NAHUEL ALBERTO",
   "ACOSTA, GLADIS NOEMI",
   "VELAZQUEZ, RICARDO JAVIER",
   "TEJERINA, NADIA MARLEN",
   "GUTIERREZ, FERMIN DANTE",
   "RODRIGUEZ, ESTELA MARTINA"
  ]
 },
 {
  "asistida": "Ancen Cruz EMILIO Laureano",
  "cargo_ejecutivo": false,
  "clase": "Candidato",
  "cod_alianza": "3717",
  "cod_categoria": "CNJ",
  "cod_lista": "3717.2626.2626",
  "cod_partido": "3717.2626",
  "codigo": "3717.2626.2626.4568",
  "dni": "28245382",
  "id_candidatura": "3717.2626.2626.4568",
  "id_umv": 88,
  "imagenes": [
   "3717.2626.2626.4568",
   "default_mujer",
   "default",
   "default_mujer",
   "default",
   "default_mujer",
   "default",
   "default_mujer",
   "default"
  ],
  "nombre": "ANCEN, EMILIO \u2019LA MONA\u2019",
  "nro_orden": 1,
  "orden_absoluto": [
   6,
   4,
   19,
   5,
   1
  ],
  "secundarios": [
   "SANDOVAL, MELISA DANIELA",
   "SALVA, RODOLFO FABIAN",
   "ZALAZAR, ROMINA ESTHER",
   "VISA, CRISTIAN RAUL",
   "GARAY, JULIANA PAMELA",
   "ANCE, RAUL ALFREDO",
   "ALARCON, SOLEDAD ESTEFANIA",
   "TORRES, PABLO EXEQUIEL"
  ],
  "sexo": "M",
  "suplentes": [
   "ROMERO, RAQUEL",
   "RAMOS, LUIS FERNANDO RODRIGO",
   "CASTILLO, SELENA AISHA AGUSTINA",
   "HOME, RAMON EDUARDO",
   "LOBO, KAREN CECILIA",
   "VILDOZA, MARCELO FABIAN",
   "SORIA JIMENEZ, CLARIBEL",
   "NUNEZ, ANGEL GABRIEL",
   "CARRIZO, NATALI ERIKA PABLA"
  ]
 },
 {
  "asistida": "QUIROGA MARCELO",
  "cargo_ejecutivo": true,
  "clase": "Candidato",
  "cod_alianza": "3717",
  "cod_categoria": "INT",
  "cod_lista": "3717.3739.3739",
  "cod_partido": "3717.3739",
  "codigo": "3717.3739.3739.6468",
  "dni": "23316966",
  "id_candidatura": "3717.3739.3739.6468",
  "id_umv": 1283,
  "imagenes": [
   "3717.3739.3739.6468"
  ],
  "nombre": "DR. QUIROGA, MARCELO",
  "nro_orden": 1,
  "orden_absoluto": [
   6,
   17,
   64,
   4,
   1
  ],
  "secundarios": [

  ],
  "sexo": "M",
  "suplentes": [

  ]
 },
 {
  "asistida": "NAVARRETE ADAMO NORMA JOSEFINA",
  "cargo_ejecutivo": false,
  "clase": "Candidato",
  "cod_alianza": "3717",
  "cod_categoria": "CNJ",
  "cod_lista": "3717.3739.3739",
  "cod_partido": "3717.3739",
  "codigo": "3717.3739.3739.6877",
  "dni": "35556442",
  "id_candidatura": "3717.3739.3739.6877",
  "id_umv": 125,
  "imagenes": [
   "3717.3739.3739.6877",
   "default",
   "default_mujer",
   "default",
   "default_mujer",
   "default",
   "default_mujer",
   "default",
   "default_mujer"
  ],
  "nombre": "NAVARRETE, JOSEFINA",
  "nro_orden": 1,
  "orden_absoluto": [
   6,
   17,
   64,
   5,
   1
  ],
  "secundarios": [
   "YA\u00d1EZ, LUIS GUSTAVO",
   "TORRES, NORA DEL VALLE",
   "NARANJO, JUAN LUCIANO DAMIAN",
   "JARDIN, FRANCINE DEL VALLE",
   "CAUSARANO, CARLOS FABIAN",
   "IBARRA, DORA",
   "SALUM, ALEJANDRO ALFREDO",
   "MARTINEZ, LUCIA DEBORA"
  ],
  "sexo": "F",
  "suplentes": [
   "CARRIZO, SEBASTIAN FRANCISCO",
   "GUTIERREZ, AGUSTINA AYELEN",
   "CABRERA, OSCAR RENE",
   "ALBORNOZ, YANELA ELIZABETH",
   "YA\u00d1EZ, ERIC EXEQUIEL",
   "NIEVA, CLAUDIA CAROLINA"
  ]
 },
 {
  "asistida": "SANCHEZ M\u00d3NICA ELISABETH",
  "cargo_ejecutivo": false,
  "clase": "Candidato",
  "cod_alianza": "3717",
  "cod_categoria": "CNJ",
  "cod_lista": "3717.443.443",
  "cod_partido": "3717.443",
  "codigo": "3717.443.443.10821",
  "dni": "32687599",
  "id_candidatura": "3717.443.443.10821",
  "id_umv": 145,
  "imagenes": [
   "3717.443.443.10821",
   "default",
   "default_mujer",
   "default",
   "default_mujer",
   "default",
   "default_mujer",
   "default",
   "default_mujer"
  ],
  "nombre": "SANCHEZ, \u201cELY\u201d",
  "nro_orden": 1,
  "orden_absoluto": [
   6,
   69,
   9,
   5,
   1
  ],
  "secundarios": [
   "VELAZQUEZ, JAVIER FABRICIANO",
   "TORRECILLAS PARDO, SOLEDAD",
   "NIEVA, SERGIO RICARDO",
   "MAMANI, GLORIA ESTELA",
   "YARI, MARTIN LEONARDO",
   "ROJO, ELVIRA DEL VALLE",
   "TOLEDO, LUIS MARCELO",
   "CHOCOBAR, MARIA BELEN"
  ],
  "sexo": "F",
  "suplentes": [
   "SOSA, JONATHAN EMMANUEL",
   "JUAREZ, MARIA LAURA",
   "SANTOS, CRISTIAN MANUEL",
   "TAPIA, ROSA MARIANA",
   "TEJERINA, JORGE LUIS",
   "TEJERINA, RUDI LORENA",
   "CABRERA, JORGE RAFAEL",
   "PACHADO, SUSANA DEL VALLE",
   "GUTIERREZ, MAURICIO ALFREDO"
  ]
 },
 {
  "asistida": "SANAVER\u00d3N SEBAST\u00cdAN V\u00cdCTOR",
  "cargo_ejecutivo": false,
  "clase": "Candidato",
  "cod_alianza": "3717",
  "cod_categoria": "CNJ",
  "cod_lista": "3717.632.632",
  "cod_partido": "3717.632",
  "codigo": "3717.632.632.11974",
  "dni": "31181629",
  "id_candidatura": "3717.632.632.11974",
  "id_umv": 162,
  "imagenes": [
   "3717.632.632.11974",
   "default_mujer",
   "default",
   "default_mujer",
   "default",
   "default_mujer",
   "default",
   "default_mujer",
   "default"
  ],
  "nombre": "SANAVERON, SEBASTIAN \u201cCHAPLIN\u201d",
  "nro_orden": 1,
  "orden_absoluto": [
   6,
   47,
   8,
   5,
   1
  ],
  "secundarios": [
   "COLINAS, GLADYS ESTELA",
   "SOSA MARTINEZ, NICOLAS DARIO",
   "REINOSO, OLGA GRACIELA",
   "VALDEZ, LEONARDO FEDERICO",
   "ROVIN, ROMINA GISELA",
   "ORTEGA, MIGUEL OMAR",
   "GARZON, GRACIELA",
   "AMAYA, JUAN EDUARDO"
  ],
  "sexo": "M",
  "suplentes": [
   "TAPIA, PAMELA GISELA",
   "SOSA, PEDRO RAMON ANTONIO",
   "APARICIO, ANA MARIA",
   "LOBO, SANDRO RAFAEL",
   "MENDOZA, GLADYS ROMINA",
   "GOITEA ARANDA, NAHUEL SANTIAGO",
   "OSCARI, BETTINA ANDREA",
   "BARRIENTOS, CARLOS RUBEN",
   "DI MARZO, JANET DEL VALLE"
  ]
 },
 {
  "asistida": "LOPEZ ISMAEL SERGIO ADRIAN",
  "cargo_ejecutivo": true,
  "clase": "Candidato",
  "cod_alianza": "3723",
  "cod_categoria": "INT",
  "cod_lista": "3723.3741.3741",
  "cod_partido": "3723.3741",
  "codigo": "3723.3741.3741.7264",
  "dni": "26696784",
  "id_candidatura": "3723.3741.3741.7264",
  "id_umv": 1329,
  "imagenes": [
   "3723.3741.3741.7264"
  ],
  "nombre": "LOPEZ, ISMAEL SERGIO ADRIAN",
  "nro_orden": 1,
  "orden_absoluto": [
   5,
   14,
   65,
   4,
   1
  ],
  "secundarios": [

  ],
  "sexo": "M",
  "suplentes": [

  ]
 },
 {
  "asistida": "Fayoni H\u00c9CTOR FEDERICO",
  "cargo_ejecutivo": false,
  "clase": "Candidato",
  "cod_alianza": "3723",
  "cod_categoria": "CNJ",
  "cod_lista": "3723.3741.3741",
  "cod_partido": "3723.3741",
  "codigo": "3723.3741.3741.7683",
  "dni": "16615594",
  "id_candidatura": "3723.3741.3741.7683",
  "id_umv": 226,
  "imagenes": [
   "3723.3741.3741.7683",
   "default_mujer",
   "default",
   "default_mujer",
   "default",
   "default_mujer",
   "default",
   "default_mujer",
   "default"
  ],
  "nombre": "FAYONI, HECTOR FEDERICO",
  "nro_orden": 1,
  "orden_absoluto": [
   5,
   14,
   65,
   5,
   1
  ],
  "secundarios": [
   "LOPEZ, MARIA DE LOS ANGELES",
   "MALATTINE, RAMIRO MARCELO",
   "CARRIZO, LUCILA NELIDA DEL VALLE",
   "SANTOS, GERARDO RAMON",
   "SUTARA, YANINA GISELA",
   "VALDIVIEZO, NICOLAS SIMON",
   "GARZON, CINTHIA LUCIA",
   "VALDIVIEZO, JOSE ALBERTO"
  ],
  "sexo": "M",
  "suplentes": [
   "LAZARTE, FERNANDA NATALIA",
   "CHOCOBAR, ANDRES ENRIQUE",
   "PACHECO, SILVANA ESTER"
  ]
 },
 {
  "asistida": "MAMANI ANDREA FABIANA",
  "cargo_ejecutivo": true,
  "clase": "Candidato",
  "cod_alianza": "3728",
  "cod_categoria": "INT",
  "cod_lista": "3728.3742.3742",
  "cod_partido": "3728.3742",
  "codigo": "3728.3742.3742.7780",
  "dni": "22752590",
  "id_candidatura": "3728.3742.3742.7780",
  "id_umv": 1352,
  "imagenes": [
   "3728.3742.3742.7780"
  ],
  "nombre": "MAMANI, ANDREA FABIANA",
  "nro_orden": 1,
  "orden_absoluto": [
   9,
   21,
   66,
   4,
   1
  ],
  "secundarios": [

  ],
  "sexo": "F",
  "suplentes": [

  ]
 },
 {
  "asistida": "Lutre RAMIRO HERNANDO",
  "cargo_ejecutivo": false,
  "clase": "Candidato",
  "cod_alianza": "3728",
  "cod_categoria": "CNJ",
  "cod_lista": "3728.3742.3742",
  "cod_partido": "3728.3742",
  "codigo": "3728.3742.3742.7925",
  "dni": "29483917",
  "id_candidatura": "3728.3742.3742.7925",
  "id_umv": 241,
  "imagenes": [
   "3728.3742.3742.7925",
   "default_mujer",
   "default",
   "default_mujer",
   "default",
   "default_mujer",
   "default",
   "default_mujer",
   "default"
  ],
  "nombre": "LUTRE, RAMIRO HERNANDO",
  "nro_orden": 1,
  "orden_absoluto": [
   9,
   21,
   66,
   5,
   1
  ],
  "secundarios": [
   "PASTRANA, MARIANA ELIZABETH",
   "DENIS, GUSTAVO VALENTIN",
   "BARRIONUEVO, CLAUDIA ROXANA",
   "LOPEZ, RODRIGO SEBASTIAN",
   "MIRANDA, MARIELA PAOLA",
   "GONZALEZ, HECTOR GABRIEL",
   "BARRETO, MARIA ANGELICA",
   "ORTIZ, JUAN SEBASTIAN"
  ],
  "sexo": "M",
  "suplentes": [
   "VICTOR, LILIANA ALEJANDRA",
   "SERRANO, RAUL EDUARDO",
   "MARCHETTI, BERTA ZULEMA",
   "SORIA, MANUEL FIDEL",
   "MAMANI, NATALIA MARIANA",
   "SANTIAPICHI, AURELIO",
   "PALOPOLI, STEPHANIE YANET"
  ]
 },
 {
  "asistida": "SORIA ERIC DANIEL",
  "cargo_ejecutivo": false,
  "clase": "Candidato",
  "cod_alianza": "3728",
  "cod_categoria": "CNJ",
  "cod_lista": "3728.3748.3748",
  "cod_partido": "3728.3748",
  "codigo": "3728.3748.3748.9721",
  "dni": "35779729",
  "id_candidatura": "3728.3748.3748.9721",
  "id_umv": 260,
  "imagenes": [
   "3728.3748.3748.9721",
   "default_mujer",
   "default",
   "default_mujer",
   "default",
   "default_mujer",
   "default",
   "default_mujer",
   "default"
  ],
  "nombre": "SORIA, ERIC DANIEL",
  "nro_orden": 1,
  "orden_absoluto": [
   9,
   15,
   24,
   5,
   1
  ],
  "secundarios": [
   "PAZ, JOAQUINA VANESA",
   "PUCCA, HUMBERTO JAVIER",
   "GUTIERREZ, CRISTINA",
   "MORALES, EXEQUIEL GUSTAVO",
   "CABRERA, LUDMILA NICOLE",
   "LOPEZ, JORGE ARMANDO",
   "CORBALAN, CAROLINA ESTER",
   "MAIZARES, RAUL HUMBERTO"
  ],
  "sexo": "M",
  "suplentes": [
   "PAZ, MICAELA YOLANDA",
   "CEJAS, ARMANDO RAUL",
   "TITO, GIMENA MACARENA",
   "SALVA, JOSE GERARDO",
   "MASIAS, ZULMA MILAGRO",
   "SANAVERON, MIGUEL ORLANDO"
  ]
 },
 {
  "asistida": "LEAL LUIS CLAUDIO",
  "cargo_ejecutivo": true,
  "clase": "Candidato",
  "cod_alianza": "3729",
  "cod_categoria": "INT",
  "cod_lista": "3729.3747.3747",
  "cod_partido": "3729.3747",
  "codigo": "3729.3747.3747.9134",
  "dni": "25775973",
  "id_candidatura": "3729.3747.3747.9134",
  "id_umv": 1382,
  "imagenes": [
   "3729.3747.3747.9134"
  ],
  "nombre": "LEAL, LUIS CLAUDIO",
  "nro_orden": 1,
  "orden_absoluto": [
   24,
   68,
   67,
   4,
   1
  ],
  "secundarios": [

  ],
  "sexo": "M",
  "suplentes": [

  ]
 },
 {
  "asistida": "DIAZ PEDRO ANTONIO",
  "cargo_ejecutivo": false,
  "clase": "Candidato",
  "cod_alianza": "3729",
  "cod_categoria": "CNJ",
  "cod_lista": "3729.3747.3747",
  "cod_partido": "3729.3747",
  "codigo": "3729.3747.3747.9459",
  "dni": "12993865",
  "id_candidatura": "3729.3747.3747.9459",
  "id_umv": 292,
  "imagenes": [
   "3729.3747.3747.9459",
   "default_mujer",
   "default",
   "default_mujer",
   "default",
   "default_mujer",
   "default",
   "default_mujer",
   "default"
  ],
  "nombre": "DIAZ, PEDRO ANTONIO",
  "nro_orden": 1,
  "orden_absoluto": [
   24,
   68,
   67,
   5,
   1
  ],
  "secundarios": [
   "FLORES, LIDIA CAROLINA",
   "PISSONI, PABLO FERNANDO",
   "MEDINA, MERCEDES INES",
   "DIAZ, ALFREDO DANIEL",
   "DIAZ, MARIA ANGELICA",
   "CASTA\u00d1O, CARLOS EMMANUEL",
   "VILLACORTA, ELENA NATIVIDAD",
   "NARANJO, DAVID JUAN PABLO"
  ],
  "sexo": "M",
  "suplentes": [
   "GUTIERREZ, MARTA ESTELA",
   "FLORES, JULIO CESAR",
   "AVILEZ, MARTA ELISABETH",
   "DIAZ HERRERA, MATIAS MAXIMILIANO",
   "VIDAL, DEBORA MARIEL",
   "FERNANDEZ, JUAN DOMINGO"
  ]
 },
 {
  "asistida": "FLORES PAULINO",
  "cargo_ejecutivo": true,
  "clase": "Candidato",
  "cod_alianza": "3730",
  "cod_categoria": "INT",
  "cod_lista": "3730.3746.3746",
  "cod_partido": "3730.3746",
  "codigo": "3730.3746.3746.8716",
  "dni": "18247461",
  "id_candidatura": "3730.3746.3746.8716",
  "id_umv": 1418,
  "imagenes": [
   "3730.3746.3746.8716"
  ],
  "nombre": "FLORES, PAULINO",
  "nro_orden": 1,
  "orden_absoluto": [
   15,
   32,
   74,
   4,
   1
  ],
  "secundarios": [

  ],
  "sexo": "M",
  "suplentes": [

  ]
 },
 {
  "asistida": "LLANOS CLAUDIO SAMUEL",
  "cargo_ejecutivo": false,
  "clase": "Candidato",
  "cod_alianza": "3730",
  "cod_categoria": "CNJ",
  "cod_lista": "3730.3746.3746",
  "cod_partido": "3730.3746",
  "codigo": "3730.3746.3746.9027",
  "dni": "6147662",
  "id_candidatura": "3730.3746.3746.9027",
  "id_umv": 326,
  "imagenes": [
   "3730.3746.3746.9027",
   "default_mujer",
   "default",
   "default_mujer",
   "default",
   "default_mujer",
   "default",
   "default_mujer",
   "default"
  ],
  "nombre": "LLANOS, CLAUDIO SAMUEL",
  "nro_orden": 1,
  "orden_absoluto": [
   15,
   32,
   74,
   5,
   1
  ],
  "secundarios": [
   "GUERRERO MENESES, CECILIA RAQUEL",
   "MAIDANA, RODRIGO EZEQUIEL",
   "ORQUERA, TERESA ANALIA",
   "ALZOGARAY, MANUEL HORACIO",
   "DELGADO, EVA GRACIELA",
   "SUAREZ, RUBEN ERNESTO",
   "CORVALAN, GLORIA DEL VALLE",
   "CARDOZO, JORGE ALBERTO"
  ],
  "sexo": "M",
  "suplentes": [
   "GUERRERO, NATALIA LAURA",
   "MARTINEZ, JOSE ALBERTO",
   "FLORES GUTIERREZ, PAOLA MARCELA",
   "RUIZ, MATIAS FERNANDO",
   "AGUIRRE, QUINTINA",
   "AVILES, JULIO CESAR",
   "LLANOS, ALEJANDRA MARIELA",
   "ALVAREZ, PEDRO JESUS"
  ]
 },
 {
  "asistida": "SANCHEZ JUAN EDUARDO",
  "cargo_ejecutivo": false,
  "clase": "Candidato",
  "cod_alianza": "3730",
  "cod_categoria": "CNJ",
  "cod_lista": "3730.461.461",
  "cod_partido": "3730.461",
  "codigo": "3730.461.461.11677",
  "dni": "10842915",
  "id_candidatura": "3730.461.461.11677",
  "id_umv": 346,
  "imagenes": [
   "3730.461.461.11677",
   "default_mujer",
   "default",
   "default_mujer",
   "default",
   "default_mujer",
   "default",
   "default_mujer",
   "default"
  ],
  "nombre": "SANCHEZ, JUAN EDUARDO",
  "nro_orden": 1,
  "orden_absoluto": [
   15,
   19,
   11,
   5,
   1
  ],
  "secundarios": [
   "AVILEZ, MARCELA ELIZABETH",
   "CABANA, MARIO",
   "LEDESMA, LAURA FRANCISCA",
   "ALBINO, RENEE ALBERTO",
   "JURADO, IRMA CANDELARIA",
   "FRANCO, LUCAS RUBEN",
   "PIZARRO, VALENTINA INES",
   "SANCHEZ, REYNALDO CELESTINO"
  ],
  "sexo": "M",
  "suplentes": [
   "VELAZQUEZ MIRANDA, SOFIA JULIETA",
   "FAUNDEZ, CRISTIAN NICOLAS",
   "CARDOZO, GABRIELA DEL HUERTO",
   "CHAILE, LEONARDO MAURO NAHUEL",
   "SANCHEZ, VICTORIA NATALIA",
   "PIZARRO, ENRIQUE RODOLFO",
   "SANCHEZ, CINTIA PAOLA",
   "AVILA, JORGE ADRIAN"
  ]
 },
 {
  "asistida": "ROMANO SILVIA DEL VALLE",
  "cargo_ejecutivo": true,
  "clase": "Candidato",
  "cod_alianza": "3731",
  "cod_categoria": "INT",
  "cod_lista": "3731.3743.3743",
  "cod_partido": "3731.3743",
  "codigo": "3731.3743.3743.8019",
  "dni": "17133639",
  "id_candidatura": "3731.3743.3743.8019",
  "id_umv": 1445,
  "imagenes": [
   "3731.3743.3743.8019"
  ],
  "nombre": "ROMANO, SILVIA DEL VALLE",
  "nro_orden": 1,
  "orden_absoluto": [
   10,
   22,
   68,
   4,
   1
  ],
  "secundarios": [

  ],
  "sexo": "F",
  "suplentes": [

  ]
 },
 {
  "asistida": "HOME GUSTAVO ANDR\u00c9S",
  "cargo_ejecutivo": false,
  "clase": "Candidato",
  "cod_alianza": "3731",
  "cod_categoria": "CNJ",
  "cod_lista": "3731.3743.3743",
  "cod_partido": "3731.3743",
  "codigo": "3731.3743.3743.8352",
  "dni": "30662297",
  "id_candidatura": "3731.3743.3743.8352",
  "id_umv": 380,
  "imagenes": [
   "3731.3743.3743.8352",
   "default_mujer",
   "default",
   "default_mujer",
   "default",
   "default_mujer",
   "default",
   "default_mujer",
   "default"
  ],
  "nombre": "HOME, GUSTAVO ANDRES",
  "nro_orden": 1,
  "orden_absoluto": [
   10,
   22,
   68,
   5,
   1
  ],
  "secundarios": [
   "CONDORI, VILMA ESTER",
   "AVALOS, EDUARDO ERNESTO",
   "CHAPARRO, AGUSTINA SELENE",
   "LIZONDO, CARLOS MARTIN",
   "VERAGUA, TELMA YOLANDA",
   "BARRIONUEVO, JOSE GABRIEL",
   "VEGA, NELDA NORMA",
   "FLORES, LEONARDO ALEJO"
  ],
  "sexo": "M",
  "suplentes": [
   "RIOJA, ANTONIA GLADYS",
   "SANCHEZ, JORGE VICTORINO",
   "PARRA VEGA, MARIA CECILIA",
   "GAMBOA, CARLOS MIGUEL",
   "LOBO, GENOVEVA ISABEL",
   "VILCA, MARCO ANTONIO"
  ]
 },
 {
  "asistida": "LOPEZ JORGE DANTE",
  "cargo_ejecutivo": true,
  "clase": "Candidato",
  "cod_alianza": "3732",
  "cod_categoria": "INT",
  "cod_lista": "3732.3740.3740",
  "cod_partido": "3732.3740",
  "codigo": "3732.3740.3740.6972",
  "dni": "14127840",
  "id_candidatura": "3732.3740.3740.6972",
  "id_umv": 1458,
  "imagenes": [
   "3732.3740.3740.6972"
  ],
  "nombre": "LOPEZ, JORGE DANTE",
  "nro_orden": 1,
  "orden_absoluto": [
   7,
   18,
   73,
   4,
   1
  ],
  "secundarios": [

  ],
  "sexo": "M",
  "suplentes": [

  ]
 },
 {
  "asistida": "REINOSO DIEGO RICARDO",
  "cargo_ejecutivo": false,
  "clase": "Candidato",
  "cod_alianza": "3732",
  "cod_categoria": "CNJ",
  "cod_lista": "3732.3740.3740",
  "cod_partido": "3732.3740",
  "codigo": "3732.3740.3740.7126",
  "dni": "33964866",
  "id_candidatura": "3732.3740.3740.7126",
  "id_umv": 393,
  "imagenes": [
   "3732.3740.3740.7126",
   "default_mujer",
   "default",
   "default_mujer",
   "default",
   "default_mujer",
   "default",
   "default_mujer",
   "default"
  ],
  "nombre": "REINOSO, DIEGO RICARDO",
  "nro_orden": 1,
  "orden_absoluto": [
   7,
   18,
   73,
   5,
   1
  ],
  "secundarios": [
   "CHOPA, MARIELA KARINA",
   "DIAZ, OSCAR JOSE",
   "TORRES ALAVILA, SORAYA ELIZABETH",
   "ZARATE, VICTOR FRANCISCO",
   "ALARCON, LOURDES MARLENE",
   "INSAURRALDE VALDEZ, MARIO",
   "TAPIA, MARINA ELISABETH",
   "FERNANDEZ, FERNANDO EUSEBIO"
  ],
  "sexo": "M",
  "suplentes": [
   "RAMOS, GLADYS ANTONIA",
   "TOLABA, LEANDRO GABRIEL",
   "PAREDES RESINA, MARIA ESTHER",
   "SEGOVIA CHOQUE, OSCAR DARIO",
   "CRUZ, ZULEMA ARGENTINA",
   "FLORES, WALTER DANIEL",
   "MARTINEZ, RUTH VICTORIA CLARIBEL",
   "ZARATE, JOSE CRISTIAN",
   "CASTILLO, MAIRA DANIELA"
  ]
 },
 {
  "asistida": "NIEVA FRANCISCO EMANUEL",
  "cargo_ejecutivo": false,
  "clase": "Candidato",
  "cod_alianza": "3733",
  "cod_categoria": "CNJ",
  "cod_lista": "3733.10.10",
  "cod_partido": "3733.10",
  "codigo": "3733.10.10.252",
  "dni": "33140048",
  "id_candidatura": "3733.10.10.252",
  "id_umv": 408,
  "imagenes": [
   "3733.10.10.252",
   "default_mujer",
   "default",
   "default_mujer",
   "default",
   "default_mujer",
   "default",
   "default_mujer",
   "default"
  ],
  "nombre": "NIEVA, FRANCISCO EMANUEL",
  "nro_orden": 1,
  "orden_absoluto": [
   11,
   51,
   4,
   5,
   1
  ],
  "secundarios": [
   "ALVARADO, EUGENIA SOLEDAD",
   "BENITEZ, DANIEL EMILIANO",
   "MAMANI, MABEL ALEJANDRA",
   "FLEITA, CARLOS IVAN",
   "DOMENICHELLI, GIULIANA ANTONELLA",
   "CHAILE, SERGIO RENE",
   "GALLARDO, ANALY MARISOL",
   "MICHEL, LEONARDO MANUEL"
  ],
  "sexo": "M",
  "suplentes": [
   "QUISPE, SUSANA BEATRIZ",
   "NIEVA, DANIEL ALEJANDRO",
   "GARZON, RUTH ELIANA",
   "CALVO, FACUNDO JOSE MARIA",
   "NEGRETTI, CARLA PAMELA",
   "MEDINA, JUAN RICARDO",
   "CARDOZO, MARIA DE LOS ANGELES",
   "NAVARRO, OSFALDO OMAR",
   "TOLABA, MARIA JESUS"
  ]
 },
 {
  "asistida": "PIST\u00c1N ANTONIO EDGAR",
  "cargo_ejecutivo": false,
  "clase": "Candidato",
  "cod_alianza": "3733",
  "cod_categoria": "CNJ",
  "cod_lista": "3733.1861.1861",
  "cod_partido": "3733.1861",
  "codigo": "3733.1861.1861.1578",
  "dni": "22530864",
  "id_candidatura": "3733.1861.1861.1578",
  "id_umv": 431,
  "imagenes": [
   "3733.1861.1861.1578",
   "default_mujer",
   "default",
   "default_mujer",
   "default",
   "default_mujer",
   "default",
   "default_mujer",
   "default"
  ],
  "nombre": "PISTAN, ANTONIO EDGAR",
  "nro_orden": 1,
  "orden_absoluto": [
   11,
   55,
   13,
   5,
   1
  ],
  "secundarios": [
   "FERNANDEZ, MARIANA DEL VALLE",
   "VELIZ, BENJAMIN ISMAEL",
   "FERNANDEZ, GLORIA ISABEL",
   "CESPEDES, ALFREDO JESUS",
   "VILCA, ANALIA ALEJANDRA",
   "SANCHEZ, TOMAS MARINO",
   "HELGUERA, MONICA CAROLINA",
   "ZELAYA, JUSTINIANO"
  ],
  "sexo": "M",
  "suplentes": [
   "MARTINEZ, MARTA INES",
   "LOPEZ SIUFFI, FEDERICO ESTEBAN",
   "VILTE, SILVIA DEL VALLE",
   "LUNA, NESTOR FABIAN",
   "SALINAS, ELEONORA DAIANA",
   "RAMIREZ, ROBERTO DANIEL",
   "SINGH, MARISOL DEL VALLE",
   "ALARCON, TEOFILO",
   "ROMERO, FABIANA VERONICA"
  ]
 },
 {
  "asistida": "ROSSO CARLOS ALBERTO",
  "cargo_ejecutivo": true,
  "clase": "Candidato",
  "cod_alianza": "3733",
  "cod_categoria": "INT",
  "cod_lista": "3733.1862.1862",
  "cod_partido": "3733.1862",
  "codigo": "3733.1862.1862.1626",
  "dni": "29303556",
  "id_candidatura": "3733.1862.1862.1626",
  "id_umv": 1479,
  "imagenes": [
   "3733.1862.1862.1626"
  ],
  "nombre": "ROSSO, CARLOS \u201cKETY\u201d",
  "nro_orden": 1,
  "orden_absoluto": [
   11,
   63,
   14,
   4,
   1
  ],
  "secundarios": [

  ],
  "sexo": "M",
  "suplentes": [

  ]
 },
 {
  "asistida": "GASPAR CLAUDIA ALEJANDRA",
  "cargo_ejecutivo": false,
  "clase": "Candidato",
  "cod_alianza": "3733",
  "cod_categoria": "CNJ",
  "cod_lista": "3733.1862.1862",
  "cod_partido": "3733.1862",
  "codigo": "3733.1862.1862.2034",
  "dni": "27176585",
  "id_candidatura": "3733.1862.1862.2034",
  "id_umv": 466,
  "imagenes": [
   "3733.1862.1862.2034",
   "default",
   "default_mujer",
   "default",
   "default_mujer",
   "default",
   "default_mujer",
   "default",
   "default_mujer"
  ],
  "nombre": "GASPAR, CLAUDIA ALEJANDRA",
  "nro_orden": 1,
  "orden_absoluto": [
   11,
   63,
   14,
   5,
   1
  ],
  "secundarios": [
   "SORIANO, FACUNDO EXEQUIEL",
   "LUNA, FRANCISCA CARMEN",
   "HERRERA VELAZQUEZ, DIEGO LUIS",
   "PINTO, ANA GABRIELA",
   "TABOADA, PEDRO ANGEL",
   "DIAZ, MARTA DEL VALLE",
   "GALLARDO, JOSE IGNACIO",
   "VILLA PAEZ, ESTHER LILIANA"
  ],
  "sexo": "F",
  "suplentes": [
   "JIMENEZ, RAUL ALFREDO",
   "MAMANI, NATALIA MAGDALENA",
   "SANTILLAN, LUIS ALBERTO",
   "GUAREZ ZERPA, VERONICA AMALIA",
   "VELAZQUEZ, JOSE ARMANDO",
   "GONZALEZ, YAMILA ROCIO",
   "PASTRANA, MAICO EMMANUEL",
   "CHIRI, ROXANA ANALIA BEATRIZ"
  ]
 },
 {
  "asistida": "CHOZA K\u00c9VIN FABI\u00c1N",
  "cargo_ejecutivo": false,
  "clase": "Candidato",
  "cod_alianza": "3733",
  "cod_categoria": "CNJ",
  "cod_lista": "3733.1869.1869",
  "cod_partido": "3733.1869",
  "codigo": "3733.1869.1869.2446",
  "dni": "38265872",
  "id_candidatura": "3733.1869.1869.2446",
  "id_umv": 494,
  "imagenes": [
   "3733.1869.1869.2446",
   "default_mujer",
   "default",
   "default_mujer",
   "default",
   "default_mujer",
   "default",
   "default_mujer",
   "default"
  ],
  "nombre": "CHOZA, KEVIN FABIAN",
  "nro_orden": 1,
  "orden_absoluto": [
   11,
   67,
   15,
   5,
   1
  ],
  "secundarios": [
   "GOMEZ, MARIA JULIETA",
   "AVALOS, EVER NATAN",
   "LUCAS, PAOLA IVANA",
   "PALACIO, FERNANDO SEGUNDO RAMIRO",
   "FAUNDEZ RODRIGUEZ, LILIAN",
   "LOBO, LUIS ATILIO",
   "FARFAN, CAMILA FERNANDA",
   "VILCA, CARLOS ALEXANDER"
  ],
  "sexo": "M",
  "suplentes": [
   "LOBO ALFIERI, LOANA GUILLERMINA",
   "RADIMAK, MATIAS ALEXIS",
   "FRANSES, CELESTE LORENA",
   "SANCHEZ, ALEXIS LEONEL",
   "FAUNDEZ RODRIGUEZ, MARIA",
   "CRESPIN, RAMON ALEJANDRO",
   "GUERRA, PATRICIA MARIELA",
   "CARRANQUE, ALDO NELSON",
   "ALFIERI, SARA ANGELA"
  ]
 },
 {
  "asistida": "QUINTEROS DANIEL ALFREDO",
  "cargo_ejecutivo": false,
  "clase": "Candidato",
  "cod_alianza": "3733",
  "cod_categoria": "CNJ",
  "cod_lista": "3733.2625.2625",
  "cod_partido": "3733.2625",
  "codigo": "3733.2625.2625.4325",
  "dni": "22530924",
  "id_candidatura": "3733.2625.2625.4325",
  "id_umv": 512,
  "imagenes": [
   "3733.2625.2625.4325",
   "default_mujer",
   "default",
   "default_mujer",
   "default",
   "default_mujer",
   "default",
   "default_mujer",
   "default"
  ],
  "nombre": "QUINTEROS, \u201cKUKI\u201d DANIEL ALFREDO",
  "nro_orden": 1,
  "orden_absoluto": [
   11,
   50,
   62,
   5,
   1
  ],
  "secundarios": [
   "PAZ, NOEMI KARINA",
   "JORDAN, DANIEL GUSTAVO",
   "VELIZ, MIRTA OFELIA",
   "AVILA, RICARDO REYNALDO",
   "CORVALAN, BLANCA LILIANA",
   "ARIAS, ATILIO FEDERICO",
   "DIAZ, MABEL DEL CARMEN",
   "VALLEJO, JOSE MANUEL"
  ],
  "sexo": "M",
  "suplentes": [
   "HERNANDEZ, NOEMI ROSA DEL VALLE",
   "NAVARRO, SERGIO JOAQUIN",
   "AMARILLA, SARA ESTER",
   "FRIAS, CLAUDIO FRANCISCO",
   "MEDINA, CECILIA ALEJANDRA",
   "COLQUE, RUBEN DEL VALLE",
   "PAZ, ELIZABETH LILIANA",
   "CALISAYA, CALIXTO ALBERTO",
   "MIRANDA, VERONICA ELIZABETH"
  ]
 },
 {
  "asistida": "RODR\u00cdGUEZ LUCAS MAXIMILI\u00c1NO",
  "cargo_ejecutivo": false,
  "clase": "Candidato",
  "cod_alianza": "3733",
  "cod_categoria": "CNJ",
  "cod_lista": "3733.2627.2627",
  "cod_partido": "3733.2627",
  "codigo": "3733.2627.2627.4840",
  "dni": "35556432",
  "id_candidatura": "3733.2627.2627.4840",
  "id_umv": 536,
  "imagenes": [
   "3733.2627.2627.4840",
   "default_mujer",
   "default",
   "default_mujer",
   "default",
   "default_mujer",
   "default",
   "default_mujer",
   "default"
  ],
  "nombre": "RODRIGUEZ, LUCAS MAXIMILIANO",
  "nro_orden": 1,
  "orden_absoluto": [
   11,
   72,
   20,
   5,
   1
  ],
  "secundarios": [
   "GONZALEZ, ANA MARIA",
   "LUNA, JORGE LUIS",
   "VALDIVIEZO, JESICA DAIANA",
   "AGUILERA, JOSE ANTONIO",
   "FRANCO, MIRTA NOEMI",
   "ONTIVEROS, MARIANO GUSTAVO",
   "VILLA, NOELIA SOLEDAD",
   "ARIAS, MIGUEL ARMANDO RAMON"
  ],
  "sexo": "M",
  "suplentes": [
   "DIAZ, PAOLA ALEJANDRA",
   "VILLALBA, JULIO ANTONIO ISIDRO",
   "COMOGLIO, JIMENA NAHIR",
   "FERNANDEZ, RENE ALSIDES",
   "VERA, FATIMA DEL MILAGRO",
   "CORONEL, SERGIO FERNANDO",
   "JIMENEZ, MARIELA NOEMI",
   "REYNOSO, ENRIQUE ADOLFO",
   "LOBO, MARIA ROSA"
  ]
 },
 {
  "asistida": "ORD\u00d3\u00d1EZ NELSON RUB\u00c9N",
  "cargo_ejecutivo": false,
  "clase": "Candidato",
  "cod_alianza": "3733",
  "cod_categoria": "CNJ",
  "cod_lista": "3733.38.38",
  "cod_partido": "3733.38",
  "codigo": "3733.38.38.9970",
  "dni": "22253022",
  "id_candidatura": "3733.38.38.9970",
  "id_umv": 574,
  "imagenes": [
   "3733.38.38.9970",
   "default_mujer",
   "default",
   "default_mujer",
   "default",
   "default_mujer",
   "default",
   "default_mujer",
   "default"
  ],
  "nombre": "ORDO\u00d1EZ, NELSON RUBEN",
  "nro_orden": 1,
  "orden_absoluto": [
   11,
   65,
   5,
   5,
   1
  ],
  "secundarios": [
   "TAPIA, RITA MARCELA",
   "LAGUNA, ROBERTO ALEJANDRO",
   "TOLABA, EMILSE MICAELA",
   "VARELA, SERGIO MATIAS ALEJANDRO",
   "CHAILE, CANDELA CELENA",
   "FLORES, ARMANDO RUBEN",
   "DIAZ, SABRINA ELISABETH",
   "RODRIGUEZ, MARTIN ALEJANDRO"
  ],
  "sexo": "M",
  "suplentes": [
   "CASAL, DANIELA FERNANDA",
   "LAGUNA, GABRIEL ALEJANDRO",
   "DIAZ, SILVIA ELISABETH",
   "LAGUNA, ALVARO EZEQUIEL",
   "NEGRETTI, SILVIA MIRTHA",
   "AVILA, ROQUE DEL VALLE",
   "RENGIFO, NORMA BEATRIZ"
  ]
 },
 {
  "asistida": "BARRIONUEVO NORA \u00c9RICA",
  "cargo_ejecutivo": false,
  "clase": "Candidato",
  "cod_alianza": "3735",
  "cod_categoria": "CNJ",
  "cod_lista": "3735.15.15",
  "cod_partido": "3735.15",
  "codigo": "3735.15.15.1146",
  "dni": "23392293",
  "id_candidatura": "3735.15.15.1146",
  "id_umv": 591,
  "imagenes": [
   "3735.15.15.1146",
   "default",
   "default_mujer",
   "default",
   "default_mujer",
   "default",
   "default_mujer",
   "default",
   "default_mujer"
  ],
  "nombre": "BARRIONUEVO, NORA ERICA",
  "nro_orden": 1,
  "orden_absoluto": [
   12,
   59,
   1,
   5,
   1
  ],
  "secundarios": [
   "CHAPARRO, JOSE ALEJANDRO",
   "DE PAUL, SILVINA PATRICIA",
   "UNCOS, JOSE NICOLAS",
   "VALLEJO, ROMINA DANIELA PAMELA",
   "COLQUE, PEDRO SEBASTIAN",
   "SOTO, SOLEDAD CARMEN ROSA",
   "SOTO, GONZALO ADOLFO DEL VALLE",
   "FARFAN, MARIELA VIRGINIA"
  ],
  "sexo": "F",
  "suplentes": [
   "BARRIONUEVO, RODOLFO GUIDO",
   "ROMAN, LORENA DE LOS ANGELES",
   "ORTIZ, EZEQUIEL AGUSTIN",
   "MEJIAS, EMILSE MARIANELA",
   "CASTRO, FEDERICO JESUS",
   "FARFAN, RITA DANIELA",
   "RODRIGUEZ, DARDO HERNAN",
   "BARRIONUEVO, ANDREA DEL VALLE",
   "APUD, FABIO ROLANDO"
  ]
 },
 {
  "asistida": "CHOR\u00d3LQUE FERNANDO",
  "cargo_ejecutivo": false,
  "clase": "Candidato",
  "cod_alianza": "3735",
  "cod_categoria": "CNJ",
  "cod_lista": "3735.1873.1873",
  "cod_partido": "3735.1873",
  "codigo": "3735.1873.1873.2950",
  "dni": "16554623",
  "id_candidatura": "3735.1873.1873.2950",
  "id_umv": 637,
  "imagenes": [
   "3735.1873.1873.2950",
   "default_mujer",
   "default",
   "default_mujer",
   "default",
   "default_mujer",
   "default",
   "default_mujer",
   "default"
  ],
  "nombre": "CHOROLQUE, FERNANDO",
  "nro_orden": 1,
  "orden_absoluto": [
   12,
   56,
   80,
   5,
   1
  ],
  "secundarios": [
   "CAUCOTA, SANDRA ISABEL",
   "CHUNGARA, HUGO",
   "FLORES, ANGELICA FERNANDA",
   "MENDOZA, EULOGIO DAVID",
   "ARQUIZA, ANDREA MERCEDES SOLEDAD",
   "LUCCAS, PAULO FEDERICO ALBANO",
   "LANDIVISNAY, PURIFICACIONA",
   "TAPIA, VICTOR HUGO"
  ],
  "sexo": "M",
  "suplentes": [
   "CHOROLQUE, LAURA GABRIELA",
   "CARRIZO, CESAR ALBERTO",
   "PAREDES, NORMA BEATRIZ",
   "MAMANI, GUSTAVO JAVIER",
   "ZAMBRANO, OLGA SUZANA"
  ]
 },
 {
  "asistida": "ROBLES JUAN PABLO \"JUAMPY\"",
  "cargo_ejecutivo": false,
  "clase": "Candidato",
  "cod_alianza": "3735",
  "cod_categoria": "CNJ",
  "cod_lista": "3735.208.208",
  "cod_partido": "3735.208",
  "codigo": "3735.208.208.3369",
  "dni": "29467552",
  "id_candidatura": "3735.208.208.3369",
  "id_umv": 668,
  "imagenes": [
   "3735.208.208.3369",
   "default_mujer",
   "default",
   "default_mujer",
   "default",
   "default_mujer",
   "default",
   "default_mujer",
   "default"
  ],
  "nombre": "ROBLES, JUAN PABLO \u201cJUAMPY\u201d",
  "nro_orden": 1,
  "orden_absoluto": [
   12,
   41,
   7,
   5,
   1
  ],
  "secundarios": [
   "BARRIONUEVO, CLAUDIA ALEJANDRAA",
   "SALCEDO, PEDRO FRANCISCO",
   "CARDOZO, VALERIA SOLEDAD",
   "NIEVA, GERARDO DARIO",
   "HERRERA, JOANA ROXANA",
   "ANDRIJAS TOLEDO, SERGIO DAVID",
   "QUIROGA, CARLA PAMELA",
   "FERNANDEZ, MARCOS JOSE"
  ],
  "sexo": "M",
  "suplentes": [
   "ACOSTA, ESTELA MABEL",
   "SALVATIERRA, MATIAS GERARDO",
   "ROJAS, LUCIANA MARIEL GUADALUPE",
   "VILCA, RODRIGO EMMANUEL MATIAS",
   "RODRIGUEZ, EUGENIA MICAELA",
   "FARFAN OCAMPO, ENRIQUE ABEL",
   "FLORES, MONICA MARIEL",
   "RIOS, ANGEL GABRIEL"
  ]
 },
 {
  "asistida": "P\u00c9REZ STELLA M\u00c1RIS",
  "cargo_ejecutivo": false,
  "clase": "Candidato",
  "cod_alianza": "3735",
  "cod_categoria": "CNJ",
  "cod_lista": "3735.32.32",
  "cod_partido": "3735.32",
  "codigo": "3735.32.32.5276",
  "dni": "33474088",
  "id_candidatura": "3735.32.32.5276",
  "id_umv": 702,
  "imagenes": [
   "3735.32.32.5276",
   "default",
   "default_mujer",
   "default",
   "default_mujer",
   "default",
   "default_mujer",
   "default",
   "default_mujer"
  ],
  "nombre": "PEREZ, STELLA MARIS",
  "nro_orden": 1,
  "orden_absoluto": [
   12,
   46,
   63,
   5,
   1
  ],
  "secundarios": [
   "ROMAN, ABEL ALEJANDRO",
   "GORDILLO, MONICA ANTONIA",
   "GOMEZ, MATIAS GERONIMO",
   "GONZA, LAURA ANDREA",
   "MARYNCAK LAZARTE, RODRIGO",
   "LOPEZ, MARIA DEL CARMEN",
   "CUEVAS, ELBIO NELSON",
   "CARDOZO, NILDA MARIA"
  ],
  "sexo": "F",
  "suplentes": [
   "VILCA, ANTONIO MARIANO",
   "CORONEL, NILDA GABRIELA",
   "BRITO, MAURO CESAR",
   "MAGNELLI, MARIA GRACIELA",
   "VILLAGRA, JOSE LUIS",
   "BALDIVIEZO, GRACIELA FABIANA",
   "CUEVAS, MAURICIO NICOLAS",
   "VECELLIO, GRACIELA INES",
   "DE LOS RIOS, MARIO FACUNDO"
  ]
 },
 {
  "asistida": "FONRODONA CINTIA DAIANA",
  "cargo_ejecutivo": false,
  "clase": "Candidato",
  "cod_alianza": "3735",
  "cod_categoria": "CNJ",
  "cod_lista": "3735.3650.3650",
  "cod_partido": "3735.3650",
  "codigo": "3735.3650.3650.6053",
  "dni": "28096521",
  "id_candidatura": "3735.3650.3650.6053",
  "id_umv": 741,
  "imagenes": [
   "3735.3650.3650.6053",
   "default",
   "default_mujer",
   "default",
   "default_mujer",
   "default",
   "default_mujer",
   "default",
   "default_mujer"
  ],
  "nombre": "FONRODONA, CINTIA DAIANA",
  "nro_orden": 1,
  "orden_absoluto": [
   12,
   66,
   23,
   5,
   1
  ],
  "secundarios": [
   "ROSALES, LUIS OSCAR",
   "AVELLANEDA, FLORENCIA SOL ANALIA",
   "QUIPILDOR, MAXIMO CONCEPCION",
   "VALLEJO, INES EMILSE ROMINA",
   "ROJAS, LUIS ANGEL",
   "MENDOZA, JIMENA VANESA DEL VALLE",
   "VILTE, DIEGO ARMANDO",
   "RONVEAUX, ALEJANDRA BEATRIZ"
  ],
  "sexo": "F",
  "suplentes": [
   "DIAZ, HECTOR ALDO",
   "ROSALES, FLORENCIA ESTHER",
   "MENDOZA, LUIS AUGUSTO",
   "FONRODONA, MARIA NOELIA",
   "MOYANO, GUSTAVO ADOLFO",
   "CORONEL, IVANA CARINA DEL VALLE",
   "REYES, MARIO CEFERINO",
   "MENDEZ, REBECA ELISABETH",
   "MENDOZA, SEBASTIAN ABEL"
  ]
 },
 {
  "asistida": "SALVATIERRA SERGIO EZEQUIEL",
  "cargo_ejecutivo": true,
  "clase": "Candidato",
  "cod_alianza": "3735",
  "cod_categoria": "INT",
  "cod_lista": "3735.3745.3745",
  "cod_partido": "3735.3745",
  "codigo": "3735.3745.3745.8605",
  "dni": "32687713",
  "id_candidatura": "3735.3745.3745.8605",
  "id_umv": 1567,
  "imagenes": [
   "3735.3745.3745.8605"
  ],
  "nombre": "SALVATIERRA, SERGIO EZEQUIEL",
  "nro_orden": 1,
  "orden_absoluto": [
   12,
   25,
   70,
   4,
   1
  ],
  "secundarios": [

  ],
  "sexo": "M",
  "suplentes": [

  ]
 },
 {
  "asistida": "RODR\u00cdGUEZ JUAN MART\u00cdN",
  "cargo_ejecutivo": false,
  "clase": "Candidato",
  "cod_alianza": "3735",
  "cod_categoria": "CNJ",
  "cod_lista": "3735.4.4",
  "cod_partido": "3735.4",
  "codigo": "3735.4.4.10584",
  "dni": "27455018",
  "id_candidatura": "3735.4.4.10584",
  "id_umv": 798,
  "imagenes": [
   "3735.4.4.10584",
   "default_mujer",
   "default",
   "default_mujer",
   "default",
   "default_mujer",
   "default",
   "default_mujer",
   "default"
  ],
  "nombre": "RODRIGUEZ, JUAN MARTIN",
  "nro_orden": 1,
  "orden_absoluto": [
   12,
   58,
   6,
   5,
   1
  ],
  "secundarios": [
   "ROMERO, MARIA DEL VALLE",
   "ROYANO, RUBEN DARIO",
   "BARRIONUEVO, SILVIA LORENA",
   "BALMACEDA, EMMANUEL RUBEN",
   "GRA\u00d1A, CINTIA ISABEL ESTEFANIA",
   "CARDOZO, LUIS RAFAEL",
   "FERNANDEZ, NANCY MARIA",
   "TOLABA, RENE ROLANDO"
  ],
  "sexo": "M",
  "suplentes": [
   "PARDO LOPEZ, ISABEL",
   "FARFAN ROJAS, MARIO FRANCO",
   "ESCUDERO, VERONICA ELIZABETH",
   "RAMOS, OSVALDO HUMBERTO",
   "LOPEZ, CLAUDIA DEL CARMEN",
   "PALACIO, HEBER ANGEL",
   "QUINTERO, ROSANA PATRICIA",
   "BALMACEDA, ANTONIO IVAN"
  ]
 },
 {
  "asistida": "ZARZA CRISTIAN ALBERTO",
  "cargo_ejecutivo": false,
  "clase": "Candidato",
  "cod_alianza": "3735",
  "cod_categoria": "CNJ",
  "cod_lista": "3735.460.460",
  "cod_partido": "3735.460",
  "codigo": "3735.460.460.11506",
  "dni": "23842159",
  "id_candidatura": "3735.460.460.11506",
  "id_umv": 838,
  "imagenes": [
   "3735.460.460.11506",
   "default_mujer",
   "default",
   "default_mujer",
   "default",
   "default_mujer",
   "default",
   "default_mujer",
   "default"
  ],
  "nombre": "ZARZA, CRISTIAN ALBERTO",
  "nro_orden": 1,
  "orden_absoluto": [
   12,
   23,
   10,
   5,
   1
  ],
  "secundarios": [
   "CORDOBA, RITA LUCRECIA",
   "CHOQUE, ELVIO EXEQUIEL",
   "CHAPARRO, LILIANA SOLEDAD",
   "HERRERA, FABIAN EMMANUEL",
   "CEJAS, JUDITH DE LOS ANGELES",
   "FERNANDEZ, JUAN MARCELO",
   "CHOQUE, FERNANDA BELEN ARACELLI",
   "MARTINEZ, MARCELO ALEJANDRO"
  ],
  "sexo": "M",
  "suplentes": [
   "AJAYA, ELIZABET ADRIANA",
   "VACA DIEZ, DAVID EXEQUIEL",
   "SORIA, RITA DANIELA",
   "DIAZ, MIGUEL ANGEL",
   "ARIAS MENDOZA, MARIANA ITATI",
   "CRUZ, AGUSTIN JOSE MARIANO",
   "ROBLEDO, ROMINA ELISABETH",
   "MAMANI, ADRIAN ALEJANDRO"
  ]
 },
 {
  "asistida": "VASQUEZ Debora KARINA",
  "cargo_ejecutivo": true,
  "clase": "Candidato",
  "cod_alianza": "685",
  "cod_categoria": "INT",
  "cod_lista": "685.685.685",
  "cod_partido": "685.685",
  "codigo": "685.685.685.12041",
  "dni": "25207944",
  "id_candidatura": "685.685.685.12041",
  "id_umv": 1623,
  "imagenes": [
   "685.685.685.12041"
  ],
  "nombre": "VASQUEZ, DEVORA KARINA",
  "nro_orden": 1,
  "orden_absoluto": [
   14,
   30,
   78,
   4,
   1
  ],
  "secundarios": [

  ],
  "sexo": "F",
  "suplentes": [

  ]
 },
 {
  "asistida": "Chiliguay CARLOS ALBERTO",
  "cargo_ejecutivo": false,
  "clase": "Candidato",
  "cod_alianza": "685",
  "cod_categoria": "CNJ",
  "cod_lista": "685.685.685",
  "cod_partido": "685.685",
  "codigo": "685.685.685.12164",
  "dni": "14127910",
  "id_candidatura": "685.685.685.12164",
  "id_umv": 849,
  "imagenes": [
   "685.685.685.12164",
   "default_mujer",
   "default",
   "default_mujer",
   "default",
   "default_mujer",
   "default",
   "default_mujer",
   "default"
  ],
  "nombre": "CHILIGUAY, CARLOS ALBERTO",
  "nro_orden": 1,
  "orden_absoluto": [
   14,
   30,
   78,
   5,
   1
  ],
  "secundarios": [
   "MAMANI, NANCY GRACIELA",
   "CADENA, JOSE ALBERTO",
   "LOPEZ, SANDRA BELEN",
   "FERNANDEZ, CRISTIAN GUSTAVO",
   "SEGURA, NANCY ALEJANDRA",
   "APARICIO, FABIO DANIEL",
   "GODOY, CLAUDIA ELIZABET",
   "PANTOJA, ENRIQUE FABIAN"
  ],
  "sexo": "M",
  "suplentes": [
   "SANTILLAN, YANINA JUDITH",
   "SORIA, DAVID REYNALDO",
   "FARFAN, RITA LORENA",
   "ARENAS, JOEL DAVID",
   "MAMANI, SILVIA GLADYS",
   "HUMACATA GODOY, ADRIAN GABRIEL",
   "QUIROGA MAIDANA, DEBORA BELEN",
   "CHILIGUAY, RAUL ISMAEL",
   "CRUZ, MARCELA DEL CARMEN"
  ]
 },
 {
  "asistida": "Voto en BLANCO",
  "cargo_ejecutivo": false,
  "clase": "Blanco",
  "cod_categoria": "CNJ",
  "cod_lista": "",
  "codigo": "BLC",
  "id_candidatura": "BLC",
  "id_umv": 884,
  "imagenes": [
   "BLC"
  ],
  "nombre": "Voto en BLANCO",
  "nro_orden": 5,
  "orden_absoluto": [
   994,
   5
  ],
  "secundarios": [

  ],
  "sexo": null,
  "suplentes": [

  ]
 },
 {
  "asistida": "Voto en BLANCO",
  "cargo_ejecutivo": true,
  "clase": "Blanco",
  "cod_categoria": "INT",
  "cod_lista": "",
  "codigo": "BLC",
  "id_candidatura": "BLC",
  "id_umv": 1658,
  "imagenes": [
   "BLC"
  ],
  "nombre": "Voto en BLANCO",
  "nro_orden": 4,
  "orden_absoluto": [
   994,
   4
  ],
  "secundarios": [

  ],
  "sexo": null,
  "suplentes": [

  ]
 },
 {
  "asistida": "Votos IMPUGNADOS",
  "cargo_ejecutivo": false,
  "clase": "Especial",
  "cod_categoria": "CNJ",
  "cod_lista": "",
  "codigo": "IMP",
  "id_candidatura": "IMP",
  "id_umv": 944,
  "nombre": "Votos IMPUGNADOS",
  "nro_orden": 5,
  "orden_absoluto": [
   995,
   5
  ],
  "secundarios": [

  ],
  "sexo": null,
  "suplentes": [

  ]
 },
 {
  "asistida": "Votos IMPUGNADOS",
  "cargo_ejecutivo": true,
  "clase": "Especial",
  "cod_categoria": "INT",
  "cod_lista": "",
  "codigo": "IMP",
  "id_candidatura": "IMP",
  "id_umv": 1718,
  "nombre": "Votos IMPUGNADOS",
  "nro_orden": 4,
  "orden_absoluto": [
   995,
   4
  ],
  "secundarios": [

  ],
  "sexo": null,
  "suplentes": [

  ]
 },
 {
  "asistida": "Votos OBSERVADOS",
  "cargo_ejecutivo": false,
  "clase": "Especial",
  "cod_categoria": "CNJ",
  "cod_lista": "",
  "codigo": "OBS",
  "id_candidatura": "OBS",
  "id_umv": 1004,
  "nombre": "Votos OBSERVADOS",
  "nro_orden": 5,
  "orden_absoluto": [
   996,
   5
  ],
  "secundarios": [

  ],
  "sexo": null,
  "suplentes": [

  ]
 },
 {
  "asistida": "Votos OBSERVADOS",
  "cargo_ejecutivo": true,
  "clase": "Especial",
  "cod_categoria": "INT",
  "cod_lista": "",
  "codigo": "OBS",
  "id_candidatura": "OBS",
  "id_umv": 1778,
  "nombre": "Votos OBSERVADOS",
  "nro_orden": 4,
  "orden_absoluto": [
   996,
   4
  ],
  "secundarios": [

  ],
  "sexo": null,
  "suplentes": [

  ]
 }
]