[
 {
  "asistida": "PLANES DANIELA",
  "cargo_ejecutivo": true,
  "clase": "Candidato",
  "cod_alianza": "1863",
  "cod_categoria": "GOB",
  "cod_lista": "1863.1863.1863",
  "cod_partido": "1863.1863",
  "codigo": "1863.1863.1863.2069",
  "dni": "28523544",
  "id_candidatura": "1863.1863.1863.2069",
  "id_umv": 1197,
  "imagenes": [
   "1863.1863.1863.2069",
   "default_mujer"
  ],
  "nombre": "PLANES, DANIELA",
  "nro_orden": 1,
  "orden_absoluto": [
   22,
   53,
   12,
   1,
   1
  ],
  "secundarios": [
   "TEJERINA, VERONICA"
  ],
  "sexo": "F",
  "suplentes": [

  ]
 },
 {
  "asistida": "GIL VIOLETA",
  "cargo_ejecutivo": true,
  "clase": "Candidato",
  "cod_alianza": "22",
  "cod_categoria": "GOB",
  "cod_lista": "22.22.22",
  "cod_partido": "22.22",
  "codigo": "22.22.22.3409",
  "dni": "33984630",
  "id_candidatura": "22.22.22.3409",
  "id_umv": 1198,
  "imagenes": [
   "22.22.22.3409",
   "default"
  ],
  "nombre": "GIL, VIOLETA",
  "nro_orden": 1,
  "orden_absoluto": [
   23,
   62,
   3,
   1,
   1
  ],
  "secundarios": [
   "TOLABA, ANGEL RODOLFO"
  ],
  "sexo": "F",
  "suplentes": [

  ]
 },
 {
  "asistida": "TogNolini MARCOS",
  "cargo_ejecutivo": true,
  "clase": "Candidato",
  "cod_alianza": "3625",
  "cod_categoria": "GOB",
  "cod_lista": "3625.3625.3625",
  "cod_partido": "3625.3625",
  "codigo": "3625.3625.3625.5312",
  "dni": "29336659",
  "id_candidatura": "3625.3625.3625.5312",
  "id_umv": 1199,
  "imagenes": [
   "3625.3625.3625.5312",
   "default_mujer"
  ],
  "nombre": "TOGNOLINI, MARCOS",
  "nro_orden": 1,
  "orden_absoluto": [
   21,
   43,
   21,
   1,
   1
  ],
  "secundarios": [
   "RAMOS, MIRTA ADRIANA"
  ],
  "sexo": "M",
  "suplentes": [

  ]
 },
 {
  "asistida": "ESTRADA EMILIANO RAFAEL",
  "cargo_ejecutivo": true,
  "clase": "Candidato",
  "cod_alianza": "3717",
  "cod_categoria": "GOB",
  "cod_lista": "3717.3739.3739",
  "cod_partido": "3717.3739",
  "codigo": "3717.3739.3739.6360",
  "dni": "32165256",
  "id_candidatura": "3717.3739.3739.6360",
  "id_umv": 1200,
  "imagenes": [
   "3717.3739.3739.6360",
   "default"
  ],
  "nombre": "ESTRADA, EMILIANO",
  "nro_orden": 1,
  "orden_absoluto": [
   6,
   17,
   64,
   1,
   1
  ],
  "secundarios": [
   "ZAPATA, CARLOS RAUL"
  ],
  "sexo": "M",
  "suplentes": [

  ]
 },
 {
  "asistida": "B\u00c1EZ NORMA BEATRIZ",
  "cargo_ejecutivo": true,
  "clase": "Candidato",
  "cod_alianza": "3717",
  "cod_categoria": "INT",
  "cod_lista": "3717.3739.3739",
  "cod_partido": "3717.3739",
  "codigo": "3717.3739.3739.6451",
  "dni": "31338681",
  "id_candidatura": "3717.3739.3739.6451",
  "id_umv": 1266,
  "imagenes": [
   "3717.3739.3739.6451"
  ],
  "nombre": "BAEZ, NORMA",
  "nro_orden": 1,
  "orden_absoluto": [
   6,
   17,
   64,
   4,
   1
  ],
  "secundarios": [

  ],
  "sexo": "F",
  "suplentes": [

  ]
 },
 {
  "asistida": "CORONEL LUIS CARLOS",
  "cargo_ejecutivo": false,
  "clase": "Candidato",
  "cod_alianza": "3717",
  "cod_categoria": "CNJ",
  "cod_lista": "3717.3739.3739",
  "cod_partido": "3717.3739",
  "codigo": "3717.3739.3739.6749",
  "dni": "36444168",
  "id_candidatura": "3717.3739.3739.6749",
  "id_umv": 111,
  "imagenes": [
   "3717.3739.3739.6749",
   "default_mujer",
   "default",
   "default_mujer",
   "default",
   "default_mujer",
   "default"
  ],
  "nombre": "CORONEL, CARLOS",
  "nro_orden": 1,
  "orden_absoluto": [
   6,
   17,
   64,
   5,
   1
  ],
  "secundarios": [
   "MOYA, GRACIELA SILVANA",
   "SANCHEZ, JESUS EMANUEL",
   "PALAVECINO, FERNANDA NOEMI",
   "FARFAN, NESTOR LEONARDO",
   "RENFIGES, GABRIELA MARINA",
   "VILTE, JORGE MAXIMILIANO"
  ],
  "sexo": "M",
  "suplentes": [
   "RODRIGUEZ, ANABEL DE LOS ANGELES",
   "CARI, GABRIEL IGNACIO",
   "DIAZ, MARIA ESTER",
   "CORREA, HECTOR AGUSTIN"
  ]
 },
 {
  "asistida": "W\u00c1YAR GU\u00c1LTER RAUL",
  "cargo_ejecutivo": true,
  "clase": "Candidato",
  "cod_alianza": "3723",
  "cod_categoria": "GOB",
  "cod_lista": "3723.3741.3741",
  "cod_partido": "3723.3741",
  "codigo": "3723.3741.3741.7154",
  "dni": "12220501",
  "id_candidatura": "3723.3741.3741.7154",
  "id_umv": 1201,
  "imagenes": [
   "3723.3741.3741.7154",
   "default"
  ],
  "nombre": "WAYAR, WALTER",
  "nro_orden": 1,
  "orden_absoluto": [
   5,
   14,
   65,
   1,
   1
  ],
  "secundarios": [
   "MIZZAU, IVAN"
  ],
  "sexo": "M",
  "suplentes": [

  ]
 },
 {
  "asistida": "MANCILLA RAQUEL BELINDA",
  "cargo_ejecutivo": true,
  "clase": "Candidato",
  "cod_alianza": "3723",
  "cod_categoria": "INT",
  "cod_lista": "3723.3741.3741",
  "cod_partido": "3723.3741",
  "codigo": "3723.3741.3741.7247",
  "dni": "26813138",
  "id_candidatura": "3723.3741.3741.7247",
  "id_umv": 1312,
  "imagenes": [
   "3723.3741.3741.7247"
  ],
  "nombre": "MANCILLA, RAQUEL BELINDA",
  "nro_orden": 1,
  "orden_absoluto": [
   5,
   14,
   65,
   4,
   1
  ],
  "secundarios": [

  ],
  "sexo": "F",
  "suplentes": [

  ]
 },
 {
  "asistida": "MAZA V\u00cdCTOR OSVALDO",
  "cargo_ejecutivo": false,
  "clase": "Candidato",
  "cod_alianza": "3723",
  "cod_categoria": "CNJ",
  "cod_lista": "3723.3741.3741",
  "cod_partido": "3723.3741",
  "codigo": "3723.3741.3741.7535",
  "dni": "14924631",
  "id_candidatura": "3723.3741.3741.7535",
  "id_umv": 209,
  "imagenes": [
   "3723.3741.3741.7535",
   "default_mujer",
   "default",
   "default_mujer",
   "default",
   "default_mujer",
   "default"
  ],
  "nombre": "MAZA, VICTOR OSVALDO",
  "nro_orden": 1,
  "orden_absoluto": [
   5,
   14,
   65,
   5,
   1
  ],
  "secundarios": [
   "TEBES, ADRIANA JORGELINA",
   "FIGUEROA, FRANCISCO RAUL",
   "RODRIGUEZ, LORENA ALICIA",
   "MAZA, SERGIO JESUS EMANUEL",
   "GUANCA, CELESTE",
   "ZARATE, EMILIO ISMAEL"
  ],
  "sexo": "M",
  "suplentes": [
   "AYBAR, VIRGINIA ELIZABETH",
   "CAIGUARA, LUIS ALBERTO",
   "ARMELLA, MARISA MARIBEL",
   "ALVAREZ, CARLOS MATIAS",
   "RODRIGUEZ, ANALIA DEL VALLE",
   "PACHAO, FRANCISCO ALBERTO",
   "FRIAS, RINA BEATRIZ"
  ]
 },
 {
  "asistida": "PAZ POSE LUCIO",
  "cargo_ejecutivo": true,
  "clase": "Candidato",
  "cod_alianza": "3728",
  "cod_categoria": "GOB",
  "cod_lista": "3728.3742.3742",
  "cod_partido": "3728.3742",
  "codigo": "3728.3742.3742.7704",
  "dni": "24875401",
  "id_candidatura": "3728.3742.3742.7704",
  "id_umv": 1202,
  "imagenes": [
   "3728.3742.3742.7704",
   "default_mujer"
  ],
  "nombre": "PAZ POSSE, LUCIO \u201cPINO\u201d",
  "nro_orden": 1,
  "orden_absoluto": [
   9,
   21,
   66,
   1,
   1
  ],
  "secundarios": [
   "FARJAT D\u2019ALESSANDRO, LORENA"
  ],
  "sexo": "M",
  "suplentes": [

  ]
 },
 {
  "asistida": "CAL\u00cdVA L\u00cdA VER\u00d3NICA",
  "cargo_ejecutivo": true,
  "clase": "Candidato",
  "cod_alianza": "3729",
  "cod_categoria": "GOB",
  "cod_lista": "3729.3747.3747",
  "cod_partido": "3729.3747",
  "codigo": "3729.3747.3747.9058",
  "dni": "25624792",
  "id_candidatura": "3729.3747.3747.9058",
  "id_umv": 1203,
  "imagenes": [
   "3729.3747.3747.9058",
   "default"
  ],
  "nombre": "CALIVA, LIA VERONICA",
  "nro_orden": 1,
  "orden_absoluto": [
   24,
   68,
   67,
   1,
   1
  ],
  "secundarios": [
   "GRAVANAGO, CARLOS ALEJANDRO"
  ],
  "sexo": "F",
  "suplentes": [

  ]
 },
 {
  "asistida": "NANNI VALERO MIGUEL",
  "cargo_ejecutivo": true,
  "clase": "Candidato",
  "cod_alianza": "3730",
  "cod_categoria": "GOB",
  "cod_lista": "3730.3746.3746",
  "cod_partido": "3730.3746",
  "codigo": "3730.3746.3746.8614",
  "dni": "25802248",
  "id_candidatura": "3730.3746.3746.8614",
  "id_umv": 1204,
  "imagenes": [
   "3730.3746.3746.8614",
   "default_mujer"
  ],
  "nombre": "NANNI, MIGUEL",
  "nro_orden": 1,
  "orden_absoluto": [
   15,
   32,
   74,
   1,
   1
  ],
  "secundarios": [
   "CORNEJO, VIRGINIA"
  ],
  "sexo": "M",
  "suplentes": [

  ]
 },
 {
  "asistida": "VIVAS ABDALA ANAL\u00cdA",
  "cargo_ejecutivo": true,
  "clase": "Candidato",
  "cod_alianza": "3730",
  "cod_categoria": "INT",
  "cod_lista": "3730.3746.3746",
  "cod_partido": "3730.3746",
  "codigo": "3730.3746.3746.8701",
  "dni": "23953052",
  "id_candidatura": "3730.3746.3746.8701",
  "id_umv": 1403,
  "imagenes": [
   "3730.3746.3746.8701"
  ],
  "nombre": "VIVAS, ABDALA ANALIA",
  "nro_orden": 1,
  "orden_absoluto": [
   15,
   32,
   74,
   4,
   1
  ],
  "secundarios": [

  ],
  "sexo": "F",
  "suplentes": [

  ]
 },
 {
  "asistida": "VIVAS ABDALA EMILIANA",
  "cargo_ejecutivo": false,
  "clase": "Candidato",
  "cod_alianza": "3730",
  "cod_categoria": "CNJ",
  "cod_lista": "3730.3746.3746",
  "cod_partido": "3730.3746",
  "codigo": "3730.3746.3746.8941",
  "dni": "25885937",
  "id_candidatura": "3730.3746.3746.8941",
  "id_umv": 314,
  "imagenes": [
   "3730.3746.3746.8941",
   "default",
   "default_mujer",
   "default",
   "default_mujer",
   "default",
   "default_mujer"
  ],
  "nombre": "VIVAS ABDALA, EMILIANA",
  "nro_orden": 1,
  "orden_absoluto": [
   15,
   32,
   74,
   5,
   1
  ],
  "secundarios": [
   "GUAGLIANONE, MARIANO JAVIER",
   "LAPRIDA, ROCIO CELESTE",
   "JUNQUET CORNEJO, ROBERTO JORGE",
   "CHILO, CAROLINA VANESA",
   "BARRIOS, HUGO RICARDO",
   "CONDORI GARCIA, MARIA LUJAN"
  ],
  "sexo": "F",
  "suplentes": [
   "SALVA, FRANCO MAXIMILIANO OMAR",
   "PALACIO CARABAJAL, EMILIA",
   "SARAVIA, NICOLAS FERNANDO"
  ]
 },
 {
  "asistida": "Sabadini MAURO DIEGO",
  "cargo_ejecutivo": true,
  "clase": "Candidato",
  "cod_alianza": "3731",
  "cod_categoria": "GOB",
  "cod_lista": "3731.3743.3743",
  "cod_partido": "3731.3743",
  "codigo": "3731.3743.3743.7941",
  "dni": "23362242",
  "id_candidatura": "3731.3743.3743.7941",
  "id_umv": 1205,
  "imagenes": [
   "3731.3743.3743.7941",
   "default_mujer"
  ],
  "nombre": "SABBADINI, MAURO DIEGO",
  "nro_orden": 1,
  "orden_absoluto": [
   10,
   22,
   68,
   1,
   1
  ],
  "secundarios": [
   "LOAYZA PACHECO, JIMENA LUCIA"
  ],
  "sexo": "M",
  "suplentes": [

  ]
 },
 {
  "asistida": "DEL PLA CLAUDIO ARIEL",
  "cargo_ejecutivo": true,
  "clase": "Candidato",
  "cod_alianza": "3732",
  "cod_categoria": "GOB",
  "cod_lista": "3732.3740.3740",
  "cod_partido": "3732.3740",
  "codigo": "3732.3740.3740.6916",
  "dni": "13943671",
  "id_candidatura": "3732.3740.3740.6916",
  "id_umv": 1206,
  "imagenes": [
   "3732.3740.3740.6916",
   "default_mujer"
  ],
  "nombre": "DEL PLA, CLAUDIO ARIEL",
  "nro_orden": 1,
  "orden_absoluto": [
   7,
   18,
   73,
   1,
   1
  ],
  "secundarios": [
   "HIDALGO, LORENA VANESA"
  ],
  "sexo": "M",
  "suplentes": [

  ]
 },
 {
  "asistida": "CORREA SAMANTA SOLEDAD",
  "cargo_ejecutivo": false,
  "clase": "Candidato",
  "cod_alianza": "3733",
  "cod_categoria": "CNJ",
  "cod_lista": "3733.1862.1862",
  "cod_partido": "3733.1862",
  "codigo": "3733.1862.1862.1883",
  "dni": "29590503",
  "id_candidatura": "3733.1862.1862.1883",
  "id_umv": 451,
  "imagenes": [
   "3733.1862.1862.1883",
   "default",
   "default_mujer",
   "default",
   "default_mujer",
   "default",
   "default_mujer"
  ],
  "nombre": "CORREA, SAMANTA SOLEDAD",
  "nro_orden": 1,
  "orden_absoluto": [
   11,
   63,
   14,
   5,
   1
  ],
  "secundarios": [
   "ESPINOZA, PABLO DAVID",
   "CHAILE, YOLANDA PATRICIA",
   "YA\u00d1EZ, RICARDO DANIEL",
   "PALACIOS, DELIA MAGDALENA",
   "AVILA, DANIEL ANTONIO",
   "CHOCOBAR ZULETA, ELEONORA"
  ],
  "sexo": "F",
  "suplentes": [
   "RODRIGUEZ, JUAN RAMON",
   "CISNEROS, JORGELINA MABEL",
   "YAPURA, JORGE SEBASTIAN",
   "LIENDRO, ERIKA CAROLINA",
   "CARRIL, JORGE DANIEL",
   "LAVALLEJA, DAIANA MARINES",
   "ROJAS, FACUNDO LEONEL"
  ]
 },
 {
  "asistida": "BARRIOS JUAREZ ANA CRISTINA",
  "cargo_ejecutivo": false,
  "clase": "Candidato",
  "cod_alianza": "3733",
  "cod_categoria": "CNJ",
  "cod_lista": "3733.1869.1869",
  "cod_partido": "3733.1869",
  "codigo": "3733.1869.1869.2319",
  "dni": "42707726",
  "id_candidatura": "3733.1869.1869.2319",
  "id_umv": 482,
  "imagenes": [
   "3733.1869.1869.2319",
   "default",
   "default_mujer",
   "default",
   "default_mujer",
   "default",
   "default_mujer"
  ],
  "nombre": "BARRIOS JUAREZ, ANA CRISTINA",
  "nro_orden": 1,
  "orden_absoluto": [
   11,
   67,
   15,
   5,
   1
  ],
  "secundarios": [
   "LOPEZ, LUIS DANIEL",
   "TOLABA, ROCIO DANIELA",
   "BAUTISTA, BRAIAN AGUSTIN",
   "LAMAS, CAMILA NORALI",
   "RAPOSO, GABRIEL FACUNDO",
   "SERRANO, JULIETA MARIANELA"
  ],
  "sexo": "F",
  "suplentes": [
   "GARCIA, JORGE LUIS",
   "CARDOZO, ANA PATRICIA",
   "GOMEZ CARRAL, LUCAS GASTON",
   "ROSALES, MONICA BEATRIZ",
   "RIOS RODRIGUEZ, ESTEBAN",
   "HERRERA, LAURA GISELL"
  ]
 },
 {
  "asistida": "Z\u00c1RATE MIGUEL ALFREDO",
  "cargo_ejecutivo": false,
  "clase": "Candidato",
  "cod_alianza": "3733",
  "cod_categoria": "CNJ",
  "cod_lista": "3733.2627.2627",
  "cod_partido": "3733.2627",
  "codigo": "3733.2627.2627.4721",
  "dni": "18625737",
  "id_candidatura": "3733.2627.2627.4721",
  "id_umv": 524,
  "imagenes": [
   "3733.2627.2627.4721",
   "default_mujer",
   "default",
   "default_mujer",
   "default",
   "default_mujer",
   "default"
  ],
  "nombre": "ZARATE, MIGUEL ALFREDO",
  "nro_orden": 1,
  "orden_absoluto": [
   11,
   72,
   20,
   5,
   1
  ],
  "secundarios": [
   "YAPURA, LORENA BEATRIZ",
   "LERA, NELSON GABRIEL",
   "MAMANI, DAIANA GISELA",
   "LOAIZA, MICHAEL DANIEL",
   "ZULETA, PAOLA ANDREA",
   "MAMANI, RENE EDUARDO"
  ],
  "sexo": "M",
  "suplentes": [
   "MORENO, ELIZABETH",
   "ALCALA, GUILLERMO EXEQUIEL",
   "RIOS, INES VIRGINIA",
   "ALANCAY, CRISTIAN MATIAS"
  ]
 },
 {
  "asistida": "LOPEZ MAR\u00cdA DEL SOCORRO",
  "cargo_ejecutivo": true,
  "clase": "Candidato",
  "cod_alianza": "3733",
  "cod_categoria": "INT",
  "cod_lista": "3733.3744.3744",
  "cod_partido": "3733.3744",
  "codigo": "3733.3744.3744.8425",
  "dni": "14708477",
  "id_candidatura": "3733.3744.3744.8425",
  "id_umv": 1502,
  "imagenes": [
   "3733.3744.3744.8425"
  ],
  "nombre": "MARTINEZ, \u201cMARY\u201d",
  "nro_orden": 1,
  "orden_absoluto": [
   11,
   24,
   71,
   4,
   1
  ],
  "secundarios": [

  ],
  "sexo": "F",
  "suplentes": [

  ]
 },
 {
  "asistida": "Ruberto SAENZ GUSTAVO ADOLFO",
  "cargo_ejecutivo": true,
  "clase": "Candidato",
  "cod_alianza": "3734",
  "cod_categoria": "GOB",
  "cod_lista": "3734.3737.3737",
  "cod_partido": "3734.3737",
  "codigo": "3734.3737.3737.6358",
  "dni": "20609646",
  "id_candidatura": "3734.3737.3737.6358",
  "id_umv": 1207,
  "imagenes": [
   "3734.3737.3737.6358",
   "default"
  ],
  "nombre": "SAENZ, GUSTAVO",
  "nro_orden": 1,
  "orden_absoluto": [
   1,
   5,
   69,
   1,
   1
  ],
  "secundarios": [
   "MAROCCO, ANTONIO \u201cGRINGO\u201d"
  ],
  "sexo": "M",
  "suplentes": [

  ]
 },
 {
  "asistida": "Lagoria RUB\u00c9N FERNANDO",
  "cargo_ejecutivo": true,
  "clase": "Candidato",
  "cod_alianza": "3735",
  "cod_categoria": "INT",
  "cod_lista": "3735.1873.1873",
  "cod_partido": "3735.1873",
  "codigo": "3735.1873.1873.2521",
  "dni": "30744466",
  "id_candidatura": "3735.1873.1873.2521",
  "id_umv": 1532,
  "imagenes": [
   "3735.1873.1873.2521"
  ],
  "nombre": "LAGORIA, RUBEN FERNANDO",
  "nro_orden": 1,
  "orden_absoluto": [
   12,
   56,
   80,
   4,
   1
  ],
  "secundarios": [

  ],
  "sexo": "M",
  "suplentes": [

  ]
 },
 {
  "asistida": "FRANCO MAR\u00cdA DEL LUJ\u00c1N",
  "cargo_ejecutivo": false,
  "clase": "Candidato",
  "cod_alianza": "3735",
  "cod_categoria": "CNJ",
  "cod_lista": "3735.1873.1873",
  "cod_partido": "3735.1873",
  "codigo": "3735.1873.1873.2837",
  "dni": "30692319",
  "id_candidatura": "3735.1873.1873.2837",
  "id_umv": 624,
  "imagenes": [
   "3735.1873.1873.2837",
   "default",
   "default_mujer",
   "default",
   "default_mujer",
   "default",
   "default_mujer"
  ],
  "nombre": "FRANCO, MARIA DEL LUJAN",
  "nro_orden": 1,
  "orden_absoluto": [
   12,
   56,
   80,
   5,
   1
  ],
  "secundarios": [
   "DIAZ, MARCELO EMILIO",
   "CHAVEZ, JOANA ELIZABETH",
   "ALANCAY, DIEGO ALBERTO",
   "TOLABA, CARLA AGUSTINA",
   "MAMANI, JOSE DAVID",
   "LERA, CLAUDIA MARIA DEL VALLE"
  ],
  "sexo": "F",
  "suplentes": [
   "LEON, DIEGO",
   "VAZQUEZ RUIZ, CARLA JUDITH",
   "CORREJIDOR TOLABA, LUIS FERNANDO",
   "MARTINEZ, MARIA PAULA",
   "JAIME, JOSE IGNACIO",
   "SAJAMA, MERCEDES BELEN"
  ]
 },
 {
  "asistida": "CALA FELISA DEL VALLE",
  "cargo_ejecutivo": false,
  "clase": "Candidato",
  "cod_alianza": "3735",
  "cod_categoria": "CNJ",
  "cod_lista": "3735.208.208",
  "cod_partido": "3735.208",
  "codigo": "3735.208.208.3241",
  "dni": "20985414",
  "id_candidatura": "3735.208.208.3241",
  "id_umv": 656,
  "imagenes": [
   "3735.208.208.3241",
   "default",
   "default_mujer",
   "default",
   "default_mujer",
   "default",
   "default_mujer"
  ],
  "nombre": "CALA, FELISA DEL VALLE",
  "nro_orden": 1,
  "orden_absoluto": [
   12,
   41,
   7,
   5,
   1
  ],
  "secundarios": [
   "LARA, MARIO ERNESTO",
   "TENA, ALDANA ABIGAIL",
   "MICO, RUBEN DARIO",
   "LOBO, JORGELINA VALERIA",
   "GALLEGO, FRANCISCO AMERICO",
   "CORNEJO, LUCIANA GISELLE"
  ],
  "sexo": "F",
  "suplentes": [
   "GONZA CALA, MATIAS DANIEL ALBERT",
   "GUERRERO, MONICA MARGARITA",
   "MAIDANA, DARIO FELIPE",
   "ALANCAY, SANDRA CRISTINA",
   "ROJAS CATA, MARIANO GABRIEL",
   "MERCADO, JORGELINA",
   "CARDOZO, PEDRO FABIAN"
  ]
 },
 {
  "asistida": "TORRES CARLOS FELIPE",
  "cargo_ejecutivo": false,
  "clase": "Candidato",
  "cod_alianza": "3735",
  "cod_categoria": "CNJ",
  "cod_lista": "3735.32.32",
  "cod_partido": "3735.32",
  "codigo": "3735.32.32.5159",
  "dni": "17772024",
  "id_candidatura": "3735.32.32.5159",
  "id_umv": 691,
  "imagenes": [
   "3735.32.32.5159",
   "default_mujer",
   "default",
   "default_mujer",
   "default",
   "default_mujer",
   "default"
  ],
  "nombre": "TORRES, CARLOS FELIPE",
  "nro_orden": 1,
  "orden_absoluto": [
   12,
   46,
   63,
   5,
   1
  ],
  "secundarios": [
   "CONDORI ALVAREZ, FLORENCIA",
   "ACOSTA, RAUL SEBASTIAN",
   "YA\u00d1EZ, DEBORA ELIZABETH",
   "AVILA, MAXIMILIANO GABRIEL",
   "PEREZ, AMADA IRMA",
   "DIAZ, HUMBERTO ALEJANDRO"
  ],
  "sexo": "M",
  "suplentes": [
   "PACHAO, CRISTINA DEL CARMEN",
   "MORALES, JORGE RICARDO",
   "CARDOZO, SARA BEATRIZ",
   "CHOCOBAR, SEBASTIAN FERNANDO",
   "ROMERO, FERNANDA ANTONELLA",
   "ARIAS, DANIEL VICTOR",
   "AYBAR, SONIA PATRICIA"
  ]
 },
 {
  "asistida": "OROSCO EFRA\u00cdN EDUARDO",
  "cargo_ejecutivo": true,
  "clase": "Candidato",
  "cod_alianza": "3735",
  "cod_categoria": "INT",
  "cod_lista": "3735.3650.3650",
  "cod_partido": "3735.3650",
  "codigo": "3735.3650.3650.5608",
  "dni": "20247400",
  "id_candidatura": "3735.3650.3650.5608",
  "id_umv": 1544,
  "imagenes": [
   "3735.3650.3650.5608"
  ],
  "nombre": "OROSCO, EFRAIN EDUARDO",
  "nro_orden": 1,
  "orden_absoluto": [
   12,
   66,
   23,
   4,
   1
  ],
  "secundarios": [

  ],
  "sexo": "M",
  "suplentes": [

  ]
 },
 {
  "asistida": "CARRAL RODOLFO EXEQUIEL",
  "cargo_ejecutivo": false,
  "clase": "Candidato",
  "cod_alianza": "3735",
  "cod_categoria": "CNJ",
  "cod_lista": "3735.3650.3650",
  "cod_partido": "3735.3650",
  "codigo": "3735.3650.3650.5906",
  "dni": "33671539",
  "id_candidatura": "3735.3650.3650.5906",
  "id_umv": 726,
  "imagenes": [
   "3735.3650.3650.5906",
   "default_mujer",
   "default",
   "default_mujer",
   "default",
   "default_mujer",
   "default"
  ],
  "nombre": "CARRAL, RODOLFO EXEQUIEL",
  "nro_orden": 1,
  "orden_absoluto": [
   12,
   66,
   23,
   5,
   1
  ],
  "secundarios": [
   "CARDOZO, MIRIAN ESTHER",
   "OCAMPO, GERMAN SIMON",
   "VI\u00d1ABAL, LILIANA MABEL",
   "BALDERRAMA, SANTO LEOPOLDO",
   "CASTILLO, MARIA PATRICIA",
   "ASSAF, AGUSTIN"
  ],
  "sexo": "M",
  "suplentes": [
   "QUINTERO, AZUCENA BEATRIZ",
   "PASTRANA, HERNAN AUGUSTO",
   "GARCIA, ELIANA SOL SOFIA",
   "AVALOS ANGULO, WALTER LORENZO",
   "BRAVO VI\u00d1ABAL, MARIA CELIA",
   "YA\u00d1EZ SANCHEZ, PABLO ESTEBAN",
   "GOMEZ, GISELA NATALI"
  ]
 },
 {
  "asistida": "SANCHEZ OMAR RUB\u00c9N",
  "cargo_ejecutivo": false,
  "clase": "Candidato",
  "cod_alianza": "3735",
  "cod_categoria": "CNJ",
  "cod_lista": "3735.460.460",
  "cod_partido": "3735.460",
  "codigo": "3735.460.460.11357",
  "dni": "18469262",
  "id_candidatura": "3735.460.460.11357",
  "id_umv": 823,
  "imagenes": [
   "3735.460.460.11357",
   "default_mujer",
   "default",
   "default_mujer",
   "default",
   "default_mujer",
   "default"
  ],
  "nombre": "SANCHEZ, OMAR RUBEN",
  "nro_orden": 1,
  "orden_absoluto": [
   12,
   23,
   10,
   5,
   1
  ],
  "secundarios": [
   "TOLABA, ROMINA ROCIO",
   "LIENDRO, PEDRO MIGUEL",
   "SALVATIERRA, CARMEN ROSA",
   "LOPEZ QUIROGA, LEANDRO NICOLAS",
   "GASPAR, ISABEL",
   "GUERRERO, RAMON AGUSTIN"
  ],
  "sexo": "M",
  "suplentes": [
   "BRITES, EMILIA VALENTINA",
   "QUINTANA, ULISES NAHUEL",
   "TAPIA, HILDA MARGARITA",
   "SIARES, NORBERTO DAMIAN",
   "TAPIA HERRERA, CELESTE GISELA",
   "CRUZ, SERGIO NICOLAS"
  ]
 },
 {
  "asistida": "Escotor\u00edn RAMIRO DANIEL",
  "cargo_ejecutivo": true,
  "clase": "Candidato",
  "cod_alianza": "685",
  "cod_categoria": "GOB",
  "cod_lista": "685.685.685",
  "cod_partido": "685.685",
  "codigo": "685.685.685.12004",
  "dni": "17581303",
  "id_candidatura": "685.685.685.12004",
  "id_umv": 1208,
  "imagenes": [
   "685.685.685.12004",
   "default_mujer"
  ],
  "nombre": "ESCOTORIN, RAMIRO DANIEL",
  "nro_orden": 1,
  "orden_absoluto": [
   14,
   30,
   78,
   1,
   1
  ],
  "secundarios": [
   "CALIVA, PATRICIA DEL VALLE"
  ],
  "sexo": "M",
  "suplentes": [

  ]
 },
 {
  "asistida": "Voto en BLANCO",
  "cargo_ejecutivo": false,
  "clase": "Blanco",
  "cod_categoria": "CNJ",
  "cod_lista": "",
  "codigo": "BLC",
  "id_candidatura": "BLC",
  "id_umv": 858,
  "imagenes": [
   "BLC"
  ],
  "nombre": "Voto en BLANCO",
  "nro_orden": 5,
  "orden_absoluto": [
   994,
   5
  ],
  "secundarios": [

  ],
  "sexo": null,
  "suplentes": [

  ]
 },
 {
  "asistida": "Voto en BLANCO",
  "cargo_ejecutivo": true,
  "clase": "Blanco",
  "cod_categoria": "GOB",
  "cod_lista": "",
  "codigo": "BLC",
  "id_candidatura": "BLC",
  "id_umv": 1209,
  "imagenes": [
   "BLC"
  ],
  "nombre": "Voto en BLANCO",
  "nro_orden": 1,
  "orden_absoluto": [
   994,
   1
  ],
  "secundarios": [

  ],
  "sexo": null,
  "suplentes": [

  ]
 },
 {
  "asistida": "Voto en BLANCO",
  "cargo_ejecutivo": true,
  "clase": "Blanco",
  "cod_categoria": "INT",
  "cod_lista": "",
  "codigo": "BLC",
  "id_candidatura": "BLC",
  "id_umv": 1632,
  "imagenes": [
   "BLC"
  ],
  "nombre": "Voto en BLANCO",
  "nro_orden": 4,
  "orden_absoluto": [
   994,
   4
  ],
  "secundarios": [

  ],
  "sexo": null,
  "suplentes": [

  ]
 },
 {
  "asistida": "Votos IMPUGNADOS",
  "cargo_ejecutivo": false,
  "clase": "Especial",
  "cod_categoria": "CNJ",
  "cod_lista": "",
  "codigo": "IMP",
  "id_candidatura": "IMP",
  "id_umv": 918,
  "nombre": "Votos IMPUGNADOS",
  "nro_orden": 5,
  "orden_absoluto": [
   995,
   5
  ],
  "secundarios": [

  ],
  "sexo": null,
  "suplentes": [

  ]
 },
 {
  "asistida": "Votos IMPUGNADOS",
  "cargo_ejecutivo": true,
  "clase": "Especial",
  "cod_categoria": "GOB",
  "cod_lista": "",
  "codigo": "IMP",
  "id_candidatura": "IMP",
  "id_umv": 1210,
  "nombre": "Votos IMPUGNADOS",
  "nro_orden": 1,
  "orden_absoluto": [
   995,
   1
  ],
  "secundarios": [

  ],
  "sexo": null,
  "suplentes": [

  ]
 },
 {
  "asistida": "Votos IMPUGNADOS",
  "cargo_ejecutivo": true,
  "clase": "Especial",
  "cod_categoria": "INT",
  "cod_lista": "",
  "codigo": "IMP",
  "id_candidatura": "IMP",
  "id_umv": 1692,
  "nombre": "Votos IMPUGNADOS",
  "nro_orden": 4,
  "orden_absoluto": [
   995,
   4
  ],
  "secundarios": [

  ],
  "sexo": null,
  "suplentes": [

  ]
 },
 {
  "asistida": "Votos OBSERVADOS",
  "cargo_ejecutivo": false,
  "clase": "Especial",
  "cod_categoria": "CNJ",
  "cod_lista": "",
  "codigo": "OBS",
  "id_candidatura": "OBS",
  "id_umv": 978,
  "nombre": "Votos OBSERVADOS",
  "nro_orden": 5,
  "orden_absoluto": [
   996,
   5
  ],
  "secundarios": [

  ],
  "sexo": null,
  "suplentes": [

  ]
 },
 {
  "asistida": "Votos OBSERVADOS",
  "cargo_ejecutivo": true,
  "clase": "Especial",
  "cod_categoria": "GOB",
  "cod_lista": "",
  "codigo": "OBS",
  "id_candidatura": "OBS",
  "id_umv": 1211,
  "nombre": "Votos OBSERVADOS",
  "nro_orden": 1,
  "orden_absoluto": [
   996,
   1
  ],
  "secundarios": [

  ],
  "sexo": null,
  "suplentes": [

  ]
 },
 {
  "asistida": "Votos OBSERVADOS",
  "cargo_ejecutivo": true,
  "clase": "Especial",
  "cod_categoria": "INT",
  "cod_lista": "",
  "codigo": "OBS",
  "id_candidatura": "OBS",
  "id_umv": 1752,
  "nombre": "Votos OBSERVADOS",
  "nro_orden": 4,
  "orden_absoluto": [
   996,
   4
  ],
  "secundarios": [

  ],
  "sexo": null,
  "suplentes": [

  ]
 }
]