[
 {
  "GOB": 1197,
  "agrupacion_municipal": false,
  "codigo": "1863.1863.1863",
  "lista_completa": true
 },
 {
  "DIP": 1033,
  "GOB": 1198,
  "SEN": 1805,
  "agrupacion_municipal": false,
  "codigo": "22.22.22",
  "lista_completa": true
 },
 {
  "GOB": 1199,
  "agrupacion_municipal": false,
  "codigo": "3625.3625.3625",
  "lista_completa": true
 },
 {
  "CNJ": 28,
  "DIP": 1037,
  "GOB": 1200,
  "INT": 1234,
  "SEN": 1807,
  "agrupacion_municipal": false,
  "codigo": "3717.13.13",
  "lista_completa": true
 },
 {
  "CNJ": 56,
  "DIP": 1037,
  "GOB": 1200,
  "INT": 1234,
  "SEN": 1807,
  "agrupacion_municipal": false,
  "codigo": "3717.2543.2543",
  "lista_completa": true
 },
 {
  "CNJ": 78,
  "DIP": 1037,
  "GOB": 1200,
  "INT": 1245,
  "SEN": 1807,
  "agrupacion_municipal": false,
  "codigo": "3717.2626.2626",
  "lista_completa": true
 },
 {
  "CNJ": 99,
  "DIP": 1050,
  "GOB": 1200,
  "INT": 1255,
  "SEN": 1815,
  "agrupacion_municipal": false,
  "codigo": "3717.3739.3739",
  "lista_completa": true
 },
 {
  "CNJ": 176,
  "DIP": 1063,
  "GOB": 1201,
  "INT": 1297,
  "SEN": 1827,
  "agrupacion_municipal": false,
  "codigo": "3723.1870.1870",
  "lista_completa": true
 },
 {
  "CNJ": 194,
  "DIP": 1063,
  "GOB": 1201,
  "INT": 1297,
  "SEN": 1827,
  "agrupacion_municipal": false,
  "codigo": "3723.3741.3741",
  "lista_completa": true
 },
 {
  "DIP": 1071,
  "GOB": 1202,
  "INT": 1337,
  "SEN": 1833,
  "agrupacion_municipal": false,
  "codigo": "3728.3742.3742",
  "lista_completa": false
 },
 {
  "CNJ": 245,
  "DIP": 1071,
  "GOB": 1202,
  "INT": 1337,
  "SEN": 1833,
  "agrupacion_municipal": false,
  "codigo": "3728.3748.3748",
  "lista_completa": true
 },
 {
  "CNJ": 273,
  "DIP": 1079,
  "GOB": 1203,
  "INT": 1363,
  "SEN": 1841,
  "agrupacion_municipal": false,
  "codigo": "3729.3747.3747",
  "lista_completa": true
 },
 {
  "DIP": 1091,
  "GOB": 1204,
  "SEN": 1851,
  "agrupacion_municipal": false,
  "codigo": "3730.3746.3746",
  "lista_completa": true
 },
 {
  "CNJ": 360,
  "DIP": 1100,
  "GOB": 1205,
  "INT": 1426,
  "SEN": 1856,
  "agrupacion_municipal": false,
  "codigo": "3731.3743.3743",
  "lista_completa": true
 },
 {
  "CNJ": 385,
  "DIP": 1106,
  "GOB": 1206,
  "INT": 1450,
  "SEN": 1860,
  "agrupacion_municipal": false,
  "codigo": "3732.3740.3740",
  "lista_completa": true
 },
 {
  "CNJ": 396,
  "DIP": 1124,
  "GOB": 1207,
  "INT": 1484,
  "SEN": 1869,
  "agrupacion_municipal": false,
  "codigo": "3733.10.10",
  "lista_completa": true
 },
 {
  "CNJ": 416,
  "DIP": 1124,
  "GOB": 1207,
  "INT": 1484,
  "SEN": 1869,
  "agrupacion_municipal": false,
  "codigo": "3733.1861.1861",
  "lista_completa": true
 },
 {
  "CNJ": 441,
  "DIP": 1124,
  "GOB": 1207,
  "INT": 1470,
  "SEN": 1869,
  "agrupacion_municipal": false,
  "codigo": "3733.1862.1862",
  "lista_completa": true
 },
 {
  "CNJ": 474,
  "DIP": 1124,
  "GOB": 1207,
  "INT": 1470,
  "SEN": 1869,
  "agrupacion_municipal": false,
  "codigo": "3733.1869.1869",
  "lista_completa": true
 },
 {
  "CNJ": 500,
  "DIP": 1124,
  "GOB": 1207,
  "INT": 1484,
  "SEN": 1869,
  "agrupacion_municipal": false,
  "codigo": "3733.2625.2625",
  "lista_completa": true
 },
 {
  "CNJ": 516,
  "DIP": 1124,
  "GOB": 1207,
  "INT": 1470,
  "SEN": 1869,
  "agrupacion_municipal": false,
  "codigo": "3733.2627.2627",
  "lista_completa": true
 },
 {
  "DIP": 1124,
  "GOB": 1207,
  "SEN": 1869,
  "agrupacion_municipal": false,
  "codigo": "3733.3744.3744",
  "lista_completa": false
 },
 {
  "CNJ": 561,
  "DIP": 1124,
  "GOB": 1207,
  "INT": 1470,
  "SEN": 1869,
  "agrupacion_municipal": false,
  "codigo": "3733.38.38",
  "lista_completa": true
 },
 {
  "GOB": 1207,
  "agrupacion_municipal": false,
  "codigo": "3734.3737.3737",
  "lista_completa": true
 },
 {
  "CNJ": 597,
  "DIP": 1137,
  "GOB": 1207,
  "INT": 1577,
  "SEN": 1877,
  "agrupacion_municipal": false,
  "codigo": "3735.15.15",
  "lista_completa": true
 },
 {
  "CNJ": 612,
  "DIP": 1137,
  "GOB": 1207,
  "INT": 1577,
  "SEN": 1877,
  "agrupacion_municipal": false,
  "codigo": "3735.1873.1873",
  "lista_completa": true
 },
 {
  "CNJ": 643,
  "DIP": 1137,
  "GOB": 1207,
  "INT": 1577,
  "SEN": 1877,
  "agrupacion_municipal": false,
  "codigo": "3735.208.208",
  "lista_completa": true
 },
 {
  "CNJ": 681,
  "DIP": 1137,
  "GOB": 1207,
  "INT": 1577,
  "SEN": 1877,
  "agrupacion_municipal": false,
  "codigo": "3735.32.32",
  "lista_completa": true
 },
 {
  "CNJ": 713,
  "DIP": 1137,
  "GOB": 1207,
  "INT": 1543,
  "SEN": 1877,
  "agrupacion_municipal": false,
  "codigo": "3735.3650.3650",
  "lista_completa": true
 },
 {
  "DIP": 1137,
  "GOB": 1207,
  "SEN": 1877,
  "agrupacion_municipal": false,
  "codigo": "3735.3745.3745",
  "lista_completa": false
 },
 {
  "CNJ": 758,
  "DIP": 1137,
  "GOB": 1207,
  "INT": 1577,
  "SEN": 1877,
  "agrupacion_municipal": false,
  "codigo": "3735.4.4",
  "lista_completa": true
 },
 {
  "CNJ": 809,
  "DIP": 1137,
  "GOB": 1207,
  "INT": 1543,
  "SEN": 1877,
  "agrupacion_municipal": false,
  "codigo": "3735.460.460",
  "lista_completa": true
 },
 {
  "GOB": 1208,
  "agrupacion_municipal": false,
  "codigo": "685.685.685",
  "lista_completa": true
 },
 {
  "CNJ": 897,
  "DIP": 1165,
  "GOB": 1209,
  "INT": 1671,
  "SEN": 1895,
  "agrupacion_municipal": false,
  "codigo": "BLC",
  "lista_completa": true
 }
]