[
 {
  "asistida": "PLANES DANIELA",
  "cargo_ejecutivo": true,
  "clase": "Candidato",
  "cod_alianza": "1863",
  "cod_categoria": "GOB",
  "cod_lista": "1863.1863.1863",
  "cod_partido": "1863.1863",
  "codigo": "1863.1863.1863.2069",
  "dni": "28523544",
  "id_candidatura": "1863.1863.1863.2069",
  "id_umv": 1197,
  "imagenes": [
   "1863.1863.1863.2069",
   "default_mujer"
  ],
  "nombre": "PLANES, DANIELA",
  "nro_orden": 1,
  "orden_absoluto": [
   22,
   53,
   12,
   1,
   1
  ],
  "secundarios": [
   "TEJERINA, VERONICA"
  ],
  "sexo": "F",
  "suplentes": [

  ]
 },
 {
  "asistida": "GIL VIOLETA",
  "cargo_ejecutivo": true,
  "clase": "Candidato",
  "cod_alianza": "22",
  "cod_categoria": "GOB",
  "cod_lista": "22.22.22",
  "cod_partido": "22.22",
  "codigo": "22.22.22.3409",
  "dni": "33984630",
  "id_candidatura": "22.22.22.3409",
  "id_umv": 1198,
  "imagenes": [
   "22.22.22.3409",
   "default"
  ],
  "nombre": "GIL, VIOLETA",
  "nro_orden": 1,
  "orden_absoluto": [
   23,
   62,
   3,
   1,
   1
  ],
  "secundarios": [
   "TOLABA, ANGEL RODOLFO"
  ],
  "sexo": "F",
  "suplentes": [

  ]
 },
 {
  "asistida": "TogNolini MARCOS",
  "cargo_ejecutivo": true,
  "clase": "Candidato",
  "cod_alianza": "3625",
  "cod_categoria": "GOB",
  "cod_lista": "3625.3625.3625",
  "cod_partido": "3625.3625",
  "codigo": "3625.3625.3625.5312",
  "dni": "29336659",
  "id_candidatura": "3625.3625.3625.5312",
  "id_umv": 1199,
  "imagenes": [
   "3625.3625.3625.5312",
   "default_mujer"
  ],
  "nombre": "TOGNOLINI, MARCOS",
  "nro_orden": 1,
  "orden_absoluto": [
   21,
   43,
   21,
   1,
   1
  ],
  "secundarios": [
   "RAMOS, MIRTA ADRIANA"
  ],
  "sexo": "M",
  "suplentes": [

  ]
 },
 {
  "asistida": "ROJAS MAR\u00cdA CRISTINA",
  "cargo_ejecutivo": false,
  "clase": "Candidato",
  "cod_alianza": "3717",
  "cod_categoria": "CNJ",
  "cod_lista": "3717.2555.2555",
  "cod_partido": "3717.2555",
  "codigo": "3717.2555.2555.3929",
  "dni": "20965725",
  "id_candidatura": "3717.2555.2555.3929",
  "id_umv": 71,
  "imagenes": [
   "3717.2555.2555.3929",
   "default",
   "default_mujer",
   "default",
   "default_mujer",
   "default",
   "default_mujer"
  ],
  "nombre": "ROJAS, CRISTINA",
  "nro_orden": 1,
  "orden_absoluto": [
   6,
   13,
   26,
   5,
   1
  ],
  "secundarios": [
   "MARIN, ARIEL FERNANDO",
   "GOMEZ, LAURA ANABELA",
   "NIEVA, RITO DARIO",
   "ENRIQUE, MARIA MAGDALENA",
   "VIZGARRA, FRANCISCO ALEXIS",
   "ROJAS, ANA VALENTINA"
  ],
  "sexo": "F",
  "suplentes": [
   "RODRIGUEZ, LUIS DEL MILAGRO",
   "RAMOS, OLGA BEATRIZ",
   "VILLAGRA, SAUL JOAQUIN ALBERTO",
   "ORELLANA, NATALIA SOLEDAD",
   "URQUIZA, ENZO WALDEMAR",
   "CEJAS, MARIANELA",
   "VALDIVIA, LUCAS EZEQUIEL"
  ]
 },
 {
  "asistida": "ESTRADA EMILIANO RAFAEL",
  "cargo_ejecutivo": true,
  "clase": "Candidato",
  "cod_alianza": "3717",
  "cod_categoria": "GOB",
  "cod_lista": "3717.3739.3739",
  "cod_partido": "3717.3739",
  "codigo": "3717.3739.3739.6360",
  "dni": "32165256",
  "id_candidatura": "3717.3739.3739.6360",
  "id_umv": 1200,
  "imagenes": [
   "3717.3739.3739.6360",
   "default"
  ],
  "nombre": "ESTRADA, EMILIANO",
  "nro_orden": 1,
  "orden_absoluto": [
   6,
   17,
   64,
   1,
   1
  ],
  "secundarios": [
   "ZAPATA, CARLOS RAUL"
  ],
  "sexo": "M",
  "suplentes": [

  ]
 },
 {
  "asistida": "ROLDAN NATIVIDAD DE JES\u00daS",
  "cargo_ejecutivo": false,
  "clase": "Candidato",
  "cod_alianza": "3717",
  "cod_categoria": "SEN",
  "cod_lista": "3717.3739.3739",
  "cod_partido": "3717.3739",
  "codigo": "3717.3739.3739.6372",
  "dni": "16306867",
  "id_candidatura": "3717.3739.3739.6372",
  "id_umv": 1813,
  "imagenes": [
   "3717.3739.3739.6372"
  ],
  "nombre": "ROLDAN, \u201cNATI\u201d",
  "nro_orden": 1,
  "orden_absoluto": [
   6,
   17,
   64,
   2,
   1
  ],
  "secundarios": [

  ],
  "sexo": "F",
  "suplentes": [
   "LEIVA, MIGUEL ALFREDO"
  ]
 },
 {
  "asistida": "CONTINO EMILCE YOLANDA",
  "cargo_ejecutivo": true,
  "clase": "Candidato",
  "cod_alianza": "3717",
  "cod_categoria": "INT",
  "cod_lista": "3717.3739.3739",
  "cod_partido": "3717.3739",
  "codigo": "3717.3739.3739.6436",
  "dni": "22383841",
  "id_candidatura": "3717.3739.3739.6436",
  "id_umv": 1251,
  "imagenes": [
   "3717.3739.3739.6436"
  ],
  "nombre": "CONTINO, EMILCE",
  "nro_orden": 1,
  "orden_absoluto": [
   6,
   17,
   64,
   4,
   1
  ],
  "secundarios": [

  ],
  "sexo": "F",
  "suplentes": [

  ]
 },
 {
  "asistida": "SARAVIA MARCOS ANTONIO",
  "cargo_ejecutivo": false,
  "clase": "Candidato",
  "cod_alianza": "3717",
  "cod_categoria": "CNJ",
  "cod_lista": "3717.3739.3739",
  "cod_partido": "3717.3739",
  "codigo": "3717.3739.3739.6566",
  "dni": "17279524",
  "id_candidatura": "3717.3739.3739.6566",
  "id_umv": 96,
  "imagenes": [
   "3717.3739.3739.6566",
   "default_mujer",
   "default",
   "default_mujer",
   "default",
   "default_mujer",
   "default"
  ],
  "nombre": "SARAVIA, MARCOS",
  "nro_orden": 1,
  "orden_absoluto": [
   6,
   17,
   64,
   5,
   1
  ],
  "secundarios": [
   "LEGUINA SARAVIA, MARIA CECILIA",
   "MENESES, FERNANDO OCTAVIO",
   "PERALTA, MARIA DE LOS ANGELES",
   "SINGH, GURDEEP",
   "FABRONI, MARIA VIRGINIA",
   "VELARDE, CESAR FRANCISCO"
  ],
  "sexo": "M",
  "suplentes": [
   "MIRON, VALERIA MACARENA",
   "SARAVIA, PABLO ANTONIO",
   "CONTINO, VIOLETA LILIANA",
   "URQUIZA, SEBASTIAN ALBEIRO",
   "LEDESMA, SUSANA MARGARITA",
   "AMAYA, EDUARDO RENE",
   "ARGA\u00d1ARAZ, MARGARITA LILIANA"
  ]
 },
 {
  "asistida": "W\u00c1YAR GU\u00c1LTER RAUL",
  "cargo_ejecutivo": true,
  "clase": "Candidato",
  "cod_alianza": "3723",
  "cod_categoria": "GOB",
  "cod_lista": "3723.3741.3741",
  "cod_partido": "3723.3741",
  "codigo": "3723.3741.3741.7154",
  "dni": "12220501",
  "id_candidatura": "3723.3741.3741.7154",
  "id_umv": 1201,
  "imagenes": [
   "3723.3741.3741.7154",
   "default"
  ],
  "nombre": "WAYAR, WALTER",
  "nro_orden": 1,
  "orden_absoluto": [
   5,
   14,
   65,
   1,
   1
  ],
  "secundarios": [
   "MIZZAU, IVAN"
  ],
  "sexo": "M",
  "suplentes": [

  ]
 },
 {
  "asistida": "JAUREGUI LUIS OSCAR",
  "cargo_ejecutivo": false,
  "clase": "Candidato",
  "cod_alianza": "3723",
  "cod_categoria": "SEN",
  "cod_lista": "3723.3741.3741",
  "cod_partido": "3723.3741",
  "codigo": "3723.3741.3741.7166",
  "dni": "17440440",
  "id_candidatura": "3723.3741.3741.7166",
  "id_umv": 1825,
  "imagenes": [
   "3723.3741.3741.7166"
  ],
  "nombre": "JAUREGUI, LUIS OSCAR",
  "nro_orden": 1,
  "orden_absoluto": [
   5,
   14,
   65,
   2,
   1
  ],
  "secundarios": [

  ],
  "sexo": "M",
  "suplentes": [
   "FUENZALIDA, PABLO JESUS AUGUSTO"
  ]
 },
 {
  "asistida": "PAZ POSE LUCIO",
  "cargo_ejecutivo": true,
  "clase": "Candidato",
  "cod_alianza": "3728",
  "cod_categoria": "GOB",
  "cod_lista": "3728.3742.3742",
  "cod_partido": "3728.3742",
  "codigo": "3728.3742.3742.7704",
  "dni": "24875401",
  "id_candidatura": "3728.3742.3742.7704",
  "id_umv": 1202,
  "imagenes": [
   "3728.3742.3742.7704",
   "default_mujer"
  ],
  "nombre": "PAZ POSSE, LUCIO \u201cPINO\u201d",
  "nro_orden": 1,
  "orden_absoluto": [
   9,
   21,
   66,
   1,
   1
  ],
  "secundarios": [
   "FARJAT D\u2019ALESSANDRO, LORENA"
  ],
  "sexo": "M",
  "suplentes": [

  ]
 },
 {
  "asistida": "CAL\u00cdVA L\u00cdA VER\u00d3NICA",
  "cargo_ejecutivo": true,
  "clase": "Candidato",
  "cod_alianza": "3729",
  "cod_categoria": "GOB",
  "cod_lista": "3729.3747.3747",
  "cod_partido": "3729.3747",
  "codigo": "3729.3747.3747.9058",
  "dni": "25624792",
  "id_candidatura": "3729.3747.3747.9058",
  "id_umv": 1203,
  "imagenes": [
   "3729.3747.3747.9058",
   "default"
  ],
  "nombre": "CALIVA, LIA VERONICA",
  "nro_orden": 1,
  "orden_absoluto": [
   24,
   68,
   67,
   1,
   1
  ],
  "secundarios": [
   "GRAVANAGO, CARLOS ALEJANDRO"
  ],
  "sexo": "F",
  "suplentes": [

  ]
 },
 {
  "asistida": "VILLAGRA MAR\u00cdA MALENA",
  "cargo_ejecutivo": false,
  "clase": "Candidato",
  "cod_alianza": "3729",
  "cod_categoria": "SEN",
  "cod_lista": "3729.3747.3747",
  "cod_partido": "3729.3747",
  "codigo": "3729.3747.3747.9066",
  "dni": "36315775",
  "id_candidatura": "3729.3747.3747.9066",
  "id_umv": 1839,
  "imagenes": [
   "default_mujer"
  ],
  "nombre": "VILLAGRA, MARIA MALENA",
  "nro_orden": 1,
  "orden_absoluto": [
   24,
   68,
   67,
   2,
   1
  ],
  "secundarios": [

  ],
  "sexo": "F",
  "suplentes": [
   "FRESCO, FELIX ELOIS"
  ]
 },
 {
  "asistida": "MENESES TOM\u00c1S MAR\u00cdA",
  "cargo_ejecutivo": true,
  "clase": "Candidato",
  "cod_alianza": "3729",
  "cod_categoria": "INT",
  "cod_lista": "3729.3747.3747",
  "cod_partido": "3729.3747",
  "codigo": "3729.3747.3747.9110",
  "dni": "42017666",
  "id_candidatura": "3729.3747.3747.9110",
  "id_umv": 1358,
  "imagenes": [
   "3729.3747.3747.9110"
  ],
  "nombre": "MENESES, TOMAS MARIA",
  "nro_orden": 1,
  "orden_absoluto": [
   24,
   68,
   67,
   4,
   1
  ],
  "secundarios": [

  ],
  "sexo": "M",
  "suplentes": [

  ]
 },
 {
  "asistida": "GALVAN SILVIA D\u00c1ISI",
  "cargo_ejecutivo": false,
  "clase": "Candidato",
  "cod_alianza": "3729",
  "cod_categoria": "CNJ",
  "cod_lista": "3729.3747.3747",
  "cod_partido": "3729.3747",
  "codigo": "3729.3747.3747.9180",
  "dni": "40517410",
  "id_candidatura": "3729.3747.3747.9180",
  "id_umv": 268,
  "imagenes": [
   "3729.3747.3747.9180",
   "default",
   "default_mujer",
   "default",
   "default_mujer",
   "default",
   "default_mujer"
  ],
  "nombre": "GALVAN, SILVIA DAISI",
  "nro_orden": 1,
  "orden_absoluto": [
   24,
   68,
   67,
   5,
   1
  ],
  "secundarios": [
   "BELIZAN, PABLO BERNABE",
   "OVANDO, BRISA DAYANA",
   "GALVAN, ALFREDO FRANCISCO",
   "FLORES, MARGARITA NATALIA",
   "LUNA, BRUNO LEONEL",
   "OVANDO, IVANA SOLEDAD"
  ],
  "sexo": "F",
  "suplentes": [
   "GALVAN, CESAR LUIS"
  ]
 },
 {
  "asistida": "NANNI VALERO MIGUEL",
  "cargo_ejecutivo": true,
  "clase": "Candidato",
  "cod_alianza": "3730",
  "cod_categoria": "GOB",
  "cod_lista": "3730.3746.3746",
  "cod_partido": "3730.3746",
  "codigo": "3730.3746.3746.8614",
  "dni": "25802248",
  "id_candidatura": "3730.3746.3746.8614",
  "id_umv": 1204,
  "imagenes": [
   "3730.3746.3746.8614",
   "default_mujer"
  ],
  "nombre": "NANNI, MIGUEL",
  "nro_orden": 1,
  "orden_absoluto": [
   15,
   32,
   74,
   1,
   1
  ],
  "secundarios": [
   "CORNEJO, VIRGINIA"
  ],
  "sexo": "M",
  "suplentes": [

  ]
 },
 {
  "asistida": "FERNANDEZ JULIA Isab\u00e9l",
  "cargo_ejecutivo": false,
  "clase": "Candidato",
  "cod_alianza": "3730",
  "cod_categoria": "SEN",
  "cod_lista": "3730.3746.3746",
  "cod_partido": "3730.3746",
  "codigo": "3730.3746.3746.8626",
  "dni": "16885204",
  "id_candidatura": "3730.3746.3746.8626",
  "id_umv": 1849,
  "imagenes": [
   "3730.3746.3746.8626"
  ],
  "nombre": "FERNANDEZ, JULIA ISABEL",
  "nro_orden": 1,
  "orden_absoluto": [
   15,
   32,
   74,
   2,
   1
  ],
  "secundarios": [

  ],
  "sexo": "F",
  "suplentes": [
   "GARCIA, ELOY ANTONIO"
  ]
 },
 {
  "asistida": "Sabadini MAURO DIEGO",
  "cargo_ejecutivo": true,
  "clase": "Candidato",
  "cod_alianza": "3731",
  "cod_categoria": "GOB",
  "cod_lista": "3731.3743.3743",
  "cod_partido": "3731.3743",
  "codigo": "3731.3743.3743.7941",
  "dni": "23362242",
  "id_candidatura": "3731.3743.3743.7941",
  "id_umv": 1205,
  "imagenes": [
   "3731.3743.3743.7941",
   "default_mujer"
  ],
  "nombre": "SABBADINI, MAURO DIEGO",
  "nro_orden": 1,
  "orden_absoluto": [
   10,
   22,
   68,
   1,
   1
  ],
  "secundarios": [
   "LOAYZA PACHECO, JIMENA LUCIA"
  ],
  "sexo": "M",
  "suplentes": [

  ]
 },
 {
  "asistida": "CAJAL LUIS",
  "cargo_ejecutivo": false,
  "clase": "Candidato",
  "cod_alianza": "3731",
  "cod_categoria": "SEN",
  "cod_lista": "3731.3743.3743",
  "cod_partido": "3731.3743",
  "codigo": "3731.3743.3743.7947",
  "dni": "32793722",
  "id_candidatura": "3731.3743.3743.7947",
  "id_umv": 1855,
  "imagenes": [
   "3731.3743.3743.7947"
  ],
  "nombre": "CAJAL, LUIS",
  "nro_orden": 1,
  "orden_absoluto": [
   10,
   22,
   68,
   2,
   1
  ],
  "secundarios": [

  ],
  "sexo": "M",
  "suplentes": [
   "QUIROGA, RAMONA ESTELA"
  ]
 },
 {
  "asistida": "DEL PLA CLAUDIO ARIEL",
  "cargo_ejecutivo": true,
  "clase": "Candidato",
  "cod_alianza": "3732",
  "cod_categoria": "GOB",
  "cod_lista": "3732.3740.3740",
  "cod_partido": "3732.3740",
  "codigo": "3732.3740.3740.6916",
  "dni": "13943671",
  "id_candidatura": "3732.3740.3740.6916",
  "id_umv": 1206,
  "imagenes": [
   "3732.3740.3740.6916",
   "default_mujer"
  ],
  "nombre": "DEL PLA, CLAUDIO ARIEL",
  "nro_orden": 1,
  "orden_absoluto": [
   7,
   18,
   73,
   1,
   1
  ],
  "secundarios": [
   "HIDALGO, LORENA VANESA"
  ],
  "sexo": "M",
  "suplentes": [

  ]
 },
 {
  "asistida": "VALERO W\u00c1LTER LEONARDO",
  "cargo_ejecutivo": false,
  "clase": "Candidato",
  "cod_alianza": "3733",
  "cod_categoria": "CNJ",
  "cod_lista": "3733.1862.1862",
  "cod_partido": "3733.1862",
  "codigo": "3733.1862.1862.1686",
  "dni": "11038801",
  "id_candidatura": "3733.1862.1862.1686",
  "id_umv": 435,
  "imagenes": [
   "3733.1862.1862.1686",
   "default_mujer",
   "default",
   "default_mujer",
   "default",
   "default_mujer",
   "default"
  ],
  "nombre": "VALERO, WALTER LEONARDO",
  "nro_orden": 1,
  "orden_absoluto": [
   11,
   63,
   14,
   5,
   1
  ],
  "secundarios": [
   "BAEZ ABREGU, MERCEDES MICAELA",
   "CHAPARRO, HUGO ANTONIO",
   "PEREZ, MARIA SOLEDAD",
   "SALVATIERRA, REIMUNDO",
   "ARGA\u00d1ARAZ, VERONICA SUSANA",
   "SARAVIA, ALVARO NAZARENO"
  ],
  "sexo": "M",
  "suplentes": [
   "MORENO, NATALIA MARINES",
   "CORBALAN, HERNAN CELIN",
   "CUELLAR SARMIENTO, KAREN DAIANA",
   "MERCADO, FABIO FERNANDO",
   "BARROSO, VANESA ROMINA",
   "BAZAN, LUIS ALFREDO",
   "LUNA, NATALIA SOLEDAD"
  ]
 },
 {
  "asistida": "MALDONADO ELBA LUCRECIA",
  "cargo_ejecutivo": false,
  "clase": "Candidato",
  "cod_alianza": "3733",
  "cod_categoria": "CNJ",
  "cod_lista": "3733.1869.1869",
  "cod_partido": "3733.1869",
  "codigo": "3733.1869.1869.2182",
  "dni": "20887507",
  "id_candidatura": "3733.1869.1869.2182",
  "id_umv": 471,
  "imagenes": [
   "3733.1869.1869.2182",
   "default",
   "default_mujer",
   "default",
   "default_mujer",
   "default",
   "default_mujer"
  ],
  "nombre": "MALDONADO, ELBA LUCRECIA",
  "nro_orden": 1,
  "orden_absoluto": [
   11,
   67,
   15,
   5,
   1
  ],
  "secundarios": [
   "GARCIA, PABLO ARIEL",
   "MENESES, KAREN BELEN",
   "LOPEZ, DIEGO ALFREDO",
   "FRIAS, FERNANDA DEL MILAGRO",
   "FRIAS, ANGEL ABEL",
   "VELEIZAN, VERONICA VALERIA"
  ],
  "sexo": "F",
  "suplentes": [
   "VIZGARRA, WALTER DANIEL",
   "MALDONADO CONTINO, ANA LORENA",
   "VELEIZAN, JORGE ALBERTO",
   "FERNANDEZ, BELQUI AZUCENA",
   "PALOMO, WALTER EDUARDO",
   "CARRIZO, LUCILA MAGALI",
   "CEJAS, CESAR ISMAEL"
  ]
 },
 {
  "asistida": "NAVARRO ALEJANDRA BEATRIZ",
  "cargo_ejecutivo": false,
  "clase": "Candidato",
  "cod_alianza": "3733",
  "cod_categoria": "SEN",
  "cod_lista": "3733.3744.3744",
  "cod_partido": "3733.3744",
  "codigo": "3733.3744.3744.8377",
  "dni": "21830192",
  "id_candidatura": "3733.3744.3744.8377",
  "id_umv": 1868,
  "imagenes": [
   "3733.3744.3744.8377"
  ],
  "nombre": "DRA. NAVARRO, \u201cBETINA\u201d",
  "nro_orden": 1,
  "orden_absoluto": [
   11,
   24,
   71,
   2,
   1
  ],
  "secundarios": [

  ],
  "sexo": "F",
  "suplentes": [
   "GOMEZ, ERNESTO ANGEL"
  ]
 },
 {
  "asistida": "ROJAS ROLANDO RODOLFO",
  "cargo_ejecutivo": true,
  "clase": "Candidato",
  "cod_alianza": "3733",
  "cod_categoria": "INT",
  "cod_lista": "3733.3744.3744",
  "cod_partido": "3733.3744",
  "codigo": "3733.3744.3744.8416",
  "dni": "23720607",
  "id_candidatura": "3733.3744.3744.8416",
  "id_umv": 1493,
  "imagenes": [
   "3733.3744.3744.8416"
  ],
  "nombre": "ROJAS, ROLANDO RODOLFO",
  "nro_orden": 1,
  "orden_absoluto": [
   11,
   24,
   71,
   4,
   1
  ],
  "secundarios": [

  ],
  "sexo": "M",
  "suplentes": [

  ]
 },
 {
  "asistida": "Ruberto SAENZ GUSTAVO ADOLFO",
  "cargo_ejecutivo": true,
  "clase": "Candidato",
  "cod_alianza": "3734",
  "cod_categoria": "GOB",
  "cod_lista": "3734.3737.3737",
  "cod_partido": "3734.3737",
  "codigo": "3734.3737.3737.6358",
  "dni": "20609646",
  "id_candidatura": "3734.3737.3737.6358",
  "id_umv": 1207,
  "imagenes": [
   "3734.3737.3737.6358",
   "default"
  ],
  "nombre": "SAENZ, GUSTAVO",
  "nro_orden": 1,
  "orden_absoluto": [
   1,
   5,
   69,
   1,
   1
  ],
  "secundarios": [
   "MAROCCO, ANTONIO \u201cGRINGO\u201d"
  ],
  "sexo": "M",
  "suplentes": [

  ]
 },
 {
  "asistida": "VILLALVA CARLOS GABRIEL",
  "cargo_ejecutivo": false,
  "clase": "Candidato",
  "cod_alianza": "3735",
  "cod_categoria": "CNJ",
  "cod_lista": "3735.15.15",
  "cod_partido": "3735.15",
  "codigo": "3735.15.15.861",
  "dni": "25761661",
  "id_candidatura": "3735.15.15.861",
  "id_umv": 593,
  "imagenes": [
   "3735.15.15.861",
   "default_mujer",
   "default",
   "default_mujer",
   "default",
   "default_mujer",
   "default"
  ],
  "nombre": "VILLALVA, CARLOS GABRIEL",
  "nro_orden": 1,
  "orden_absoluto": [
   12,
   59,
   1,
   5,
   1
  ],
  "secundarios": [
   "MONTENEGRO, NORMA NOEMI",
   "ROMERO, RAUL HECTOR",
   "CORDOBA, AGUSTINA BEATRIZ",
   "ALBORNOZ, GUSTAVO ARIEL",
   "GALARCE, ZULMA MAVEL",
   "DIAZ, JORGE RAMON"
  ],
  "sexo": "M",
  "suplentes": [
   "DIAZ, SOFIA DEL MILAGRO",
   "DIAZ, CESAR DAVID",
   "QUINTEROS, MONICA LEONOR",
   "PAZ, MARCELO JAVIER",
   "ROMERO, NADIA SOLEDAD",
   "CORDOBA, GASTON ADRIAN ALEJANDRO",
   "SAAVEDRA, MELANI JULIETA"
  ]
 },
 {
  "asistida": "FLORES W\u00c1LTER ALFREDO",
  "cargo_ejecutivo": false,
  "clase": "Candidato",
  "cod_alianza": "3735",
  "cod_categoria": "CNJ",
  "cod_lista": "3735.3650.3650",
  "cod_partido": "3735.3650",
  "codigo": "3735.3650.3650.5675",
  "dni": "21920412",
  "id_candidatura": "3735.3650.3650.5675",
  "id_umv": 709,
  "imagenes": [
   "3735.3650.3650.5675",
   "default_mujer",
   "default",
   "default_mujer",
   "default",
   "default_mujer",
   "default"
  ],
  "nombre": "FLORES, WALTER \u201cPICHI\u201d",
  "nro_orden": 1,
  "orden_absoluto": [
   12,
   66,
   23,
   5,
   1
  ],
  "secundarios": [
   "PERALTA, MARIA OFELIA",
   "SILVA, JOSE IGNACIO",
   "GARNICA, MARIA HORTENSIA",
   "SANDEZ, CARLOS BENJAMIN",
   "MENECES FORNES, KAREN MARILIN",
   "ORELLANA, JESUS GABRIEL"
  ],
  "sexo": "M",
  "suplentes": [
   "LOBO, PATRICIA CEFERINA",
   "ARIAS, ALEJANDRO OMAR",
   "PAZ, AMERICA",
   "ACOSTA, MARIO MARTIN",
   "PEREZ, CARLA ALDANA",
   "ROCHA, RAMON ANTONIO"
  ]
 },
 {
  "asistida": "LEGUINA MARCELA DEL VALLE",
  "cargo_ejecutivo": true,
  "clase": "Candidato",
  "cod_alianza": "3735",
  "cod_categoria": "INT",
  "cod_lista": "3735.4.4",
  "cod_partido": "3735.4",
  "codigo": "3735.4.4.10032",
  "dni": "22624599",
  "id_candidatura": "3735.4.4.10032",
  "id_umv": 1574,
  "imagenes": [
   "3735.4.4.10032"
  ],
  "nombre": "LEGUINA, MARCELA DEL VALLE",
  "nro_orden": 1,
  "orden_absoluto": [
   12,
   58,
   6,
   4,
   1
  ],
  "secundarios": [

  ],
  "sexo": "F",
  "suplentes": [

  ]
 },
 {
  "asistida": "CHAVEZ RIOS FERNANDA YANET",
  "cargo_ejecutivo": false,
  "clase": "Candidato",
  "cod_alianza": "3735",
  "cod_categoria": "CNJ",
  "cod_lista": "3735.4.4",
  "cod_partido": "3735.4",
  "codigo": "3735.4.4.10116",
  "dni": "31870476",
  "id_candidatura": "3735.4.4.10116",
  "id_umv": 753,
  "imagenes": [
   "3735.4.4.10116",
   "default",
   "default_mujer",
   "default",
   "default_mujer",
   "default",
   "default_mujer"
  ],
  "nombre": "CHAVEZ, FERNANDA \u201cFUCHI\u201d",
  "nro_orden": 1,
  "orden_absoluto": [
   12,
   58,
   6,
   5,
   1
  ],
  "secundarios": [
   "GONZALEZ, MARIO ALBERTO",
   "RODRIGUEZ, INES MAGDALENA",
   "TEVES, MANOLO ALEJANDRO",
   "CUELLAR, ZULMA CECILIA",
   "TEJADA, DANIEL ANTONIO",
   "SUAREZ, MONICA MARCELA"
  ],
  "sexo": "F",
  "suplentes": [
   "RUIZ, EXEQUIEL EMANUEL",
   "TOLOSA, ROSA ELENA",
   "TEVES, MARIO GASTON",
   "DENIS, MAIRA DEL MILAGRO",
   "LINCH, CESAR AUGUSTO",
   "ZOLORZA, MARIA SILBINA",
   "ORELLANA, MARIO ALFREDO"
  ]
 },
 {
  "asistida": "ESQUIVEL JORGE GUSTAVO",
  "cargo_ejecutivo": false,
  "clase": "Candidato",
  "cod_alianza": "3735",
  "cod_categoria": "SEN",
  "cod_lista": "3735.4.4",
  "cod_partido": "3735.4",
  "codigo": "3735.4.4.9990",
  "dni": "20487510",
  "id_candidatura": "3735.4.4.9990",
  "id_umv": 1881,
  "imagenes": [
   "3735.4.4.9990"
  ],
  "nombre": "ESQUIVEL, JORGE GUSTAVO",
  "nro_orden": 1,
  "orden_absoluto": [
   12,
   58,
   6,
   2,
   1
  ],
  "secundarios": [

  ],
  "sexo": "M",
  "suplentes": [
   "GARCIA, MARCELO DURVAL"
  ]
 },
 {
  "asistida": "Escotor\u00edn RAMIRO DANIEL",
  "cargo_ejecutivo": true,
  "clase": "Candidato",
  "cod_alianza": "685",
  "cod_categoria": "GOB",
  "cod_lista": "685.685.685",
  "cod_partido": "685.685",
  "codigo": "685.685.685.12004",
  "dni": "17581303",
  "id_candidatura": "685.685.685.12004",
  "id_umv": 1208,
  "imagenes": [
   "685.685.685.12004",
   "default_mujer"
  ],
  "nombre": "ESCOTORIN, RAMIRO DANIEL",
  "nro_orden": 1,
  "orden_absoluto": [
   14,
   30,
   78,
   1,
   1
  ],
  "secundarios": [
   "CALIVA, PATRICIA DEL VALLE"
  ],
  "sexo": "M",
  "suplentes": [

  ]
 },
 {
  "asistida": "REYES JUAN CARLOS",
  "cargo_ejecutivo": false,
  "clase": "Candidato",
  "cod_alianza": "685",
  "cod_categoria": "SEN",
  "cod_lista": "685.685.685",
  "cod_partido": "685.685",
  "codigo": "685.685.685.12007",
  "dni": "11323088",
  "id_candidatura": "685.685.685.12007",
  "id_umv": 1885,
  "imagenes": [
   "685.685.685.12007"
  ],
  "nombre": "REYES, JUAN CARLOS",
  "nro_orden": 1,
  "orden_absoluto": [
   14,
   30,
   78,
   2,
   1
  ],
  "secundarios": [

  ],
  "sexo": "M",
  "suplentes": [

  ]
 },
 {
  "asistida": "Voto en BLANCO",
  "cargo_ejecutivo": false,
  "clase": "Blanco",
  "cod_categoria": "CNJ",
  "cod_lista": "",
  "codigo": "BLC",
  "id_candidatura": "BLC",
  "id_umv": 892,
  "imagenes": [
   "BLC"
  ],
  "nombre": "Voto en BLANCO",
  "nro_orden": 5,
  "orden_absoluto": [
   994,
   5
  ],
  "secundarios": [

  ],
  "sexo": null,
  "suplentes": [

  ]
 },
 {
  "asistida": "Voto en BLANCO",
  "cargo_ejecutivo": true,
  "clase": "Blanco",
  "cod_categoria": "GOB",
  "cod_lista": "",
  "codigo": "BLC",
  "id_candidatura": "BLC",
  "id_umv": 1209,
  "imagenes": [
   "BLC"
  ],
  "nombre": "Voto en BLANCO",
  "nro_orden": 1,
  "orden_absoluto": [
   994,
   1
  ],
  "secundarios": [

  ],
  "sexo": null,
  "suplentes": [

  ]
 },
 {
  "asistida": "Voto en BLANCO",
  "cargo_ejecutivo": true,
  "clase": "Blanco",
  "cod_categoria": "INT",
  "cod_lista": "",
  "codigo": "BLC",
  "id_candidatura": "BLC",
  "id_umv": 1666,
  "imagenes": [
   "BLC"
  ],
  "nombre": "Voto en BLANCO",
  "nro_orden": 4,
  "orden_absoluto": [
   994,
   4
  ],
  "secundarios": [

  ],
  "sexo": null,
  "suplentes": [

  ]
 },
 {
  "asistida": "Voto en BLANCO",
  "cargo_ejecutivo": false,
  "clase": "Blanco",
  "cod_categoria": "SEN",
  "cod_lista": "",
  "codigo": "BLC",
  "id_candidatura": "BLC",
  "id_umv": 1893,
  "imagenes": [
   "BLC"
  ],
  "nombre": "Voto en BLANCO",
  "nro_orden": 2,
  "orden_absoluto": [
   994,
   2
  ],
  "secundarios": [

  ],
  "sexo": null,
  "suplentes": [

  ]
 },
 {
  "asistida": "Votos IMPUGNADOS",
  "cargo_ejecutivo": false,
  "clase": "Especial",
  "cod_categoria": "CNJ",
  "cod_lista": "",
  "codigo": "IMP",
  "id_candidatura": "IMP",
  "id_umv": 952,
  "nombre": "Votos IMPUGNADOS",
  "nro_orden": 5,
  "orden_absoluto": [
   995,
   5
  ],
  "secundarios": [

  ],
  "sexo": null,
  "suplentes": [

  ]
 },
 {
  "asistida": "Votos IMPUGNADOS",
  "cargo_ejecutivo": true,
  "clase": "Especial",
  "cod_categoria": "GOB",
  "cod_lista": "",
  "codigo": "IMP",
  "id_candidatura": "IMP",
  "id_umv": 1210,
  "nombre": "Votos IMPUGNADOS",
  "nro_orden": 1,
  "orden_absoluto": [
   995,
   1
  ],
  "secundarios": [

  ],
  "sexo": null,
  "suplentes": [

  ]
 },
 {
  "asistida": "Votos IMPUGNADOS",
  "cargo_ejecutivo": true,
  "clase": "Especial",
  "cod_categoria": "INT",
  "cod_lista": "",
  "codigo": "IMP",
  "id_candidatura": "IMP",
  "id_umv": 1726,
  "nombre": "Votos IMPUGNADOS",
  "nro_orden": 4,
  "orden_absoluto": [
   995,
   4
  ],
  "secundarios": [

  ],
  "sexo": null,
  "suplentes": [

  ]
 },
 {
  "asistida": "Votos IMPUGNADOS",
  "cargo_ejecutivo": false,
  "clase": "Especial",
  "cod_categoria": "SEN",
  "cod_lista": "",
  "codigo": "IMP",
  "id_candidatura": "IMP",
  "id_umv": 1904,
  "nombre": "Votos IMPUGNADOS",
  "nro_orden": 2,
  "orden_absoluto": [
   995,
   2
  ],
  "secundarios": [

  ],
  "sexo": null,
  "suplentes": [

  ]
 },
 {
  "asistida": "Votos OBSERVADOS",
  "cargo_ejecutivo": false,
  "clase": "Especial",
  "cod_categoria": "CNJ",
  "cod_lista": "",
  "codigo": "OBS",
  "id_candidatura": "OBS",
  "id_umv": 1012,
  "nombre": "Votos OBSERVADOS",
  "nro_orden": 5,
  "orden_absoluto": [
   996,
   5
  ],
  "secundarios": [

  ],
  "sexo": null,
  "suplentes": [

  ]
 },
 {
  "asistida": "Votos OBSERVADOS",
  "cargo_ejecutivo": true,
  "clase": "Especial",
  "cod_categoria": "GOB",
  "cod_lista": "",
  "codigo": "OBS",
  "id_candidatura": "OBS",
  "id_umv": 1211,
  "nombre": "Votos OBSERVADOS",
  "nro_orden": 1,
  "orden_absoluto": [
   996,
   1
  ],
  "secundarios": [

  ],
  "sexo": null,
  "suplentes": [

  ]
 },
 {
  "asistida": "Votos OBSERVADOS",
  "cargo_ejecutivo": true,
  "clase": "Especial",
  "cod_categoria": "INT",
  "cod_lista": "",
  "codigo": "OBS",
  "id_candidatura": "OBS",
  "id_umv": 1786,
  "nombre": "Votos OBSERVADOS",
  "nro_orden": 4,
  "orden_absoluto": [
   996,
   4
  ],
  "secundarios": [

  ],
  "sexo": null,
  "suplentes": [

  ]
 },
 {
  "asistida": "Votos OBSERVADOS",
  "cargo_ejecutivo": false,
  "clase": "Especial",
  "cod_categoria": "SEN",
  "cod_lista": "",
  "codigo": "OBS",
  "id_candidatura": "OBS",
  "id_umv": 1915,
  "nombre": "Votos OBSERVADOS",
  "nro_orden": 2,
  "orden_absoluto": [
   996,
   2
  ],
  "secundarios": [

  ],
  "sexo": null,
  "suplentes": [

  ]
 }
]