[
 {
  "asistida": "VIVEROS BENITO ARTURO",
  "cargo_ejecutivo": true,
  "clase": "Candidato",
  "cod_alianza": "1045",
  "cod_categoria": "INT",
  "cod_lista": "1045.1045.1045",
  "cod_partido": "1045.1045",
  "codigo": "1045.1045.1045.303",
  "dni": "17659023",
  "id_candidatura": "1045.1045.1045.303",
  "id_umv": 1212,
  "imagenes": [
   "1045.1045.1045.303"
  ],
  "nombre": "VIVEROS, BENITO ARTURO",
  "nro_orden": 1,
  "orden_absoluto": [
   13,
   26,
   27,
   4,
   1
  ],
  "secundarios": [

  ],
  "sexo": "M",
  "suplentes": [

  ]
 },
 {
  "asistida": "LERA UAN CARLOS",
  "cargo_ejecutivo": false,
  "clase": "Candidato",
  "cod_alianza": "1045",
  "cod_categoria": "CNJ",
  "cod_lista": "1045.1045.1045",
  "cod_partido": "1045.1045",
  "codigo": "1045.1045.1045.304",
  "dni": "21312218",
  "id_candidatura": "1045.1045.1045.304",
  "id_umv": 1,
  "imagenes": [
   "1045.1045.1045.304",
   "default_mujer",
   "default",
   "default_mujer",
   "default"
  ],
  "nombre": "LERA, JUAN CARLOS",
  "nro_orden": 1,
  "orden_absoluto": [
   13,
   26,
   27,
   5,
   1
  ],
  "secundarios": [
   "NOLASCO, TITA",
   "MIRANDA, DIEGO ANTONIO",
   "TOLABA, NORMA DE LOS ANGELES",
   "GONZALEZ, JAIME ALBERTANO"
  ],
  "sexo": "M",
  "suplentes": [
   "MENDOZA, ARMINDA LUCIA"
  ]
 },
 {
  "asistida": "PLANES DANIELA",
  "cargo_ejecutivo": true,
  "clase": "Candidato",
  "cod_alianza": "1863",
  "cod_categoria": "GOB",
  "cod_lista": "1863.1863.1863",
  "cod_partido": "1863.1863",
  "codigo": "1863.1863.1863.2069",
  "dni": "28523544",
  "id_candidatura": "1863.1863.1863.2069",
  "id_umv": 1197,
  "imagenes": [
   "1863.1863.1863.2069",
   "default_mujer"
  ],
  "nombre": "PLANES, DANIELA",
  "nro_orden": 1,
  "orden_absoluto": [
   22,
   53,
   12,
   1,
   1
  ],
  "secundarios": [
   "TEJERINA, VERONICA"
  ],
  "sexo": "F",
  "suplentes": [

  ]
 },
 {
  "asistida": "GIL VIOLETA",
  "cargo_ejecutivo": true,
  "clase": "Candidato",
  "cod_alianza": "22",
  "cod_categoria": "GOB",
  "cod_lista": "22.22.22",
  "cod_partido": "22.22",
  "codigo": "22.22.22.3409",
  "dni": "33984630",
  "id_candidatura": "22.22.22.3409",
  "id_umv": 1198,
  "imagenes": [
   "22.22.22.3409",
   "default"
  ],
  "nombre": "GIL, VIOLETA",
  "nro_orden": 1,
  "orden_absoluto": [
   23,
   62,
   3,
   1,
   1
  ],
  "secundarios": [
   "TOLABA, ANGEL RODOLFO"
  ],
  "sexo": "F",
  "suplentes": [

  ]
 },
 {
  "asistida": "TogNolini MARCOS",
  "cargo_ejecutivo": true,
  "clase": "Candidato",
  "cod_alianza": "3625",
  "cod_categoria": "GOB",
  "cod_lista": "3625.3625.3625",
  "cod_partido": "3625.3625",
  "codigo": "3625.3625.3625.5312",
  "dni": "29336659",
  "id_candidatura": "3625.3625.3625.5312",
  "id_umv": 1199,
  "imagenes": [
   "3625.3625.3625.5312",
   "default_mujer"
  ],
  "nombre": "TOGNOLINI, MARCOS",
  "nro_orden": 1,
  "orden_absoluto": [
   21,
   43,
   21,
   1,
   1
  ],
  "secundarios": [
   "RAMOS, MIRTA ADRIANA"
  ],
  "sexo": "M",
  "suplentes": [

  ]
 },
 {
  "asistida": "ESTRADA EMILIANO RAFAEL",
  "cargo_ejecutivo": true,
  "clase": "Candidato",
  "cod_alianza": "3717",
  "cod_categoria": "GOB",
  "cod_lista": "3717.3739.3739",
  "cod_partido": "3717.3739",
  "codigo": "3717.3739.3739.6360",
  "dni": "32165256",
  "id_candidatura": "3717.3739.3739.6360",
  "id_umv": 1200,
  "imagenes": [
   "3717.3739.3739.6360",
   "default"
  ],
  "nombre": "ESTRADA, EMILIANO",
  "nro_orden": 1,
  "orden_absoluto": [
   6,
   17,
   64,
   1,
   1
  ],
  "secundarios": [
   "ZAPATA, CARLOS RAUL"
  ],
  "sexo": "M",
  "suplentes": [

  ]
 },
 {
  "asistida": "W\u00c1YAR GU\u00c1LTER RAUL",
  "cargo_ejecutivo": true,
  "clase": "Candidato",
  "cod_alianza": "3723",
  "cod_categoria": "GOB",
  "cod_lista": "3723.3741.3741",
  "cod_partido": "3723.3741",
  "codigo": "3723.3741.3741.7154",
  "dni": "12220501",
  "id_candidatura": "3723.3741.3741.7154",
  "id_umv": 1201,
  "imagenes": [
   "3723.3741.3741.7154",
   "default"
  ],
  "nombre": "WAYAR, WALTER",
  "nro_orden": 1,
  "orden_absoluto": [
   5,
   14,
   65,
   1,
   1
  ],
  "secundarios": [
   "MIZZAU, IVAN"
  ],
  "sexo": "M",
  "suplentes": [

  ]
 },
 {
  "asistida": "MENDOZA NIEVES NATALIA",
  "cargo_ejecutivo": true,
  "clase": "Candidato",
  "cod_alianza": "3723",
  "cod_categoria": "INT",
  "cod_lista": "3723.3741.3741",
  "cod_partido": "3723.3741",
  "codigo": "3723.3741.3741.7258",
  "dni": "32043208",
  "id_candidatura": "3723.3741.3741.7258",
  "id_umv": 1323,
  "imagenes": [
   "3723.3741.3741.7258"
  ],
  "nombre": "MENDOZA, NIEVES NATALIA",
  "nro_orden": 1,
  "orden_absoluto": [
   5,
   14,
   65,
   4,
   1
  ],
  "secundarios": [

  ],
  "sexo": "F",
  "suplentes": [

  ]
 },
 {
  "asistida": "MAMANI ANA VICTORIA",
  "cargo_ejecutivo": false,
  "clase": "Candidato",
  "cod_alianza": "3723",
  "cod_categoria": "CNJ",
  "cod_lista": "3723.3741.3741",
  "cod_partido": "3723.3741",
  "codigo": "3723.3741.3741.7622",
  "dni": "18469712",
  "id_candidatura": "3723.3741.3741.7622",
  "id_umv": 220,
  "imagenes": [
   "3723.3741.3741.7622",
   "default",
   "default_mujer",
   "default",
   "default_mujer"
  ],
  "nombre": "MAMANI, ANA VICTORIA",
  "nro_orden": 1,
  "orden_absoluto": [
   5,
   14,
   65,
   5,
   1
  ],
  "secundarios": [
   "LIQUIN, JUAN MANUEL",
   "GUZMAN, SOFIA VIRGINIA",
   "LERA, WILSON RODRIGO",
   "FABIAN, CECILIA VIVIANA"
  ],
  "sexo": "F",
  "suplentes": [
   "LIQUIN, GABRIEL RODRIGO",
   "BURGOS, OTILIA MERCEDES",
   "FLORES, LUIS MIGUEL"
  ]
 },
 {
  "asistida": "PAZ POSE LUCIO",
  "cargo_ejecutivo": true,
  "clase": "Candidato",
  "cod_alianza": "3728",
  "cod_categoria": "GOB",
  "cod_lista": "3728.3742.3742",
  "cod_partido": "3728.3742",
  "codigo": "3728.3742.3742.7704",
  "dni": "24875401",
  "id_candidatura": "3728.3742.3742.7704",
  "id_umv": 1202,
  "imagenes": [
   "3728.3742.3742.7704",
   "default_mujer"
  ],
  "nombre": "PAZ POSSE, LUCIO \u201cPINO\u201d",
  "nro_orden": 1,
  "orden_absoluto": [
   9,
   21,
   66,
   1,
   1
  ],
  "secundarios": [
   "FARJAT D\u2019ALESSANDRO, LORENA"
  ],
  "sexo": "M",
  "suplentes": [

  ]
 },
 {
  "asistida": "CAL\u00cdVA L\u00cdA VER\u00d3NICA",
  "cargo_ejecutivo": true,
  "clase": "Candidato",
  "cod_alianza": "3729",
  "cod_categoria": "GOB",
  "cod_lista": "3729.3747.3747",
  "cod_partido": "3729.3747",
  "codigo": "3729.3747.3747.9058",
  "dni": "25624792",
  "id_candidatura": "3729.3747.3747.9058",
  "id_umv": 1203,
  "imagenes": [
   "3729.3747.3747.9058",
   "default"
  ],
  "nombre": "CALIVA, LIA VERONICA",
  "nro_orden": 1,
  "orden_absoluto": [
   24,
   68,
   67,
   1,
   1
  ],
  "secundarios": [
   "GRAVANAGO, CARLOS ALEJANDRO"
  ],
  "sexo": "F",
  "suplentes": [

  ]
 },
 {
  "asistida": "NANNI VALERO MIGUEL",
  "cargo_ejecutivo": true,
  "clase": "Candidato",
  "cod_alianza": "3730",
  "cod_categoria": "GOB",
  "cod_lista": "3730.3746.3746",
  "cod_partido": "3730.3746",
  "codigo": "3730.3746.3746.8614",
  "dni": "25802248",
  "id_candidatura": "3730.3746.3746.8614",
  "id_umv": 1204,
  "imagenes": [
   "3730.3746.3746.8614",
   "default_mujer"
  ],
  "nombre": "NANNI, MIGUEL",
  "nro_orden": 1,
  "orden_absoluto": [
   15,
   32,
   74,
   1,
   1
  ],
  "secundarios": [
   "CORNEJO, VIRGINIA"
  ],
  "sexo": "M",
  "suplentes": [

  ]
 },
 {
  "asistida": "Sabadini MAURO DIEGO",
  "cargo_ejecutivo": true,
  "clase": "Candidato",
  "cod_alianza": "3731",
  "cod_categoria": "GOB",
  "cod_lista": "3731.3743.3743",
  "cod_partido": "3731.3743",
  "codigo": "3731.3743.3743.7941",
  "dni": "23362242",
  "id_candidatura": "3731.3743.3743.7941",
  "id_umv": 1205,
  "imagenes": [
   "3731.3743.3743.7941",
   "default_mujer"
  ],
  "nombre": "SABBADINI, MAURO DIEGO",
  "nro_orden": 1,
  "orden_absoluto": [
   10,
   22,
   68,
   1,
   1
  ],
  "secundarios": [
   "LOAYZA PACHECO, JIMENA LUCIA"
  ],
  "sexo": "M",
  "suplentes": [

  ]
 },
 {
  "asistida": "DEL PLA CLAUDIO ARIEL",
  "cargo_ejecutivo": true,
  "clase": "Candidato",
  "cod_alianza": "3732",
  "cod_categoria": "GOB",
  "cod_lista": "3732.3740.3740",
  "cod_partido": "3732.3740",
  "codigo": "3732.3740.3740.6916",
  "dni": "13943671",
  "id_candidatura": "3732.3740.3740.6916",
  "id_umv": 1206,
  "imagenes": [
   "3732.3740.3740.6916",
   "default_mujer"
  ],
  "nombre": "DEL PLA, CLAUDIO ARIEL",
  "nro_orden": 1,
  "orden_absoluto": [
   7,
   18,
   73,
   1,
   1
  ],
  "secundarios": [
   "HIDALGO, LORENA VANESA"
  ],
  "sexo": "M",
  "suplentes": [

  ]
 },
 {
  "asistida": "PINTOS GUILLERMO RONALDO",
  "cargo_ejecutivo": true,
  "clase": "Candidato",
  "cod_alianza": "3732",
  "cod_categoria": "INT",
  "cod_lista": "3732.3740.3740",
  "cod_partido": "3732.3740",
  "codigo": "3732.3740.3740.6969",
  "dni": "28338112",
  "id_candidatura": "3732.3740.3740.6969",
  "id_umv": 1455,
  "imagenes": [
   "3732.3740.3740.6969"
  ],
  "nombre": "PINTOS, GUILLERMO RONALDO",
  "nro_orden": 1,
  "orden_absoluto": [
   7,
   18,
   73,
   4,
   1
  ],
  "secundarios": [

  ],
  "sexo": "M",
  "suplentes": [

  ]
 },
 {
  "asistida": "ACOSTA ANDREA CARINA",
  "cargo_ejecutivo": false,
  "clase": "Candidato",
  "cod_alianza": "3732",
  "cod_categoria": "CNJ",
  "cod_lista": "3732.3740.3740",
  "cod_partido": "3732.3740",
  "codigo": "3732.3740.3740.7099",
  "dni": "31810235",
  "id_candidatura": "3732.3740.3740.7099",
  "id_umv": 390,
  "imagenes": [
   "3732.3740.3740.7099",
   "default",
   "default_mujer",
   "default",
   "default_mujer"
  ],
  "nombre": "ACOSTA, ANDREA CARINA",
  "nro_orden": 1,
  "orden_absoluto": [
   7,
   18,
   73,
   5,
   1
  ],
  "secundarios": [
   "CASIMIRO, MIGUEL LISANDRO",
   "COLQUE, EUBLOGIA",
   "GUITIAN, ALEJANDRO EFRAIN",
   "YAPURA, ELISA MARLENE"
  ],
  "sexo": "F",
  "suplentes": [
   "CASIMIRO, MIGUEL ANGEL",
   "MAMANI, DINA MARIELA"
  ]
 },
 {
  "asistida": "\u00c1LVAREZ L\u00d3PEZ LUC\u00cdA VER\u00d3NICA",
  "cargo_ejecutivo": false,
  "clase": "Candidato",
  "cod_alianza": "3733",
  "cod_categoria": "CNJ",
  "cod_lista": "3733.1862.1862",
  "cod_partido": "3733.1862",
  "codigo": "3733.1862.1862.1966",
  "dni": "33920964",
  "id_candidatura": "3733.1862.1862.1966",
  "id_umv": 459,
  "imagenes": [
   "3733.1862.1862.1966",
   "default",
   "default_mujer",
   "default",
   "default_mujer"
  ],
  "nombre": "ALVAREZ LOPEZ, LUCIA VERONICA",
  "nro_orden": 1,
  "orden_absoluto": [
   11,
   63,
   14,
   5,
   1
  ],
  "secundarios": [
   "SANCHEZ, RICARDO ROSENDO RAFAEL",
   "CASIMIRO, GLADYS HAYDEE",
   "LIENDRO GERONIMO, RONI CESAR",
   "LIQUIN, MARIAM MERCEDES"
  ],
  "sexo": "F",
  "suplentes": [
   "VELASQUEZ, LIBIO ELIAN",
   "RODRIGUEZ, ELVA MARIA",
   "ROMERO, JULIO CESAR",
   "RODRIGUEZ, YESICA GISEL",
   "LLANES, JACOBO ALEJANDRO"
  ]
 },
 {
  "asistida": "CARDOZO JUAN JOS\u00c9",
  "cargo_ejecutivo": true,
  "clase": "Candidato",
  "cod_alianza": "3733",
  "cod_categoria": "INT",
  "cod_lista": "3733.1869.1869",
  "cod_partido": "3733.1869",
  "codigo": "3733.1869.1869.2132",
  "dni": "32042973",
  "id_candidatura": "3733.1869.1869.2132",
  "id_umv": 1483,
  "imagenes": [
   "3733.1869.1869.2132"
  ],
  "nombre": "CARDOZO, JUAN JOSE",
  "nro_orden": 1,
  "orden_absoluto": [
   11,
   67,
   15,
   4,
   1
  ],
  "secundarios": [

  ],
  "sexo": "M",
  "suplentes": [

  ]
 },
 {
  "asistida": "CHILIGU\u00c1Y ALICIA MERCEDES",
  "cargo_ejecutivo": false,
  "clase": "Candidato",
  "cod_alianza": "3733",
  "cod_categoria": "CNJ",
  "cod_lista": "3733.1869.1869",
  "cod_partido": "3733.1869",
  "codigo": "3733.1869.1869.2392",
  "dni": "30607466",
  "id_candidatura": "3733.1869.1869.2392",
  "id_umv": 489,
  "imagenes": [
   "3733.1869.1869.2392",
   "default",
   "default_mujer",
   "default",
   "default_mujer"
  ],
  "nombre": "CHILIGUAY, ALICIA MERCEDES",
  "nro_orden": 1,
  "orden_absoluto": [
   11,
   67,
   15,
   5,
   1
  ],
  "secundarios": [
   "VELAZQUEZ, LEONARDO FABIO",
   "MAITA, FABIOLA INES",
   "LIQUIN, RAUL CAYETANO",
   "GUAYMAS, MARIA DEL MILAGRO"
  ],
  "sexo": "F",
  "suplentes": [
   "LONTOYA, VICTOR ALBERTO",
   "FLORES, CORINA YAMILA",
   "NOLASCO, PABLO FABIAN",
   "LOPEZ, DAIANA MARCELA GISEL",
   "RODRIGUEZ, ISAAC RUBEN"
  ]
 },
 {
  "asistida": "LI\u00c9NDR\u00d3 AM\u00c9RICO",
  "cargo_ejecutivo": true,
  "clase": "Candidato",
  "cod_alianza": "3733",
  "cod_categoria": "INT",
  "cod_lista": "3733.3652.3652",
  "cod_partido": "3733.3652",
  "codigo": "3733.3652.3652.6102",
  "dni": "16274832",
  "id_candidatura": "3733.3652.3652.6102",
  "id_umv": 1487,
  "imagenes": [
   "3733.3652.3652.6102"
  ],
  "nombre": "LIENDRO, AMERICO",
  "nro_orden": 1,
  "orden_absoluto": [
   11,
   75,
   28,
   4,
   1
  ],
  "secundarios": [

  ],
  "sexo": "M",
  "suplentes": [

  ]
 },
 {
  "asistida": "LUNA CASTRO HUGO RAMON",
  "cargo_ejecutivo": false,
  "clase": "Candidato",
  "cod_alianza": "3733",
  "cod_categoria": "CNJ",
  "cod_lista": "3733.3652.3652",
  "cod_partido": "3733.3652",
  "codigo": "3733.3652.3652.6103",
  "dni": "31580463",
  "id_candidatura": "3733.3652.3652.6103",
  "id_umv": 537,
  "imagenes": [
   "3733.3652.3652.6103",
   "default_mujer",
   "default",
   "default_mujer",
   "default"
  ],
  "nombre": "LUNA, \u201cCHINO\u201d",
  "nro_orden": 1,
  "orden_absoluto": [
   11,
   75,
   28,
   5,
   1
  ],
  "secundarios": [
   "COPA FLORES, MARIANELA LUCIANA",
   "LIENDRO, EDGARDO ESTEBAN",
   "GONZALEZ, JUANA BEATRIZ",
   "TOLABA, INOCENCIO FACUNDO BENITO"
  ],
  "sexo": "M",
  "suplentes": [
   "MOYA, ILIANA JANET",
   "NOLASCO, FLORINDO TEODORO",
   "ROMERO, JIMENA MARIANELA",
   "GONZA, JUAN RICARDO",
   "MARTINEZ, IVANA MARCELA"
  ]
 },
 {
  "asistida": "GUANT\u00c1Y SUSANA MARIBEL",
  "cargo_ejecutivo": false,
  "clase": "Candidato",
  "cod_alianza": "3733",
  "cod_categoria": "CNJ",
  "cod_lista": "3733.38.38",
  "cod_partido": "3733.38",
  "codigo": "3733.38.38.9921",
  "dni": "27907131",
  "id_candidatura": "3733.38.38.9921",
  "id_umv": 570,
  "imagenes": [
   "3733.38.38.9921",
   "default",
   "default_mujer",
   "default",
   "default_mujer"
  ],
  "nombre": "GUANTAY, SUSANA MARIBEL",
  "nro_orden": 1,
  "orden_absoluto": [
   11,
   65,
   5,
   5,
   1
  ],
  "secundarios": [
   "MOYA, JORGE DANIEL",
   "VENTICOLA, CLAUDINA SOLEDAD",
   "LOPEZ, FERNANDO GERARDO",
   "CRUZ, LURDES NEREA"
  ],
  "sexo": "F",
  "suplentes": [
   "VELASQUEZ, JULIO EDUARDO",
   "CASIMIRO, CELESTE STEFANIA",
   "CHILIGUAY, BALTAZAR HERMINIO",
   "ALEGRE, MARTA ELENA",
   "CASIMIRO, PABLO ARIEL"
  ]
 },
 {
  "asistida": "Ruberto SAENZ GUSTAVO ADOLFO",
  "cargo_ejecutivo": true,
  "clase": "Candidato",
  "cod_alianza": "3734",
  "cod_categoria": "GOB",
  "cod_lista": "3734.3737.3737",
  "cod_partido": "3734.3737",
  "codigo": "3734.3737.3737.6358",
  "dni": "20609646",
  "id_candidatura": "3734.3737.3737.6358",
  "id_umv": 1207,
  "imagenes": [
   "3734.3737.3737.6358",
   "default"
  ],
  "nombre": "SAENZ, GUSTAVO",
  "nro_orden": 1,
  "orden_absoluto": [
   1,
   5,
   69,
   1,
   1
  ],
  "secundarios": [
   "MAROCCO, ANTONIO \u201cGRINGO\u201d"
  ],
  "sexo": "M",
  "suplentes": [

  ]
 },
 {
  "asistida": "PRIETO ARIEL DAMIAN",
  "cargo_ejecutivo": false,
  "clase": "Candidato",
  "cod_alianza": "3735",
  "cod_categoria": "CNJ",
  "cod_lista": "3735.208.208",
  "cod_partido": "3735.208",
  "codigo": "3735.208.208.3315",
  "dni": "39038996",
  "id_candidatura": "3735.208.208.3315",
  "id_umv": 663,
  "imagenes": [
   "3735.208.208.3315",
   "default_mujer",
   "default",
   "default_mujer",
   "default"
  ],
  "nombre": "PRIETO, ARIEL DAMIAN",
  "nro_orden": 1,
  "orden_absoluto": [
   12,
   41,
   7,
   5,
   1
  ],
  "secundarios": [
   "MENDOZA, YESICA PAOLA",
   "VELASQUEZ, JESUS RONALDO LUIS",
   "BURGOS, TANIA ELIZABETH",
   "LOPEZ, EZEQUIEL GUILLERMO"
  ],
  "sexo": "M",
  "suplentes": [
   "POSPOS, ANAHI GISELA DAIANA",
   "LIENDRO, LEANDRO DARIO",
   "GERONIMO, MARIA ANGELICA",
   "BAUTISTA, SERGIO RAUL",
   "GUANTAY, GABRIELA ROCIO BELEN"
  ]
 },
 {
  "asistida": "CRUZ BANIS W\u00cdLLAMS",
  "cargo_ejecutivo": false,
  "clase": "Candidato",
  "cod_alianza": "3735",
  "cod_categoria": "CNJ",
  "cod_lista": "3735.3650.3650",
  "cod_partido": "3735.3650",
  "codigo": "3735.3650.3650.5995",
  "dni": "38275464",
  "id_candidatura": "3735.3650.3650.5995",
  "id_umv": 735,
  "imagenes": [
   "3735.3650.3650.5995",
   "default_mujer",
   "default",
   "default_mujer",
   "default"
  ],
  "nombre": "CRUZ, BANIS WILLAMS",
  "nro_orden": 1,
  "orden_absoluto": [
   12,
   66,
   23,
   5,
   1
  ],
  "secundarios": [
   "MORALES SANTA ANA, LUZ EMILSE",
   "FABIAN, JUAN JOSE",
   "CRUZ, ELSA DEL VALLE",
   "LOPEZ, GUSTAVO FERNANDO GABRIEL"
  ],
  "sexo": "M",
  "suplentes": [
   "CRUZ, NELIDA ROSALIA",
   "TOLABA, EXEQUIEL PABLO",
   "GUARACHE, YENNIFER MABEL"
  ]
 },
 {
  "asistida": "GUITI\u00c1N LILIANA MERCEDES",
  "cargo_ejecutivo": true,
  "clase": "Candidato",
  "cod_alianza": "3735",
  "cod_categoria": "INT",
  "cod_lista": "3735.3745.3745",
  "cod_partido": "3735.3745",
  "codigo": "3735.3745.3745.8600",
  "dni": "21792560",
  "id_candidatura": "3735.3745.3745.8600",
  "id_umv": 1562,
  "imagenes": [
   "3735.3745.3745.8600"
  ],
  "nombre": "GUITIAN, LILIANA MERCEDES",
  "nro_orden": 1,
  "orden_absoluto": [
   12,
   25,
   70,
   4,
   1
  ],
  "secundarios": [

  ],
  "sexo": "F",
  "suplentes": [

  ]
 },
 {
  "asistida": "LERA BRIAN ALEX RODRIGO",
  "cargo_ejecutivo": false,
  "clase": "Candidato",
  "cod_alianza": "3735",
  "cod_categoria": "CNJ",
  "cod_lista": "3735.4.4",
  "cod_partido": "3735.4",
  "codigo": "3735.4.4.10511",
  "dni": "38505971",
  "id_candidatura": "3735.4.4.10511",
  "id_umv": 791,
  "imagenes": [
   "3735.4.4.10511",
   "default_mujer",
   "default",
   "default_mujer",
   "default"
  ],
  "nombre": "LERA, BRIAN \u201cBRAKA\u201d",
  "nro_orden": 1,
  "orden_absoluto": [
   12,
   58,
   6,
   5,
   1
  ],
  "secundarios": [
   "BURGOS FARFAN, MARITE JIMENA",
   "NOLASCO, JUAN PABLO",
   "BARRIONUEVO, ELIDA ROMINA",
   "FIGUEROA, CARLOS"
  ],
  "sexo": "M",
  "suplentes": [
   "CHOQUE, CANDELA AGUSTINA",
   "CASIMIRO, WALTER HIGINIO",
   "VILCA, SARA BEATRIZ",
   "YAPURA, CRISTIAN SILVESTRE",
   "CARDOZO, NATALIA MERCEDES"
  ]
 },
 {
  "asistida": "Escotor\u00edn RAMIRO DANIEL",
  "cargo_ejecutivo": true,
  "clase": "Candidato",
  "cod_alianza": "685",
  "cod_categoria": "GOB",
  "cod_lista": "685.685.685",
  "cod_partido": "685.685",
  "codigo": "685.685.685.12004",
  "dni": "17581303",
  "id_candidatura": "685.685.685.12004",
  "id_umv": 1208,
  "imagenes": [
   "685.685.685.12004",
   "default_mujer"
  ],
  "nombre": "ESCOTORIN, RAMIRO DANIEL",
  "nro_orden": 1,
  "orden_absoluto": [
   14,
   30,
   78,
   1,
   1
  ],
  "secundarios": [
   "CALIVA, PATRICIA DEL VALLE"
  ],
  "sexo": "M",
  "suplentes": [

  ]
 },
 {
  "asistida": "Voto en BLANCO",
  "cargo_ejecutivo": false,
  "clase": "Blanco",
  "cod_categoria": "CNJ",
  "cod_lista": "",
  "codigo": "BLC",
  "id_candidatura": "BLC",
  "id_umv": 875,
  "imagenes": [
   "BLC"
  ],
  "nombre": "Voto en BLANCO",
  "nro_orden": 5,
  "orden_absoluto": [
   994,
   5
  ],
  "secundarios": [

  ],
  "sexo": null,
  "suplentes": [

  ]
 },
 {
  "asistida": "Voto en BLANCO",
  "cargo_ejecutivo": true,
  "clase": "Blanco",
  "cod_categoria": "GOB",
  "cod_lista": "",
  "codigo": "BLC",
  "id_candidatura": "BLC",
  "id_umv": 1209,
  "imagenes": [
   "BLC"
  ],
  "nombre": "Voto en BLANCO",
  "nro_orden": 1,
  "orden_absoluto": [
   994,
   1
  ],
  "secundarios": [

  ],
  "sexo": null,
  "suplentes": [

  ]
 },
 {
  "asistida": "Voto en BLANCO",
  "cargo_ejecutivo": true,
  "clase": "Blanco",
  "cod_categoria": "INT",
  "cod_lista": "",
  "codigo": "BLC",
  "id_candidatura": "BLC",
  "id_umv": 1649,
  "imagenes": [
   "BLC"
  ],
  "nombre": "Voto en BLANCO",
  "nro_orden": 4,
  "orden_absoluto": [
   994,
   4
  ],
  "secundarios": [

  ],
  "sexo": null,
  "suplentes": [

  ]
 },
 {
  "asistida": "Votos IMPUGNADOS",
  "cargo_ejecutivo": false,
  "clase": "Especial",
  "cod_categoria": "CNJ",
  "cod_lista": "",
  "codigo": "IMP",
  "id_candidatura": "IMP",
  "id_umv": 935,
  "nombre": "Votos IMPUGNADOS",
  "nro_orden": 5,
  "orden_absoluto": [
   995,
   5
  ],
  "secundarios": [

  ],
  "sexo": null,
  "suplentes": [

  ]
 },
 {
  "asistida": "Votos IMPUGNADOS",
  "cargo_ejecutivo": true,
  "clase": "Especial",
  "cod_categoria": "GOB",
  "cod_lista": "",
  "codigo": "IMP",
  "id_candidatura": "IMP",
  "id_umv": 1210,
  "nombre": "Votos IMPUGNADOS",
  "nro_orden": 1,
  "orden_absoluto": [
   995,
   1
  ],
  "secundarios": [

  ],
  "sexo": null,
  "suplentes": [

  ]
 },
 {
  "asistida": "Votos IMPUGNADOS",
  "cargo_ejecutivo": true,
  "clase": "Especial",
  "cod_categoria": "INT",
  "cod_lista": "",
  "codigo": "IMP",
  "id_candidatura": "IMP",
  "id_umv": 1709,
  "nombre": "Votos IMPUGNADOS",
  "nro_orden": 4,
  "orden_absoluto": [
   995,
   4
  ],
  "secundarios": [

  ],
  "sexo": null,
  "suplentes": [

  ]
 },
 {
  "asistida": "Votos OBSERVADOS",
  "cargo_ejecutivo": false,
  "clase": "Especial",
  "cod_categoria": "CNJ",
  "cod_lista": "",
  "codigo": "OBS",
  "id_candidatura": "OBS",
  "id_umv": 995,
  "nombre": "Votos OBSERVADOS",
  "nro_orden": 5,
  "orden_absoluto": [
   996,
   5
  ],
  "secundarios": [

  ],
  "sexo": null,
  "suplentes": [

  ]
 },
 {
  "asistida": "Votos OBSERVADOS",
  "cargo_ejecutivo": true,
  "clase": "Especial",
  "cod_categoria": "GOB",
  "cod_lista": "",
  "codigo": "OBS",
  "id_candidatura": "OBS",
  "id_umv": 1211,
  "nombre": "Votos OBSERVADOS",
  "nro_orden": 1,
  "orden_absoluto": [
   996,
   1
  ],
  "secundarios": [

  ],
  "sexo": null,
  "suplentes": [

  ]
 },
 {
  "asistida": "Votos OBSERVADOS",
  "cargo_ejecutivo": true,
  "clase": "Especial",
  "cod_categoria": "INT",
  "cod_lista": "",
  "codigo": "OBS",
  "id_candidatura": "OBS",
  "id_umv": 1769,
  "nombre": "Votos OBSERVADOS",
  "nro_orden": 4,
  "orden_absoluto": [
   996,
   4
  ],
  "secundarios": [

  ],
  "sexo": null,
  "suplentes": [

  ]
 }
]