[
 {
  "asistida": "PLANES DANIELA",
  "cargo_ejecutivo": true,
  "clase": "Candidato",
  "cod_alianza": "1863",
  "cod_categoria": "GOB",
  "cod_lista": "1863.1863.1863",
  "cod_partido": "1863.1863",
  "codigo": "1863.1863.1863.2069",
  "dni": "28523544",
  "id_candidatura": "1863.1863.1863.2069",
  "id_umv": 1197,
  "imagenes": [
   "1863.1863.1863.2069",
   "default_mujer"
  ],
  "nombre": "PLANES, DANIELA",
  "nro_orden": 1,
  "orden_absoluto": [
   22,
   53,
   12,
   1,
   1
  ],
  "secundarios": [
   "TEJERINA, VERONICA"
  ],
  "sexo": "F",
  "suplentes": [

  ]
 },
 {
  "asistida": "GIL VIOLETA",
  "cargo_ejecutivo": true,
  "clase": "Candidato",
  "cod_alianza": "22",
  "cod_categoria": "GOB",
  "cod_lista": "22.22.22",
  "cod_partido": "22.22",
  "codigo": "22.22.22.3409",
  "dni": "33984630",
  "id_candidatura": "22.22.22.3409",
  "id_umv": 1198,
  "imagenes": [
   "22.22.22.3409",
   "default"
  ],
  "nombre": "GIL, VIOLETA",
  "nro_orden": 1,
  "orden_absoluto": [
   23,
   62,
   3,
   1,
   1
  ],
  "secundarios": [
   "TOLABA, ANGEL RODOLFO"
  ],
  "sexo": "F",
  "suplentes": [

  ]
 },
 {
  "asistida": "MENDOZA CINTIA NOELIA",
  "cargo_ejecutivo": false,
  "clase": "Candidato",
  "cod_alianza": "22",
  "cod_categoria": "SEN",
  "cod_lista": "22.22.22",
  "cod_partido": "22.22",
  "codigo": "22.22.22.3413",
  "dni": "32943159",
  "id_candidatura": "22.22.22.3413",
  "id_umv": 1805,
  "imagenes": [
   "22.22.22.3413"
  ],
  "nombre": "MENDOZA, CINTA NOELIA",
  "nro_orden": 1,
  "orden_absoluto": [
   23,
   62,
   3,
   2,
   1
  ],
  "secundarios": [

  ],
  "sexo": "F",
  "suplentes": [

  ]
 },
 {
  "asistida": "ROMERO GE\u00d3RGIA DEL MILAGRO",
  "cargo_ejecutivo": false,
  "clase": "Candidato",
  "cod_alianza": "22",
  "cod_categoria": "DIP",
  "cod_lista": "22.22.22",
  "cod_partido": "22.22",
  "codigo": "22.22.22.3436",
  "dni": "26637914",
  "id_candidatura": "22.22.22.3436",
  "id_umv": 1033,
  "imagenes": [
   "22.22.22.3436",
   "default",
   "default_mujer"
  ],
  "nombre": "ROMERO, GEORGIA DEL MILAGRO",
  "nro_orden": 1,
  "orden_absoluto": [
   23,
   62,
   3,
   3,
   1
  ],
  "secundarios": [
   "PERACHI, LUIS ORLANDO",
   "VARGAS, MERCEDES YOLANDA"
  ],
  "sexo": "F",
  "suplentes": [
   "SORENSEN, FEDERICO HENRY",
   "DIAZ, NELIDA CRISTINA"
  ]
 },
 {
  "asistida": "TogNolini MARCOS",
  "cargo_ejecutivo": true,
  "clase": "Candidato",
  "cod_alianza": "3625",
  "cod_categoria": "GOB",
  "cod_lista": "3625.3625.3625",
  "cod_partido": "3625.3625",
  "codigo": "3625.3625.3625.5312",
  "dni": "29336659",
  "id_candidatura": "3625.3625.3625.5312",
  "id_umv": 1199,
  "imagenes": [
   "3625.3625.3625.5312",
   "default_mujer"
  ],
  "nombre": "TOGNOLINI, MARCOS",
  "nro_orden": 1,
  "orden_absoluto": [
   21,
   43,
   21,
   1,
   1
  ],
  "secundarios": [
   "RAMOS, MIRTA ADRIANA"
  ],
  "sexo": "M",
  "suplentes": [

  ]
 },
 {
  "asistida": "ESPER ALEJANDRO JES\u00daS",
  "cargo_ejecutivo": false,
  "clase": "Candidato",
  "cod_alianza": "3717",
  "cod_categoria": "SEN",
  "cod_lista": "3717.13.13",
  "cod_partido": "3717.13",
  "codigo": "3717.13.13.416",
  "dni": "24514169",
  "id_candidatura": "3717.13.13.416",
  "id_umv": 1807,
  "imagenes": [
   "3717.13.13.416"
  ],
  "nombre": "DR. ESPER, ALEJANDRO",
  "nro_orden": 1,
  "orden_absoluto": [
   6,
   52,
   75,
   2,
   1
  ],
  "secundarios": [

  ],
  "sexo": "M",
  "suplentes": [
   "GUITIAN, RITA"
  ]
 },
 {
  "asistida": "JUAREZ JORGELINA \"KOKY\"",
  "cargo_ejecutivo": false,
  "clase": "Candidato",
  "cod_alianza": "3717",
  "cod_categoria": "DIP",
  "cod_lista": "3717.13.13",
  "cod_partido": "3717.13",
  "codigo": "3717.13.13.431",
  "dni": "35134704",
  "id_candidatura": "3717.13.13.431",
  "id_umv": 1037,
  "imagenes": [
   "3717.13.13.431",
   "default",
   "default_mujer"
  ],
  "nombre": "JUAREZ, \u201cKOKY\u201d",
  "nro_orden": 1,
  "orden_absoluto": [
   6,
   52,
   75,
   3,
   1
  ],
  "secundarios": [
   "ERAZO, CARLOS ALBERTO",
   "MOYA, SONIA ELENA"
  ],
  "sexo": "F",
  "suplentes": [
   "DIAZ, MARIO ALBERTO",
   "BLANCO PONS, FLORENCIA",
   "JUAREZ, NERI GUSTAVO"
  ]
 },
 {
  "asistida": "Andur\u00edllo CACH\u00daTA JES\u00daS DANTE",
  "cargo_ejecutivo": true,
  "clase": "Candidato",
  "cod_alianza": "3717",
  "cod_categoria": "INT",
  "cod_lista": "3717.13.13",
  "cod_partido": "3717.13",
  "codigo": "3717.13.13.442",
  "dni": "21539483",
  "id_candidatura": "3717.13.13.442",
  "id_umv": 1236,
  "imagenes": [
   "3717.13.13.442"
  ],
  "nombre": "ANDURILLO, JESUS \u201cCACHUTA\u201d",
  "nro_orden": 1,
  "orden_absoluto": [
   6,
   52,
   75,
   4,
   1
  ],
  "secundarios": [

  ],
  "sexo": "M",
  "suplentes": [

  ]
 },
 {
  "asistida": "GONZALEZ JOS\u00c9 MANUEL",
  "cargo_ejecutivo": false,
  "clase": "Candidato",
  "cod_alianza": "3717",
  "cod_categoria": "CNJ",
  "cod_lista": "3717.13.13",
  "cod_partido": "3717.13",
  "codigo": "3717.13.13.582",
  "dni": "29281496",
  "id_candidatura": "3717.13.13.582",
  "id_umv": 30,
  "imagenes": [
   "3717.13.13.582",
   "default_mujer",
   "default"
  ],
  "nombre": "GONZALEZ, JOSE MANUEL",
  "nro_orden": 1,
  "orden_absoluto": [
   6,
   52,
   75,
   5,
   1
  ],
  "secundarios": [
   "DIAZ, CARINA SOLEDAD",
   "ANDURILLO, TITO SAMUEL"
  ],
  "sexo": "M",
  "suplentes": [
   "MAYORGA, CARMEN",
   "MARQUEZ, MIGUEL ANGEL",
   "DIAZ CEBALLOS, JESICA ALDANA"
  ]
 },
 {
  "asistida": "ESTRADA EMILIANO RAFAEL",
  "cargo_ejecutivo": true,
  "clase": "Candidato",
  "cod_alianza": "3717",
  "cod_categoria": "GOB",
  "cod_lista": "3717.3739.3739",
  "cod_partido": "3717.3739",
  "codigo": "3717.3739.3739.6360",
  "dni": "32165256",
  "id_candidatura": "3717.3739.3739.6360",
  "id_umv": 1200,
  "imagenes": [
   "3717.3739.3739.6360",
   "default"
  ],
  "nombre": "ESTRADA, EMILIANO",
  "nro_orden": 1,
  "orden_absoluto": [
   6,
   17,
   64,
   1,
   1
  ],
  "secundarios": [
   "ZAPATA, CARLOS RAUL"
  ],
  "sexo": "M",
  "suplentes": [

  ]
 },
 {
  "asistida": "BRUNO NELLY MAB\u00c9L",
  "cargo_ejecutivo": false,
  "clase": "Candidato",
  "cod_alianza": "3717",
  "cod_categoria": "SEN",
  "cod_lista": "3717.3739.3739",
  "cod_partido": "3717.3739",
  "codigo": "3717.3739.3739.6376",
  "dni": "11767710",
  "id_candidatura": "3717.3739.3739.6376",
  "id_umv": 1815,
  "imagenes": [
   "3717.3739.3739.6376"
  ],
  "nombre": "BRUNO, MABEL",
  "nro_orden": 1,
  "orden_absoluto": [
   6,
   17,
   64,
   2,
   1
  ],
  "secundarios": [

  ],
  "sexo": "F",
  "suplentes": [
   "CHEIN, HECTOR GUSTAVO"
  ]
 },
 {
  "asistida": "COBOS PABLO EZEQUIEL",
  "cargo_ejecutivo": false,
  "clase": "Candidato",
  "cod_alianza": "3717",
  "cod_categoria": "DIP",
  "cod_lista": "3717.3739.3739",
  "cod_partido": "3717.3739",
  "codigo": "3717.3739.3739.6420",
  "dni": "32492298",
  "id_candidatura": "3717.3739.3739.6420",
  "id_umv": 1050,
  "imagenes": [
   "3717.3739.3739.6420",
   "default_mujer",
   "default"
  ],
  "nombre": "COBOS, PABLO",
  "nro_orden": 1,
  "orden_absoluto": [
   6,
   17,
   64,
   3,
   1
  ],
  "secundarios": [
   "RIOS, MIRNA DEL CARMEN",
   "ROMERO, JUAN DOMINGO"
  ],
  "sexo": "M",
  "suplentes": [
   "QUIPILDOR, SANDRA PAOLA",
   "RAMON, RICARDO ARIEL"
  ]
 },
 {
  "asistida": "DIAZ MARTA MARGARITA",
  "cargo_ejecutivo": false,
  "clase": "Candidato",
  "cod_alianza": "3723",
  "cod_categoria": "CNJ",
  "cod_lista": "3723.12.12",
  "cod_partido": "3723.12",
  "codigo": "3723.12.12.332",
  "dni": "29879804",
  "id_candidatura": "3723.12.12.332",
  "id_umv": 166,
  "imagenes": [
   "3723.12.12.332",
   "default",
   "default_mujer"
  ],
  "nombre": "DIAZ, MARTA MARGARITA",
  "nro_orden": 1,
  "orden_absoluto": [
   5,
   57,
   72,
   5,
   1
  ],
  "secundarios": [
   "MARAY, MAXIMILIANO MOISES ELISEO",
   "FRIAS, ANGELA GRICELDA"
  ],
  "sexo": "F",
  "suplentes": [
   "ARIAS, JUAN JOSE",
   "CEBALLOS, NADIA NAIR",
   "ALVAREZ, HECTOR MAURICIO"
  ]
 },
 {
  "asistida": "CORTEZ Mab\u00e9l MAGDALENA",
  "cargo_ejecutivo": true,
  "clase": "Candidato",
  "cod_alianza": "3723",
  "cod_categoria": "INT",
  "cod_lista": "3723.3649.3649",
  "cod_partido": "3723.3649",
  "codigo": "3723.3649.3649.5440",
  "dni": "31268202",
  "id_candidatura": "3723.3649.3649.5440",
  "id_umv": 1288,
  "imagenes": [
   "3723.3649.3649.5440"
  ],
  "nombre": "CORTEZ, MABEL MAGDALENA",
  "nro_orden": 1,
  "orden_absoluto": [
   5,
   29,
   22,
   4,
   1
  ],
  "secundarios": [

  ],
  "sexo": "F",
  "suplentes": [

  ]
 },
 {
  "asistida": "Dulon PEDRO",
  "cargo_ejecutivo": false,
  "clase": "Candidato",
  "cod_alianza": "3723",
  "cod_categoria": "CNJ",
  "cod_lista": "3723.3649.3649",
  "cod_partido": "3723.3649",
  "codigo": "3723.3649.3649.5482",
  "dni": "21853584",
  "id_candidatura": "3723.3649.3649.5482",
  "id_umv": 180,
  "imagenes": [
   "3723.3649.3649.5482",
   "default_mujer",
   "default"
  ],
  "nombre": "DULON, PEDRO",
  "nro_orden": 1,
  "orden_absoluto": [
   5,
   29,
   22,
   5,
   1
  ],
  "secundarios": [
   "ROMERO, CLAUDIA VERONICA",
   "CHACO, NESTOR RAFAEL"
  ],
  "sexo": "M",
  "suplentes": [
   "CUETO, CARMEN ROSA",
   "CUELLAR, EZEQUIEL CELESTINO"
  ]
 },
 {
  "asistida": "W\u00c1YAR GU\u00c1LTER RAUL",
  "cargo_ejecutivo": true,
  "clase": "Candidato",
  "cod_alianza": "3723",
  "cod_categoria": "GOB",
  "cod_lista": "3723.3741.3741",
  "cod_partido": "3723.3741",
  "codigo": "3723.3741.3741.7154",
  "dni": "12220501",
  "id_candidatura": "3723.3741.3741.7154",
  "id_umv": 1201,
  "imagenes": [
   "3723.3741.3741.7154",
   "default"
  ],
  "nombre": "WAYAR, WALTER",
  "nro_orden": 1,
  "orden_absoluto": [
   5,
   14,
   65,
   1,
   1
  ],
  "secundarios": [
   "MIZZAU, IVAN"
  ],
  "sexo": "M",
  "suplentes": [

  ]
 },
 {
  "asistida": "SAVOY SANTIAGO",
  "cargo_ejecutivo": false,
  "clase": "Candidato",
  "cod_alianza": "3723",
  "cod_categoria": "SEN",
  "cod_lista": "3723.3741.3741",
  "cod_partido": "3723.3741",
  "codigo": "3723.3741.3741.7170",
  "dni": "28050781",
  "id_candidatura": "3723.3741.3741.7170",
  "id_umv": 1827,
  "imagenes": [
   "3723.3741.3741.7170"
  ],
  "nombre": "SAVOY, SANTIAGO",
  "nro_orden": 1,
  "orden_absoluto": [
   5,
   14,
   65,
   2,
   1
  ],
  "secundarios": [

  ],
  "sexo": "M",
  "suplentes": [
   "MARCOS, ROMINA FABIANA"
  ]
 },
 {
  "asistida": "DIAZ GONZALO GABRIEL",
  "cargo_ejecutivo": false,
  "clase": "Candidato",
  "cod_alianza": "3723",
  "cod_categoria": "DIP",
  "cod_lista": "3723.3741.3741",
  "cod_partido": "3723.3741",
  "codigo": "3723.3741.3741.7218",
  "dni": "34960292",
  "id_candidatura": "3723.3741.3741.7218",
  "id_umv": 1063,
  "imagenes": [
   "3723.3741.3741.7218",
   "default_mujer",
   "default"
  ],
  "nombre": "DIAZ, GONZALO \u201cLALO\u201d",
  "nro_orden": 1,
  "orden_absoluto": [
   5,
   14,
   65,
   3,
   1
  ],
  "secundarios": [
   "ISASMENDI, ROSA EUSEBIA",
   "RISSO, MIGUEL ANGEL"
  ],
  "sexo": "M",
  "suplentes": [
   "AGUIRRE, SILVIA ADRIANA ROSSANA",
   "TOLEDO, JULIO EZEQUIEL",
   "NICOLETTI, BARBARA GISELA"
  ]
 },
 {
  "asistida": "SARAVIA VALERIANO EUSEBIO",
  "cargo_ejecutivo": true,
  "clase": "Candidato",
  "cod_alianza": "3723",
  "cod_categoria": "INT",
  "cod_lista": "3723.3741.3741",
  "cod_partido": "3723.3741",
  "codigo": "3723.3741.3741.7234",
  "dni": "23398967",
  "id_candidatura": "3723.3741.3741.7234",
  "id_umv": 1299,
  "imagenes": [
   "3723.3741.3741.7234"
  ],
  "nombre": "SARAVIA, EUSEBIO",
  "nro_orden": 1,
  "orden_absoluto": [
   5,
   14,
   65,
   4,
   1
  ],
  "secundarios": [

  ],
  "sexo": "M",
  "suplentes": [

  ]
 },
 {
  "asistida": "CEBALLO DARDO RAMON",
  "cargo_ejecutivo": false,
  "clase": "Candidato",
  "cod_alianza": "3723",
  "cod_categoria": "CNJ",
  "cod_lista": "3723.3741.3741",
  "cod_partido": "3723.3741",
  "codigo": "3723.3741.3741.7397",
  "dni": "29339554",
  "id_candidatura": "3723.3741.3741.7397",
  "id_umv": 196,
  "imagenes": [
   "3723.3741.3741.7397",
   "default_mujer",
   "default"
  ],
  "nombre": "CEBALLO, DARDO RAMON",
  "nro_orden": 1,
  "orden_absoluto": [
   5,
   14,
   65,
   5,
   1
  ],
  "secundarios": [
   "IGNACIO, GILDA DAMARIS",
   "VITIAN, LUIS ALBERTO"
  ],
  "sexo": "M",
  "suplentes": [
   "RUEDA, NATALIA ESTEFANIA",
   "VACA, HECTOR SERGIO",
   "CUELLAR, MARIA DEL CARMEN"
  ]
 },
 {
  "asistida": "PAZ POSE LUCIO",
  "cargo_ejecutivo": true,
  "clase": "Candidato",
  "cod_alianza": "3728",
  "cod_categoria": "GOB",
  "cod_lista": "3728.3742.3742",
  "cod_partido": "3728.3742",
  "codigo": "3728.3742.3742.7704",
  "dni": "24875401",
  "id_candidatura": "3728.3742.3742.7704",
  "id_umv": 1202,
  "imagenes": [
   "3728.3742.3742.7704",
   "default_mujer"
  ],
  "nombre": "PAZ POSSE, LUCIO \u201cPINO\u201d",
  "nro_orden": 1,
  "orden_absoluto": [
   9,
   21,
   66,
   1,
   1
  ],
  "secundarios": [
   "FARJAT D\u2019ALESSANDRO, LORENA"
  ],
  "sexo": "M",
  "suplentes": [

  ]
 },
 {
  "asistida": "VILLAFA\u00d1E CRISTIAN RODOLFO",
  "cargo_ejecutivo": false,
  "clase": "Candidato",
  "cod_alianza": "3728",
  "cod_categoria": "SEN",
  "cod_lista": "3728.3742.3742",
  "cod_partido": "3728.3742",
  "codigo": "3728.3742.3742.7712",
  "dni": "28050472",
  "id_candidatura": "3728.3742.3742.7712",
  "id_umv": 1833,
  "imagenes": [
   "3728.3742.3742.7712"
  ],
  "nombre": "VILLAFA\u00d1E, CRISTIAN RODOLFO",
  "nro_orden": 1,
  "orden_absoluto": [
   9,
   21,
   66,
   2,
   1
  ],
  "secundarios": [

  ],
  "sexo": "M",
  "suplentes": [
   "ROMERO, LAURA MARCELA"
  ]
 },
 {
  "asistida": "SCHULZ ALICIA VILMA",
  "cargo_ejecutivo": false,
  "clase": "Candidato",
  "cod_alianza": "3728",
  "cod_categoria": "DIP",
  "cod_lista": "3728.3742.3742",
  "cod_partido": "3728.3742",
  "codigo": "3728.3742.3742.7750",
  "dni": "26211376",
  "id_candidatura": "3728.3742.3742.7750",
  "id_umv": 1071,
  "imagenes": [
   "3728.3742.3742.7750",
   "default",
   "default_mujer"
  ],
  "nombre": "SCHULZ, ALICIA VILMA",
  "nro_orden": 1,
  "orden_absoluto": [
   9,
   21,
   66,
   3,
   1
  ],
  "secundarios": [
   "BURT, CARLOS MIGUEL",
   "ORTIZ, MARCELA DEL MILAGRO"
  ],
  "sexo": "F",
  "suplentes": [
   "TERCERO, CARLOS MIGUEL",
   "VALENCIA, CECILIA BELEN",
   "CUELLAR, JUAN MANUEL"
  ]
 },
 {
  "asistida": "CAL\u00cdVA L\u00cdA VER\u00d3NICA",
  "cargo_ejecutivo": true,
  "clase": "Candidato",
  "cod_alianza": "3729",
  "cod_categoria": "GOB",
  "cod_lista": "3729.3747.3747",
  "cod_partido": "3729.3747",
  "codigo": "3729.3747.3747.9058",
  "dni": "25624792",
  "id_candidatura": "3729.3747.3747.9058",
  "id_umv": 1203,
  "imagenes": [
   "3729.3747.3747.9058",
   "default"
  ],
  "nombre": "CALIVA, LIA VERONICA",
  "nro_orden": 1,
  "orden_absoluto": [
   24,
   68,
   67,
   1,
   1
  ],
  "secundarios": [
   "GRAVANAGO, CARLOS ALEJANDRO"
  ],
  "sexo": "F",
  "suplentes": [

  ]
 },
 {
  "asistida": "FIGUEROA ALCIRA ELSA",
  "cargo_ejecutivo": false,
  "clase": "Candidato",
  "cod_alianza": "3729",
  "cod_categoria": "SEN",
  "cod_lista": "3729.3747.3747",
  "cod_partido": "3729.3747",
  "codigo": "3729.3747.3747.9069",
  "dni": "13383035",
  "id_candidatura": "3729.3747.3747.9069",
  "id_umv": 1841,
  "imagenes": [
   "3729.3747.3747.9069"
  ],
  "nombre": "FIGUEROA, ALCIRA ELSA",
  "nro_orden": 1,
  "orden_absoluto": [
   24,
   68,
   67,
   2,
   1
  ],
  "secundarios": [

  ],
  "sexo": "F",
  "suplentes": [

  ]
 },
 {
  "asistida": "PIZ\u00d3LA MAR\u00cdA JULIA",
  "cargo_ejecutivo": false,
  "clase": "Candidato",
  "cod_alianza": "3729",
  "cod_categoria": "DIP",
  "cod_lista": "3729.3747.3747",
  "cod_partido": "3729.3747",
  "codigo": "3729.3747.3747.9099",
  "dni": "22780545",
  "id_candidatura": "3729.3747.3747.9099",
  "id_umv": 1079,
  "imagenes": [
   "3729.3747.3747.9099",
   "default",
   "default_mujer"
  ],
  "nombre": "PIZOLA, MARIA JULIA",
  "nro_orden": 1,
  "orden_absoluto": [
   24,
   68,
   67,
   3,
   1
  ],
  "secundarios": [
   "RODRIGUEZ, OMAR ERNESTO",
   "MARTINEZ, EVA LUCINDA"
  ],
  "sexo": "F",
  "suplentes": [
   "VILLAGRAN, CHRISTIAN JOSE",
   "ERAZU, LINA VERONICA"
  ]
 },
 {
  "asistida": "NANNI VALERO MIGUEL",
  "cargo_ejecutivo": true,
  "clase": "Candidato",
  "cod_alianza": "3730",
  "cod_categoria": "GOB",
  "cod_lista": "3730.3746.3746",
  "cod_partido": "3730.3746",
  "codigo": "3730.3746.3746.8614",
  "dni": "25802248",
  "id_candidatura": "3730.3746.3746.8614",
  "id_umv": 1204,
  "imagenes": [
   "3730.3746.3746.8614",
   "default_mujer"
  ],
  "nombre": "NANNI, MIGUEL",
  "nro_orden": 1,
  "orden_absoluto": [
   15,
   32,
   74,
   1,
   1
  ],
  "secundarios": [
   "CORNEJO, VIRGINIA"
  ],
  "sexo": "M",
  "suplentes": [

  ]
 },
 {
  "asistida": "POMARES OSVALDO ARIEL",
  "cargo_ejecutivo": false,
  "clase": "Candidato",
  "cod_alianza": "3730",
  "cod_categoria": "SEN",
  "cod_lista": "3730.3746.3746",
  "cod_partido": "3730.3746",
  "codigo": "3730.3746.3746.8630",
  "dni": "23557683",
  "id_candidatura": "3730.3746.3746.8630",
  "id_umv": 1851,
  "imagenes": [
   "3730.3746.3746.8630"
  ],
  "nombre": "POMARES, OSVALDO ARIEL",
  "nro_orden": 1,
  "orden_absoluto": [
   15,
   32,
   74,
   2,
   1
  ],
  "secundarios": [

  ],
  "sexo": "M",
  "suplentes": [
   "BALCEDO, ELDA HORTENCIA"
  ]
 },
 {
  "asistida": "ROBLEDO LUCY ELEUTERIA",
  "cargo_ejecutivo": false,
  "clase": "Candidato",
  "cod_alianza": "3730",
  "cod_categoria": "DIP",
  "cod_lista": "3730.3746.3746",
  "cod_partido": "3730.3746",
  "codigo": "3730.3746.3746.8674",
  "dni": "17549482",
  "id_candidatura": "3730.3746.3746.8674",
  "id_umv": 1091,
  "imagenes": [
   "3730.3746.3746.8674",
   "default",
   "default_mujer"
  ],
  "nombre": "ROBLEDO, LUCY ELEUTERIA",
  "nro_orden": 1,
  "orden_absoluto": [
   15,
   32,
   74,
   3,
   1
  ],
  "secundarios": [
   "SORIA, MARIO",
   "SAAVEDRA, MIRIAN DEL VALLE"
  ],
  "sexo": "F",
  "suplentes": [
   "CONTRERAS GARECA, LUCIO ARIEL",
   "MEILAN, PATRICIA MARIEL",
   "BAZAN SAAVEDRA, JOSE GUILLERMO"
  ]
 },
 {
  "asistida": "Sabadini MAURO DIEGO",
  "cargo_ejecutivo": true,
  "clase": "Candidato",
  "cod_alianza": "3731",
  "cod_categoria": "GOB",
  "cod_lista": "3731.3743.3743",
  "cod_partido": "3731.3743",
  "codigo": "3731.3743.3743.7941",
  "dni": "23362242",
  "id_candidatura": "3731.3743.3743.7941",
  "id_umv": 1205,
  "imagenes": [
   "3731.3743.3743.7941",
   "default_mujer"
  ],
  "nombre": "SABBADINI, MAURO DIEGO",
  "nro_orden": 1,
  "orden_absoluto": [
   10,
   22,
   68,
   1,
   1
  ],
  "secundarios": [
   "LOAYZA PACHECO, JIMENA LUCIA"
  ],
  "sexo": "M",
  "suplentes": [

  ]
 },
 {
  "asistida": "MOLLO ALBERTO GERARDO",
  "cargo_ejecutivo": false,
  "clase": "Candidato",
  "cod_alianza": "3731",
  "cod_categoria": "SEN",
  "cod_lista": "3731.3743.3743",
  "cod_partido": "3731.3743",
  "codigo": "3731.3743.3743.7949",
  "dni": "23655607",
  "id_candidatura": "3731.3743.3743.7949",
  "id_umv": 1856,
  "imagenes": [
   "3731.3743.3743.7949"
  ],
  "nombre": "DR. MOLLO, ALBERTO GERARDO",
  "nro_orden": 1,
  "orden_absoluto": [
   10,
   22,
   68,
   2,
   1
  ],
  "secundarios": [

  ],
  "sexo": "M",
  "suplentes": [
   "MORENO, SILVIA ROSANA"
  ]
 },
 {
  "asistida": "FELICES NORBERTO CRISTIAN",
  "cargo_ejecutivo": false,
  "clase": "Candidato",
  "cod_alianza": "3731",
  "cod_categoria": "DIP",
  "cod_lista": "3731.3743.3743",
  "cod_partido": "3731.3743",
  "codigo": "3731.3743.3743.7985",
  "dni": "23441755",
  "id_candidatura": "3731.3743.3743.7985",
  "id_umv": 1100,
  "imagenes": [
   "3731.3743.3743.7985",
   "default_mujer",
   "default"
  ],
  "nombre": "FELICES, NORBERTO CHRISTIAN",
  "nro_orden": 1,
  "orden_absoluto": [
   10,
   22,
   68,
   3,
   1
  ],
  "secundarios": [
   "ROMERO, ROSA INES",
   "HARO, FRANCISCO LEANDRO"
  ],
  "sexo": "M",
  "suplentes": [
   "OCHOA, ANGELICA",
   "VILLAZON, SERGIO ARIEL"
  ]
 },
 {
  "asistida": "MAYORGA ARIEL RICARDO",
  "cargo_ejecutivo": true,
  "clase": "Candidato",
  "cod_alianza": "3731",
  "cod_categoria": "INT",
  "cod_lista": "3731.3743.3743",
  "cod_partido": "3731.3743",
  "codigo": "3731.3743.3743.8002",
  "dni": "35782403",
  "id_candidatura": "3731.3743.3743.8002",
  "id_umv": 1428,
  "imagenes": [
   "3731.3743.3743.8002"
  ],
  "nombre": "MAYORGA, ARIEL RICARDO",
  "nro_orden": 1,
  "orden_absoluto": [
   10,
   22,
   68,
   4,
   1
  ],
  "secundarios": [

  ],
  "sexo": "M",
  "suplentes": [

  ]
 },
 {
  "asistida": "MARQUEZ FERNANDO JES\u00daS",
  "cargo_ejecutivo": false,
  "clase": "Candidato",
  "cod_alianza": "3731",
  "cod_categoria": "CNJ",
  "cod_lista": "3731.3743.3743",
  "cod_partido": "3731.3743",
  "codigo": "3731.3743.3743.8130",
  "dni": "41820344",
  "id_candidatura": "3731.3743.3743.8130",
  "id_umv": 362,
  "imagenes": [
   "3731.3743.3743.8130",
   "default_mujer",
   "default"
  ],
  "nombre": "MARQUEZ, FERNANDO JESUS",
  "nro_orden": 1,
  "orden_absoluto": [
   10,
   22,
   68,
   5,
   1
  ],
  "secundarios": [
   "FLORES, ALDANA GINA",
   "DOMINGUEZ, JESUS RODOLFO"
  ],
  "sexo": "M",
  "suplentes": [
   "COBOS, MARIA ISABEL"
  ]
 },
 {
  "asistida": "DEL PLA CLAUDIO ARIEL",
  "cargo_ejecutivo": true,
  "clase": "Candidato",
  "cod_alianza": "3732",
  "cod_categoria": "GOB",
  "cod_lista": "3732.3740.3740",
  "cod_partido": "3732.3740",
  "codigo": "3732.3740.3740.6916",
  "dni": "13943671",
  "id_candidatura": "3732.3740.3740.6916",
  "id_umv": 1206,
  "imagenes": [
   "3732.3740.3740.6916",
   "default_mujer"
  ],
  "nombre": "DEL PLA, CLAUDIO ARIEL",
  "nro_orden": 1,
  "orden_absoluto": [
   7,
   18,
   73,
   1,
   1
  ],
  "secundarios": [
   "HIDALGO, LORENA VANESA"
  ],
  "sexo": "M",
  "suplentes": [

  ]
 },
 {
  "asistida": "RUIZ DARIO BENJAM\u00cdN",
  "cargo_ejecutivo": false,
  "clase": "Candidato",
  "cod_alianza": "3732",
  "cod_categoria": "SEN",
  "cod_lista": "3732.3740.3740",
  "cod_partido": "3732.3740",
  "codigo": "3732.3740.3740.6921",
  "dni": "34615297",
  "id_candidatura": "3732.3740.3740.6921",
  "id_umv": 1860,
  "imagenes": [
   "3732.3740.3740.6921"
  ],
  "nombre": "RUIZ, DARIO BENJAMIN",
  "nro_orden": 1,
  "orden_absoluto": [
   7,
   18,
   73,
   2,
   1
  ],
  "secundarios": [

  ],
  "sexo": "M",
  "suplentes": [
   "ARZAMENDIA, GRACIELA BEATRIZ"
  ]
 },
 {
  "asistida": "HUERGA SAMUEL ANDR\u00c9S",
  "cargo_ejecutivo": false,
  "clase": "Candidato",
  "cod_alianza": "3732",
  "cod_categoria": "DIP",
  "cod_lista": "3732.3740.3740",
  "cod_partido": "3732.3740",
  "codigo": "3732.3740.3740.6950",
  "dni": "24261779",
  "id_candidatura": "3732.3740.3740.6950",
  "id_umv": 1106,
  "imagenes": [
   "3732.3740.3740.6950",
   "default_mujer",
   "default"
  ],
  "nombre": "HUERGA, SAMUEL ANDRES",
  "nro_orden": 1,
  "orden_absoluto": [
   7,
   18,
   73,
   3,
   1
  ],
  "secundarios": [
   "ACOSTA, ALBINA SOLEDAD",
   "VILLA, JOSE MAXIMILIANO"
  ],
  "sexo": "M",
  "suplentes": [
   "SEGUNDO, DELIA DEL CARMEN",
   "GALLEGUILLO, LUCAS DANIEL",
   "TOLEDO, SANDRA VIVIANA"
  ]
 },
 {
  "asistida": "ANDR\u00c9S NELSON DARIO",
  "cargo_ejecutivo": false,
  "clase": "Candidato",
  "cod_alianza": "3733",
  "cod_categoria": "CNJ",
  "cod_lista": "3733.1862.1862",
  "cod_partido": "3733.1862",
  "codigo": "3733.1862.1862.1800",
  "dni": "22485280",
  "id_candidatura": "3733.1862.1862.1800",
  "id_umv": 443,
  "imagenes": [
   "3733.1862.1862.1800",
   "default_mujer",
   "default"
  ],
  "nombre": "ANDRES, NELSON DARIO",
  "nro_orden": 1,
  "orden_absoluto": [
   11,
   63,
   14,
   5,
   1
  ],
  "secundarios": [
   "SEGUNDO, VILMA SOLEDAD",
   "ARELLO, ALDO ARNALDO"
  ],
  "sexo": "M",
  "suplentes": [
   "CABALLERO, MACARENA CELESTE",
   "MONTALVO, ANTONIO MARCELINO",
   "CUELLAR, ALEJANDRA INES"
  ]
 },
 {
  "asistida": "GUZMAN DELMA ROSANA",
  "cargo_ejecutivo": false,
  "clase": "Candidato",
  "cod_alianza": "3733",
  "cod_categoria": "CNJ",
  "cod_lista": "3733.1869.1869",
  "cod_partido": "3733.1869",
  "codigo": "3733.1869.1869.2258",
  "dni": "26277738",
  "id_candidatura": "3733.1869.1869.2258",
  "id_umv": 476,
  "imagenes": [
   "3733.1869.1869.2258",
   "default",
   "default_mujer"
  ],
  "nombre": "GUZMAN, DELMA ROSANA",
  "nro_orden": 1,
  "orden_absoluto": [
   11,
   67,
   15,
   5,
   1
  ],
  "secundarios": [
   "CA\u00d1ETE, CARLOS RAFAEL",
   "CASTILLO, AMALIA ELIZABET"
  ],
  "sexo": "F",
  "suplentes": [
   "ARNEDO, CESAR RAUL",
   "CUELLAR, GLORIA NOELIA BEATRIZ",
   "MOLINA, JORGE FERNANDO"
  ]
 },
 {
  "asistida": "MORALES ELIANA VICENTA",
  "cargo_ejecutivo": false,
  "clase": "Candidato",
  "cod_alianza": "3733",
  "cod_categoria": "CNJ",
  "cod_lista": "3733.2627.2627",
  "cod_partido": "3733.2627",
  "codigo": "3733.2627.2627.4660",
  "dni": "35782228",
  "id_candidatura": "3733.2627.2627.4660",
  "id_umv": 518,
  "imagenes": [
   "3733.2627.2627.4660",
   "default",
   "default_mujer"
  ],
  "nombre": "MORALES, ELIANA VICENTA",
  "nro_orden": 1,
  "orden_absoluto": [
   11,
   72,
   20,
   5,
   1
  ],
  "secundarios": [
   "BRAVO, DAMIAN ALEJANDRO",
   "ROMERO, TERESA BEATRIZ"
  ],
  "sexo": "F",
  "suplentes": [
   "SUBELZA, MATIAS JUAN",
   "MOLINA, MARIA LUISA",
   "MONTE, HECTOR EFRAIN"
  ]
 },
 {
  "asistida": "CURA JUAN CRUZ",
  "cargo_ejecutivo": false,
  "clase": "Candidato",
  "cod_alianza": "3733",
  "cod_categoria": "SEN",
  "cod_lista": "3733.3744.3744",
  "cod_partido": "3733.3744",
  "codigo": "3733.3744.3744.8379",
  "dni": "31898364",
  "id_candidatura": "3733.3744.3744.8379",
  "id_umv": 1869,
  "imagenes": [
   "3733.3744.3744.8379"
  ],
  "nombre": "CURA, JUAN CRUZ",
  "nro_orden": 1,
  "orden_absoluto": [
   11,
   24,
   71,
   2,
   1
  ],
  "secundarios": [

  ],
  "sexo": "M",
  "suplentes": [
   "LEMIR, JUAN ANGEL"
  ]
 },
 {
  "asistida": "TARANTO DAVID",
  "cargo_ejecutivo": false,
  "clase": "Candidato",
  "cod_alianza": "3733",
  "cod_categoria": "DIP",
  "cod_lista": "3733.3744.3744",
  "cod_partido": "3733.3744",
  "codigo": "3733.3744.3744.8405",
  "dni": "16080477",
  "id_candidatura": "3733.3744.3744.8405",
  "id_umv": 1124,
  "imagenes": [
   "3733.3744.3744.8405",
   "default_mujer",
   "default"
  ],
  "nombre": "TARANTO, DAVID",
  "nro_orden": 1,
  "orden_absoluto": [
   11,
   24,
   71,
   3,
   1
  ],
  "secundarios": [
   "ACOSTA, AMELIA ELIZABETH",
   "ZAZZARINI GONZALEZ, JUAN ENRIQUE"
  ],
  "sexo": "M",
  "suplentes": [
   "VILLALBA, MONICA",
   "ORTEGA ARGIBAY, JOSE ANDRES",
   "SILVERA ZACHARIA, ANDREA"
  ]
 },
 {
  "asistida": "PEDROZA N\u00c9STOR RAMON",
  "cargo_ejecutivo": true,
  "clase": "Candidato",
  "cod_alianza": "3733",
  "cod_categoria": "INT",
  "cod_lista": "3733.3744.3744",
  "cod_partido": "3733.3744",
  "codigo": "3733.3744.3744.8418",
  "dni": "10532036",
  "id_candidatura": "3733.3744.3744.8418",
  "id_umv": 1495,
  "imagenes": [
   "3733.3744.3744.8418"
  ],
  "nombre": "PEDROZA, NESTOR \u201cPILA\u201d",
  "nro_orden": 1,
  "orden_absoluto": [
   11,
   24,
   71,
   4,
   1
  ],
  "secundarios": [

  ],
  "sexo": "M",
  "suplentes": [

  ]
 },
 {
  "asistida": "Ruberto SAENZ GUSTAVO ADOLFO",
  "cargo_ejecutivo": true,
  "clase": "Candidato",
  "cod_alianza": "3734",
  "cod_categoria": "GOB",
  "cod_lista": "3734.3737.3737",
  "cod_partido": "3734.3737",
  "codigo": "3734.3737.3737.6358",
  "dni": "20609646",
  "id_candidatura": "3734.3737.3737.6358",
  "id_umv": 1207,
  "imagenes": [
   "3734.3737.3737.6358",
   "default"
  ],
  "nombre": "SAENZ, GUSTAVO",
  "nro_orden": 1,
  "orden_absoluto": [
   1,
   5,
   69,
   1,
   1
  ],
  "secundarios": [
   "MAROCCO, ANTONIO \u201cGRINGO\u201d"
  ],
  "sexo": "M",
  "suplentes": [

  ]
 },
 {
  "asistida": "MART\u00cdNEZ AMANDA ROSARIO",
  "cargo_ejecutivo": false,
  "clase": "Candidato",
  "cod_alianza": "3735",
  "cod_categoria": "CNJ",
  "cod_lista": "3735.15.15",
  "cod_partido": "3735.15",
  "codigo": "3735.15.15.946",
  "dni": "27570269",
  "id_candidatura": "3735.15.15.946",
  "id_umv": 599,
  "imagenes": [
   "3735.15.15.946",
   "default",
   "default_mujer"
  ],
  "nombre": "MARTINEZ, AMANDA ROSARIO",
  "nro_orden": 1,
  "orden_absoluto": [
   12,
   59,
   1,
   5,
   1
  ],
  "secundarios": [
   "CAUREY, MARCELO",
   "ERAZMO, NANCY SUSANA"
  ],
  "sexo": "F",
  "suplentes": [
   "PRADO, LUIS ELOY",
   "ECHAZU, GRACIELA VERONICA"
  ]
 },
 {
  "asistida": "GUTIERREZ GUSTAVO LEONARDO",
  "cargo_ejecutivo": true,
  "clase": "Candidato",
  "cod_alianza": "3735",
  "cod_categoria": "INT",
  "cod_lista": "3735.1873.1873",
  "cod_partido": "3735.1873",
  "codigo": "3735.1873.1873.2520",
  "dni": "25035887",
  "id_candidatura": "3735.1873.1873.2520",
  "id_umv": 1531,
  "imagenes": [
   "3735.1873.1873.2520"
  ],
  "nombre": "GUTIERREZ, GUSTAVO \u201cCHIVITO\u201d",
  "nro_orden": 1,
  "orden_absoluto": [
   12,
   56,
   80,
   4,
   1
  ],
  "secundarios": [

  ],
  "sexo": "M",
  "suplentes": [

  ]
 },
 {
  "asistida": "GUTIERRES JHONAT\u00c1N ANDR\u00c9S",
  "cargo_ejecutivo": false,
  "clase": "Candidato",
  "cod_alianza": "3735",
  "cod_categoria": "CNJ",
  "cod_lista": "3735.1873.1873",
  "cod_partido": "3735.1873",
  "codigo": "3735.1873.1873.2701",
  "dni": "35782467",
  "id_candidatura": "3735.1873.1873.2701",
  "id_umv": 614,
  "imagenes": [
   "3735.1873.1873.2701",
   "default_mujer",
   "default"
  ],
  "nombre": "GUTIERRES, JONATAN ANDRES",
  "nro_orden": 1,
  "orden_absoluto": [
   12,
   56,
   80,
   5,
   1
  ],
  "secundarios": [
   "GOMEZ, CLAUDIA EVANGELINA",
   "FIGUEROA, RAUL ALBERTO"
  ],
  "sexo": "M",
  "suplentes": [
   "YARI, GABRIELA JUDIDTH",
   "PEREA, RICARDO FABIO",
   "LEDESMA, AINARA VALENTINA"
  ]
 },
 {
  "asistida": "Ban\u00e9ga Valeria ABIGAIL",
  "cargo_ejecutivo": false,
  "clase": "Candidato",
  "cod_alianza": "3735",
  "cod_categoria": "CNJ",
  "cod_lista": "3735.208.208",
  "cod_partido": "3735.208",
  "codigo": "3735.208.208.3104",
  "dni": "35153050",
  "id_candidatura": "3735.208.208.3104",
  "id_umv": 645,
  "imagenes": [
   "3735.208.208.3104",
   "default",
   "default_mujer"
  ],
  "nombre": "BANEGA, VALELRIA ABIGAIL",
  "nro_orden": 1,
  "orden_absoluto": [
   12,
   41,
   7,
   5,
   1
  ],
  "secundarios": [
   "CUELLAR, MARIO FERNANDO",
   "FRIAS, BRISA EUGENIA DEL PILAR"
  ],
  "sexo": "F",
  "suplentes": [
   "DARDO, NESTOR HUGO",
   "CONDORI, LAURA CARINA",
   "LOPEZ, ABEL FERNANDO"
  ]
 },
 {
  "asistida": "CINCO CARLOS VICENTE",
  "cargo_ejecutivo": false,
  "clase": "Candidato",
  "cod_alianza": "3735",
  "cod_categoria": "CNJ",
  "cod_lista": "3735.32.32",
  "cod_partido": "3735.32",
  "codigo": "3735.32.32.5039",
  "dni": "24258423",
  "id_candidatura": "3735.32.32.5039",
  "id_umv": 683,
  "imagenes": [
   "3735.32.32.5039",
   "default_mujer",
   "default"
  ],
  "nombre": "CINCO, CARLOS VICENTE",
  "nro_orden": 1,
  "orden_absoluto": [
   12,
   46,
   63,
   5,
   1
  ],
  "secundarios": [
   "CABA, MARCIEL ROSANA",
   "ROBLES, MANUEL ENRIQUE"
  ],
  "sexo": "M",
  "suplentes": [
   "RIVERO, JUANA ANGELICA",
   "MEDINA, DIEGO FERNANDO",
   "PARADA FLORES, NILDA MARIA"
  ]
 },
 {
  "asistida": "FARFAN RODOLFO NAHUEL",
  "cargo_ejecutivo": false,
  "clase": "Candidato",
  "cod_alianza": "3735",
  "cod_categoria": "CNJ",
  "cod_lista": "3735.3650.3650",
  "cod_partido": "3735.3650",
  "codigo": "3735.3650.3650.5762",
  "dni": "42814833",
  "id_candidatura": "3735.3650.3650.5762",
  "id_umv": 715,
  "imagenes": [
   "3735.3650.3650.5762",
   "default_mujer",
   "default"
  ],
  "nombre": "FARFAN, RODOLFO NAHUEL",
  "nro_orden": 1,
  "orden_absoluto": [
   12,
   66,
   23,
   5,
   1
  ],
  "secundarios": [
   "AGUIRRE, JANINA JACQUELINE",
   "GODOY, ENZO RAMON DEL MILAGRO"
  ],
  "sexo": "M",
  "suplentes": [
   "CERRUTTI AGUIRRE, MARIANGELES",
   "BARGAS, CARLOS SEBASTIAN"
  ]
 },
 {
  "asistida": "SECO CLAUDIA GLORIA",
  "cargo_ejecutivo": false,
  "clase": "Candidato",
  "cod_alianza": "3735",
  "cod_categoria": "SEN",
  "cod_lista": "3735.3745.3745",
  "cod_partido": "3735.3745",
  "codigo": "3735.3745.3745.8556",
  "dni": "21315630",
  "id_candidatura": "3735.3745.3745.8556",
  "id_umv": 1877,
  "imagenes": [
   "3735.3745.3745.8556"
  ],
  "nombre": "SECO, CLAUDIA GLORIA",
  "nro_orden": 1,
  "orden_absoluto": [
   12,
   25,
   70,
   2,
   1
  ],
  "secundarios": [

  ],
  "sexo": "F",
  "suplentes": [
   "BARROSO, CARLOS OSVALDO"
  ]
 },
 {
  "asistida": "Hucena PATRICIA DEL CARMEN",
  "cargo_ejecutivo": false,
  "clase": "Candidato",
  "cod_alianza": "3735",
  "cod_categoria": "DIP",
  "cod_lista": "3735.3745.3745",
  "cod_partido": "3735.3745",
  "codigo": "3735.3745.3745.8578",
  "dni": "23896484",
  "id_candidatura": "3735.3745.3745.8578",
  "id_umv": 1137,
  "imagenes": [
   "3735.3745.3745.8578",
   "default",
   "default_mujer"
  ],
  "nombre": "HUCENA, PATRICIA \u201cPATO\u201d",
  "nro_orden": 1,
  "orden_absoluto": [
   12,
   25,
   70,
   3,
   1
  ],
  "secundarios": [
   "OLIVA, SERGIO GERARDO",
   "MOYANO, LAURA ELIZABETH"
  ],
  "sexo": "F",
  "suplentes": [
   "BRAVO, LUIS ALBERTO",
   "MENDEZ HUCENA, MARIA LUCERO",
   "ROMERO, WILFREDO"
  ]
 },
 {
  "asistida": "CAR\u00c1ITA V\u00cdCTOR GERM\u00c1N",
  "cargo_ejecutivo": true,
  "clase": "Candidato",
  "cod_alianza": "3735",
  "cod_categoria": "INT",
  "cod_lista": "3735.4.4",
  "cod_partido": "3735.4",
  "codigo": "3735.4.4.10036",
  "dni": "29339570",
  "id_candidatura": "3735.4.4.10036",
  "id_umv": 1578,
  "imagenes": [
   "3735.4.4.10036"
  ],
  "nombre": "CARAITA, GERMAN \u201cGONDI\u201d",
  "nro_orden": 1,
  "orden_absoluto": [
   12,
   58,
   6,
   4,
   1
  ],
  "secundarios": [

  ],
  "sexo": "M",
  "suplentes": [

  ]
 },
 {
  "asistida": "CARRAZ\u00c1N DELIA ANG\u00c9LICA",
  "cargo_ejecutivo": false,
  "clase": "Candidato",
  "cod_alianza": "3735",
  "cod_categoria": "CNJ",
  "cod_lista": "3735.4.4",
  "cod_partido": "3735.4",
  "codigo": "3735.4.4.10213",
  "dni": "22484129",
  "id_candidatura": "3735.4.4.10213",
  "id_umv": 760,
  "imagenes": [
   "3735.4.4.10213",
   "default",
   "default_mujer"
  ],
  "nombre": "CARRAZAN, DELIA ANGELICA",
  "nro_orden": 1,
  "orden_absoluto": [
   12,
   58,
   6,
   5,
   1
  ],
  "secundarios": [
   "ROMERO, FERNANDO ANTONIO",
   "CANO, JUSTA MARINA"
  ],
  "sexo": "F",
  "suplentes": [
   "CARAITA, VALENTIN DEMETRIO",
   "PALOMO, MOIRA NAHIR",
   "GARCIA, JOAQUIN ALBERTO"
  ]
 },
 {
  "asistida": "Arello ALEXIS NAHUEL",
  "cargo_ejecutivo": false,
  "clase": "Candidato",
  "cod_alianza": "3735",
  "cod_categoria": "CNJ",
  "cod_lista": "3735.460.460",
  "cod_partido": "3735.460",
  "codigo": "3735.460.460.11210",
  "dni": "40524049",
  "id_candidatura": "3735.460.460.11210",
  "id_umv": 811,
  "imagenes": [
   "3735.460.460.11210",
   "default_mujer",
   "default"
  ],
  "nombre": "ARELLO, ALEXIS NAHUEL",
  "nro_orden": 1,
  "orden_absoluto": [
   12,
   23,
   10,
   5,
   1
  ],
  "secundarios": [
   "SEGUNDO, MARIA DE LOS ANGELES",
   "CRUZ ARIAS, IVAN FERNANDO ANDRES"
  ],
  "sexo": "M",
  "suplentes": [
   "GODOY, DAIANA TRINIDAD",
   "CUELLO, LUIS ALBERTO",
   "LOPEZ, ROCIO DE LOS ANGELES"
  ]
 },
 {
  "asistida": "Escotor\u00edn RAMIRO DANIEL",
  "cargo_ejecutivo": true,
  "clase": "Candidato",
  "cod_alianza": "685",
  "cod_categoria": "GOB",
  "cod_lista": "685.685.685",
  "cod_partido": "685.685",
  "codigo": "685.685.685.12004",
  "dni": "17581303",
  "id_candidatura": "685.685.685.12004",
  "id_umv": 1208,
  "imagenes": [
   "685.685.685.12004",
   "default_mujer"
  ],
  "nombre": "ESCOTORIN, RAMIRO DANIEL",
  "nro_orden": 1,
  "orden_absoluto": [
   14,
   30,
   78,
   1,
   1
  ],
  "secundarios": [
   "CALIVA, PATRICIA DEL VALLE"
  ],
  "sexo": "M",
  "suplentes": [

  ]
 },
 {
  "asistida": "Voto en BLANCO",
  "cargo_ejecutivo": false,
  "clase": "Blanco",
  "cod_categoria": "CNJ",
  "cod_lista": "",
  "codigo": "BLC",
  "id_candidatura": "BLC",
  "id_umv": 899,
  "imagenes": [
   "BLC"
  ],
  "nombre": "Voto en BLANCO",
  "nro_orden": 5,
  "orden_absoluto": [
   994,
   5
  ],
  "secundarios": [

  ],
  "sexo": null,
  "suplentes": [

  ]
 },
 {
  "asistida": "Voto en BLANCO",
  "cargo_ejecutivo": false,
  "clase": "Blanco",
  "cod_categoria": "DIP",
  "cod_lista": "",
  "codigo": "BLC",
  "id_candidatura": "BLC",
  "id_umv": 1165,
  "imagenes": [
   "BLC"
  ],
  "nombre": "Voto en BLANCO",
  "nro_orden": 3,
  "orden_absoluto": [
   994,
   3
  ],
  "secundarios": [

  ],
  "sexo": null,
  "suplentes": [

  ]
 },
 {
  "asistida": "Voto en BLANCO",
  "cargo_ejecutivo": true,
  "clase": "Blanco",
  "cod_categoria": "GOB",
  "cod_lista": "",
  "codigo": "BLC",
  "id_candidatura": "BLC",
  "id_umv": 1209,
  "imagenes": [
   "BLC"
  ],
  "nombre": "Voto en BLANCO",
  "nro_orden": 1,
  "orden_absoluto": [
   994,
   1
  ],
  "secundarios": [

  ],
  "sexo": null,
  "suplentes": [

  ]
 },
 {
  "asistida": "Voto en BLANCO",
  "cargo_ejecutivo": true,
  "clase": "Blanco",
  "cod_categoria": "INT",
  "cod_lista": "",
  "codigo": "BLC",
  "id_candidatura": "BLC",
  "id_umv": 1673,
  "imagenes": [
   "BLC"
  ],
  "nombre": "Voto en BLANCO",
  "nro_orden": 4,
  "orden_absoluto": [
   994,
   4
  ],
  "secundarios": [

  ],
  "sexo": null,
  "suplentes": [

  ]
 },
 {
  "asistida": "Voto en BLANCO",
  "cargo_ejecutivo": false,
  "clase": "Blanco",
  "cod_categoria": "SEN",
  "cod_lista": "",
  "codigo": "BLC",
  "id_candidatura": "BLC",
  "id_umv": 1895,
  "imagenes": [
   "BLC"
  ],
  "nombre": "Voto en BLANCO",
  "nro_orden": 2,
  "orden_absoluto": [
   994,
   2
  ],
  "secundarios": [

  ],
  "sexo": null,
  "suplentes": [

  ]
 },
 {
  "asistida": "Votos IMPUGNADOS",
  "cargo_ejecutivo": false,
  "clase": "Especial",
  "cod_categoria": "CNJ",
  "cod_lista": "",
  "codigo": "IMP",
  "id_candidatura": "IMP",
  "id_umv": 959,
  "nombre": "Votos IMPUGNADOS",
  "nro_orden": 5,
  "orden_absoluto": [
   995,
   5
  ],
  "secundarios": [

  ],
  "sexo": null,
  "suplentes": [

  ]
 },
 {
  "asistida": "Votos IMPUGNADOS",
  "cargo_ejecutivo": false,
  "clase": "Especial",
  "cod_categoria": "DIP",
  "cod_lista": "",
  "codigo": "IMP",
  "id_candidatura": "IMP",
  "id_umv": 1180,
  "nombre": "Votos IMPUGNADOS",
  "nro_orden": 3,
  "orden_absoluto": [
   995,
   3
  ],
  "secundarios": [

  ],
  "sexo": null,
  "suplentes": [

  ]
 },
 {
  "asistida": "Votos IMPUGNADOS",
  "cargo_ejecutivo": true,
  "clase": "Especial",
  "cod_categoria": "GOB",
  "cod_lista": "",
  "codigo": "IMP",
  "id_candidatura": "IMP",
  "id_umv": 1210,
  "nombre": "Votos IMPUGNADOS",
  "nro_orden": 1,
  "orden_absoluto": [
   995,
   1
  ],
  "secundarios": [

  ],
  "sexo": null,
  "suplentes": [

  ]
 },
 {
  "asistida": "Votos IMPUGNADOS",
  "cargo_ejecutivo": true,
  "clase": "Especial",
  "cod_categoria": "INT",
  "cod_lista": "",
  "codigo": "IMP",
  "id_candidatura": "IMP",
  "id_umv": 1733,
  "nombre": "Votos IMPUGNADOS",
  "nro_orden": 4,
  "orden_absoluto": [
   995,
   4
  ],
  "secundarios": [

  ],
  "sexo": null,
  "suplentes": [

  ]
 },
 {
  "asistida": "Votos IMPUGNADOS",
  "cargo_ejecutivo": false,
  "clase": "Especial",
  "cod_categoria": "SEN",
  "cod_lista": "",
  "codigo": "IMP",
  "id_candidatura": "IMP",
  "id_umv": 1906,
  "nombre": "Votos IMPUGNADOS",
  "nro_orden": 2,
  "orden_absoluto": [
   995,
   2
  ],
  "secundarios": [

  ],
  "sexo": null,
  "suplentes": [

  ]
 },
 {
  "asistida": "Votos OBSERVADOS",
  "cargo_ejecutivo": false,
  "clase": "Especial",
  "cod_categoria": "CNJ",
  "cod_lista": "",
  "codigo": "OBS",
  "id_candidatura": "OBS",
  "id_umv": 1019,
  "nombre": "Votos OBSERVADOS",
  "nro_orden": 5,
  "orden_absoluto": [
   996,
   5
  ],
  "secundarios": [

  ],
  "sexo": null,
  "suplentes": [

  ]
 },
 {
  "asistida": "Votos OBSERVADOS",
  "cargo_ejecutivo": false,
  "clase": "Especial",
  "cod_categoria": "DIP",
  "cod_lista": "",
  "codigo": "OBS",
  "id_candidatura": "OBS",
  "id_umv": 1195,
  "nombre": "Votos OBSERVADOS",
  "nro_orden": 3,
  "orden_absoluto": [
   996,
   3
  ],
  "secundarios": [

  ],
  "sexo": null,
  "suplentes": [

  ]
 },
 {
  "asistida": "Votos OBSERVADOS",
  "cargo_ejecutivo": true,
  "clase": "Especial",
  "cod_categoria": "GOB",
  "cod_lista": "",
  "codigo": "OBS",
  "id_candidatura": "OBS",
  "id_umv": 1211,
  "nombre": "Votos OBSERVADOS",
  "nro_orden": 1,
  "orden_absoluto": [
   996,
   1
  ],
  "secundarios": [

  ],
  "sexo": null,
  "suplentes": [

  ]
 },
 {
  "asistida": "Votos OBSERVADOS",
  "cargo_ejecutivo": true,
  "clase": "Especial",
  "cod_categoria": "INT",
  "cod_lista": "",
  "codigo": "OBS",
  "id_candidatura": "OBS",
  "id_umv": 1793,
  "nombre": "Votos OBSERVADOS",
  "nro_orden": 4,
  "orden_absoluto": [
   996,
   4
  ],
  "secundarios": [

  ],
  "sexo": null,
  "suplentes": [

  ]
 },
 {
  "asistida": "Votos OBSERVADOS",
  "cargo_ejecutivo": false,
  "clase": "Especial",
  "cod_categoria": "SEN",
  "cod_lista": "",
  "codigo": "OBS",
  "id_candidatura": "OBS",
  "id_umv": 1917,
  "nombre": "Votos OBSERVADOS",
  "nro_orden": 2,
  "orden_absoluto": [
   996,
   2
  ],
  "secundarios": [

  ],
  "sexo": null,
  "suplentes": [

  ]
 }
]