[
 {
  "CNJ": 109,
  "INT": 1264,
  "agrupacion_municipal": false,
  "codigo": "3717.3739.3739",
  "lista_completa": true
 },
 {
  "CNJ": 207,
  "INT": 1310,
  "agrupacion_municipal": false,
  "codigo": "3723.3741.3741",
  "lista_completa": true
 },
 {
  "CNJ": 237,
  "INT": 1343,
  "agrupacion_municipal": false,
  "codigo": "3728.3742.3742",
  "lista_completa": true
 },
 {
  "CNJ": 251,
  "INT": 1343,
  "agrupacion_municipal": false,
  "codigo": "3728.3748.3748",
  "lista_completa": true
 },
 {
  "CNJ": 285,
  "INT": 1375,
  "agrupacion_municipal": false,
  "codigo": "3729.3747.3747",
  "lista_completa": true
 },
 {
  "CNJ": 297,
  "INT": 1375,
  "agrupacion_municipal": false,
  "codigo": "3729.459.459",
  "lista_completa": true
 },
 {
  "CNJ": 370,
  "INT": 1435,
  "agrupacion_municipal": false,
  "codigo": "3731.3743.3743",
  "lista_completa": true
 },
 {
  "CNJ": 400,
  "INT": 1500,
  "agrupacion_municipal": false,
  "codigo": "3733.10.10",
  "lista_completa": true
 },
 {
  "CNJ": 421,
  "INT": 1500,
  "agrupacion_municipal": false,
  "codigo": "3733.1861.1861",
  "lista_completa": true
 },
 {
  "CNJ": 449,
  "INT": 1500,
  "agrupacion_municipal": false,
  "codigo": "3733.1862.1862",
  "lista_completa": true
 },
 {
  "CNJ": 480,
  "INT": 1500,
  "agrupacion_municipal": false,
  "codigo": "3733.1869.1869",
  "lista_completa": true
 },
 {
  "CNJ": 506,
  "INT": 1500,
  "agrupacion_municipal": false,
  "codigo": "3733.2625.2625",
  "lista_completa": true
 },
 {
  "CNJ": 523,
  "INT": 1500,
  "agrupacion_municipal": false,
  "codigo": "3733.2627.2627",
  "lista_completa": true
 },
 {
  "CNJ": 541,
  "INT": 1500,
  "agrupacion_municipal": false,
  "codigo": "3733.3713.3713",
  "lista_completa": true
 },
 {
  "INT": 1500,
  "agrupacion_municipal": false,
  "codigo": "3733.3744.3744",
  "lista_completa": false
 },
 {
  "CNJ": 565,
  "INT": 1500,
  "agrupacion_municipal": false,
  "codigo": "3733.38.38",
  "lista_completa": true
 },
 {
  "CNJ": 580,
  "INT": 1556,
  "agrupacion_municipal": false,
  "codigo": "3735.15.15",
  "lista_completa": true
 },
 {
  "CNJ": 623,
  "INT": 1556,
  "agrupacion_municipal": false,
  "codigo": "3735.1873.1873",
  "lista_completa": true
 },
 {
  "CNJ": 655,
  "INT": 1556,
  "agrupacion_municipal": false,
  "codigo": "3735.208.208",
  "lista_completa": true
 },
 {
  "CNJ": 690,
  "INT": 1556,
  "agrupacion_municipal": false,
  "codigo": "3735.32.32",
  "lista_completa": true
 },
 {
  "CNJ": 725,
  "INT": 1556,
  "agrupacion_municipal": false,
  "codigo": "3735.3650.3650",
  "lista_completa": true
 },
 {
  "INT": 1556,
  "agrupacion_municipal": false,
  "codigo": "3735.3745.3745",
  "lista_completa": false
 },
 {
  "CNJ": 774,
  "INT": 1556,
  "agrupacion_municipal": false,
  "codigo": "3735.4.4",
  "lista_completa": true
 },
 {
  "CNJ": 822,
  "INT": 1556,
  "agrupacion_municipal": false,
  "codigo": "3735.460.460",
  "lista_completa": true
 },
 {
  "CNJ": 856,
  "INT": 1630,
  "agrupacion_municipal": false,
  "codigo": "BLC",
  "lista_completa": true
 }
]