[
 {
  "asistida": "PLANES DANIELA",
  "cargo_ejecutivo": true,
  "clase": "Candidato",
  "cod_alianza": "1863",
  "cod_categoria": "GOB",
  "cod_lista": "1863.1863.1863",
  "cod_partido": "1863.1863",
  "codigo": "1863.1863.1863.2069",
  "dni": "28523544",
  "id_candidatura": "1863.1863.1863.2069",
  "id_umv": 1197,
  "imagenes": [
   "1863.1863.1863.2069",
   "default_mujer"
  ],
  "nombre": "PLANES, DANIELA",
  "nro_orden": 1,
  "orden_absoluto": [
   22,
   53,
   12,
   1,
   1
  ],
  "secundarios": [
   "TEJERINA, VERONICA"
  ],
  "sexo": "F",
  "suplentes": [

  ]
 },
 {
  "asistida": "GIL VIOLETA",
  "cargo_ejecutivo": true,
  "clase": "Candidato",
  "cod_alianza": "22",
  "cod_categoria": "GOB",
  "cod_lista": "22.22.22",
  "cod_partido": "22.22",
  "codigo": "22.22.22.3409",
  "dni": "33984630",
  "id_candidatura": "22.22.22.3409",
  "id_umv": 1198,
  "imagenes": [
   "22.22.22.3409",
   "default"
  ],
  "nombre": "GIL, VIOLETA",
  "nro_orden": 1,
  "orden_absoluto": [
   23,
   62,
   3,
   1,
   1
  ],
  "secundarios": [
   "TOLABA, ANGEL RODOLFO"
  ],
  "sexo": "F",
  "suplentes": [

  ]
 },
 {
  "asistida": "SOZA JUAN CARLOS",
  "cargo_ejecutivo": false,
  "clase": "Candidato",
  "cod_alianza": "22",
  "cod_categoria": "SEN",
  "cod_lista": "22.22.22",
  "cod_partido": "22.22",
  "codigo": "22.22.22.3411",
  "dni": "24580078",
  "id_candidatura": "22.22.22.3411",
  "id_umv": 1804,
  "imagenes": [
   "22.22.22.3411"
  ],
  "nombre": "SOZA, JUAN CARLOS",
  "nro_orden": 1,
  "orden_absoluto": [
   23,
   62,
   3,
   2,
   1
  ],
  "secundarios": [

  ],
  "sexo": "M",
  "suplentes": [
   "GAITE, TOMASA MERCEDES"
  ]
 },
 {
  "asistida": "LUNA DORA ELIZABETH",
  "cargo_ejecutivo": true,
  "clase": "Candidato",
  "cod_alianza": "22",
  "cod_categoria": "INT",
  "cod_lista": "22.22.22",
  "cod_partido": "22.22",
  "codigo": "22.22.22.3451",
  "dni": "22869216",
  "id_candidatura": "22.22.22.3451",
  "id_umv": 1220,
  "imagenes": [
   "22.22.22.3451"
  ],
  "nombre": "LUNA, DORA ELIZABETH",
  "nro_orden": 1,
  "orden_absoluto": [
   23,
   62,
   3,
   4,
   1
  ],
  "secundarios": [

  ],
  "sexo": "F",
  "suplentes": [

  ]
 },
 {
  "asistida": "COLQUE SILVIA ELIZABETH",
  "cargo_ejecutivo": false,
  "clase": "Candidato",
  "cod_alianza": "22",
  "cod_categoria": "CNJ",
  "cod_lista": "22.22.22",
  "cod_partido": "22.22",
  "codigo": "22.22.22.3551",
  "dni": "23240723",
  "id_candidatura": "22.22.22.3551",
  "id_umv": 9,
  "imagenes": [
   "22.22.22.3551",
   "default",
   "default_mujer",
   "default",
   "default_mujer",
   "default",
   "default_mujer",
   "default",
   "default_mujer"
  ],
  "nombre": "COLQUE, SILVIA ELIZABETH",
  "nro_orden": 1,
  "orden_absoluto": [
   23,
   62,
   3,
   5,
   1
  ],
  "secundarios": [
   "RIOS, HECTOR MIGUEL",
   "MOLINA STIBEL, ELIZABETH NANCY",
   "MAMANI, ARIEL FERNANDO",
   "ALBORNOZ, ISABEL CAROLINA",
   "BARRIOS, RUBEN DARIO",
   "MEDINA, MIRIAM EDITH",
   "FRIAS, MARCELO ALEJANDRO",
   "SOTO, ZELMA ELIZABETH"
  ],
  "sexo": "F",
  "suplentes": [
   "BARRIOS, HECTOR DARIO",
   "ALEMAN, MARTA NORMA",
   "LUNA, ALDO JESUS",
   "RUIZ, SONIA DEL VALLE",
   "CEPEDA, LISANDRO MARCELO"
  ]
 },
 {
  "asistida": "TogNolini MARCOS",
  "cargo_ejecutivo": true,
  "clase": "Candidato",
  "cod_alianza": "3625",
  "cod_categoria": "GOB",
  "cod_lista": "3625.3625.3625",
  "cod_partido": "3625.3625",
  "codigo": "3625.3625.3625.5312",
  "dni": "29336659",
  "id_candidatura": "3625.3625.3625.5312",
  "id_umv": 1199,
  "imagenes": [
   "3625.3625.3625.5312",
   "default_mujer"
  ],
  "nombre": "TOGNOLINI, MARCOS",
  "nro_orden": 1,
  "orden_absoluto": [
   21,
   43,
   21,
   1,
   1
  ],
  "secundarios": [
   "RAMOS, MIRTA ADRIANA"
  ],
  "sexo": "M",
  "suplentes": [

  ]
 },
 {
  "asistida": "Ech\u00e1rt RAUL ALEJANDRO",
  "cargo_ejecutivo": false,
  "clase": "Candidato",
  "cod_alianza": "3717",
  "cod_categoria": "CNJ",
  "cod_lista": "3717.13.13",
  "cod_partido": "3717.13",
  "codigo": "3717.13.13.771",
  "dni": "28314092",
  "id_candidatura": "3717.13.13.771",
  "id_umv": 46,
  "imagenes": [
   "3717.13.13.771",
   "default_mujer",
   "default",
   "default_mujer",
   "default",
   "default_mujer",
   "default",
   "default_mujer",
   "default"
  ],
  "nombre": "ETCHART, RAUL ALEJANDRO",
  "nro_orden": 1,
  "orden_absoluto": [
   6,
   52,
   75,
   5,
   1
  ],
  "secundarios": [
   "MADRID, JULIA DEL MILAGRO",
   "ALZOGARAY, AUGUSTO LEANDRO",
   "WILINSKY, CARLA VANINA",
   "SORIA NAVARRO, BRIAN EMMANUEL",
   "DIAZ, DAIANA AYELEN",
   "MACHUCA, MATIAS EZEQUIEL",
   "NAVARRO, SILVIA LILIANA",
   "MADRID, FRANCO EZEQUIEL"
  ],
  "sexo": "M",
  "suplentes": [
   "GABRIZ, TAMARA MARIA ELENA",
   "PALACIO, RODOLFO LUIS",
   "REINOSO, SABRINA ANTONIA BELEN",
   "PEDRAZA, CARLOS SANTIAGO",
   "VASQUEZ, PATRICIA ALEJANDRA",
   "DIAZ, MIGUEL ANGEL",
   "FLORES, LORENA MARIA ROSAURA"
  ]
 },
 {
  "asistida": "GOROSTIZA FEDERICO JOS\u00c9",
  "cargo_ejecutivo": false,
  "clase": "Candidato",
  "cod_alianza": "3717",
  "cod_categoria": "CNJ",
  "cod_lista": "3717.2543.2543",
  "cod_partido": "3717.2543",
  "codigo": "3717.2543.2543.3887",
  "dni": "22119134",
  "id_candidatura": "3717.2543.2543.3887",
  "id_umv": 69,
  "imagenes": [
   "3717.2543.2543.3887",
   "default_mujer",
   "default",
   "default_mujer",
   "default",
   "default_mujer",
   "default",
   "default_mujer",
   "default"
  ],
  "nombre": "GOROSTIZA, FEDERICO",
  "nro_orden": 1,
  "orden_absoluto": [
   6,
   71,
   17,
   5,
   1
  ],
  "secundarios": [
   "SORIA, MONICA VIVIANA",
   "GIMENEZ, FRANCISCO JAVIER",
   "ONTIVERO, IVANA ALEJANDRA",
   "SALCEDO, CARLOS NICOLAS",
   "DENEGRIS, NORA CECILIA",
   "NIEVA, IGNACIO ROBERTO",
   "MORENO, MARCELA NELIDA",
   "LIZONDO, RICARDO HECTOR"
  ],
  "sexo": "M",
  "suplentes": [
   "PARRAGA, GABRIELA BENITA",
   "MARTINEZ, CARLOS ROLANDO",
   "DUARTE, VIRGINIA ABIGAIL",
   "VILLA, CARLOS ALBERTO",
   "GASPA, LILIANA DEL VALLE",
   "VERA, RAUL RICARDO",
   "VILCA SANCHEZ, CARLA XIMENA",
   "RUIZ, AMERICO LEONARDO",
   "TESEYRA, ROSA LILIANA"
  ]
 },
 {
  "asistida": "MARQUES SERGIO REINALDO",
  "cargo_ejecutivo": false,
  "clase": "Candidato",
  "cod_alianza": "3717",
  "cod_categoria": "CNJ",
  "cod_lista": "3717.3712.3712",
  "cod_partido": "3717.3712",
  "codigo": "3717.3712.3712.6258",
  "dni": "29829207",
  "id_candidatura": "3717.3712.3712.6258",
  "id_umv": 89,
  "imagenes": [
   "3717.3712.3712.6258",
   "default_mujer",
   "default",
   "default_mujer",
   "default",
   "default_mujer",
   "default",
   "default_mujer",
   "default"
  ],
  "nombre": "MARQUES, \u201cCABO\u201d",
  "nro_orden": 1,
  "orden_absoluto": [
   6,
   20,
   45,
   5,
   1
  ],
  "secundarios": [
   "CRUZ, JUDITH GISEL",
   "CRUZ, MARCELO FABIAN",
   "DOMINGUEZ, ALINA DEL CARMEN",
   "TANQUIA, ALFREDO EMANUEL",
   "NAVARRETE, FATIMA KAREN",
   "LUNA, ALEXIS JUAN ISMAEL",
   "MEDINA, JUANA ROSA",
   "VELIZ, RODRIGO EMILIANO"
  ],
  "sexo": "M",
  "suplentes": [
   "ROSALEZ, MARTA LILIANA",
   "MADRID, HECTOR ANTONIO",
   "VITIAN, NELIDA ROSALIA",
   "RIOS, LEONARDO ALBERTO",
   "PEREZ, SONIA SILVANA",
   "MARQUEZ, JAVIER MAXIMILIANO",
   "MADRID, GRISELDA MONICA",
   "MENDOZA, JOSE VICTORIANO",
   "ALTAMIRANO PACHECO, ANA SILVIA"
  ]
 },
 {
  "asistida": "ESTRADA EMILIANO RAFAEL",
  "cargo_ejecutivo": true,
  "clase": "Candidato",
  "cod_alianza": "3717",
  "cod_categoria": "GOB",
  "cod_lista": "3717.3739.3739",
  "cod_partido": "3717.3739",
  "codigo": "3717.3739.3739.6360",
  "dni": "32165256",
  "id_candidatura": "3717.3739.3739.6360",
  "id_umv": 1200,
  "imagenes": [
   "3717.3739.3739.6360",
   "default"
  ],
  "nombre": "ESTRADA, EMILIANO",
  "nro_orden": 1,
  "orden_absoluto": [
   6,
   17,
   64,
   1,
   1
  ],
  "secundarios": [
   "ZAPATA, CARLOS RAUL"
  ],
  "sexo": "M",
  "suplentes": [

  ]
 },
 {
  "asistida": "THOMAS MAR\u00cdA LAURA",
  "cargo_ejecutivo": false,
  "clase": "Candidato",
  "cod_alianza": "3717",
  "cod_categoria": "SEN",
  "cod_lista": "3717.3739.3739",
  "cod_partido": "3717.3739",
  "codigo": "3717.3739.3739.6370",
  "dni": "34974225",
  "id_candidatura": "3717.3739.3739.6370",
  "id_umv": 1812,
  "imagenes": [
   "3717.3739.3739.6370"
  ],
  "nombre": "DRA. THOMAS, MARIA LAURA \u201cCOTTY\u201d",
  "nro_orden": 1,
  "orden_absoluto": [
   6,
   17,
   64,
   2,
   1
  ],
  "secundarios": [

  ],
  "sexo": "F",
  "suplentes": [
   "GOMES, VICTOR"
  ]
 },
 {
  "asistida": "VIllA SONIA VIVIANA",
  "cargo_ejecutivo": true,
  "clase": "Candidato",
  "cod_alianza": "3717",
  "cod_categoria": "INT",
  "cod_lista": "3717.3739.3739",
  "cod_partido": "3717.3739",
  "codigo": "3717.3739.3739.6469",
  "dni": "16423110",
  "id_candidatura": "3717.3739.3739.6469",
  "id_umv": 1284,
  "imagenes": [
   "3717.3739.3739.6469"
  ],
  "nombre": "VILLA, SONIA",
  "nro_orden": 1,
  "orden_absoluto": [
   6,
   17,
   64,
   4,
   1
  ],
  "secundarios": [

  ],
  "sexo": "F",
  "suplentes": [

  ]
 },
 {
  "asistida": "PIORNO MARIO EDMUNDO",
  "cargo_ejecutivo": false,
  "clase": "Candidato",
  "cod_alianza": "3717",
  "cod_categoria": "CNJ",
  "cod_lista": "3717.3739.3739",
  "cod_partido": "3717.3739",
  "codigo": "3717.3739.3739.6892",
  "dni": "10805569",
  "id_candidatura": "3717.3739.3739.6892",
  "id_umv": 126,
  "imagenes": [
   "3717.3739.3739.6892",
   "default_mujer",
   "default",
   "default_mujer",
   "default",
   "default_mujer",
   "default",
   "default_mujer",
   "default"
  ],
  "nombre": "PIORNO, MARIO",
  "nro_orden": 1,
  "orden_absoluto": [
   6,
   17,
   64,
   5,
   1
  ],
  "secundarios": [
   "AIBAR, CARMEN GRISELDA",
   "WAYAR, ORLANDO RUBEN",
   "VITANCOR, VIOLETA ROMINA",
   "RODRIGUEZ, MARCOS BERNABE",
   "SANTAMARIA, SILVANA IRENE",
   "GUARDO, PABLO TORIBIO",
   "MARCHETTI, SILVIA",
   "SARAVIA, CARLOS MIGUEL"
  ],
  "sexo": "M",
  "suplentes": [
   "RIOS, SILVIA MABEL",
   "BARRIOS, ALDO RAMON",
   "OJEDA, MAIA BETIANA",
   "MEDINA, RUBEN DARIO",
   "VILLA, JULIETA CAROLINA",
   "IDALGO, FRANCO SEBASTIAN DARIO",
   "VALLCANERAS, LUCIA",
   "CARDOZO, JUAN ANTONIO",
   "PERALTA DUARTE, ARIANA MARISOL"
  ]
 },
 {
  "asistida": "CABR\u00c1L ANA IN\u00c9S",
  "cargo_ejecutivo": false,
  "clase": "Candidato",
  "cod_alianza": "3717",
  "cod_categoria": "CNJ",
  "cod_lista": "3717.632.632",
  "cod_partido": "3717.632",
  "codigo": "3717.632.632.11992",
  "dni": "16806320",
  "id_candidatura": "3717.632.632.11992",
  "id_umv": 163,
  "imagenes": [
   "3717.632.632.11992",
   "default",
   "default_mujer",
   "default",
   "default_mujer",
   "default",
   "default_mujer",
   "default",
   "default_mujer"
  ],
  "nombre": "CABRAL, \u201cANITA\u201d",
  "nro_orden": 1,
  "orden_absoluto": [
   6,
   47,
   8,
   5,
   1
  ],
  "secundarios": [
   "LUCAS, EDUARDO",
   "JULIAN, FARAH DE LOURDES",
   "LAZARTE, BARTOLOME",
   "SALAS, CLAUDIA ELIZABETH",
   "PIZOLA, HECTOR CARLOS",
   "FRANCES, ARACELI FLORENCIA",
   "CARRIZO, LUCAS JUAN IGNACIO",
   "GOMEZ, SILVIA DEL VALLE"
  ],
  "sexo": "F",
  "suplentes": [
   "MOLINA, RONAL EDUARDO",
   "JIMENEZ GOMEZ, AGUSTINA AYELEN",
   "BARRIONUEVO, LUIS CARLOS"
  ]
 },
 {
  "asistida": "SALTO FEDERICO AUGUSTO",
  "cargo_ejecutivo": true,
  "clase": "Candidato",
  "cod_alianza": "3723",
  "cod_categoria": "INT",
  "cod_lista": "3723.12.12",
  "cod_partido": "3723.12",
  "codigo": "3723.12.12.310",
  "dni": "31038524",
  "id_candidatura": "3723.12.12.310",
  "id_umv": 1287,
  "imagenes": [
   "3723.12.12.310"
  ],
  "nombre": "SALTO, FEDERICO AUGUSTO",
  "nro_orden": 1,
  "orden_absoluto": [
   5,
   57,
   72,
   4,
   1
  ],
  "secundarios": [

  ],
  "sexo": "M",
  "suplentes": [

  ]
 },
 {
  "asistida": "TESE\u00ddRA RAMONA ELI\u00c1NA",
  "cargo_ejecutivo": false,
  "clase": "Candidato",
  "cod_alianza": "3723",
  "cod_categoria": "CNJ",
  "cod_lista": "3723.12.12",
  "cod_partido": "3723.12",
  "codigo": "3723.12.12.404",
  "dni": "22531200",
  "id_candidatura": "3723.12.12.404",
  "id_umv": 172,
  "imagenes": [
   "3723.12.12.404",
   "default",
   "default_mujer",
   "default",
   "default_mujer",
   "default",
   "default_mujer",
   "default",
   "default_mujer"
  ],
  "nombre": "TESEYRA, RAMONA ELIANA",
  "nro_orden": 1,
  "orden_absoluto": [
   5,
   57,
   72,
   5,
   1
  ],
  "secundarios": [
   "ARANCIBIA, HUMBERTO CARMELO",
   "BARRERA, DOLORES ASUNCION",
   "DIAZ, ROQUE JOAQUIN",
   "CEJAS, DEBORA ANALIA",
   "GUTIERREZ, JUAN JOSE",
   "VILLALBA, MABEL BEATRIZ",
   "MEDINA, DARIO SEBASTIAN",
   "AGUILAR, MELISA EMILSE"
  ],
  "sexo": "F",
  "suplentes": [
   "ARANCIBIA, MATIAS FEDERICO",
   "AQUINO, PATRICIA CRISTINA",
   "ARANCIBIA, MODESTO MARCELO"
  ]
 },
 {
  "asistida": "ONTIVEROS N\u00c9STOR FABI\u00c1N",
  "cargo_ejecutivo": false,
  "clase": "Candidato",
  "cod_alianza": "3723",
  "cod_categoria": "SEN",
  "cod_lista": "3723.3649.3649",
  "cod_partido": "3723.3649",
  "codigo": "3723.3649.3649.5434",
  "dni": "24298791",
  "id_candidatura": "3723.3649.3649.5434",
  "id_umv": 1819,
  "imagenes": [
   "3723.3649.3649.5434"
  ],
  "nombre": "ONTIVEROS, NESTOR FABIAN",
  "nro_orden": 1,
  "orden_absoluto": [
   5,
   29,
   22,
   2,
   1
  ],
  "secundarios": [

  ],
  "sexo": "M",
  "suplentes": [
   "SERRANO, RAQUEL MERCEDES"
  ]
 },
 {
  "asistida": "ARANDA JUAN JOS\u00c9",
  "cargo_ejecutivo": true,
  "clase": "Candidato",
  "cod_alianza": "3723",
  "cod_categoria": "INT",
  "cod_lista": "3723.3649.3649",
  "cod_partido": "3723.3649",
  "codigo": "3723.3649.3649.5443",
  "dni": "23654889",
  "id_candidatura": "3723.3649.3649.5443",
  "id_umv": 1291,
  "imagenes": [
   "3723.3649.3649.5443"
  ],
  "nombre": "ARANDA, JUAN JOSE",
  "nro_orden": 1,
  "orden_absoluto": [
   5,
   29,
   22,
   4,
   1
  ],
  "secundarios": [

  ],
  "sexo": "M",
  "suplentes": [

  ]
 },
 {
  "asistida": "SERRANO RICARDO ARIEL",
  "cargo_ejecutivo": false,
  "clase": "Candidato",
  "cod_alianza": "3723",
  "cod_categoria": "CNJ",
  "cod_lista": "3723.3649.3649",
  "cod_partido": "3723.3649",
  "codigo": "3723.3649.3649.5587",
  "dni": "25642367",
  "id_candidatura": "3723.3649.3649.5587",
  "id_umv": 188,
  "imagenes": [
   "3723.3649.3649.5587",
   "default_mujer",
   "default",
   "default_mujer",
   "default",
   "default_mujer",
   "default",
   "default_mujer",
   "default"
  ],
  "nombre": "SERRANO, RICARDO ARIEL",
  "nro_orden": 1,
  "orden_absoluto": [
   5,
   29,
   22,
   5,
   1
  ],
  "secundarios": [
   "BUSQUETS, LUCIA DEL MILAGRO",
   "ROMERO, JUAN DOMINGO",
   "BERMUDEZ, MONICA VICTORIA",
   "DUARTE, CARLOS ROLANDO",
   "CHOCOBAR, GISELLE AGOSTINA",
   "MORENO, RUBEN FABIAN",
   "FERNANDEZ, IRMA CECILIA",
   "BARRERA, FELIPE FIDEL"
  ],
  "sexo": "M",
  "suplentes": [
   "UNCOS, GABRIELA SUSANA",
   "GOMEZ, CEFERINO DEL MILAGRO",
   "COPA, BELKYS TAMARA",
   "FARFAN, JUAN CARLOS",
   "GUZMAN, ELIZABETH DEL VALLE",
   "FERREYRA, JUAN CARLOS",
   "COPA, VILMA RAQUEL",
   "ROMERO, BENEDICTO CEFERINO",
   "COPA, NORA ISABEL"
  ]
 },
 {
  "asistida": "W\u00c1YAR GU\u00c1LTER RAUL",
  "cargo_ejecutivo": true,
  "clase": "Candidato",
  "cod_alianza": "3723",
  "cod_categoria": "GOB",
  "cod_lista": "3723.3741.3741",
  "cod_partido": "3723.3741",
  "codigo": "3723.3741.3741.7154",
  "dni": "12220501",
  "id_candidatura": "3723.3741.3741.7154",
  "id_umv": 1201,
  "imagenes": [
   "3723.3741.3741.7154",
   "default"
  ],
  "nombre": "WAYAR, WALTER",
  "nro_orden": 1,
  "orden_absoluto": [
   5,
   14,
   65,
   1,
   1
  ],
  "secundarios": [
   "MIZZAU, IVAN"
  ],
  "sexo": "M",
  "suplentes": [

  ]
 },
 {
  "asistida": "Teseyra MARCOS ANTONIO",
  "cargo_ejecutivo": false,
  "clase": "Candidato",
  "cod_alianza": "3723",
  "cod_categoria": "SEN",
  "cod_lista": "3723.3741.3741",
  "cod_partido": "3723.3741",
  "codigo": "3723.3741.3741.7164",
  "dni": "24858912",
  "id_candidatura": "3723.3741.3741.7164",
  "id_umv": 1824,
  "imagenes": [
   "3723.3741.3741.7164"
  ],
  "nombre": "TESEYRA, MARCOS ANTONIO",
  "nro_orden": 1,
  "orden_absoluto": [
   5,
   14,
   65,
   2,
   1
  ],
  "secundarios": [

  ],
  "sexo": "M",
  "suplentes": [
   "PADILLA PEDRAZA, SONIA KARINA"
  ]
 },
 {
  "asistida": "RIOS GU\u00c1LTER ERNESTO",
  "cargo_ejecutivo": true,
  "clase": "Candidato",
  "cod_alianza": "3723",
  "cod_categoria": "INT",
  "cod_lista": "3723.3741.3741",
  "cod_partido": "3723.3741",
  "codigo": "3723.3741.3741.7265",
  "dni": "24580217",
  "id_candidatura": "3723.3741.3741.7265",
  "id_umv": 1330,
  "imagenes": [
   "3723.3741.3741.7265"
  ],
  "nombre": "RIOS, WALTER ERNESTO",
  "nro_orden": 1,
  "orden_absoluto": [
   5,
   14,
   65,
   4,
   1
  ],
  "secundarios": [

  ],
  "sexo": "M",
  "suplentes": [

  ]
 },
 {
  "asistida": "PADILLA PEDRAZA ARNALDO PABLO",
  "cargo_ejecutivo": false,
  "clase": "Candidato",
  "cod_alianza": "3723",
  "cod_categoria": "CNJ",
  "cod_lista": "3723.3741.3741",
  "cod_partido": "3723.3741",
  "codigo": "3723.3741.3741.7695",
  "dni": "40327824",
  "id_candidatura": "3723.3741.3741.7695",
  "id_umv": 227,
  "imagenes": [
   "3723.3741.3741.7695",
   "default_mujer",
   "default",
   "default_mujer",
   "default",
   "default_mujer",
   "default",
   "default_mujer",
   "default"
  ],
  "nombre": "PADILLA PEDRAZA, ARNALDO PABLO",
  "nro_orden": 1,
  "orden_absoluto": [
   5,
   14,
   65,
   5,
   1
  ],
  "secundarios": [
   "ROBLES, DEBORA ROSAURA",
   "AVILA, LISANDRO DAVID",
   "ACOSTA, MERCEDES JUDIT",
   "HEREDIA, ADRIAN ARNALDO",
   "RUIZ ROBLES, ARACELI MALEN",
   "MAMANI HEREDIA, FABIAN ALDO",
   "ROBLES, RUTH MARIA JAQUELINA",
   "MAMANI HEREDIA, EDGARDO ISMAEL"
  ],
  "sexo": "M",
  "suplentes": [

  ]
 },
 {
  "asistida": "PAZ POSE LUCIO",
  "cargo_ejecutivo": true,
  "clase": "Candidato",
  "cod_alianza": "3728",
  "cod_categoria": "GOB",
  "cod_lista": "3728.3742.3742",
  "cod_partido": "3728.3742",
  "codigo": "3728.3742.3742.7704",
  "dni": "24875401",
  "id_candidatura": "3728.3742.3742.7704",
  "id_umv": 1202,
  "imagenes": [
   "3728.3742.3742.7704",
   "default_mujer"
  ],
  "nombre": "PAZ POSSE, LUCIO \u201cPINO\u201d",
  "nro_orden": 1,
  "orden_absoluto": [
   9,
   21,
   66,
   1,
   1
  ],
  "secundarios": [
   "FARJAT D\u2019ALESSANDRO, LORENA"
  ],
  "sexo": "M",
  "suplentes": [

  ]
 },
 {
  "asistida": "GARC\u00cdA RAMIRO EDUARDO",
  "cargo_ejecutivo": false,
  "clase": "Candidato",
  "cod_alianza": "3728",
  "cod_categoria": "SEN",
  "cod_lista": "3728.3742.3742",
  "cod_partido": "3728.3742",
  "codigo": "3728.3742.3742.7710",
  "dni": "26899158",
  "id_candidatura": "3728.3742.3742.7710",
  "id_umv": 1832,
  "imagenes": [
   "3728.3742.3742.7710"
  ],
  "nombre": "GARCIA, RAMIRO EDUARDO",
  "nro_orden": 1,
  "orden_absoluto": [
   9,
   21,
   66,
   2,
   1
  ],
  "secundarios": [

  ],
  "sexo": "M",
  "suplentes": [
   "SARAVIA, PAOLA CARINA"
  ]
 },
 {
  "asistida": "GOMEZ CHAYA KATIA MAR\u00cdA LUZ",
  "cargo_ejecutivo": true,
  "clase": "Candidato",
  "cod_alianza": "3728",
  "cod_categoria": "INT",
  "cod_lista": "3728.3742.3742",
  "cod_partido": "3728.3742",
  "codigo": "3728.3742.3742.7781",
  "dni": "34278885",
  "id_candidatura": "3728.3742.3742.7781",
  "id_umv": 1353,
  "imagenes": [
   "3728.3742.3742.7781"
  ],
  "nombre": "GOMEZ CHAYA, KATHYA MARIA LUZ",
  "nro_orden": 1,
  "orden_absoluto": [
   9,
   21,
   66,
   4,
   1
  ],
  "secundarios": [

  ],
  "sexo": "F",
  "suplentes": [

  ]
 },
 {
  "asistida": "ALVARADO ALFREDO EFRA\u00cdN",
  "cargo_ejecutivo": false,
  "clase": "Candidato",
  "cod_alianza": "3728",
  "cod_categoria": "CNJ",
  "cod_lista": "3728.3748.3748",
  "cod_partido": "3728.3748",
  "codigo": "3728.3748.3748.9736",
  "dni": "34278790",
  "id_candidatura": "3728.3748.3748.9736",
  "id_umv": 261,
  "imagenes": [
   "3728.3748.3748.9736",
   "default_mujer",
   "default",
   "default_mujer",
   "default",
   "default_mujer",
   "default",
   "default_mujer",
   "default"
  ],
  "nombre": "ALVARADO, ALFREDO EFRAIN",
  "nro_orden": 1,
  "orden_absoluto": [
   9,
   15,
   24,
   5,
   1
  ],
  "secundarios": [
   "BERMUDEZ, SONIA GRACIELA",
   "HEREDIA, WALTER OSVALDO",
   "RUEDA, CAMILA MARISEL",
   "LOPEZ, JUAN JOSE",
   "PEREZ, JADE SOFIA JAZMIN",
   "LUNA, ALAN FABRICIO",
   "PEREZ, MARIA CECILIA",
   "RIOS, EDUARDO MATIAS"
  ],
  "sexo": "M",
  "suplentes": [
   "NARANJO, ELIZABETH",
   "VILLANUEVA, ALDO MIGUEL",
   "PITTA, ROMINA MARISOL",
   "GONZALEZ, HORACIO MIGUEL",
   "MORENO, CAROLINA ELIZABETH",
   "RUIZ, RAMIRO GONZALO",
   "BARRETO, MARIA DE LOS ANGELES"
  ]
 },
 {
  "asistida": "CAL\u00cdVA L\u00cdA VER\u00d3NICA",
  "cargo_ejecutivo": true,
  "clase": "Candidato",
  "cod_alianza": "3729",
  "cod_categoria": "GOB",
  "cod_lista": "3729.3747.3747",
  "cod_partido": "3729.3747",
  "codigo": "3729.3747.3747.9058",
  "dni": "25624792",
  "id_candidatura": "3729.3747.3747.9058",
  "id_umv": 1203,
  "imagenes": [
   "3729.3747.3747.9058",
   "default"
  ],
  "nombre": "CALIVA, LIA VERONICA",
  "nro_orden": 1,
  "orden_absoluto": [
   24,
   68,
   67,
   1,
   1
  ],
  "secundarios": [
   "GRAVANAGO, CARLOS ALEJANDRO"
  ],
  "sexo": "F",
  "suplentes": [

  ]
 },
 {
  "asistida": "GARC\u00cdA GASTON ALEJANDRO",
  "cargo_ejecutivo": false,
  "clase": "Candidato",
  "cod_alianza": "3729",
  "cod_categoria": "SEN",
  "cod_lista": "3729.3747.3747",
  "cod_partido": "3729.3747",
  "codigo": "3729.3747.3747.9065",
  "dni": "29258543",
  "id_candidatura": "3729.3747.3747.9065",
  "id_umv": 1838,
  "imagenes": [
   "3729.3747.3747.9065"
  ],
  "nombre": "GARCIA, GASTON ALEJANDRO",
  "nro_orden": 1,
  "orden_absoluto": [
   24,
   68,
   67,
   2,
   1
  ],
  "secundarios": [

  ],
  "sexo": "M",
  "suplentes": [

  ]
 },
 {
  "asistida": "JURADO JOSE LUIS",
  "cargo_ejecutivo": true,
  "clase": "Candidato",
  "cod_alianza": "3729",
  "cod_categoria": "INT",
  "cod_lista": "3729.3747.3747",
  "cod_partido": "3729.3747",
  "codigo": "3729.3747.3747.9135",
  "dni": "34278743",
  "id_candidatura": "3729.3747.3747.9135",
  "id_umv": 1383,
  "imagenes": [
   "3729.3747.3747.9135"
  ],
  "nombre": "JURADO, JOSE LUIS",
  "nro_orden": 1,
  "orden_absoluto": [
   24,
   68,
   67,
   4,
   1
  ],
  "secundarios": [

  ],
  "sexo": "M",
  "suplentes": [

  ]
 },
 {
  "asistida": "HERRERA ISMAEL DEL VALLE",
  "cargo_ejecutivo": false,
  "clase": "Candidato",
  "cod_alianza": "3729",
  "cod_categoria": "CNJ",
  "cod_lista": "3729.3747.3747",
  "cod_partido": "3729.3747",
  "codigo": "3729.3747.3747.9474",
  "dni": "32207558",
  "id_candidatura": "3729.3747.3747.9474",
  "id_umv": 293,
  "imagenes": [
   "3729.3747.3747.9474",
   "default_mujer",
   "default",
   "default_mujer",
   "default",
   "default_mujer",
   "default",
   "default_mujer",
   "default"
  ],
  "nombre": "HERRERA, ISMAEL DEL VALLE",
  "nro_orden": 1,
  "orden_absoluto": [
   24,
   68,
   67,
   5,
   1
  ],
  "secundarios": [
   "MARTIN, LUCIA",
   "GOMEZ, CRISTIAN HERNAN",
   "ASTORGA, AYELEN",
   "HERRERA, GUSTAVO LEONARDO",
   "RAVAL, EVELYN ELIZABETH",
   "QUINTANA, PEDRO PABLO FRANCISCO",
   "ORTIZ, ANDREA ELIZABETH",
   "IBA\u00d1EZ, LEONEL RICARDO"
  ],
  "sexo": "M",
  "suplentes": [
   "TELLES, DAIANA DE LOS ANGELES",
   "PUNDANK, JUAN JOSE",
   "NAVARRO, GISELA CECILIA",
   "HERRERA, EZEQUIEL DEL VALLE"
  ]
 },
 {
  "asistida": "NANNI VALERO MIGUEL",
  "cargo_ejecutivo": true,
  "clase": "Candidato",
  "cod_alianza": "3730",
  "cod_categoria": "GOB",
  "cod_lista": "3730.3746.3746",
  "cod_partido": "3730.3746",
  "codigo": "3730.3746.3746.8614",
  "dni": "25802248",
  "id_candidatura": "3730.3746.3746.8614",
  "id_umv": 1204,
  "imagenes": [
   "3730.3746.3746.8614",
   "default_mujer"
  ],
  "nombre": "NANNI, MIGUEL",
  "nro_orden": 1,
  "orden_absoluto": [
   15,
   32,
   74,
   1,
   1
  ],
  "secundarios": [
   "CORNEJO, VIRGINIA"
  ],
  "sexo": "M",
  "suplentes": [

  ]
 },
 {
  "asistida": "DE SAN ROM\u00c1N FERNANDO SANTIAGO",
  "cargo_ejecutivo": false,
  "clase": "Candidato",
  "cod_alianza": "3730",
  "cod_categoria": "SEN",
  "cod_lista": "3730.3746.3746",
  "cod_partido": "3730.3746",
  "codigo": "3730.3746.3746.8624",
  "dni": "6182909",
  "id_candidatura": "3730.3746.3746.8624",
  "id_umv": 1848,
  "imagenes": [
   "3730.3746.3746.8624"
  ],
  "nombre": "DE SAN ROMAN, FERNANDO SANTIAGO",
  "nro_orden": 1,
  "orden_absoluto": [
   15,
   32,
   74,
   2,
   1
  ],
  "secundarios": [

  ],
  "sexo": "M",
  "suplentes": [
   "BERNASAR, MARISA DEL LUJAN"
  ]
 },
 {
  "asistida": "FIGUEROA NANCY PAOLA DEL VALLE",
  "cargo_ejecutivo": true,
  "clase": "Candidato",
  "cod_alianza": "3730",
  "cod_categoria": "INT",
  "cod_lista": "3730.3746.3746",
  "cod_partido": "3730.3746",
  "codigo": "3730.3746.3746.8717",
  "dni": "31841869",
  "id_candidatura": "3730.3746.3746.8717",
  "id_umv": 1419,
  "imagenes": [
   "3730.3746.3746.8717"
  ],
  "nombre": "FIGUEROA, NANCY",
  "nro_orden": 1,
  "orden_absoluto": [
   15,
   32,
   74,
   4,
   1
  ],
  "secundarios": [

  ],
  "sexo": "F",
  "suplentes": [

  ]
 },
 {
  "asistida": "GARC\u00cdA MENDOZA ANA SOLEDAD",
  "cargo_ejecutivo": false,
  "clase": "Candidato",
  "cod_alianza": "3730",
  "cod_categoria": "CNJ",
  "cod_lista": "3730.3746.3746",
  "cod_partido": "3730.3746",
  "codigo": "3730.3746.3746.9044",
  "dni": "34974045",
  "id_candidatura": "3730.3746.3746.9044",
  "id_umv": 327,
  "imagenes": [
   "3730.3746.3746.9044",
   "default",
   "default_mujer",
   "default",
   "default_mujer",
   "default",
   "default_mujer",
   "default",
   "default_mujer"
  ],
  "nombre": "GARCIA MENDOZA, ANA SOLEDAD",
  "nro_orden": 1,
  "orden_absoluto": [
   15,
   32,
   74,
   5,
   1
  ],
  "secundarios": [
   "LOPEZ, JAVIER AUGUSTO",
   "ESCAJADILLA, ANA LUCINDA",
   "GARCIA, FRANCO DANIEL",
   "PONCE VARGAS, ROMINA CARLA",
   "PAZ, MAURICIO NAHUEL",
   "CHAZARRETA, MARIA CONSTANZA",
   "CARVAJAL AGUIRRE, IAN LUCAS",
   "DIAZ, SILVINA INES"
  ],
  "sexo": "F",
  "suplentes": [
   "VACA, OSCAR FERNANDO",
   "MARTINEZ, MARTA ALICIA",
   "CABRERA UGARTE, FEDERICO ALVARO",
   "DOMINGUEZ, NORMA KARINA",
   "FIGUEROA, ANTONIO ISMAEL"
  ]
 },
 {
  "asistida": "RODR\u00cdGUEZ JOS\u00c9 LUIS",
  "cargo_ejecutivo": false,
  "clase": "Candidato",
  "cod_alianza": "3730",
  "cod_categoria": "CNJ",
  "cod_lista": "3730.446.446",
  "cod_partido": "3730.446",
  "codigo": "3730.446.446.10926",
  "dni": "21634542",
  "id_candidatura": "3730.446.446.10926",
  "id_umv": 334,
  "imagenes": [
   "3730.446.446.10926",
   "default_mujer",
   "default",
   "default_mujer",
   "default",
   "default_mujer",
   "default",
   "default_mujer",
   "default"
  ],
  "nombre": "RODRIGUEZ, JOSE LUIS",
  "nro_orden": 1,
  "orden_absoluto": [
   15,
   64,
   76,
   5,
   1
  ],
  "secundarios": [
   "MU\u00d1OZ, MARGARITA ARGENTINA",
   "BUITRAGO, MARTIN",
   "CHANCALAY, CARINA IVANNA",
   "GONZALEZ, MANUEL ANTONIO",
   "IDALGO, GABRIELA BEATRIZ",
   "BUITRAGO, FELIPE",
   "LAGARDE, NADIA RAQUEL",
   "PERALTA, HECTOR DANIEL"
  ],
  "sexo": "M",
  "suplentes": [
   "PEDRAZA, NELIDA ELISABETH",
   "PAZ, DARIO GABRIEL",
   "MERCADO, MARIA CAROLINA",
   "MONTEAGUDO, SERGIO ALEJANDRO",
   "IDALGO, MARIA DE LOS ANGELES",
   "GIMENEZ, JULIO RICARDO",
   "MONTEAGUDO, MARIA AMELIA",
   "LAGARDE, ENRIQUE EMANUEL",
   "KENT, SANDRA JULIETA CEFERINA"
  ]
 },
 {
  "asistida": "Sabadini MAURO DIEGO",
  "cargo_ejecutivo": true,
  "clase": "Candidato",
  "cod_alianza": "3731",
  "cod_categoria": "GOB",
  "cod_lista": "3731.3743.3743",
  "cod_partido": "3731.3743",
  "codigo": "3731.3743.3743.7941",
  "dni": "23362242",
  "id_candidatura": "3731.3743.3743.7941",
  "id_umv": 1205,
  "imagenes": [
   "3731.3743.3743.7941",
   "default_mujer"
  ],
  "nombre": "SABBADINI, MAURO DIEGO",
  "nro_orden": 1,
  "orden_absoluto": [
   10,
   22,
   68,
   1,
   1
  ],
  "secundarios": [
   "LOAYZA PACHECO, JIMENA LUCIA"
  ],
  "sexo": "M",
  "suplentes": [

  ]
 },
 {
  "asistida": "DEL PLA CLAUDIO ARIEL",
  "cargo_ejecutivo": true,
  "clase": "Candidato",
  "cod_alianza": "3732",
  "cod_categoria": "GOB",
  "cod_lista": "3732.3740.3740",
  "cod_partido": "3732.3740",
  "codigo": "3732.3740.3740.6916",
  "dni": "13943671",
  "id_candidatura": "3732.3740.3740.6916",
  "id_umv": 1206,
  "imagenes": [
   "3732.3740.3740.6916",
   "default_mujer"
  ],
  "nombre": "DEL PLA, CLAUDIO ARIEL",
  "nro_orden": 1,
  "orden_absoluto": [
   7,
   18,
   73,
   1,
   1
  ],
  "secundarios": [
   "HIDALGO, LORENA VANESA"
  ],
  "sexo": "M",
  "suplentes": [

  ]
 },
 {
  "asistida": "SANTILLAN JOS\u00c9 BENITO",
  "cargo_ejecutivo": false,
  "clase": "Candidato",
  "cod_alianza": "3732",
  "cod_categoria": "SEN",
  "cod_lista": "3732.3740.3740",
  "cod_partido": "3732.3740",
  "codigo": "3732.3740.3740.6919",
  "dni": "18228615",
  "id_candidatura": "3732.3740.3740.6919",
  "id_umv": 1859,
  "imagenes": [
   "3732.3740.3740.6919"
  ],
  "nombre": "SANTILLAN, JOSE BENITO",
  "nro_orden": 1,
  "orden_absoluto": [
   7,
   18,
   73,
   2,
   1
  ],
  "secundarios": [

  ],
  "sexo": "M",
  "suplentes": [
   "PALMA, MERCEDES ANGELICA"
  ]
 },
 {
  "asistida": "MELI\u00c1N DANIEL ROM\u00c1N",
  "cargo_ejecutivo": true,
  "clase": "Candidato",
  "cod_alianza": "3732",
  "cod_categoria": "INT",
  "cod_lista": "3732.3740.3740",
  "cod_partido": "3732.3740",
  "codigo": "3732.3740.3740.6973",
  "dni": "16806357",
  "id_candidatura": "3732.3740.3740.6973",
  "id_umv": 1459,
  "imagenes": [
   "3732.3740.3740.6973"
  ],
  "nombre": "MELIAN, DANIEL ROMAN",
  "nro_orden": 1,
  "orden_absoluto": [
   7,
   18,
   73,
   4,
   1
  ],
  "secundarios": [

  ],
  "sexo": "M",
  "suplentes": [

  ]
 },
 {
  "asistida": "PALMA JOS\u00c9 FRANCISCO",
  "cargo_ejecutivo": false,
  "clase": "Candidato",
  "cod_alianza": "3732",
  "cod_categoria": "CNJ",
  "cod_lista": "3732.3740.3740",
  "cod_partido": "3732.3740",
  "codigo": "3732.3740.3740.7144",
  "dni": "11532452",
  "id_candidatura": "3732.3740.3740.7144",
  "id_umv": 394,
  "imagenes": [
   "3732.3740.3740.7144",
   "default_mujer",
   "default",
   "default_mujer",
   "default",
   "default_mujer",
   "default",
   "default_mujer",
   "default"
  ],
  "nombre": "PALMA, JOSE FRANCISCO",
  "nro_orden": 1,
  "orden_absoluto": [
   7,
   18,
   73,
   5,
   1
  ],
  "secundarios": [
   "PARRAGA, MONICA LUCIANA",
   "TEJEDOR, CARLOS ENRIQUE",
   "PALMA, IVANA SOLEDAD",
   "ARAYA, IVAN EXEQUIEL",
   "PERALTA, ANA GABRIELA",
   "TEJEDOR, LUIS GABRIEL",
   "VERA, LORENA PAOLA",
   "JUAREZ, RUBEN R"
  ],
  "sexo": "M",
  "suplentes": [
   "PARADA, YOLANDA SUSANA"
  ]
 },
 {
  "asistida": "OVEJERO JULIO MERCEDES",
  "cargo_ejecutivo": false,
  "clase": "Candidato",
  "cod_alianza": "3733",
  "cod_categoria": "CNJ",
  "cod_lista": "3733.10.10",
  "cod_partido": "3733.10",
  "codigo": "3733.10.10.270",
  "dni": "22869227",
  "id_candidatura": "3733.10.10.270",
  "id_umv": 409,
  "imagenes": [
   "3733.10.10.270",
   "default_mujer",
   "default",
   "default_mujer",
   "default",
   "default_mujer",
   "default",
   "default_mujer",
   "default"
  ],
  "nombre": "OVEJERO, JULIO MERCEDES",
  "nro_orden": 1,
  "orden_absoluto": [
   11,
   51,
   4,
   5,
   1
  ],
  "secundarios": [
   "CARRIZO, CARMEN LILIANA",
   "MELIAN, DAVID ADRIAN",
   "BANEGAS, ANTONELLA ELIZABETH",
   "DELGADILLO, CARLOS BRUNO",
   "MARTIN, MYRIAM GRACIELA",
   "ARIAS, HECTOR ESTEBAN",
   "HERRERA, CECILIA RAMONA",
   "RUFINO, JOSE LUIS"
  ],
  "sexo": "M",
  "suplentes": [
   "VALLEJO, MARIA BEATRIZ",
   "SANTOS, HECTOR",
   "NAVARRO, MARIA MAGDALENA",
   "RAMIRES, FERNANDO EZEQUIEL",
   "SAPAG, GRACIELA ESTELA",
   "FLORES, JESUS MOISES",
   "ARIAS SALAS, CELESTE AGUSTINA",
   "AGUILERA, ROQUE JESUS",
   "PACHECO, MARTA CEVERINA"
  ]
 },
 {
  "asistida": "AN\u00daCH AMADO ARIEL FEDERICO",
  "cargo_ejecutivo": false,
  "clase": "Candidato",
  "cod_alianza": "3733",
  "cod_categoria": "CNJ",
  "cod_lista": "3733.1862.1862",
  "cod_partido": "3733.1862",
  "codigo": "3733.1862.1862.2051",
  "dni": "21942786",
  "id_candidatura": "3733.1862.1862.2051",
  "id_umv": 467,
  "imagenes": [
   "3733.1862.1862.2051",
   "default_mujer",
   "default",
   "default_mujer",
   "default",
   "default_mujer",
   "default",
   "default_mujer",
   "default"
  ],
  "nombre": "ANUCH, \u201cFEDERICO\u201d",
  "nro_orden": 1,
  "orden_absoluto": [
   11,
   63,
   14,
   5,
   1
  ],
  "secundarios": [
   "BRANDAN, NORMA TERESA",
   "FERNANDEZ, ROLANDO AUGUSTO",
   "CHAVEZ LOPEZ, YANINA IRINA",
   "LECH, PABLO HECTOR",
   "ANCELY, ROMINA",
   "VILLAR, ALFREDO RENE",
   "CARRIZO, DANIELA TRINIDAD",
   "VALENCIA GIMENEZ, IGNACIO PEDRO"
  ],
  "sexo": "M",
  "suplentes": [
   "MARTIN, CLARA MARYSOL",
   "DUARTE BRITO, ENRIQUE OCTAVIO",
   "AVILA, LILIANA ETELVINA",
   "FRIAS RUIZ, LEANDRO ALBERTO",
   "RIVADENEIRA, FLAVIA ARACELI",
   "TEVES, CRISTIAN FERNANDO",
   "RICHTER, BRENDA AGUSTINA",
   "ROSAS, MIGUEL ANGEL",
   "PAZ, MELISA NATALIA"
  ]
 },
 {
  "asistida": "DELGADO FEDERICO JOS\u00c9",
  "cargo_ejecutivo": false,
  "clase": "Candidato",
  "cod_alianza": "3733",
  "cod_categoria": "CNJ",
  "cod_lista": "3733.1869.1869",
  "cod_partido": "3733.1869",
  "codigo": "3733.1869.1869.2464",
  "dni": "16806493",
  "id_candidatura": "3733.1869.1869.2464",
  "id_umv": 495,
  "imagenes": [
   "3733.1869.1869.2464",
   "default_mujer",
   "default",
   "default_mujer",
   "default",
   "default_mujer",
   "default",
   "default_mujer",
   "default"
  ],
  "nombre": "DELGADO, FEDERICO JOSE",
  "nro_orden": 1,
  "orden_absoluto": [
   11,
   67,
   15,
   5,
   1
  ],
  "secundarios": [
   "CHAVARRI, BARBARA",
   "CALIVA, PABLO ALEJANDRO",
   "AMOY, MARINA MERCEDES DEL VALLE",
   "ROBLES, JOSUE MAXIMO",
   "GARCIA, LORENA FERNANDA",
   "DECIMA, HERNAN GUSTAVO",
   "ARIAS, VALERIA VERONICA",
   "GUARDO, ALEJANDRO DANIEL"
  ],
  "sexo": "M",
  "suplentes": [
   "GARCIA, MARIA SONIA",
   "VAZQUEZ, OMAR FERNANDO",
   "GUARDO, VERONICA NATALIA",
   "DELGADO, FEDERICO",
   "SANCHEZ, JESICA ISABEL",
   "DELGADO, TOMAS",
   "GALVAN, ROCIO DEL VALLE",
   "PRIETO, JULIO CESAR",
   "BEHR, ROCIO BELEN"
  ]
 },
 {
  "asistida": "ROJAS PATRICIA DEL CARMEN",
  "cargo_ejecutivo": false,
  "clase": "Candidato",
  "cod_alianza": "3733",
  "cod_categoria": "CNJ",
  "cod_lista": "3733.2625.2625",
  "cod_partido": "3733.2625",
  "codigo": "3733.2625.2625.4343",
  "dni": "27910714",
  "id_candidatura": "3733.2625.2625.4343",
  "id_umv": 513,
  "imagenes": [
   "3733.2625.2625.4343",
   "default",
   "default_mujer",
   "default",
   "default_mujer",
   "default",
   "default_mujer",
   "default",
   "default_mujer"
  ],
  "nombre": "ROJAS, PATRICIA DEL CARMEN",
  "nro_orden": 1,
  "orden_absoluto": [
   11,
   50,
   62,
   5,
   1
  ],
  "secundarios": [
   "QUINTANA, RAFAEL ARMANDO",
   "DIAZ, NOEMI ELIZABETH",
   "JIMENEZ, ARIEL FEDERICO",
   "BARRIOS, MARIA EUGENIA",
   "MONTE DE OCA, FABIAN JESUS",
   "SORIA, CAROLINA DEL CARMEN",
   "HUERTA, CARLOS RENE",
   "GOMEZ, FLAVIA VERONICA"
  ],
  "sexo": "F",
  "suplentes": [
   "MAZA, MIGUEL SEBASTIAN",
   "HERRERA, FATIMA ZUNILDA",
   "GOMEZ CHAYA, ALVARO VICTOR",
   "LUCENA, MARIANA ANALIA",
   "CHAVEZ, GUILLERMO SEBASTIAN",
   "VITANCOR, SILVIA VANESA",
   "GARCIA, CLAUDIO DANIEL",
   "GOMEZ, ELIDA LEONOR"
  ]
 },
 {
  "asistida": "Gramaglia ROBERTO ENRIQUE",
  "cargo_ejecutivo": false,
  "clase": "Candidato",
  "cod_alianza": "3733",
  "cod_categoria": "SEN",
  "cod_lista": "3733.3744.3744",
  "cod_partido": "3733.3744",
  "codigo": "3733.3744.3744.8375",
  "dni": "11470183",
  "id_candidatura": "3733.3744.3744.8375",
  "id_umv": 1867,
  "imagenes": [
   "3733.3744.3744.8375"
  ],
  "nombre": "GRAMAGLIA, ROBERTO ENRIQUE",
  "nro_orden": 1,
  "orden_absoluto": [
   11,
   24,
   71,
   2,
   1
  ],
  "secundarios": [

  ],
  "sexo": "M",
  "suplentes": [
   "LEDESMA, JUAN GABRIEL"
  ]
 },
 {
  "asistida": "POMA JOS\u00c9 EDUARDO",
  "cargo_ejecutivo": true,
  "clase": "Candidato",
  "cod_alianza": "3733",
  "cod_categoria": "INT",
  "cod_lista": "3733.3744.3744",
  "cod_partido": "3733.3744",
  "codigo": "3733.3744.3744.8444",
  "dni": "28397093",
  "id_candidatura": "3733.3744.3744.8444",
  "id_umv": 1521,
  "imagenes": [
   "3733.3744.3744.8444"
  ],
  "nombre": "POMA, JOSE EDUARDO",
  "nro_orden": 1,
  "orden_absoluto": [
   11,
   24,
   71,
   4,
   1
  ],
  "secundarios": [

  ],
  "sexo": "M",
  "suplentes": [

  ]
 },
 {
  "asistida": "Ruberto SAENZ GUSTAVO ADOLFO",
  "cargo_ejecutivo": true,
  "clase": "Candidato",
  "cod_alianza": "3734",
  "cod_categoria": "GOB",
  "cod_lista": "3734.3737.3737",
  "cod_partido": "3734.3737",
  "codigo": "3734.3737.3737.6358",
  "dni": "20609646",
  "id_candidatura": "3734.3737.3737.6358",
  "id_umv": 1207,
  "imagenes": [
   "3734.3737.3737.6358",
   "default"
  ],
  "nombre": "SAENZ, GUSTAVO",
  "nro_orden": 1,
  "orden_absoluto": [
   1,
   5,
   69,
   1,
   1
  ],
  "secundarios": [
   "MAROCCO, ANTONIO \u201cGRINGO\u201d"
  ],
  "sexo": "M",
  "suplentes": [

  ]
 },
 {
  "asistida": "NIEVA LILIANA PATRICIA",
  "cargo_ejecutivo": false,
  "clase": "Candidato",
  "cod_alianza": "3735",
  "cod_categoria": "CNJ",
  "cod_lista": "3735.208.208",
  "cod_partido": "3735.208",
  "codigo": "3735.208.208.3386",
  "dni": "24580023",
  "id_candidatura": "3735.208.208.3386",
  "id_umv": 669,
  "imagenes": [
   "3735.208.208.3386",
   "default",
   "default_mujer",
   "default",
   "default_mujer",
   "default",
   "default_mujer",
   "default",
   "default_mujer"
  ],
  "nombre": "NIEVA, LILIANA PATRICIA",
  "nro_orden": 1,
  "orden_absoluto": [
   12,
   41,
   7,
   5,
   1
  ],
  "secundarios": [
   "OSORES, JOSE LUIS",
   "LOPEZ, CAROLINA ELIZABETH",
   "CARDOZO, LUIS FERNANDO",
   "LIZONDO, MIRIAM GABRIELA",
   "AGUERO, FERNANDO JESUS",
   "ROJAS, PAOLA ELIZABETH",
   "CUELLAR, CRISTIAN SERGIO",
   "GOMEZ BURGOS, HEMILSE ELVIRA"
  ],
  "sexo": "F",
  "suplentes": [
   "FERNANDEZ, HEBER RAUL",
   "JEREZ, SILVIA DEL VALLE",
   "CHAVES, ALAN MARIO SANTIAGO",
   "PADILLA, ANTONELLA",
   "AGUILAR, JONATAN EZEQUIEL",
   "GOMEZ, ALEJANDRA MARIEL",
   "VEGA, NESTOR FABIAN ANTONIO",
   "MAMANI, NATALIA VERONICA"
  ]
 },
 {
  "asistida": "BERN\u00cdS MAR\u00cdA JOS\u00c9",
  "cargo_ejecutivo": false,
  "clase": "Candidato",
  "cod_alianza": "3735",
  "cod_categoria": "CNJ",
  "cod_lista": "3735.32.32",
  "cod_partido": "3735.32",
  "codigo": "3735.32.32.5294",
  "dni": "24580124",
  "id_candidatura": "3735.32.32.5294",
  "id_umv": 703,
  "imagenes": [
   "3735.32.32.5294",
   "default",
   "default_mujer",
   "default",
   "default_mujer",
   "default",
   "default_mujer",
   "default",
   "default_mujer"
  ],
  "nombre": "BERNIS, MARIA JOSE",
  "nro_orden": 1,
  "orden_absoluto": [
   12,
   46,
   63,
   5,
   1
  ],
  "secundarios": [
   "SAMSON, PEDRO DAVID",
   "GAITAN, GABRIELA BELEN",
   "VERA, CARMELO DEL MILAGRO",
   "FLORES, ALICIA FABIANA",
   "NAVARRO, ALVARO IGNACIO",
   "VALDEZ, MARIA INES",
   "GARCIA, DOMINGO ROBERTO",
   "GONZALEZ, MARIA DEL CARMEN"
  ],
  "sexo": "F",
  "suplentes": [
   "VITANCOR, EDUARDO FRANCISCO",
   "TABOADA COBOS, RITA ELENA ANAHI",
   "LOPEZ, LEONARDO GABRIEL",
   "LUNA, MARIA ISABEL",
   "BAZAN, ALBERTO ANGEL",
   "JUAREZ, CRISANTA ROSA",
   "PARADA, EDGARDO FRANCISCO",
   "NARANJO, NORMA MIRELDA",
   "BERNIS, ENRIQUE AVELINO"
  ]
 },
 {
  "asistida": "DIAZ MARIO DAMI\u00c1N",
  "cargo_ejecutivo": false,
  "clase": "Candidato",
  "cod_alianza": "3735",
  "cod_categoria": "CNJ",
  "cod_lista": "3735.3650.3650",
  "cod_partido": "3735.3650",
  "codigo": "3735.3650.3650.6071",
  "dni": "33226543",
  "id_candidatura": "3735.3650.3650.6071",
  "id_umv": 742,
  "imagenes": [
   "3735.3650.3650.6071",
   "default_mujer",
   "default",
   "default_mujer",
   "default",
   "default_mujer",
   "default",
   "default_mujer",
   "default"
  ],
  "nombre": "DIAZ, MARIO \u201cJUAREZ\u201d",
  "nro_orden": 1,
  "orden_absoluto": [
   12,
   66,
   23,
   5,
   1
  ],
  "secundarios": [
   "SORIA, MARIA JOSEFA",
   "CHOCOBAR, CRISTIAN RODRIGO",
   "BURGOS, MAIRA YANINA",
   "DIAZ SORIA, SEBASTIAN",
   "TAFRAN, LIRIA VANESA",
   "SORIA, DANIEL FERNANDO",
   "GOMEZ, FERNANDA LORENA",
   "TAPIA, SERGIO ALFREDO DANIEL"
  ],
  "sexo": "M",
  "suplentes": [
   "DIAZ, DAIRA JUDITH",
   "FRANCISCO, ARIEL ANGEL",
   "CUELLAR, ALEJANDRINA MARIANA",
   "VILCA, BRIAN MAXIMILIANO",
   "DIAZ, SOLEDAD DEL VALLE",
   "ALTAMIRANO, JUAN SERGIO GUSTAVO",
   "ONTIVEROS, NADIA ANABELA",
   "BARROSO MEDINA, LUIS CARLOS",
   "CABEZAS, IVANA GUADALUPE"
  ]
 },
 {
  "asistida": "Daur\u00eda H\u00e9ctor DANIEL",
  "cargo_ejecutivo": false,
  "clase": "Candidato",
  "cod_alianza": "3735",
  "cod_categoria": "SEN",
  "cod_lista": "3735.3745.3745",
  "cod_partido": "3735.3745",
  "codigo": "3735.3745.3745.8554",
  "dni": "18469158",
  "id_candidatura": "3735.3745.3745.8554",
  "id_umv": 1876,
  "imagenes": [
   "3735.3745.3745.8554"
  ],
  "nombre": "D\u2019AURIA, HECTOR DANIEL",
  "nro_orden": 1,
  "orden_absoluto": [
   12,
   25,
   70,
   2,
   1
  ],
  "secundarios": [

  ],
  "sexo": "M",
  "suplentes": [
   "FRADEJAS, ANDRES NICOLAS"
  ]
 },
 {
  "asistida": "ISA MART\u00cdN LUIS JOS\u00c9 MAR\u00cdA",
  "cargo_ejecutivo": true,
  "clase": "Candidato",
  "cod_alianza": "3735",
  "cod_categoria": "INT",
  "cod_lista": "3735.3745.3745",
  "cod_partido": "3735.3745",
  "codigo": "3735.3745.3745.8606",
  "dni": "29829043",
  "id_candidatura": "3735.3745.3745.8606",
  "id_umv": 1568,
  "imagenes": [
   "3735.3745.3745.8606"
  ],
  "nombre": "ISSA, JOSE MARIA \u201cTURCO\u201d",
  "nro_orden": 1,
  "orden_absoluto": [
   12,
   25,
   70,
   4,
   1
  ],
  "secundarios": [

  ],
  "sexo": "M",
  "suplentes": [

  ]
 },
 {
  "asistida": "LAN\u00d3CCI EMMA F\u00c1TIMA",
  "cargo_ejecutivo": false,
  "clase": "Candidato",
  "cod_alianza": "3735",
  "cod_categoria": "CNJ",
  "cod_lista": "3735.4.4",
  "cod_partido": "3735.4",
  "codigo": "3735.4.4.10601",
  "dni": "16281974",
  "id_candidatura": "3735.4.4.10601",
  "id_umv": 799,
  "imagenes": [
   "3735.4.4.10601",
   "default",
   "default_mujer",
   "default",
   "default_mujer",
   "default",
   "default_mujer",
   "default",
   "default_mujer"
  ],
  "nombre": "LANOCCI, EMMA FATIMA",
  "nro_orden": 1,
  "orden_absoluto": [
   12,
   58,
   6,
   5,
   1
  ],
  "secundarios": [
   "ORTIZ, GUSTAVO ADOLFO",
   "ZAMORA, RITA ALEJANDRA",
   "BARROZO, SEBASTIAN ANDRES",
   "GARCIA, YAMILA ANDREA",
   "PAZ, ALDO NICOLAS",
   "FRIAS, LILIANA ELIZABETH",
   "MOYANO, ROBERTO DANIEL",
   "MATEO, SILVANA GUADALUPE"
  ],
  "sexo": "F",
  "suplentes": [
   "BARRERA, FERNANDO LUIS",
   "MU\u00d1OZ, ANGELA CRISTINA",
   "GARNICA, DIEGO ALBERTO",
   "CRUZ, SONIA ALEJANDRA",
   "CASTILLO, CLAUDIO JOSE",
   "MARTINEZ, VANESA AGUSTINA",
   "DIAZ, LEONEL ISMAEL",
   "ABREGU, MARIA CANDELARIA"
  ]
 },
 {
  "asistida": "RUIZ NICOL\u00c1S EDUARDO",
  "cargo_ejecutivo": false,
  "clase": "Candidato",
  "cod_alianza": "3735",
  "cod_categoria": "CNJ",
  "cod_lista": "3735.460.460",
  "cod_partido": "3735.460",
  "codigo": "3735.460.460.11523",
  "dni": "22869257",
  "id_candidatura": "3735.460.460.11523",
  "id_umv": 839,
  "imagenes": [
   "3735.460.460.11523",
   "default_mujer",
   "default",
   "default_mujer",
   "default",
   "default_mujer",
   "default",
   "default_mujer",
   "default"
  ],
  "nombre": "RUIZ, NICOLAS EDUARDO",
  "nro_orden": 1,
  "orden_absoluto": [
   12,
   23,
   10,
   5,
   1
  ],
  "secundarios": [
   "BARBOZA, ROMINA FERNANDA",
   "SALINAS, SERGIO FABIAN",
   "AGUIRRE, MARIA CRISTINA",
   "HERRERA, CARLOS JAVIER",
   "AMOY, TRINIDAD HAYDEE",
   "ROMERO, VICTOR HUGO",
   "MURUA, CRISTINA MARIA JESUS",
   "ROMERO, RICARDO EZEQUIEL"
  ],
  "sexo": "M",
  "suplentes": [
   "HERRERA, ANA MARIA ROSA",
   "ACOSTA, RAMON ALEJANDRO",
   "CALDERON FERREIRA, ANGELES",
   "VILLAGRA, CARLOS IGNACIO",
   "HURTADO, SILVINA CLAUDIA",
   "FRIAS, ESTEBAN JOAQUIN",
   "NAVARRO, NELLI ESTER",
   "SOLALIGA, MARIO GABRIEL"
  ]
 },
 {
  "asistida": "Escotor\u00edn RAMIRO DANIEL",
  "cargo_ejecutivo": true,
  "clase": "Candidato",
  "cod_alianza": "685",
  "cod_categoria": "GOB",
  "cod_lista": "685.685.685",
  "cod_partido": "685.685",
  "codigo": "685.685.685.12004",
  "dni": "17581303",
  "id_candidatura": "685.685.685.12004",
  "id_umv": 1208,
  "imagenes": [
   "685.685.685.12004",
   "default_mujer"
  ],
  "nombre": "ESCOTORIN, RAMIRO DANIEL",
  "nro_orden": 1,
  "orden_absoluto": [
   14,
   30,
   78,
   1,
   1
  ],
  "secundarios": [
   "CALIVA, PATRICIA DEL VALLE"
  ],
  "sexo": "M",
  "suplentes": [

  ]
 },
 {
  "asistida": "Voto en BLANCO",
  "cargo_ejecutivo": false,
  "clase": "Blanco",
  "cod_categoria": "CNJ",
  "cod_lista": "",
  "codigo": "BLC",
  "id_candidatura": "BLC",
  "id_umv": 886,
  "imagenes": [
   "BLC"
  ],
  "nombre": "Voto en BLANCO",
  "nro_orden": 5,
  "orden_absoluto": [
   994,
   5
  ],
  "secundarios": [

  ],
  "sexo": null,
  "suplentes": [

  ]
 },
 {
  "asistida": "Voto en BLANCO",
  "cargo_ejecutivo": true,
  "clase": "Blanco",
  "cod_categoria": "GOB",
  "cod_lista": "",
  "codigo": "BLC",
  "id_candidatura": "BLC",
  "id_umv": 1209,
  "imagenes": [
   "BLC"
  ],
  "nombre": "Voto en BLANCO",
  "nro_orden": 1,
  "orden_absoluto": [
   994,
   1
  ],
  "secundarios": [

  ],
  "sexo": null,
  "suplentes": [

  ]
 },
 {
  "asistida": "Voto en BLANCO",
  "cargo_ejecutivo": true,
  "clase": "Blanco",
  "cod_categoria": "INT",
  "cod_lista": "",
  "codigo": "BLC",
  "id_candidatura": "BLC",
  "id_umv": 1660,
  "imagenes": [
   "BLC"
  ],
  "nombre": "Voto en BLANCO",
  "nro_orden": 4,
  "orden_absoluto": [
   994,
   4
  ],
  "secundarios": [

  ],
  "sexo": null,
  "suplentes": [

  ]
 },
 {
  "asistida": "Voto en BLANCO",
  "cargo_ejecutivo": false,
  "clase": "Blanco",
  "cod_categoria": "SEN",
  "cod_lista": "",
  "codigo": "BLC",
  "id_candidatura": "BLC",
  "id_umv": 1892,
  "imagenes": [
   "BLC"
  ],
  "nombre": "Voto en BLANCO",
  "nro_orden": 2,
  "orden_absoluto": [
   994,
   2
  ],
  "secundarios": [

  ],
  "sexo": null,
  "suplentes": [

  ]
 },
 {
  "asistida": "Votos IMPUGNADOS",
  "cargo_ejecutivo": false,
  "clase": "Especial",
  "cod_categoria": "CNJ",
  "cod_lista": "",
  "codigo": "IMP",
  "id_candidatura": "IMP",
  "id_umv": 946,
  "nombre": "Votos IMPUGNADOS",
  "nro_orden": 5,
  "orden_absoluto": [
   995,
   5
  ],
  "secundarios": [

  ],
  "sexo": null,
  "suplentes": [

  ]
 },
 {
  "asistida": "Votos IMPUGNADOS",
  "cargo_ejecutivo": true,
  "clase": "Especial",
  "cod_categoria": "GOB",
  "cod_lista": "",
  "codigo": "IMP",
  "id_candidatura": "IMP",
  "id_umv": 1210,
  "nombre": "Votos IMPUGNADOS",
  "nro_orden": 1,
  "orden_absoluto": [
   995,
   1
  ],
  "secundarios": [

  ],
  "sexo": null,
  "suplentes": [

  ]
 },
 {
  "asistida": "Votos IMPUGNADOS",
  "cargo_ejecutivo": true,
  "clase": "Especial",
  "cod_categoria": "INT",
  "cod_lista": "",
  "codigo": "IMP",
  "id_candidatura": "IMP",
  "id_umv": 1720,
  "nombre": "Votos IMPUGNADOS",
  "nro_orden": 4,
  "orden_absoluto": [
   995,
   4
  ],
  "secundarios": [

  ],
  "sexo": null,
  "suplentes": [

  ]
 },
 {
  "asistida": "Votos IMPUGNADOS",
  "cargo_ejecutivo": false,
  "clase": "Especial",
  "cod_categoria": "SEN",
  "cod_lista": "",
  "codigo": "IMP",
  "id_candidatura": "IMP",
  "id_umv": 1903,
  "nombre": "Votos IMPUGNADOS",
  "nro_orden": 2,
  "orden_absoluto": [
   995,
   2
  ],
  "secundarios": [

  ],
  "sexo": null,
  "suplentes": [

  ]
 },
 {
  "asistida": "Votos OBSERVADOS",
  "cargo_ejecutivo": false,
  "clase": "Especial",
  "cod_categoria": "CNJ",
  "cod_lista": "",
  "codigo": "OBS",
  "id_candidatura": "OBS",
  "id_umv": 1006,
  "nombre": "Votos OBSERVADOS",
  "nro_orden": 5,
  "orden_absoluto": [
   996,
   5
  ],
  "secundarios": [

  ],
  "sexo": null,
  "suplentes": [

  ]
 },
 {
  "asistida": "Votos OBSERVADOS",
  "cargo_ejecutivo": true,
  "clase": "Especial",
  "cod_categoria": "GOB",
  "cod_lista": "",
  "codigo": "OBS",
  "id_candidatura": "OBS",
  "id_umv": 1211,
  "nombre": "Votos OBSERVADOS",
  "nro_orden": 1,
  "orden_absoluto": [
   996,
   1
  ],
  "secundarios": [

  ],
  "sexo": null,
  "suplentes": [

  ]
 },
 {
  "asistida": "Votos OBSERVADOS",
  "cargo_ejecutivo": true,
  "clase": "Especial",
  "cod_categoria": "INT",
  "cod_lista": "",
  "codigo": "OBS",
  "id_candidatura": "OBS",
  "id_umv": 1780,
  "nombre": "Votos OBSERVADOS",
  "nro_orden": 4,
  "orden_absoluto": [
   996,
   4
  ],
  "secundarios": [

  ],
  "sexo": null,
  "suplentes": [

  ]
 },
 {
  "asistida": "Votos OBSERVADOS",
  "cargo_ejecutivo": false,
  "clase": "Especial",
  "cod_categoria": "SEN",
  "cod_lista": "",
  "codigo": "OBS",
  "id_candidatura": "OBS",
  "id_umv": 1914,
  "nombre": "Votos OBSERVADOS",
  "nro_orden": 2,
  "orden_absoluto": [
   996,
   2
  ],
  "secundarios": [

  ],
  "sexo": null,
  "suplentes": [

  ]
 }
]