[
 {
  "asistida": "RAMIREZ OMAR IV\u00c1N",
  "cargo_ejecutivo": true,
  "clase": "Candidato",
  "cod_alianza": "22",
  "cod_categoria": "INT",
  "cod_lista": "22.22.22",
  "cod_partido": "22.22",
  "codigo": "22.22.22.3446",
  "dni": "31835974",
  "id_candidatura": "22.22.22.3446",
  "id_umv": 1215,
  "imagenes": [
   "22.22.22.3446"
  ],
  "nombre": "RAMIREZ, OMAR IVAN",
  "nro_orden": 1,
  "orden_absoluto": [
   23,
   62,
   3,
   4,
   1
  ],
  "secundarios": [

  ],
  "sexo": "M",
  "suplentes": [

  ]
 },
 {
  "asistida": "CASTELLANO RICARDO DANIEL",
  "cargo_ejecutivo": false,
  "clase": "Candidato",
  "cod_alianza": "22",
  "cod_categoria": "CNJ",
  "cod_lista": "22.22.22",
  "cod_partido": "22.22",
  "codigo": "22.22.22.3493",
  "dni": "25924022",
  "id_candidatura": "22.22.22.3493",
  "id_umv": 4,
  "imagenes": [
   "22.22.22.3493",
   "default_mujer",
   "default",
   "default_mujer",
   "default",
   "default_mujer",
   "default"
  ],
  "nombre": "CASTELLANO, RICARDO DANIEL",
  "nro_orden": 1,
  "orden_absoluto": [
   23,
   62,
   3,
   5,
   1
  ],
  "secundarios": [
   "GUTIERREZ, SANDRA ROXANA",
   "RAMIREZ, CARLOS ARIEL",
   "CHAILE, MARIA DEL VALLE",
   "GRANDE, JULIAN ROBERTO",
   "GUERRA, VERONICA SOLEDAD DEL",
   "ESPINDOLA, JORGE FABIAN"
  ],
  "sexo": "M",
  "suplentes": [
   "GONZALEZ, SILVIA SOLEDAD",
   "ROMERO, LEONARDO MISAEL",
   "ROMERO, DEBORA ABIGAIL",
   "GUERRERO, PEDRO JAVIER",
   "PE\u00d1ALOZA, MARISA PAOLA",
   "GUERRERO, DANIEL GUILLERMO"
  ]
 },
 {
  "asistida": "NAVARRO JUANCITO RODOLFO",
  "cargo_ejecutivo": true,
  "clase": "Candidato",
  "cod_alianza": "3717",
  "cod_categoria": "INT",
  "cod_lista": "3717.13.13",
  "cod_partido": "3717.13",
  "codigo": "3717.13.13.441",
  "dni": "34010775",
  "id_candidatura": "3717.13.13.441",
  "id_umv": 1235,
  "imagenes": [
   "3717.13.13.441"
  ],
  "nombre": "NAVARRO, \u201cJUANCITO\u201d",
  "nro_orden": 1,
  "orden_absoluto": [
   6,
   52,
   75,
   4,
   1
  ],
  "secundarios": [

  ],
  "sexo": "M",
  "suplentes": [

  ]
 },
 {
  "asistida": "DOM\u00cdNGUEZ H\u00c9CTOR FACUNDO",
  "cargo_ejecutivo": false,
  "clase": "Candidato",
  "cod_alianza": "3717",
  "cod_categoria": "CNJ",
  "cod_lista": "3717.13.13",
  "cod_partido": "3717.13",
  "codigo": "3717.13.13.568",
  "dni": "32158763",
  "id_candidatura": "3717.13.13.568",
  "id_umv": 29,
  "imagenes": [
   "3717.13.13.568",
   "default_mujer",
   "default",
   "default_mujer",
   "default",
   "default_mujer",
   "default"
  ],
  "nombre": "DOMINGUEZ, FACUNDO",
  "nro_orden": 1,
  "orden_absoluto": [
   6,
   52,
   75,
   5,
   1
  ],
  "secundarios": [
   "DIAZ, RAMONA ROSARIO",
   "NAVARRETE, SILVESYRE ALEXIS",
   "GARCIA, NOELIA MACARENA",
   "OROPEZA, NESTOR HORACIO",
   "CAMPUZANO, NORMA ALICIA",
   "REYNOSO BARQUETT, ANTONIO MARIO"
  ],
  "sexo": "M",
  "suplentes": [
   "DOMIGNUEZ, MIRA XIMENA",
   "NAVARRO, JUAN JOSE",
   "CHOROLQUE, ANDREA NATALIA",
   "DOMINGUEZ, HECTOR BERNARDO",
   "NAVARRO, MARIA FLORENCIA",
   "VICU\u00d1A, ENZO DANIEL",
   "APAZA TORRES, ELISA DEL MILAGRO"
  ]
 },
 {
  "asistida": "CALISAYA ESTEBAN ELIO",
  "cargo_ejecutivo": true,
  "clase": "Candidato",
  "cod_alianza": "3717",
  "cod_categoria": "INT",
  "cod_lista": "3717.3739.3739",
  "cod_partido": "3717.3739",
  "codigo": "3717.3739.3739.6441",
  "dni": "34010828",
  "id_candidatura": "3717.3739.3739.6441",
  "id_umv": 1256,
  "imagenes": [
   "3717.3739.3739.6441"
  ],
  "nombre": "CALISAYA, ELIO \u201cSABON\u201d",
  "nro_orden": 1,
  "orden_absoluto": [
   6,
   17,
   64,
   4,
   1
  ],
  "secundarios": [

  ],
  "sexo": "M",
  "suplentes": [

  ]
 },
 {
  "asistida": "Garc\u00eda MAR\u00edA DEL VALLE",
  "cargo_ejecutivo": false,
  "clase": "Candidato",
  "cod_alianza": "3717",
  "cod_categoria": "CNJ",
  "cod_lista": "3717.3739.3739",
  "cod_partido": "3717.3739",
  "codigo": "3717.3739.3739.6621",
  "dni": "25378620",
  "id_candidatura": "3717.3739.3739.6621",
  "id_umv": 100,
  "imagenes": [
   "3717.3739.3739.6621",
   "default",
   "default_mujer",
   "default",
   "default_mujer",
   "default",
   "default_mujer"
  ],
  "nombre": "GARCIA, MARIA DEL VALLE",
  "nro_orden": 1,
  "orden_absoluto": [
   6,
   17,
   64,
   5,
   1
  ],
  "secundarios": [
   "LOPEZ, FELIPE FIDEL",
   "VALDIVIEZO, LORENA VIVIANA",
   "RODRIGUEZ, LUCAS JAVIER",
   "BARUTTIS, PAOLA LORENA",
   "MALDONADO, DIEGO ARMANDO",
   "VILLCA SUBELZA, MARIA MAGDALENA"
  ],
  "sexo": "F",
  "suplentes": [
   "CALISAYA, ALEXIS RODRIGO",
   "POLO, NOELIA LORENA",
   "GONZALEZ, JAVIER ALEJANDRO",
   "VACA, VIRGINIA",
   "LANDRIEL, MIGUEL ANGEL",
   "URZAGASTE, MARGARITA ELIZABETH",
   "TOLABA, FLORENCIO RAFAEL"
  ]
 },
 {
  "asistida": "BENITEZ ANTONIO OMAR",
  "cargo_ejecutivo": false,
  "clase": "Candidato",
  "cod_alianza": "3717",
  "cod_categoria": "CNJ",
  "cod_lista": "3717.632.632",
  "cod_partido": "3717.632",
  "codigo": "3717.632.632.11851",
  "dni": "32647603",
  "id_candidatura": "3717.632.632.11851",
  "id_umv": 152,
  "imagenes": [
   "3717.632.632.11851",
   "default_mujer",
   "default",
   "default_mujer",
   "default",
   "default_mujer",
   "default"
  ],
  "nombre": "BENITEZ, ANTONIO",
  "nro_orden": 1,
  "orden_absoluto": [
   6,
   47,
   8,
   5,
   1
  ],
  "secundarios": [
   "CALIVAR, JUANA",
   "PINTOS, GUSTAVO ARMANDO",
   "YACHIMBA, SUSANA GABRIELA",
   "ISASMENDIZ ARAEZ, ROMAN JOSE",
   "SEGUNDO, JULIANA BEATRIZ",
   "MARQUIEGUI VERA, NAHUEL JESUS"
  ],
  "sexo": "M",
  "suplentes": [
   "BARROS, MARIA INES",
   "LOPEZ, RICARDO CESAR",
   "BOLIVAR, DEBORA SOLEDAD",
   "ACHICO, SERGIO LUIS"
  ]
 },
 {
  "asistida": "OSUNA LUIS BENICIO",
  "cargo_ejecutivo": true,
  "clase": "Candidato",
  "cod_alianza": "3723",
  "cod_categoria": "INT",
  "cod_lista": "3723.3741.3741",
  "cod_partido": "3723.3741",
  "codigo": "3723.3741.3741.7233",
  "dni": "27510877",
  "id_candidatura": "3723.3741.3741.7233",
  "id_umv": 1298,
  "imagenes": [
   "3723.3741.3741.7233"
  ],
  "nombre": "OSUNA, LUIS BENICIO",
  "nro_orden": 1,
  "orden_absoluto": [
   5,
   14,
   65,
   4,
   1
  ],
  "secundarios": [

  ],
  "sexo": "M",
  "suplentes": [

  ]
 },
 {
  "asistida": "GARECA NOEM\u00cd ESTER",
  "cargo_ejecutivo": false,
  "clase": "Candidato",
  "cod_alianza": "3723",
  "cod_categoria": "CNJ",
  "cod_lista": "3723.3741.3741",
  "cod_partido": "3723.3741",
  "codigo": "3723.3741.3741.7384",
  "dni": "39362151",
  "id_candidatura": "3723.3741.3741.7384",
  "id_umv": 195,
  "imagenes": [
   "3723.3741.3741.7384",
   "default",
   "default_mujer",
   "default",
   "default_mujer",
   "default",
   "default_mujer"
  ],
  "nombre": "GARECA, NOEMI ESTHER",
  "nro_orden": 1,
  "orden_absoluto": [
   5,
   14,
   65,
   5,
   1
  ],
  "secundarios": [
   "CARRASCO ALBARRACIN, JORGE",
   "QUINTANA, MARGARITA MAGDALENA",
   "CORREA, JUAN ADOLFO",
   "DIAZ YANAKIS, MONICA MABEL",
   "JIREMA, SAMUEL SANTIAGO",
   "ALBORNOZ, LOURDES MARIANA"
  ],
  "sexo": "F",
  "suplentes": [
   "MORENO, DAMIAN FRANCISCO",
   "LOPEZ, MELISA SILVANA",
   "CUELLA, VENANCIO",
   "GIMENEZ, MARIA ROMINA",
   "CAMARGO, ANDRES JOSUE",
   "CORREA, EMA DINA"
  ]
 },
 {
  "asistida": "Dandulaskis MIGUEL",
  "cargo_ejecutivo": true,
  "clase": "Candidato",
  "cod_alianza": "3730",
  "cod_categoria": "INT",
  "cod_lista": "3730.3746.3746",
  "cod_partido": "3730.3746",
  "codigo": "3730.3746.3746.8690",
  "dni": "13421692",
  "id_candidatura": "3730.3746.3746.8690",
  "id_umv": 1392,
  "imagenes": [
   "3730.3746.3746.8690"
  ],
  "nombre": "DANDULAKIS, MIGUEL",
  "nro_orden": 1,
  "orden_absoluto": [
   15,
   32,
   74,
   4,
   1
  ],
  "secundarios": [

  ],
  "sexo": "M",
  "suplentes": [

  ]
 },
 {
  "asistida": "BAZ\u00c1N JOSU\u00c9 ESTEBAN",
  "cargo_ejecutivo": false,
  "clase": "Candidato",
  "cod_alianza": "3730",
  "cod_categoria": "CNJ",
  "cod_lista": "3730.446.446",
  "cod_partido": "3730.446",
  "codigo": "3730.446.446.10867",
  "dni": "39889140",
  "id_candidatura": "3730.446.446.10867",
  "id_umv": 329,
  "imagenes": [
   "3730.446.446.10867",
   "default_mujer",
   "default",
   "default_mujer",
   "default",
   "default_mujer",
   "default"
  ],
  "nombre": "BAZAN, JOSUE ESTEBAN",
  "nro_orden": 1,
  "orden_absoluto": [
   15,
   64,
   76,
   5,
   1
  ],
  "secundarios": [
   "GOMEZ MENDOZA, MIRNA MARIEL",
   "QUIROGA, CESAR ALBERTO",
   "CHAIN, CARINA DEL VALLE",
   "OLMEDO PERALES, ADRIAN NICOLAS",
   "CINGOLANI, ELIANA MARIELA",
   "ERAZO, MARIO JAVIER"
  ],
  "sexo": "M",
  "suplentes": [
   "VACA, VALERIA ELISABETH",
   "BAZAN, EZEQUIEL ALBERTO",
   "VACA, OFELIA",
   "ROMERO, GERMAN ABEL",
   "CRUZ, LILIANA EDITH",
   "ALBORNOZ, ALBERTO ORLANDO"
  ]
 },
 {
  "asistida": "OCAMPO MARCELO ALEJANDRO",
  "cargo_ejecutivo": false,
  "clase": "Candidato",
  "cod_alianza": "3730",
  "cod_categoria": "CNJ",
  "cod_lista": "3730.461.461",
  "cod_partido": "3730.461",
  "codigo": "3730.461.461.11574",
  "dni": "31394257",
  "id_candidatura": "3730.461.461.11574",
  "id_umv": 337,
  "imagenes": [
   "3730.461.461.11574",
   "default_mujer",
   "default",
   "default_mujer",
   "default",
   "default_mujer",
   "default"
  ],
  "nombre": "OCAMPO, MARCELO ALEJANDRO",
  "nro_orden": 1,
  "orden_absoluto": [
   15,
   19,
   11,
   5,
   1
  ],
  "secundarios": [
   "CRUZ, AMALIA LEILA",
   "IBARRA GONZALEZ, MAURO ANTONIO",
   "AYALA RODRIGUEZ, MIRTHA",
   "EG\u00dcEZ, PEDRO MOISES",
   "SANCHEZ, KAREN YAMILA",
   "OLMEDO PERALES, ALEX DAMIAN"
  ],
  "sexo": "M",
  "suplentes": [
   "SANCHEZ, ERICA SABRINA",
   "OCAMPO, NOLBERTO DEL VALLE",
   "ARROYO, IRMA INES",
   "ZAMBRANO, MARIANO",
   "ARROYO, MARIA ANGELICA",
   "GONZALEZ, GABRIEL FERNANDO",
   "MARIANO, MARLENE JUDIT"
  ]
 },
 {
  "asistida": "VEGA LUIS RICARDO",
  "cargo_ejecutivo": false,
  "clase": "Candidato",
  "cod_alianza": "3730",
  "cod_categoria": "CNJ",
  "cod_lista": "3730.5.5",
  "cod_partido": "3730.5",
  "codigo": "3730.5.5.11712",
  "dni": "16484882",
  "id_candidatura": "3730.5.5.11712",
  "id_umv": 348,
  "imagenes": [
   "3730.5.5.11712",
   "default_mujer",
   "default",
   "default_mujer",
   "default",
   "default_mujer",
   "default"
  ],
  "nombre": "VEGA, LUIS RICARDO",
  "nro_orden": 1,
  "orden_absoluto": [
   15,
   76,
   25,
   5,
   1
  ],
  "secundarios": [
   "GUERRERO, RUTH ESTER",
   "SEGUNDO, LEONARDO MARTIN",
   "GELMETI, MARIA CECILIA",
   "ROJAS, HUGO NONDIER",
   "BENITEZ, ELISA GRACIELA",
   "GUZMAN, ENRIQUE SEBASTIAN"
  ],
  "sexo": "M",
  "suplentes": [
   "VILLAGRAN, LIDIA ELIANA",
   "DELGADO, MIGUEL ANGEL DEL VALLE",
   "CASTELLANO, SONIA BEATRIZ",
   "RAMOS, RAUL HECTOR",
   "DELGADO, ROCIO PAOLA",
   "APAZA VARELA, RUBEN RODOLFO",
   "LIZARRAGA, ANGELA"
  ]
 },
 {
  "asistida": "RIVERO ADRIAN ANTONIO",
  "cargo_ejecutivo": true,
  "clase": "Candidato",
  "cod_alianza": "3731",
  "cod_categoria": "INT",
  "cod_lista": "3731.3743.3743",
  "cod_partido": "3731.3743",
  "codigo": "3731.3743.3743.8001",
  "dni": "34010727",
  "id_candidatura": "3731.3743.3743.8001",
  "id_umv": 1427,
  "imagenes": [
   "3731.3743.3743.8001"
  ],
  "nombre": "RIVERO, ADRIAN ANTONIO",
  "nro_orden": 1,
  "orden_absoluto": [
   10,
   22,
   68,
   4,
   1
  ],
  "secundarios": [

  ],
  "sexo": "M",
  "suplentes": [

  ]
 },
 {
  "asistida": "LEZCANO GUSTAVO RAMON",
  "cargo_ejecutivo": false,
  "clase": "Candidato",
  "cod_alianza": "3731",
  "cod_categoria": "CNJ",
  "cod_lista": "3731.3743.3743",
  "cod_partido": "3731.3743",
  "codigo": "3731.3743.3743.8119",
  "dni": "28551862",
  "id_candidatura": "3731.3743.3743.8119",
  "id_umv": 361,
  "imagenes": [
   "3731.3743.3743.8119",
   "default_mujer",
   "default",
   "default_mujer",
   "default",
   "default_mujer",
   "default"
  ],
  "nombre": "LEZCANO, GUSTAVO RAMON",
  "nro_orden": 1,
  "orden_absoluto": [
   10,
   22,
   68,
   5,
   1
  ],
  "secundarios": [
   "ROMERO, ANAHI ABIGAIL",
   "VELAZQUEZ, JAVIER ORLANDO",
   "\u00d1ANTUIRA, SUSANA MARGARITA",
   "MORENO, MAXIMO MARIANO",
   "RODRIGUEZ, CLEOFE LETICIA",
   "ARROYO, HECTOR MAURICIO"
  ],
  "sexo": "M",
  "suplentes": [
   "VAZQUEZ, ISABEL BEATRIZ",
   "SANCHEZ, HECTOR LEONARDO",
   "ROMERO, MICAELA DEL VALLE",
   "ALVAREZ, JUAN GABRIEL"
  ]
 },
 {
  "asistida": "RANGEON MENDOZA HECTOR MARTIN",
  "cargo_ejecutivo": false,
  "clase": "Candidato",
  "cod_alianza": "3733",
  "cod_categoria": "CNJ",
  "cod_lista": "3733.10.10",
  "cod_partido": "3733.10",
  "codigo": "3733.10.10.119",
  "dni": "32434358",
  "id_candidatura": "3733.10.10.119",
  "id_umv": 397,
  "imagenes": [
   "3733.10.10.119",
   "default_mujer",
   "default",
   "default_mujer",
   "default",
   "default_mujer",
   "default"
  ],
  "nombre": "RANGEON MENDOZA, HECTOR MARTIN",
  "nro_orden": 1,
  "orden_absoluto": [
   11,
   51,
   4,
   5,
   1
  ],
  "secundarios": [
   "VERA, NOELIA ALEJANDRA",
   "VALDIVIEZO, HUGO HERNAN",
   "CASTILLO, PAOLA BEATRIZ",
   "SANDOVAL, JORGE RAFAEL",
   "OJEDA, CINTIA GUADALUPE",
   "JACQUEMIN, JUAN MARCELO"
  ],
  "sexo": "M",
  "suplentes": [
   "MENSEGUEZ, BRISA JULIETA",
   "GORDALIZA, MILTON ARIEL",
   "CACHARI, ERMELINDA",
   "MAGNANO, ROGEL ANTONIO",
   "MORENO, MARISOL DEL VALLE"
  ]
 },
 {
  "asistida": "QUIROGA FACUNDO MAXIMILIANO",
  "cargo_ejecutivo": true,
  "clase": "Candidato",
  "cod_alianza": "3733",
  "cod_categoria": "INT",
  "cod_lista": "3733.1861.1861",
  "cod_partido": "3733.1861",
  "codigo": "3733.1861.1861.1357",
  "dni": "36707592",
  "id_candidatura": "3733.1861.1861.1357",
  "id_umv": 1461,
  "imagenes": [
   "3733.1861.1861.1357"
  ],
  "nombre": "QUIROGA, FACUNDO",
  "nro_orden": 1,
  "orden_absoluto": [
   11,
   55,
   13,
   4,
   1
  ],
  "secundarios": [

  ],
  "sexo": "M",
  "suplentes": [

  ]
 },
 {
  "asistida": "QUIROGA DARDO ANTONIO",
  "cargo_ejecutivo": false,
  "clase": "Candidato",
  "cod_alianza": "3733",
  "cod_categoria": "CNJ",
  "cod_lista": "3733.1861.1861",
  "cod_partido": "3733.1861",
  "codigo": "3733.1861.1861.1435",
  "dni": "8317548",
  "id_candidatura": "3733.1861.1861.1435",
  "id_umv": 417,
  "imagenes": [
   "3733.1861.1861.1435",
   "default_mujer",
   "default",
   "default_mujer",
   "default",
   "default_mujer",
   "default"
  ],
  "nombre": "QUIROGA, DARDO \u201cPUEBLO\u201d",
  "nro_orden": 1,
  "orden_absoluto": [
   11,
   55,
   13,
   5,
   1
  ],
  "secundarios": [
   "SALUM, MAITA ANAHI",
   "JALIT, ALFREDO LUCIO",
   "QUISPE, ETELVINA",
   "GOITIA, JUAN MANUEL",
   "VILLANUEVA, CANDELARIA",
   "LEAL, ARMANDO ERNESTO"
  ],
  "sexo": "M",
  "suplentes": [
   "SUAREZ, SILVIA NOEMI",
   "LEAL, ARGENTINO",
   "MALDONADO, LUTMILA GABRIELA",
   "RODAS, ARTURO FRANCISCO",
   "ORDO\u00d1EZ, MARIA SOLEDAD",
   "PAZ, OSCAR ALBERTO",
   "CRISOTO, ANGELA"
  ]
 },
 {
  "asistida": "VALENZUELA P\u00c9REZ ALEJANDRO",
  "cargo_ejecutivo": true,
  "clase": "Candidato",
  "cod_alianza": "3733",
  "cod_categoria": "INT",
  "cod_lista": "3733.1862.1862",
  "cod_partido": "3733.1862",
  "codigo": "3733.1862.1862.1618",
  "dni": "20756833",
  "id_candidatura": "3733.1862.1862.1618",
  "id_umv": 1471,
  "imagenes": [
   "3733.1862.1862.1618"
  ],
  "nombre": "VALENZUELA PEREZ, \u201cFABI\u201d",
  "nro_orden": 1,
  "orden_absoluto": [
   11,
   63,
   14,
   4,
   1
  ],
  "secundarios": [

  ],
  "sexo": "M",
  "suplentes": [

  ]
 },
 {
  "asistida": "CASTELLANO MARTA AD\u00c9LA",
  "cargo_ejecutivo": false,
  "clase": "Candidato",
  "cod_alianza": "3733",
  "cod_categoria": "CNJ",
  "cod_lista": "3733.1862.1862",
  "cod_partido": "3733.1862",
  "codigo": "3733.1862.1862.1786",
  "dni": "20458635",
  "id_candidatura": "3733.1862.1862.1786",
  "id_umv": 442,
  "imagenes": [
   "3733.1862.1862.1786",
   "default",
   "default_mujer",
   "default",
   "default_mujer",
   "default",
   "default_mujer"
  ],
  "nombre": "CASTELLANO, MARTHA ADELA",
  "nro_orden": 1,
  "orden_absoluto": [
   11,
   63,
   14,
   5,
   1
  ],
  "secundarios": [
   "BA\u00d1AGASTA, EVARISTO",
   "ROMERO, GLORIA ALBA",
   "MAIGUA, MIGUEL ANGEL",
   "MORENO, FRANCISCA CRISTINA",
   "RUIZ, RICARDO LUIS",
   "GUTIERREZ, ANGELA BEATRIZ"
  ],
  "sexo": "F",
  "suplentes": [
   "ANTONIO, CRISTIAN JONATHAN",
   "MAURIN, LUISA MARIELA",
   "BAZAN, JULIO JUVENAL",
   "REYNAGA, MIRIAM BEATRIZ",
   "CASTELLANO, AGUSTIN RAMON",
   "FLORES, CRISTINA ALEJANDRA",
   "ZALAZAR, HECTOR RAUL"
  ]
 },
 {
  "asistida": "TINEO DANIELA NATALI",
  "cargo_ejecutivo": false,
  "clase": "Candidato",
  "cod_alianza": "3733",
  "cod_categoria": "CNJ",
  "cod_lista": "3733.1869.1869",
  "cod_partido": "3733.1869",
  "codigo": "3733.1869.1869.2244",
  "dni": "32043982",
  "id_candidatura": "3733.1869.1869.2244",
  "id_umv": 475,
  "imagenes": [
   "3733.1869.1869.2244",
   "default",
   "default_mujer",
   "default",
   "default_mujer",
   "default",
   "default_mujer"
  ],
  "nombre": "TINEO, DANIELA NATALI",
  "nro_orden": 1,
  "orden_absoluto": [
   11,
   67,
   15,
   5,
   1
  ],
  "secundarios": [
   "GUZMAN, JORGE ALBERTO",
   "ALVAREZ, ADRIANA NOEMI",
   "MI\u00d1O, MARTIN MAXIMILIANO",
   "VARGAS, FATIMA NAHIR",
   "LEON, WALTER HUGO",
   "ARAOZ, ESTEFANIA LILIANA"
  ],
  "sexo": "F",
  "suplentes": [
   "ANDRADE, ANGEL RODRIGO",
   "TEJERINA TAPIA, ZULMA MABEL",
   "GALLARDO, DANTE HECTOR",
   "PESTA\u00d1A, GISELA DEL VALLE",
   "SCHUWARTZ, NELSON SEBASTIAN",
   "MAIDANA ORELLANA, ABIGAIL",
   "BENITEZ, LUIS ALBERTO"
  ]
 },
 {
  "asistida": "VALDIVIEZO PEDRO JORGE",
  "cargo_ejecutivo": false,
  "clase": "Candidato",
  "cod_alianza": "3733",
  "cod_categoria": "CNJ",
  "cod_lista": "3733.2625.2625",
  "cod_partido": "3733.2625",
  "codigo": "3733.2625.2625.4193",
  "dni": "40468176",
  "id_candidatura": "3733.2625.2625.4193",
  "id_umv": 501,
  "imagenes": [
   "3733.2625.2625.4193",
   "default_mujer",
   "default",
   "default_mujer",
   "default",
   "default_mujer",
   "default"
  ],
  "nombre": "VALDIVIEZO, \u201cJORGITO\u201d",
  "nro_orden": 1,
  "orden_absoluto": [
   11,
   50,
   62,
   5,
   1
  ],
  "secundarios": [
   "CASASOLA, ELENA VERONICA",
   "CHAVEZ, CRISTIAN MANUEL",
   "RAMOS, MARIELA DEL VALLE",
   "MORENO, LUIS FERNANDO",
   "CORREA, ROSANA ELISA",
   "VALDA, JORGE LUIS"
  ],
  "sexo": "M",
  "suplentes": [
   "ORDO\u00d1EZ, ANDREA MARCELA",
   "CHAVEZ, FERNANDO GABRIEL",
   "VACA, AYELEN ROMINA"
  ]
 },
 {
  "asistida": "CONTINO ELIANA ANAH\u00cd",
  "cargo_ejecutivo": false,
  "clase": "Candidato",
  "cod_alianza": "3733",
  "cod_categoria": "CNJ",
  "cod_lista": "3733.2627.2627",
  "cod_partido": "3733.2627",
  "codigo": "3733.2627.2627.4646",
  "dni": "37776132",
  "id_candidatura": "3733.2627.2627.4646",
  "id_umv": 517,
  "imagenes": [
   "3733.2627.2627.4646",
   "default",
   "default_mujer",
   "default",
   "default_mujer",
   "default",
   "default_mujer"
  ],
  "nombre": "CONTINO, ELIANA ANAHI",
  "nro_orden": 1,
  "orden_absoluto": [
   11,
   72,
   20,
   5,
   1
  ],
  "secundarios": [
   "GARNICA, HECTOR ANDRES",
   "ACOSTA, VALENTINA DE LOS ANGELES",
   "RIVERO, ALBERTO ALEXANDER",
   "LOPEZ, CLAUDIA LEONOR",
   "GOMEZ, NESTOR GABRIEL",
   "CRUZ, MARIA DEL CARMEN"
  ],
  "sexo": "F",
  "suplentes": [
   "AGUERO, IVAN MATIAS",
   "LOPEZ, CINTIA VALERIA",
   "CONTINO, FRANCIS DAMIAN",
   "GALARZA, LILIANA BEATRIZ",
   "CRUZ, JUAN DANIEL",
   "HERRERA, VALERIA ELISABETH",
   "ZAZZARINI, MARCELO ARIEL"
  ]
 },
 {
  "asistida": "AGUILERA JOS\u00c9 ANTONIO",
  "cargo_ejecutivo": false,
  "clase": "Candidato",
  "cod_alianza": "3733",
  "cod_categoria": "CNJ",
  "cod_lista": "3733.38.38",
  "cod_partido": "3733.38",
  "codigo": "3733.38.38.9825",
  "dni": "27695732",
  "id_candidatura": "3733.38.38.9825",
  "id_umv": 562,
  "imagenes": [
   "3733.38.38.9825",
   "default_mujer",
   "default",
   "default_mujer",
   "default",
   "default_mujer",
   "default"
  ],
  "nombre": "AGUILERA, \u201cGRETA\u201d",
  "nro_orden": 1,
  "orden_absoluto": [
   11,
   65,
   5,
   5,
   1
  ],
  "secundarios": [
   "RUIZ, EVA MARIA",
   "GALLI, DANIEL BENJAMIN",
   "YAPURA, ELSA SANDRA",
   "VAZQUEZ, HUGO ALFREDO",
   "FELIPE, AIDA RUTH",
   "ROMERO, DANIEL LEONARDO"
  ],
  "sexo": "M",
  "suplentes": [
   "GONZALEZ, MAGDALENA",
   "PEREZ, DANIEL SEBASTIAN",
   "GONZALEZ, ELISA BEATRIZ",
   "PEREZ, JAVIER JESUS",
   "MEDINA, ALEJANDRA AGUSTINA BELEN"
  ]
 },
 {
  "asistida": "Barutis  DORA CRISTINA",
  "cargo_ejecutivo": false,
  "clase": "Candidato",
  "cod_alianza": "3735",
  "cod_categoria": "CNJ",
  "cod_lista": "3735.15.15",
  "cod_partido": "3735.15",
  "codigo": "3735.15.15.935",
  "dni": "27911290",
  "id_candidatura": "3735.15.15.935",
  "id_umv": 598,
  "imagenes": [
   "3735.15.15.935",
   "default",
   "default_mujer",
   "default",
   "default_mujer",
   "default",
   "default_mujer"
  ],
  "nombre": "BARUTTIS, DORA CRISTINA",
  "nro_orden": 1,
  "orden_absoluto": [
   12,
   59,
   1,
   5,
   1
  ],
  "secundarios": [
   "IBA\u00d1EZ, HECTOR RAMON",
   "ERAZO, EDUVIGES ERICA",
   "MARTINEZ, MARCELO MIGUEL",
   "FIGUEROA, ARACELI SOLEDAD",
   "SERRANO, FERNANDO JAVIER",
   "MARTINEZ, JESICA PAOLA"
  ],
  "sexo": "F",
  "suplentes": [
   "CEBALLOS, RAUL",
   "VELAZQUEZ, CARLA ANAHI",
   "AGUILERA, MAURICIO LUCIANO",
   "PEREZ, JOHANNA ROMINA"
  ]
 },
 {
  "asistida": "OSEDO NOELIA DEL MILAGRO",
  "cargo_ejecutivo": false,
  "clase": "Candidato",
  "cod_alianza": "3735",
  "cod_categoria": "CNJ",
  "cod_lista": "3735.1873.1873",
  "cod_partido": "3735.1873",
  "codigo": "3735.1873.1873.2688",
  "dni": "30220791",
  "id_candidatura": "3735.1873.1873.2688",
  "id_umv": 613,
  "imagenes": [
   "3735.1873.1873.2688",
   "default",
   "default_mujer",
   "default",
   "default_mujer",
   "default",
   "default_mujer"
  ],
  "nombre": "OSEDO, NOELIA DEL MILAGRO",
  "nro_orden": 1,
  "orden_absoluto": [
   12,
   56,
   80,
   5,
   1
  ],
  "secundarios": [
   "FERREIRA, MANUEL ALEJANDRO",
   "REYES, VERONICA NOEMI",
   "FERREIRA, RICARDO DIONEL",
   "RAMIREZ, LUCIANA AYELEN",
   "OCAMPO, FRANCISCO RAMON",
   "OSEDO, NATALIA DEL ROSARIO"
  ],
  "sexo": "F",
  "suplentes": [
   "OSEDO, SEGUNDO NINO",
   "GELMETTI, CAMILA FIORELLA",
   "VAZQUEZ, JONATAN MAXIMILIANO",
   "VACA, CLAUDIA PATRICIA",
   "GARECA, JOSE JULIAN",
   "FERREIRA, MARGARITA"
  ]
 },
 {
  "asistida": "FIGUER\u00d3A ALEJANDRA RICARDA",
  "cargo_ejecutivo": false,
  "clase": "Candidato",
  "cod_alianza": "3735",
  "cod_categoria": "CNJ",
  "cod_lista": "3735.208.208",
  "cod_partido": "3735.208",
  "codigo": "3735.208.208.3092",
  "dni": "20260922",
  "id_candidatura": "3735.208.208.3092",
  "id_umv": 644,
  "imagenes": [
   "3735.208.208.3092",
   "default",
   "default_mujer",
   "default",
   "default_mujer",
   "default",
   "default_mujer"
  ],
  "nombre": "FIGUEROA, ALEJANDRA RICARDA",
  "nro_orden": 1,
  "orden_absoluto": [
   12,
   41,
   7,
   5,
   1
  ],
  "secundarios": [
   "ZALAZAR, MATIAS MACEDONIO",
   "ALTAMIRANO, ELBA ESTER",
   "AGUERO, LUIS ALBERTO",
   "GUTIERREZ, NORA ESTER",
   "LEAL, PAULINO DANTE",
   "ROLDAN, CRISTINA DEL VALLE"
  ],
  "sexo": "F",
  "suplentes": [
   "OJEDA, DIEGO FABIAN",
   "MENDOZA, CECILIA DEL CARMEN",
   "CEJAS, HUGO WALTER",
   "GIMENEZ, GRACIELA NOEMI",
   "MARQUIEGUI, ANGEL ALEJANDRO"
  ]
 },
 {
  "asistida": "Fl\u00f3res RODOLFO SOTERO",
  "cargo_ejecutivo": false,
  "clase": "Candidato",
  "cod_alianza": "3735",
  "cod_categoria": "CNJ",
  "cod_lista": "3735.32.32",
  "cod_partido": "3735.32",
  "codigo": "3735.32.32.5025",
  "dni": "23165355",
  "id_candidatura": "3735.32.32.5025",
  "id_umv": 682,
  "imagenes": [
   "3735.32.32.5025",
   "default_mujer",
   "default",
   "default_mujer",
   "default",
   "default_mujer",
   "default"
  ],
  "nombre": "FLORES, RODOLFO SOTERO",
  "nro_orden": 1,
  "orden_absoluto": [
   12,
   46,
   63,
   5,
   1
  ],
  "secundarios": [
   "ACU\u00d1A, AMANDA DORIS",
   "ERASMO, ADRIAN CLIVE",
   "PESTA\u00d1A, ANA RUTH",
   "FERREIRA, LUIS ALBERTO",
   "VILLALBA, CARMINA DAHIANA",
   "VELEYSAN, SANTOS ROSENDO"
  ],
  "sexo": "M",
  "suplentes": [
   "QUISPE, VICTORIA DE LOS ANGELES",
   "ERASMO, PABLO FABIAN",
   "PAIVICO, MARIA ROSA",
   "FERNANDEZ, ALESANDRO MARCELO",
   "MONTERRICO, LAURA ISABEL",
   "PESTA\u00d1A, LUIS ALBERTO",
   "FLORES, DAIANA BEATRIZ"
  ]
 },
 {
  "asistida": "PAZ LUIS ALBERTO",
  "cargo_ejecutivo": false,
  "clase": "Candidato",
  "cod_alianza": "3735",
  "cod_categoria": "CNJ",
  "cod_lista": "3735.3650.3650",
  "cod_partido": "3735.3650",
  "codigo": "3735.3650.3650.5748",
  "dni": "33350936",
  "id_candidatura": "3735.3650.3650.5748",
  "id_umv": 714,
  "imagenes": [
   "3735.3650.3650.5748",
   "default_mujer",
   "default",
   "default_mujer",
   "default",
   "default_mujer",
   "default"
  ],
  "nombre": "PAZ, LUIS ALBERTO",
  "nro_orden": 1,
  "orden_absoluto": [
   12,
   66,
   23,
   5,
   1
  ],
  "secundarios": [
   "BARRERA, JASMIN DEL ROSARIO",
   "MERIDES, MOISES ALBERTO",
   "QUIROGA, CINTIA CAMILA",
   "ARAGUINO, VICTOR DANIEL",
   "CERVANTE, HONORIA VICENTA",
   "MONTERO, NESTOR JAVIER"
  ],
  "sexo": "M",
  "suplentes": [
   "MONTERO, JOANA NOEMI",
   "PE\u00d1A, FRANCISCO EMMANUEL",
   "VIZGARRA, CARINA JANET",
   "GARECA, JOSE FAUSTINO",
   "ARAGUINO, ROSA ABIGAIL",
   "COPORI, LUCAS MAXIMILIANO",
   "BARRIENTOS, ABIGAIL SOLEDAD"
  ]
 },
 {
  "asistida": "GUERRA JORGE MARIO",
  "cargo_ejecutivo": true,
  "clase": "Candidato",
  "cod_alianza": "3735",
  "cod_categoria": "INT",
  "cod_lista": "3735.3745.3745",
  "cod_partido": "3735.3745",
  "codigo": "3735.3745.3745.8589",
  "dni": "11438851",
  "id_candidatura": "3735.3745.3745.8589",
  "id_umv": 1551,
  "imagenes": [
   "3735.3745.3745.8589"
  ],
  "nombre": "GUERRA, JORGE MARIO",
  "nro_orden": 1,
  "orden_absoluto": [
   12,
   25,
   70,
   4,
   1
  ],
  "secundarios": [

  ],
  "sexo": "M",
  "suplentes": [

  ]
 },
 {
  "asistida": "FIGUER\u00d3A \u00c1NGELA PATRICIA",
  "cargo_ejecutivo": false,
  "clase": "Candidato",
  "cod_alianza": "3735",
  "cod_categoria": "CNJ",
  "cod_lista": "3735.4.4",
  "cod_partido": "3735.4",
  "codigo": "3735.4.4.10201",
  "dni": "28726999",
  "id_candidatura": "3735.4.4.10201",
  "id_umv": 759,
  "imagenes": [
   "3735.4.4.10201",
   "default",
   "default_mujer",
   "default",
   "default_mujer",
   "default",
   "default_mujer"
  ],
  "nombre": "FIGUEROA, ANGELA PATRICIA",
  "nro_orden": 1,
  "orden_absoluto": [
   12,
   58,
   6,
   5,
   1
  ],
  "secundarios": [
   "LIZARRAGA, PEDRO MARCELO",
   "MENDOZA ARAEZ, MARIA JOSE",
   "FARFAN MARTINEZ, MIGUEL ANGEL",
   "VASQUES, JESICA ALEJANDRA",
   "RIARTE, MARIO MARCELINO",
   "CARRASCOALBARRACIN, CELIA"
  ],
  "sexo": "F",
  "suplentes": [
   "SARACHO, AMERICO MIGUEL",
   "VELAZQUEZ, CAMILA SABRINA",
   "ALVAREZ, FACUNDO NICOLAS",
   "LUNA, CAMILA ARACELI",
   "SALINAS, NESTOR RICARDO"
  ]
 },
 {
  "asistida": "BONILLA DARIO ALBERTO",
  "cargo_ejecutivo": false,
  "clase": "Candidato",
  "cod_alianza": "3735",
  "cod_categoria": "CNJ",
  "cod_lista": "3735.460.460",
  "cod_partido": "3735.460",
  "codigo": "3735.460.460.11196",
  "dni": "32534879",
  "id_candidatura": "3735.460.460.11196",
  "id_umv": 810,
  "imagenes": [
   "3735.460.460.11196",
   "default_mujer",
   "default",
   "default_mujer",
   "default",
   "default_mujer",
   "default"
  ],
  "nombre": "BONILLA, DARIO ALBERTO",
  "nro_orden": 1,
  "orden_absoluto": [
   12,
   23,
   10,
   5,
   1
  ],
  "secundarios": [
   "QUIROGA NICOLOFF, MICAELA ANAHI",
   "LAMILLA PONFERRADA, JUAN PABLO",
   "JALIT, KATRINA FABIANA",
   "QUIROGA NICOLOFF, LUIS ALBERTO",
   "MEDINA, CARINA DE LOS ANGELE",
   "VILLALBA, NELSON PAULO"
  ],
  "sexo": "M",
  "suplentes": [
   "FERNANDEZ, MAIDA MAGDALENA",
   "ARROYO, VICTOR MIGUEL",
   "YUFRA, FLORENCIA MARIA JOSE",
   "GIMENEZ, BENJAMIN LUCIANO",
   "GALARZA, SILVANA DANIELA",
   "EG\u00dcEZ, LUIS ADOLFO",
   "BONILLA, CINTIA ROMINA"
  ]
 },
 {
  "asistida": "Voto en BLANCO",
  "cargo_ejecutivo": false,
  "clase": "Blanco",
  "cod_categoria": "CNJ",
  "cod_lista": "",
  "codigo": "BLC",
  "id_candidatura": "BLC",
  "id_umv": 898,
  "imagenes": [
   "BLC"
  ],
  "nombre": "Voto en BLANCO",
  "nro_orden": 5,
  "orden_absoluto": [
   994,
   5
  ],
  "secundarios": [

  ],
  "sexo": null,
  "suplentes": [

  ]
 },
 {
  "asistida": "Voto en BLANCO",
  "cargo_ejecutivo": true,
  "clase": "Blanco",
  "cod_categoria": "INT",
  "cod_lista": "",
  "codigo": "BLC",
  "id_candidatura": "BLC",
  "id_umv": 1672,
  "imagenes": [
   "BLC"
  ],
  "nombre": "Voto en BLANCO",
  "nro_orden": 4,
  "orden_absoluto": [
   994,
   4
  ],
  "secundarios": [

  ],
  "sexo": null,
  "suplentes": [

  ]
 },
 {
  "asistida": "Votos IMPUGNADOS",
  "cargo_ejecutivo": false,
  "clase": "Especial",
  "cod_categoria": "CNJ",
  "cod_lista": "",
  "codigo": "IMP",
  "id_candidatura": "IMP",
  "id_umv": 958,
  "nombre": "Votos IMPUGNADOS",
  "nro_orden": 5,
  "orden_absoluto": [
   995,
   5
  ],
  "secundarios": [

  ],
  "sexo": null,
  "suplentes": [

  ]
 },
 {
  "asistida": "Votos IMPUGNADOS",
  "cargo_ejecutivo": true,
  "clase": "Especial",
  "cod_categoria": "INT",
  "cod_lista": "",
  "codigo": "IMP",
  "id_candidatura": "IMP",
  "id_umv": 1732,
  "nombre": "Votos IMPUGNADOS",
  "nro_orden": 4,
  "orden_absoluto": [
   995,
   4
  ],
  "secundarios": [

  ],
  "sexo": null,
  "suplentes": [

  ]
 },
 {
  "asistida": "Votos OBSERVADOS",
  "cargo_ejecutivo": false,
  "clase": "Especial",
  "cod_categoria": "CNJ",
  "cod_lista": "",
  "codigo": "OBS",
  "id_candidatura": "OBS",
  "id_umv": 1018,
  "nombre": "Votos OBSERVADOS",
  "nro_orden": 5,
  "orden_absoluto": [
   996,
   5
  ],
  "secundarios": [

  ],
  "sexo": null,
  "suplentes": [

  ]
 },
 {
  "asistida": "Votos OBSERVADOS",
  "cargo_ejecutivo": true,
  "clase": "Especial",
  "cod_categoria": "INT",
  "cod_lista": "",
  "codigo": "OBS",
  "id_candidatura": "OBS",
  "id_umv": 1792,
  "nombre": "Votos OBSERVADOS",
  "nro_orden": 4,
  "orden_absoluto": [
   996,
   4
  ],
  "secundarios": [

  ],
  "sexo": null,
  "suplentes": [

  ]
 }
]