[
 {
  "GOB": 1197,
  "agrupacion_municipal": false,
  "codigo": "1863.1863.1863",
  "lista_completa": true
 },
 {
  "GOB": 1198,
  "agrupacion_municipal": false,
  "codigo": "22.22.22",
  "lista_completa": true
 },
 {
  "GOB": 1199,
  "agrupacion_municipal": false,
  "codigo": "3625.3625.3625",
  "lista_completa": true
 },
 {
  "CNJ": 40,
  "GOB": 1200,
  "INT": 1272,
  "SEN": 1810,
  "agrupacion_municipal": false,
  "codigo": "3717.13.13",
  "lista_completa": true
 },
 {
  "CNJ": 84,
  "GOB": 1200,
  "INT": 1272,
  "SEN": 1810,
  "agrupacion_municipal": false,
  "codigo": "3717.2626.2626",
  "lista_completa": true
 },
 {
  "GOB": 1200,
  "INT": 1272,
  "SEN": 1810,
  "agrupacion_municipal": false,
  "codigo": "3717.3739.3739",
  "lista_completa": false
 },
 {
  "CNJ": 139,
  "GOB": 1200,
  "INT": 1272,
  "SEN": 1810,
  "agrupacion_municipal": false,
  "codigo": "3717.443.443",
  "lista_completa": true
 },
 {
  "GOB": 1201,
  "SEN": 1822,
  "agrupacion_municipal": false,
  "codigo": "3723.3741.3741",
  "lista_completa": true
 },
 {
  "GOB": 1202,
  "SEN": 1831,
  "agrupacion_municipal": false,
  "codigo": "3728.3742.3742",
  "lista_completa": true
 },
 {
  "GOB": 1203,
  "SEN": 1837,
  "agrupacion_municipal": false,
  "codigo": "3729.3747.3747",
  "lista_completa": true
 },
 {
  "GOB": 1204,
  "SEN": 1846,
  "agrupacion_municipal": false,
  "codigo": "3730.3746.3746",
  "lista_completa": true
 },
 {
  "CNJ": 373,
  "GOB": 1205,
  "INT": 1438,
  "SEN": 1854,
  "agrupacion_municipal": false,
  "codigo": "3731.3743.3743",
  "lista_completa": true
 },
 {
  "GOB": 1206,
  "SEN": 1858,
  "agrupacion_municipal": false,
  "codigo": "3732.3740.3740",
  "lista_completa": true
 },
 {
  "CNJ": 549,
  "GOB": 1207,
  "INT": 1505,
  "SEN": 1865,
  "agrupacion_municipal": false,
  "codigo": "3733.3744.3744",
  "lista_completa": true
 },
 {
  "GOB": 1207,
  "agrupacion_municipal": false,
  "codigo": "3734.3737.3737",
  "lista_completa": true
 },
 {
  "GOB": 1207,
  "INT": 1560,
  "SEN": 1875,
  "agrupacion_municipal": false,
  "codigo": "3735.3745.3745",
  "lista_completa": false
 },
 {
  "CNJ": 780,
  "GOB": 1207,
  "INT": 1560,
  "SEN": 1875,
  "agrupacion_municipal": false,
  "codigo": "3735.4.4",
  "lista_completa": true
 },
 {
  "GOB": 1208,
  "SEN": 1884,
  "agrupacion_municipal": false,
  "codigo": "685.685.685",
  "lista_completa": true
 },
 {
  "CNJ": 863,
  "GOB": 1209,
  "INT": 1637,
  "SEN": 1890,
  "agrupacion_municipal": false,
  "codigo": "BLC",
  "lista_completa": true
 }
]