[
 {
  "GOB": 1197,
  "agrupacion_municipal": false,
  "codigo": "1863.1863.1863",
  "lista_completa": true
 },
 {
  "GOB": 1198,
  "agrupacion_municipal": false,
  "codigo": "22.22.22",
  "lista_completa": true
 },
 {
  "GOB": 1199,
  "agrupacion_municipal": false,
  "codigo": "3625.3625.3625",
  "lista_completa": true
 },
 {
  "CNJ": 45,
  "DIP": 1049,
  "GOB": 1200,
  "INT": 1283,
  "agrupacion_municipal": false,
  "codigo": "3717.13.13",
  "lista_completa": true
 },
 {
  "CNJ": 68,
  "DIP": 1049,
  "GOB": 1200,
  "INT": 1283,
  "agrupacion_municipal": false,
  "codigo": "3717.2543.2543",
  "lista_completa": true
 },
 {
  "CNJ": 70,
  "DIP": 1049,
  "GOB": 1200,
  "INT": 1283,
  "agrupacion_municipal": false,
  "codigo": "3717.2548.2548",
  "lista_completa": true
 },
 {
  "CNJ": 88,
  "DIP": 1049,
  "GOB": 1200,
  "INT": 1283,
  "agrupacion_municipal": false,
  "codigo": "3717.2626.2626",
  "lista_completa": true
 },
 {
  "CNJ": 125,
  "DIP": 1049,
  "GOB": 1200,
  "INT": 1283,
  "agrupacion_municipal": false,
  "codigo": "3717.3739.3739",
  "lista_completa": true
 },
 {
  "CNJ": 145,
  "DIP": 1049,
  "GOB": 1200,
  "INT": 1283,
  "agrupacion_municipal": false,
  "codigo": "3717.443.443",
  "lista_completa": true
 },
 {
  "CNJ": 162,
  "DIP": 1049,
  "GOB": 1200,
  "INT": 1283,
  "agrupacion_municipal": false,
  "codigo": "3717.632.632",
  "lista_completa": true
 },
 {
  "CNJ": 226,
  "DIP": 1062,
  "GOB": 1201,
  "INT": 1329,
  "agrupacion_municipal": false,
  "codigo": "3723.3741.3741",
  "lista_completa": true
 },
 {
  "CNJ": 241,
  "DIP": 1070,
  "GOB": 1202,
  "INT": 1352,
  "agrupacion_municipal": false,
  "codigo": "3728.3742.3742",
  "lista_completa": true
 },
 {
  "CNJ": 260,
  "DIP": 1070,
  "GOB": 1202,
  "INT": 1352,
  "agrupacion_municipal": false,
  "codigo": "3728.3748.3748",
  "lista_completa": true
 },
 {
  "CNJ": 292,
  "DIP": 1078,
  "GOB": 1203,
  "INT": 1382,
  "agrupacion_municipal": false,
  "codigo": "3729.3747.3747",
  "lista_completa": true
 },
 {
  "CNJ": 326,
  "DIP": 1090,
  "GOB": 1204,
  "INT": 1418,
  "agrupacion_municipal": false,
  "codigo": "3730.3746.3746",
  "lista_completa": true
 },
 {
  "CNJ": 346,
  "DIP": 1090,
  "GOB": 1204,
  "INT": 1418,
  "agrupacion_municipal": false,
  "codigo": "3730.461.461",
  "lista_completa": true
 },
 {
  "CNJ": 380,
  "DIP": 1099,
  "GOB": 1205,
  "INT": 1445,
  "agrupacion_municipal": false,
  "codigo": "3731.3743.3743",
  "lista_completa": true
 },
 {
  "CNJ": 393,
  "DIP": 1105,
  "GOB": 1206,
  "INT": 1458,
  "agrupacion_municipal": false,
  "codigo": "3732.3740.3740",
  "lista_completa": true
 },
 {
  "CNJ": 408,
  "DIP": 1112,
  "GOB": 1207,
  "INT": 1479,
  "agrupacion_municipal": false,
  "codigo": "3733.10.10",
  "lista_completa": true
 },
 {
  "CNJ": 431,
  "DIP": 1112,
  "GOB": 1207,
  "INT": 1479,
  "agrupacion_municipal": false,
  "codigo": "3733.1861.1861",
  "lista_completa": true
 },
 {
  "CNJ": 466,
  "DIP": 1112,
  "GOB": 1207,
  "INT": 1479,
  "agrupacion_municipal": false,
  "codigo": "3733.1862.1862",
  "lista_completa": true
 },
 {
  "CNJ": 494,
  "DIP": 1112,
  "GOB": 1207,
  "INT": 1479,
  "agrupacion_municipal": false,
  "codigo": "3733.1869.1869",
  "lista_completa": true
 },
 {
  "CNJ": 512,
  "DIP": 1112,
  "GOB": 1207,
  "INT": 1479,
  "agrupacion_municipal": false,
  "codigo": "3733.2625.2625",
  "lista_completa": true
 },
 {
  "CNJ": 536,
  "DIP": 1112,
  "GOB": 1207,
  "INT": 1479,
  "agrupacion_municipal": false,
  "codigo": "3733.2627.2627",
  "lista_completa": true
 },
 {
  "CNJ": 574,
  "DIP": 1112,
  "GOB": 1207,
  "INT": 1479,
  "agrupacion_municipal": false,
  "codigo": "3733.38.38",
  "lista_completa": true
 },
 {
  "GOB": 1207,
  "agrupacion_municipal": false,
  "codigo": "3734.3737.3737",
  "lista_completa": true
 },
 {
  "CNJ": 591,
  "DIP": 1136,
  "GOB": 1207,
  "INT": 1567,
  "agrupacion_municipal": false,
  "codigo": "3735.15.15",
  "lista_completa": true
 },
 {
  "CNJ": 637,
  "DIP": 1136,
  "GOB": 1207,
  "INT": 1567,
  "agrupacion_municipal": false,
  "codigo": "3735.1873.1873",
  "lista_completa": true
 },
 {
  "CNJ": 668,
  "DIP": 1136,
  "GOB": 1207,
  "INT": 1567,
  "agrupacion_municipal": false,
  "codigo": "3735.208.208",
  "lista_completa": true
 },
 {
  "CNJ": 702,
  "DIP": 1136,
  "GOB": 1207,
  "INT": 1567,
  "agrupacion_municipal": false,
  "codigo": "3735.32.32",
  "lista_completa": true
 },
 {
  "CNJ": 741,
  "DIP": 1136,
  "GOB": 1207,
  "INT": 1567,
  "agrupacion_municipal": false,
  "codigo": "3735.3650.3650",
  "lista_completa": true
 },
 {
  "DIP": 1136,
  "GOB": 1207,
  "INT": 1567,
  "agrupacion_municipal": false,
  "codigo": "3735.3745.3745",
  "lista_completa": false
 },
 {
  "CNJ": 798,
  "DIP": 1136,
  "GOB": 1207,
  "INT": 1567,
  "agrupacion_municipal": false,
  "codigo": "3735.4.4",
  "lista_completa": true
 },
 {
  "CNJ": 838,
  "DIP": 1136,
  "GOB": 1207,
  "INT": 1567,
  "agrupacion_municipal": false,
  "codigo": "3735.460.460",
  "lista_completa": true
 },
 {
  "CNJ": 849,
  "DIP": 1150,
  "GOB": 1208,
  "INT": 1623,
  "agrupacion_municipal": false,
  "codigo": "685.685.685",
  "lista_completa": true
 },
 {
  "CNJ": 884,
  "DIP": 1164,
  "GOB": 1209,
  "INT": 1658,
  "agrupacion_municipal": false,
  "codigo": "BLC",
  "lista_completa": true
 }
]