[
 {
  "asistida": "PLANES DANIELA",
  "cargo_ejecutivo": true,
  "clase": "Candidato",
  "cod_alianza": "1863",
  "cod_categoria": "GOB",
  "cod_lista": "1863.1863.1863",
  "cod_partido": "1863.1863",
  "codigo": "1863.1863.1863.2069",
  "dni": "28523544",
  "id_candidatura": "1863.1863.1863.2069",
  "id_umv": 1197,
  "imagenes": [
   "1863.1863.1863.2069",
   "default_mujer"
  ],
  "nombre": "PLANES, DANIELA",
  "nro_orden": 1,
  "orden_absoluto": [
   22,
   53,
   12,
   1,
   1
  ],
  "secundarios": [
   "TEJERINA, VERONICA"
  ],
  "sexo": "F",
  "suplentes": [

  ]
 },
 {
  "asistida": "GIL VIOLETA",
  "cargo_ejecutivo": true,
  "clase": "Candidato",
  "cod_alianza": "22",
  "cod_categoria": "GOB",
  "cod_lista": "22.22.22",
  "cod_partido": "22.22",
  "codigo": "22.22.22.3409",
  "dni": "33984630",
  "id_candidatura": "22.22.22.3409",
  "id_umv": 1198,
  "imagenes": [
   "22.22.22.3409",
   "default"
  ],
  "nombre": "GIL, VIOLETA",
  "nro_orden": 1,
  "orden_absoluto": [
   23,
   62,
   3,
   1,
   1
  ],
  "secundarios": [
   "TOLABA, ANGEL RODOLFO"
  ],
  "sexo": "F",
  "suplentes": [

  ]
 },
 {
  "asistida": "TogNolini MARCOS",
  "cargo_ejecutivo": true,
  "clase": "Candidato",
  "cod_alianza": "3625",
  "cod_categoria": "GOB",
  "cod_lista": "3625.3625.3625",
  "cod_partido": "3625.3625",
  "codigo": "3625.3625.3625.5312",
  "dni": "29336659",
  "id_candidatura": "3625.3625.3625.5312",
  "id_umv": 1199,
  "imagenes": [
   "3625.3625.3625.5312",
   "default_mujer"
  ],
  "nombre": "TOGNOLINI, MARCOS",
  "nro_orden": 1,
  "orden_absoluto": [
   21,
   43,
   21,
   1,
   1
  ],
  "secundarios": [
   "RAMOS, MIRTA ADRIANA"
  ],
  "sexo": "M",
  "suplentes": [

  ]
 },
 {
  "asistida": "ESTRADA EMILIANO RAFAEL",
  "cargo_ejecutivo": true,
  "clase": "Candidato",
  "cod_alianza": "3717",
  "cod_categoria": "GOB",
  "cod_lista": "3717.3739.3739",
  "cod_partido": "3717.3739",
  "codigo": "3717.3739.3739.6360",
  "dni": "32165256",
  "id_candidatura": "3717.3739.3739.6360",
  "id_umv": 1200,
  "imagenes": [
   "3717.3739.3739.6360",
   "default"
  ],
  "nombre": "ESTRADA, EMILIANO",
  "nro_orden": 1,
  "orden_absoluto": [
   6,
   17,
   64,
   1,
   1
  ],
  "secundarios": [
   "ZAPATA, CARLOS RAUL"
  ],
  "sexo": "M",
  "suplentes": [

  ]
 },
 {
  "asistida": "MESON GANA JUAN PABLO",
  "cargo_ejecutivo": false,
  "clase": "Candidato",
  "cod_alianza": "3717",
  "cod_categoria": "SEN",
  "cod_lista": "3717.3739.3739",
  "cod_partido": "3717.3739",
  "codigo": "3717.3739.3739.6362",
  "dni": "26031159",
  "id_candidatura": "3717.3739.3739.6362",
  "id_umv": 1808,
  "imagenes": [
   "3717.3739.3739.6362"
  ],
  "nombre": "DR. MESON GANA, JUAN PABLO",
  "nro_orden": 1,
  "orden_absoluto": [
   6,
   17,
   64,
   2,
   1
  ],
  "secundarios": [

  ],
  "sexo": "M",
  "suplentes": [
   "VIER, SOLEDAD CELESTE"
  ]
 },
 {
  "asistida": "Ust\u00e1rez COLQUE JUSTINO",
  "cargo_ejecutivo": false,
  "clase": "Candidato",
  "cod_alianza": "3717",
  "cod_categoria": "DIP",
  "cod_lista": "3717.3739.3739",
  "cod_partido": "3717.3739",
  "codigo": "3717.3739.3739.6396",
  "dni": "18536098",
  "id_candidatura": "3717.3739.3739.6396",
  "id_umv": 1041,
  "imagenes": [
   "3717.3739.3739.6396",
   "default_mujer"
  ],
  "nombre": "DR. USTAREZ, JUSTINO",
  "nro_orden": 1,
  "orden_absoluto": [
   6,
   17,
   64,
   3,
   1
  ],
  "secundarios": [
   "MARTINEZ SERRANO, ANA EDITH"
  ],
  "sexo": "M",
  "suplentes": [
   "DELGADO, DANIEL GUSTAVO",
   "RODRIGUEZ, DEBORA ALEJANDRA"
  ]
 },
 {
  "asistida": "DEL VALLE SILVIA RAQUEL",
  "cargo_ejecutivo": true,
  "clase": "Candidato",
  "cod_alianza": "3717",
  "cod_categoria": "INT",
  "cod_lista": "3717.3739.3739",
  "cod_partido": "3717.3739",
  "codigo": "3717.3739.3739.6449",
  "dni": "14488350",
  "id_candidatura": "3717.3739.3739.6449",
  "id_umv": 1264,
  "imagenes": [
   "3717.3739.3739.6449"
  ],
  "nombre": "DEL VALLE, SILVIA",
  "nro_orden": 1,
  "orden_absoluto": [
   6,
   17,
   64,
   4,
   1
  ],
  "secundarios": [

  ],
  "sexo": "F",
  "suplentes": [

  ]
 },
 {
  "asistida": "DE VASCONCELOS JOS\u00c9 MAURO",
  "cargo_ejecutivo": false,
  "clase": "Candidato",
  "cod_alianza": "3717",
  "cod_categoria": "CNJ",
  "cod_lista": "3717.3739.3739",
  "cod_partido": "3717.3739",
  "codigo": "3717.3739.3739.6727",
  "dni": "26898557",
  "id_candidatura": "3717.3739.3739.6727",
  "id_umv": 109,
  "imagenes": [
   "3717.3739.3739.6727",
   "default_mujer",
   "default",
   "default_mujer",
   "default",
   "default_mujer",
   "default"
  ],
  "nombre": "DE VASCONCELLOS, MAURO",
  "nro_orden": 1,
  "orden_absoluto": [
   6,
   17,
   64,
   5,
   1
  ],
  "secundarios": [
   "VERA, MONICA SOLEDAD",
   "RENFIJES, JUAN RAMON",
   "MAMANI MADRIL, SILVINA NOEMI",
   "GOMEZ, CARLOS ALBERTO",
   "GUTIERREZ, GIMENA ELISABETH",
   "CONDORI, ALEJANDRO"
  ],
  "sexo": "M",
  "suplentes": [
   "ALBORNOZ SOLA, JESSICA LORENA",
   "SERRANO, JUAN CARLOS",
   "SALVATIERRA, LILIANA DEL CARMEN",
   "ALBERA DE VASCONCELLOS, JUAN",
   "MARTINEZ SERRANO, MIRTA RAQUEL"
  ]
 },
 {
  "asistida": "MOLINA GERM\u00c1N SEBASTI\u00c1N",
  "cargo_ejecutivo": false,
  "clase": "Candidato",
  "cod_alianza": "3723",
  "cod_categoria": "SEN",
  "cod_lista": "3723.3649.3649",
  "cod_partido": "3723.3649",
  "codigo": "3723.3649.3649.5432",
  "dni": "30182973",
  "id_candidatura": "3723.3649.3649.5432",
  "id_umv": 1818,
  "imagenes": [
   "3723.3649.3649.5432"
  ],
  "nombre": "MOLINA, \u201cGERMAN\u201d",
  "nro_orden": 1,
  "orden_absoluto": [
   5,
   29,
   22,
   2,
   1
  ],
  "secundarios": [

  ],
  "sexo": "M",
  "suplentes": [
   "GONZALEZ, LUCIA ELIZABET"
  ]
 },
 {
  "asistida": "AG\u00dcERO GONZALEZ ARON EXEQUIEL",
  "cargo_ejecutivo": false,
  "clase": "Candidato",
  "cod_alianza": "3723",
  "cod_categoria": "DIP",
  "cod_lista": "3723.3649.3649",
  "cod_partido": "3723.3649",
  "codigo": "3723.3649.3649.5436",
  "dni": "43137213",
  "id_candidatura": "3723.3649.3649.5436",
  "id_umv": 1052,
  "imagenes": [
   "3723.3649.3649.5436",
   "default_mujer"
  ],
  "nombre": "AG\u00dcERO GONZALEZ, AARON EXEQUIEL",
  "nro_orden": 1,
  "orden_absoluto": [
   5,
   29,
   22,
   3,
   1
  ],
  "secundarios": [
   "MILLARES, SUSANA EDITH"
  ],
  "sexo": "M",
  "suplentes": [
   "REZAMAL FERNANDEZ, CRISTIAN",
   "PADOVAN, ANDREA MARIANA"
  ]
 },
 {
  "asistida": "W\u00c1YAR GU\u00c1LTER RAUL",
  "cargo_ejecutivo": true,
  "clase": "Candidato",
  "cod_alianza": "3723",
  "cod_categoria": "GOB",
  "cod_lista": "3723.3741.3741",
  "cod_partido": "3723.3741",
  "codigo": "3723.3741.3741.7154",
  "dni": "12220501",
  "id_candidatura": "3723.3741.3741.7154",
  "id_umv": 1201,
  "imagenes": [
   "3723.3741.3741.7154",
   "default"
  ],
  "nombre": "WAYAR, WALTER",
  "nro_orden": 1,
  "orden_absoluto": [
   5,
   14,
   65,
   1,
   1
  ],
  "secundarios": [
   "MIZZAU, IVAN"
  ],
  "sexo": "M",
  "suplentes": [

  ]
 },
 {
  "asistida": "FRIAS ADRIANA ELIZABETH",
  "cargo_ejecutivo": false,
  "clase": "Candidato",
  "cod_alianza": "3723",
  "cod_categoria": "SEN",
  "cod_lista": "3723.3741.3741",
  "cod_partido": "3723.3741",
  "codigo": "3723.3741.3741.7158",
  "dni": "26627511",
  "id_candidatura": "3723.3741.3741.7158",
  "id_umv": 1821,
  "imagenes": [
   "3723.3741.3741.7158"
  ],
  "nombre": "FRIAS, ADRIANA ELIZABETH",
  "nro_orden": 1,
  "orden_absoluto": [
   5,
   14,
   65,
   2,
   1
  ],
  "secundarios": [

  ],
  "sexo": "F",
  "suplentes": [
   "CARO, JUAN MIGUEL"
  ]
 },
 {
  "asistida": "Alancay CELIA ALEJANDRA",
  "cargo_ejecutivo": false,
  "clase": "Candidato",
  "cod_alianza": "3723",
  "cod_categoria": "DIP",
  "cod_lista": "3723.3741.3741",
  "cod_partido": "3723.3741",
  "codigo": "3723.3741.3741.7196",
  "dni": "31639257",
  "id_candidatura": "3723.3741.3741.7196",
  "id_umv": 1055,
  "imagenes": [
   "3723.3741.3741.7196",
   "default"
  ],
  "nombre": "ALANCAY, CELIA ALEJANDRA",
  "nro_orden": 1,
  "orden_absoluto": [
   5,
   14,
   65,
   3,
   1
  ],
  "secundarios": [
   "SAJAMA, MARTIN GERARDO"
  ],
  "sexo": "F",
  "suplentes": [
   "ARIAS MAZZA, PAMELA ROMINA",
   "MAMANI, GUSTAVO EMANUEL"
  ]
 },
 {
  "asistida": "IBA\u00d1EZ NORMA LILIANA",
  "cargo_ejecutivo": true,
  "clase": "Candidato",
  "cod_alianza": "3723",
  "cod_categoria": "INT",
  "cod_lista": "3723.3741.3741",
  "cod_partido": "3723.3741",
  "codigo": "3723.3741.3741.7245",
  "dni": "28186986",
  "id_candidatura": "3723.3741.3741.7245",
  "id_umv": 1310,
  "imagenes": [
   "3723.3741.3741.7245"
  ],
  "nombre": "IBA\u00d1EZ, NORMA LILIANA",
  "nro_orden": 1,
  "orden_absoluto": [
   5,
   14,
   65,
   4,
   1
  ],
  "secundarios": [

  ],
  "sexo": "F",
  "suplentes": [

  ]
 },
 {
  "asistida": "BRAVO MICAELA FELICIDAD",
  "cargo_ejecutivo": false,
  "clase": "Candidato",
  "cod_alianza": "3723",
  "cod_categoria": "CNJ",
  "cod_lista": "3723.3741.3741",
  "cod_partido": "3723.3741",
  "codigo": "3723.3741.3741.7512",
  "dni": "20608581",
  "id_candidatura": "3723.3741.3741.7512",
  "id_umv": 207,
  "imagenes": [
   "3723.3741.3741.7512",
   "default",
   "default_mujer",
   "default",
   "default_mujer",
   "default",
   "default_mujer"
  ],
  "nombre": "BRAVO, MICAELA FELICIDAD",
  "nro_orden": 1,
  "orden_absoluto": [
   5,
   14,
   65,
   5,
   1
  ],
  "secundarios": [
   "VALDIVIEZO, RAMIRO MATEO",
   "MARTEARENA, NYDIA ALEJANDRA",
   "MAMANI, CRISTIAN GABRIEL",
   "LOPEZ, ANGELINA ELIZABET",
   "ELIAS, JOSE FARID",
   "CRUZ, TRINIDAD ANTONIA"
  ],
  "sexo": "F",
  "suplentes": [
   "RUIZ MARTEARENA, SANTIAGO",
   "ZENTENO, ALICIA JANET",
   "SUAREZ, ROBERTO ARTURO",
   "DELGADO, PAOLA LUCIA",
   "LOPEZ, HUGO ALEXIS",
   "CONTRERAS, DELIA LILIANA",
   "ALTAMIRANDA, SERGIO AGUSTIN"
  ]
 },
 {
  "asistida": "PAZ POSE LUCIO",
  "cargo_ejecutivo": true,
  "clase": "Candidato",
  "cod_alianza": "3728",
  "cod_categoria": "GOB",
  "cod_lista": "3728.3742.3742",
  "cod_partido": "3728.3742",
  "codigo": "3728.3742.3742.7704",
  "dni": "24875401",
  "id_candidatura": "3728.3742.3742.7704",
  "id_umv": 1202,
  "imagenes": [
   "3728.3742.3742.7704",
   "default_mujer"
  ],
  "nombre": "PAZ POSSE, LUCIO \u201cPINO\u201d",
  "nro_orden": 1,
  "orden_absoluto": [
   9,
   21,
   66,
   1,
   1
  ],
  "secundarios": [
   "FARJAT D\u2019ALESSANDRO, LORENA"
  ],
  "sexo": "M",
  "suplentes": [

  ]
 },
 {
  "asistida": "Baduna GOMEZA V\u00cdCTOR EDUARDO",
  "cargo_ejecutivo": false,
  "clase": "Candidato",
  "cod_alianza": "3728",
  "cod_categoria": "SEN",
  "cod_lista": "3728.3742.3742",
  "cod_partido": "3728.3742",
  "codigo": "3728.3742.3742.7706",
  "dni": "18504158",
  "id_candidatura": "3728.3742.3742.7706",
  "id_umv": 1830,
  "imagenes": [
   "3728.3742.3742.7706"
  ],
  "nombre": "BADUNA GOMEZA, VICTOR EDUARDO",
  "nro_orden": 1,
  "orden_absoluto": [
   9,
   21,
   66,
   2,
   1
  ],
  "secundarios": [

  ],
  "sexo": "M",
  "suplentes": [
   "BERRUETA, CRISTIAN ANGEL"
  ]
 },
 {
  "asistida": "PAZ CARLOS ANDR\u00c9S",
  "cargo_ejecutivo": false,
  "clase": "Candidato",
  "cod_alianza": "3728",
  "cod_categoria": "DIP",
  "cod_lista": "3728.3742.3742",
  "cod_partido": "3728.3742",
  "codigo": "3728.3742.3742.7734",
  "dni": "12959896",
  "id_candidatura": "3728.3742.3742.7734",
  "id_umv": 1066,
  "imagenes": [
   "3728.3742.3742.7734",
   "default_mujer"
  ],
  "nombre": "PAZ, CARLOS ANDRES",
  "nro_orden": 1,
  "orden_absoluto": [
   9,
   21,
   66,
   3,
   1
  ],
  "secundarios": [
   "CRUZ, RITA AGUSTINA"
  ],
  "sexo": "M",
  "suplentes": [
   "CRUZ GASPAR, AGUSTIN EXEQUIEL",
   "VERNIERI, CARLA VICTORIA"
  ]
 },
 {
  "asistida": "BERRUEZO MONICA IRIS",
  "cargo_ejecutivo": true,
  "clase": "Candidato",
  "cod_alianza": "3728",
  "cod_categoria": "INT",
  "cod_lista": "3728.3742.3742",
  "cod_partido": "3728.3742",
  "codigo": "3728.3742.3742.7771",
  "dni": "21314295",
  "id_candidatura": "3728.3742.3742.7771",
  "id_umv": 1343,
  "imagenes": [
   "3728.3742.3742.7771"
  ],
  "nombre": "BERRUEZO, MONICA IRIS",
  "nro_orden": 1,
  "orden_absoluto": [
   9,
   21,
   66,
   4,
   1
  ],
  "secundarios": [

  ],
  "sexo": "F",
  "suplentes": [

  ]
 },
 {
  "asistida": "MART\u00cdNEZ CRISTIAN GABINO",
  "cargo_ejecutivo": false,
  "clase": "Candidato",
  "cod_alianza": "3728",
  "cod_categoria": "CNJ",
  "cod_lista": "3728.3742.3742",
  "cod_partido": "3728.3742",
  "codigo": "3728.3742.3742.7871",
  "dni": "32715989",
  "id_candidatura": "3728.3742.3742.7871",
  "id_umv": 237,
  "imagenes": [
   "3728.3742.3742.7871",
   "default_mujer",
   "default",
   "default_mujer",
   "default",
   "default_mujer",
   "default"
  ],
  "nombre": "MARTINEZ, CRISTIAN GABINO",
  "nro_orden": 1,
  "orden_absoluto": [
   9,
   21,
   66,
   5,
   1
  ],
  "secundarios": [
   "CHOCOBAR, ELIZABETH SOLEDAD",
   "ESCALANTE, FRANCO EMANUEL",
   "MONTALDI, VALENTINA",
   "ZULCA, WALTER HORACIO",
   "GARCIA, MONICA MARIELA",
   "RUIZ GARCIA, EMILIO"
  ],
  "sexo": "M",
  "suplentes": [
   "BERRUEZO, CECILIA REMEDIOS",
   "ESTUPI\u00d1AN, JUAN GABRIEL",
   "BERRUEZO, MIRIAM ELENA",
   "VALDEZ, GERARDO DANIEL"
  ]
 },
 {
  "asistida": "Dom\u00ednguez GLADIS HAID\u00c9",
  "cargo_ejecutivo": false,
  "clase": "Candidato",
  "cod_alianza": "3728",
  "cod_categoria": "CNJ",
  "cod_lista": "3728.3748.3748",
  "cod_partido": "3728.3748",
  "codigo": "3728.3748.3748.9635",
  "dni": "31998631",
  "id_candidatura": "3728.3748.3748.9635",
  "id_umv": 251,
  "imagenes": [
   "3728.3748.3748.9635",
   "default",
   "default_mujer",
   "default",
   "default_mujer",
   "default",
   "default_mujer"
  ],
  "nombre": "DOMINGUEZ, GLADIS HAIDE",
  "nro_orden": 1,
  "orden_absoluto": [
   9,
   15,
   24,
   5,
   1
  ],
  "secundarios": [
   "CAYO, LEONARDO EDUARDO",
   "GUANCA, MARTA ALICIA",
   "ESCALANTE, ROBERTO CARLOS",
   "DULCE, ROSARIO GUADALUPE",
   "LINARES DIAZ, NESTOR CARLOS",
   "VALDEZ, CANDELARIA SOLEDAD"
  ],
  "sexo": "F",
  "suplentes": [
   "RODRIGUEZ, MARIO NICOLAS",
   "RIOS, MARIA LOURDES",
   "DULCE, ALBERTO LUCIANO"
  ]
 },
 {
  "asistida": "CAL\u00cdVA L\u00cdA VER\u00d3NICA",
  "cargo_ejecutivo": true,
  "clase": "Candidato",
  "cod_alianza": "3729",
  "cod_categoria": "GOB",
  "cod_lista": "3729.3747.3747",
  "cod_partido": "3729.3747",
  "codigo": "3729.3747.3747.9058",
  "dni": "25624792",
  "id_candidatura": "3729.3747.3747.9058",
  "id_umv": 1203,
  "imagenes": [
   "3729.3747.3747.9058",
   "default"
  ],
  "nombre": "CALIVA, LIA VERONICA",
  "nro_orden": 1,
  "orden_absoluto": [
   24,
   68,
   67,
   1,
   1
  ],
  "secundarios": [
   "GRAVANAGO, CARLOS ALEJANDRO"
  ],
  "sexo": "F",
  "suplentes": [

  ]
 },
 {
  "asistida": "RUEDA JUAN IGNACIO",
  "cargo_ejecutivo": false,
  "clase": "Candidato",
  "cod_alianza": "3729",
  "cod_categoria": "SEN",
  "cod_lista": "3729.3747.3747",
  "cod_partido": "3729.3747",
  "codigo": "3729.3747.3747.9061",
  "dni": "10422221",
  "id_candidatura": "3729.3747.3747.9061",
  "id_umv": 1836,
  "imagenes": [
   "3729.3747.3747.9061"
  ],
  "nombre": "RUEDA, JUAN IGNACIO",
  "nro_orden": 1,
  "orden_absoluto": [
   24,
   68,
   67,
   2,
   1
  ],
  "secundarios": [

  ],
  "sexo": "M",
  "suplentes": [
   "GUTIERREZ, VALERIA RAQUEL"
  ]
 },
 {
  "asistida": "ARIAS CARMEN RAFAELA LILIA",
  "cargo_ejecutivo": false,
  "clase": "Candidato",
  "cod_alianza": "3729",
  "cod_categoria": "DIP",
  "cod_lista": "3729.3747.3747",
  "cod_partido": "3729.3747",
  "codigo": "3729.3747.3747.9089",
  "dni": "25813004",
  "id_candidatura": "3729.3747.3747.9089",
  "id_umv": 1075,
  "imagenes": [
   "3729.3747.3747.9089",
   "default"
  ],
  "nombre": "ARIAS, CARMEN RAFAELA LILIA",
  "nro_orden": 1,
  "orden_absoluto": [
   24,
   68,
   67,
   3,
   1
  ],
  "secundarios": [
   "CANTERO, ALEXANDER EMANUEL"
  ],
  "sexo": "F",
  "suplentes": [

  ]
 },
 {
  "asistida": "LOPEZ ROGELIO",
  "cargo_ejecutivo": true,
  "clase": "Candidato",
  "cod_alianza": "3729",
  "cod_categoria": "INT",
  "cod_lista": "3729.3747.3747",
  "cod_partido": "3729.3747",
  "codigo": "3729.3747.3747.9127",
  "dni": "7636644",
  "id_candidatura": "3729.3747.3747.9127",
  "id_umv": 1375,
  "imagenes": [
   "3729.3747.3747.9127"
  ],
  "nombre": "LOPEZ, ROGELIO",
  "nro_orden": 1,
  "orden_absoluto": [
   24,
   68,
   67,
   4,
   1
  ],
  "secundarios": [

  ],
  "sexo": "M",
  "suplentes": [

  ]
 },
 {
  "asistida": "LOPEZ LIDIA MARGARITA",
  "cargo_ejecutivo": false,
  "clase": "Candidato",
  "cod_alianza": "3729",
  "cod_categoria": "CNJ",
  "cod_lista": "3729.3747.3747",
  "cod_partido": "3729.3747",
  "codigo": "3729.3747.3747.9370",
  "dni": "13471937",
  "id_candidatura": "3729.3747.3747.9370",
  "id_umv": 285,
  "imagenes": [
   "3729.3747.3747.9370",
   "default",
   "default_mujer",
   "default",
   "default_mujer",
   "default",
   "default_mujer"
  ],
  "nombre": "LOPEZ, LIDIA MARGARITA",
  "nro_orden": 1,
  "orden_absoluto": [
   24,
   68,
   67,
   5,
   1
  ],
  "secundarios": [
   "CORIA, MIGUEL ROLANDO",
   "DIAZ, CELIA ELISABETH",
   "ROJAS, CLAUDIO ARIEL",
   "LEON TORRES, MARGARITA",
   "ALVAREZ, JORGE RUBEN",
   "BURGOS, CLARA BEATRIZ"
  ],
  "sexo": "F",
  "suplentes": [
   "FARFAN, ROBERTO ENRIQUE",
   "MENDEZ LOPEZ, LUCIANA EMILIA",
   "BETANZO, HUGO MARCELO",
   "MENDIOLAZA, AGUSTINA NATALY",
   "MENDEZ LOPEZ, HUGO HERNAN",
   "PASTRANA, MABEL ROMINA"
  ]
 },
 {
  "asistida": "ROJAS MONICA GRACIELA",
  "cargo_ejecutivo": false,
  "clase": "Candidato",
  "cod_alianza": "3729",
  "cod_categoria": "CNJ",
  "cod_lista": "3729.459.459",
  "cod_partido": "3729.459",
  "codigo": "3729.459.459.10987",
  "dni": "31840197",
  "id_candidatura": "3729.459.459.10987",
  "id_umv": 297,
  "imagenes": [
   "3729.459.459.10987",
   "default",
   "default_mujer",
   "default",
   "default_mujer",
   "default",
   "default_mujer"
  ],
  "nombre": "ROJAS, MONICA GRACIELA",
  "nro_orden": 1,
  "orden_absoluto": [
   24,
   35,
   77,
   5,
   1
  ],
  "secundarios": [
   "MARTINEZ, VICENTE MARTIN",
   "RODRIGUEZ, CINTIA DEL CARMEN",
   "CARRASCO, JOSE ELIO",
   "SEGOBIA, CLAUDIA NOEMI",
   "LOPEZ, NESTOR MAXIMO",
   "PAITA, JANET"
  ],
  "sexo": "F",
  "suplentes": [
   "ESCALANTE, JULIO ALBERTO",
   "ROMERO, GABRIELA YANINA",
   "LOPEZ, CARLOS DANIEL",
   "GUANTAY, CLAUDIA ESTER",
   "CALAZANZ, JOSE ORLANDO"
  ]
 },
 {
  "asistida": "NANNI VALERO MIGUEL",
  "cargo_ejecutivo": true,
  "clase": "Candidato",
  "cod_alianza": "3730",
  "cod_categoria": "GOB",
  "cod_lista": "3730.3746.3746",
  "cod_partido": "3730.3746",
  "codigo": "3730.3746.3746.8614",
  "dni": "25802248",
  "id_candidatura": "3730.3746.3746.8614",
  "id_umv": 1204,
  "imagenes": [
   "3730.3746.3746.8614",
   "default_mujer"
  ],
  "nombre": "NANNI, MIGUEL",
  "nro_orden": 1,
  "orden_absoluto": [
   15,
   32,
   74,
   1,
   1
  ],
  "secundarios": [
   "CORNEJO, VIRGINIA"
  ],
  "sexo": "M",
  "suplentes": [

  ]
 },
 {
  "asistida": "JORA MAR\u00edA DEL CARMEN",
  "cargo_ejecutivo": false,
  "clase": "Candidato",
  "cod_alianza": "3730",
  "cod_categoria": "SEN",
  "cod_lista": "3730.3746.3746",
  "cod_partido": "3730.3746",
  "codigo": "3730.3746.3746.8616",
  "dni": "11853182",
  "id_candidatura": "3730.3746.3746.8616",
  "id_umv": 1844,
  "imagenes": [
   "3730.3746.3746.8616"
  ],
  "nombre": "JORA, \u201cGRINGA\u201d MARIA DEL CARMEN",
  "nro_orden": 1,
  "orden_absoluto": [
   15,
   32,
   74,
   2,
   1
  ],
  "secundarios": [

  ],
  "sexo": "F",
  "suplentes": [
   "BAIZ, HUGO EUSEBIO"
  ]
 },
 {
  "asistida": "Fermosele SERGIO RUB\u00c9N",
  "cargo_ejecutivo": false,
  "clase": "Candidato",
  "cod_alianza": "3730",
  "cod_categoria": "DIP",
  "cod_lista": "3730.3746.3746",
  "cod_partido": "3730.3746",
  "codigo": "3730.3746.3746.8650",
  "dni": "12958516",
  "id_candidatura": "3730.3746.3746.8650",
  "id_umv": 1082,
  "imagenes": [
   "3730.3746.3746.8650",
   "default_mujer"
  ],
  "nombre": "FERMOSELLE, SERGIO RUBEN",
  "nro_orden": 1,
  "orden_absoluto": [
   15,
   32,
   74,
   3,
   1
  ],
  "secundarios": [
   "SARACHO, MARIA CRISTINA"
  ],
  "sexo": "M",
  "suplentes": [
   "BAIZ, DIEGO EMANUEL",
   "ORTIZ, MARIA DEL ROSARIO"
  ]
 },
 {
  "asistida": "Sabadini MAURO DIEGO",
  "cargo_ejecutivo": true,
  "clase": "Candidato",
  "cod_alianza": "3731",
  "cod_categoria": "GOB",
  "cod_lista": "3731.3743.3743",
  "cod_partido": "3731.3743",
  "codigo": "3731.3743.3743.7941",
  "dni": "23362242",
  "id_candidatura": "3731.3743.3743.7941",
  "id_umv": 1205,
  "imagenes": [
   "3731.3743.3743.7941",
   "default_mujer"
  ],
  "nombre": "SABBADINI, MAURO DIEGO",
  "nro_orden": 1,
  "orden_absoluto": [
   10,
   22,
   68,
   1,
   1
  ],
  "secundarios": [
   "LOAYZA PACHECO, JIMENA LUCIA"
  ],
  "sexo": "M",
  "suplentes": [

  ]
 },
 {
  "asistida": "FARFAN NOEM\u00cd DE LOS ANGELES",
  "cargo_ejecutivo": false,
  "clase": "Candidato",
  "cod_alianza": "3731",
  "cod_categoria": "SEN",
  "cod_lista": "3731.3743.3743",
  "cod_partido": "3731.3743",
  "codigo": "3731.3743.3743.7943",
  "dni": "13988995",
  "id_candidatura": "3731.3743.3743.7943",
  "id_umv": 1853,
  "imagenes": [
   "3731.3743.3743.7943"
  ],
  "nombre": "FARFAN, NOEMI DE LOS ANGELES",
  "nro_orden": 1,
  "orden_absoluto": [
   10,
   22,
   68,
   2,
   1
  ],
  "secundarios": [

  ],
  "sexo": "F",
  "suplentes": [
   "BURGOS CASTRO, MARIA INES"
  ]
 },
 {
  "asistida": "CRUZ MARTA JOSEFINA",
  "cargo_ejecutivo": false,
  "clase": "Candidato",
  "cod_alianza": "3731",
  "cod_categoria": "DIP",
  "cod_lista": "3731.3743.3743",
  "cod_partido": "3731.3743",
  "codigo": "3731.3743.3743.7969",
  "dni": "16664939",
  "id_candidatura": "3731.3743.3743.7969",
  "id_umv": 1095,
  "imagenes": [
   "3731.3743.3743.7969",
   "default"
  ],
  "nombre": "CRUZ, MARTHA JOSEFINA",
  "nro_orden": 1,
  "orden_absoluto": [
   10,
   22,
   68,
   3,
   1
  ],
  "secundarios": [
   "LAMAS, IVAN OMAR"
  ],
  "sexo": "F",
  "suplentes": [
   "DOMINGUEZ, JESICA MARIANELA",
   "LOPEZ, ALDO RAMIRO"
  ]
 },
 {
  "asistida": "SALGADO Osc\u00e1r FIDEL",
  "cargo_ejecutivo": true,
  "clase": "Candidato",
  "cod_alianza": "3731",
  "cod_categoria": "INT",
  "cod_lista": "3731.3743.3743",
  "cod_partido": "3731.3743",
  "codigo": "3731.3743.3743.8009",
  "dni": "22499065",
  "id_candidatura": "3731.3743.3743.8009",
  "id_umv": 1435,
  "imagenes": [
   "3731.3743.3743.8009"
  ],
  "nombre": "SALGADO, OSCAR FIDEL",
  "nro_orden": 1,
  "orden_absoluto": [
   10,
   22,
   68,
   4,
   1
  ],
  "secundarios": [

  ],
  "sexo": "M",
  "suplentes": [

  ]
 },
 {
  "asistida": "VILLALOBOS VALENTIN \"PROF.\"",
  "cargo_ejecutivo": false,
  "clase": "Candidato",
  "cod_alianza": "3731",
  "cod_categoria": "CNJ",
  "cod_lista": "3731.3743.3743",
  "cod_partido": "3731.3743",
  "codigo": "3731.3743.3743.8240",
  "dni": "21314260",
  "id_candidatura": "3731.3743.3743.8240",
  "id_umv": 370,
  "imagenes": [
   "3731.3743.3743.8240",
   "default_mujer",
   "default",
   "default_mujer",
   "default",
   "default_mujer",
   "default"
  ],
  "nombre": "PROF. VILLALOBOS, VALENTIN",
  "nro_orden": 1,
  "orden_absoluto": [
   10,
   22,
   68,
   5,
   1
  ],
  "secundarios": [
   "DURAN, CLAUDIA ELIZABETH",
   "MORALES, HECTOR ARIEL",
   "MARTINEZ, MONICA BEATRIZ",
   "RODRIGUEZ, LEANDRO BENJAMIN",
   "VERA, NELIDA NOEMI",
   "MADARIAGA, NELSON LEONARDO"
  ],
  "sexo": "M",
  "suplentes": [
   "CONDORI, MARIA CRISTINA",
   "MORALES, DANIEL GUSTAVO",
   "CHOCOBAR, ALICIA DEL VALLE",
   "ARANA, ALBANO EMILIO"
  ]
 },
 {
  "asistida": "DEL PLA CLAUDIO ARIEL",
  "cargo_ejecutivo": true,
  "clase": "Candidato",
  "cod_alianza": "3732",
  "cod_categoria": "GOB",
  "cod_lista": "3732.3740.3740",
  "cod_partido": "3732.3740",
  "codigo": "3732.3740.3740.6916",
  "dni": "13943671",
  "id_candidatura": "3732.3740.3740.6916",
  "id_umv": 1206,
  "imagenes": [
   "3732.3740.3740.6916",
   "default_mujer"
  ],
  "nombre": "DEL PLA, CLAUDIO ARIEL",
  "nro_orden": 1,
  "orden_absoluto": [
   7,
   18,
   73,
   1,
   1
  ],
  "secundarios": [
   "HIDALGO, LORENA VANESA"
  ],
  "sexo": "M",
  "suplentes": [

  ]
 },
 {
  "asistida": "MIRANDA ROLANDO ENRIQUE",
  "cargo_ejecutivo": false,
  "clase": "Candidato",
  "cod_alianza": "3733",
  "cod_categoria": "CNJ",
  "cod_lista": "3733.10.10",
  "cod_partido": "3733.10",
  "codigo": "3733.10.10.165",
  "dni": "24092810",
  "id_candidatura": "3733.10.10.165",
  "id_umv": 400,
  "imagenes": [
   "3733.10.10.165",
   "default_mujer",
   "default",
   "default_mujer",
   "default",
   "default_mujer",
   "default"
  ],
  "nombre": "MIRANDA, ROLANDO \u201cLAUCHITA\u201d",
  "nro_orden": 1,
  "orden_absoluto": [
   11,
   51,
   4,
   5,
   1
  ],
  "secundarios": [
   "HERRERA, GRISELDA SOLEDAD",
   "GUAIMAS, JORGE DANIEL",
   "CHOCOBAR, CECILIA VANESA",
   "MARCIAL, EZEQUIEL DAVID",
   "HERRERA, ISABEL CELESTINA",
   "RIOS, JOSE EZEQUIEL"
  ],
  "sexo": "M",
  "suplentes": [
   "ACU\u00d1A, NOEMI ISABEL",
   "GUAYMAS, JOSE LUIS",
   "CRUZ, MONICA CAROLINA",
   "MAMANI, CRISTIAN ALEJANDRO"
  ]
 },
 {
  "asistida": "V\u00cdLTE LILIANA A\u00cdDA",
  "cargo_ejecutivo": false,
  "clase": "Candidato",
  "cod_alianza": "3733",
  "cod_categoria": "CNJ",
  "cod_lista": "3733.1861.1861",
  "cod_partido": "3733.1861",
  "codigo": "3733.1861.1861.1481",
  "dni": "22214306",
  "id_candidatura": "3733.1861.1861.1481",
  "id_umv": 421,
  "imagenes": [
   "3733.1861.1861.1481",
   "default",
   "default_mujer",
   "default",
   "default_mujer",
   "default",
   "default_mujer"
  ],
  "nombre": "VILTE, LILIANA",
  "nro_orden": 1,
  "orden_absoluto": [
   11,
   55,
   13,
   5,
   1
  ],
  "secundarios": [
   "GIMENEZ, LEONEL ALEJANDRO",
   "CRUZ, FELISA ADELA",
   "CRUZ, JORGE ARMANDO",
   "SANCHEZ, SILVIA CAROLINA",
   "ORCE, ARMANDO GABRIEL",
   "MONTA\u00d1EZ, ANA MARIA"
  ],
  "sexo": "F",
  "suplentes": [
   "FERRUFINO, EDI ROGER",
   "MARTCIAL, MARIA DEL VALLE",
   "GIMENEZ, HECTOR FEDERICO",
   "VILTE, MIRTA SONIA",
   "ELIAS, FERNANDO DANIEL",
   "GIMENEZ, FLORENCIA DEL VALLE",
   "FERRUFINO, ALEXIS RAUL"
  ]
 },
 {
  "asistida": "DIAZ CABRAL SANTIAGO JOAQUIN",
  "cargo_ejecutivo": false,
  "clase": "Candidato",
  "cod_alianza": "3733",
  "cod_categoria": "CNJ",
  "cod_lista": "3733.1862.1862",
  "cod_partido": "3733.1862",
  "codigo": "3733.1862.1862.1860",
  "dni": "41296205",
  "id_candidatura": "3733.1862.1862.1860",
  "id_umv": 449,
  "imagenes": [
   "3733.1862.1862.1860",
   "default_mujer",
   "default",
   "default_mujer",
   "default",
   "default_mujer",
   "default"
  ],
  "nombre": "DIAZ, JOAQUIN \u201cJOACO\u201d",
  "nro_orden": 1,
  "orden_absoluto": [
   11,
   63,
   14,
   5,
   1
  ],
  "secundarios": [
   "DELGADO, SANDRA GABRIELA",
   "VILLEGAS, RAMON FEDERICO",
   "SILVA, SANDRA MARIELA IRENE",
   "SERRUTO, FERNANDO ABDUL BALBINO",
   "MARTINEZ, MARIA DEL MILAGRO",
   "FLORES, ENZO GILBERTO"
  ],
  "sexo": "M",
  "suplentes": [
   "FARFAN, ANABEL SOLEDAD",
   "SANDRIN, ROBERTO MATIAS",
   "FERNANDEZ, TAMARA MARIANELA",
   "TAPIA, FACUNDO DANIEL",
   "GUAYMAS, LORENA MARISOL",
   "ORTEGA, ENRIQUE MATEO"
  ]
 },
 {
  "asistida": "ALCALA PEDRO BENITO",
  "cargo_ejecutivo": false,
  "clase": "Candidato",
  "cod_alianza": "3733",
  "cod_categoria": "CNJ",
  "cod_lista": "3733.1869.1869",
  "cod_partido": "3733.1869",
  "codigo": "3733.1869.1869.2300",
  "dni": "28836583",
  "id_candidatura": "3733.1869.1869.2300",
  "id_umv": 480,
  "imagenes": [
   "3733.1869.1869.2300",
   "default_mujer",
   "default",
   "default_mujer",
   "default",
   "default_mujer",
   "default"
  ],
  "nombre": "ALCALA, PEDRO \u201cPEPE\u201d",
  "nro_orden": 1,
  "orden_absoluto": [
   11,
   67,
   15,
   5,
   1
  ],
  "secundarios": [
   "CHILO, CLARA DELICIA",
   "MORALES, RODOLFO LUIS",
   "LOAYZA VALDA, MARIANA RAQUEL",
   "CAICONTE, PABLO CESAR",
   "GUERRERO, VANESA FABIANA",
   "VELAZQUEZ, CLAUDIO DOMINGO"
  ],
  "sexo": "M",
  "suplentes": [
   "LOPEZ, ROSITE CAMILA DEL HUERTO",
   "RUIZ, RODRIGO ARMANDO"
  ]
 },
 {
  "asistida": "TACA LAURA MARISOL",
  "cargo_ejecutivo": false,
  "clase": "Candidato",
  "cod_alianza": "3733",
  "cod_categoria": "CNJ",
  "cod_lista": "3733.2625.2625",
  "cod_partido": "3733.2625",
  "codigo": "3733.2625.2625.4246",
  "dni": "33250545",
  "id_candidatura": "3733.2625.2625.4246",
  "id_umv": 506,
  "imagenes": [
   "3733.2625.2625.4246",
   "default",
   "default_mujer",
   "default",
   "default_mujer",
   "default",
   "default_mujer"
  ],
  "nombre": "TACA, LAURA",
  "nro_orden": 1,
  "orden_absoluto": [
   11,
   50,
   62,
   5,
   1
  ],
  "secundarios": [
   "GUAYMAS, SERGIO GABRIEL",
   "ARIAS, ELISA ADRIANA",
   "GONZALEZ, WALTER HUGO",
   "ESPINOZA, VALERIA DEL CARMEN",
   "GUAYMAS, JESUS OMAR",
   "ERAZO, DEBORAH AYELEN"
  ],
  "sexo": "F",
  "suplentes": [
   "DELGADO, REYES RODOLFO",
   "MAMANI, SARA BENITA",
   "GALLARDO, PABLO LUIS",
   "NU\u00d1EZ, ROMINA SILVANA",
   "AYU, ROBERTO ABRAHAM",
   "TACA, BARBARA ELOISA"
  ]
 },
 {
  "asistida": "CASTILLO \u00d3SCAR RICARDO",
  "cargo_ejecutivo": false,
  "clase": "Candidato",
  "cod_alianza": "3733",
  "cod_categoria": "CNJ",
  "cod_lista": "3733.2627.2627",
  "cod_partido": "3733.2627",
  "codigo": "3733.2627.2627.4709",
  "dni": "36346558",
  "id_candidatura": "3733.2627.2627.4709",
  "id_umv": 523,
  "imagenes": [
   "3733.2627.2627.4709",
   "default_mujer",
   "default",
   "default_mujer",
   "default",
   "default_mujer",
   "default"
  ],
  "nombre": "CASTILLO, OSCAR",
  "nro_orden": 1,
  "orden_absoluto": [
   11,
   72,
   20,
   5,
   1
  ],
  "secundarios": [
   "PALOMO, ALEXANDRA DEL VALLE",
   "SERAPIO, ANDRES REIMUNDO",
   "LEDESMA, VIOLETA YUDIT",
   "SARAPURA, PASCUAL IGNACIO",
   "BALTAZAR, BELEN ABIGAIL",
   "REYNAGA, ELIAS EFRAIN"
  ],
  "sexo": "M",
  "suplentes": [
   "PORTAL, ROSANA DEL VALLE",
   "FARFAN, ALBERTO LEONARDO",
   "LIENDRO, LORENA PAOLA",
   "COPA, OMAR FERNANDO",
   "MORALES, NILDA EVELIA"
  ]
 },
 {
  "asistida": "ACU\u00d1A DANTE ARNALDO",
  "cargo_ejecutivo": false,
  "clase": "Candidato",
  "cod_alianza": "3733",
  "cod_categoria": "CNJ",
  "cod_lista": "3733.3713.3713",
  "cod_partido": "3733.3713",
  "codigo": "3733.3713.3713.6276",
  "dni": "36127417",
  "id_candidatura": "3733.3713.3713.6276",
  "id_umv": 541,
  "imagenes": [
   "3733.3713.3713.6276",
   "default_mujer",
   "default",
   "default_mujer",
   "default",
   "default_mujer",
   "default"
  ],
  "nombre": "ACU\u00d1A, DANTE \u201cPATILO\u201d",
  "nro_orden": 1,
  "orden_absoluto": [
   11,
   33,
   37,
   5,
   1
  ],
  "secundarios": [
   "RIOS, NELIDA VALERIA",
   "SEGUNDO, JAVIER MARTIN",
   "ARGOTA, ALICIA DEL MILAGRO",
   "IBARRA, JOSE MANUEL",
   "ZARATE, VILMA LETICIA",
   "GUTIERREZ, MAURO LEONEL"
  ],
  "sexo": "M",
  "suplentes": [
   "AVALOS, MARIA ALICIA",
   "RIOS, JORGE RODRIGO",
   "QUIPILDOR, SILVINA ANDREA",
   "TAPIA, ANTONIO MARCELO",
   "VELEZ, NORMA GRACIELA",
   "RODRIGUEZ, JESUS ARMANDO"
  ]
 },
 {
  "asistida": "CARO D\u00c1VALOS GONZALO",
  "cargo_ejecutivo": false,
  "clase": "Candidato",
  "cod_alianza": "3733",
  "cod_categoria": "SEN",
  "cod_lista": "3733.3744.3744",
  "cod_partido": "3733.3744",
  "codigo": "3733.3744.3744.8369",
  "dni": "29737303",
  "id_candidatura": "3733.3744.3744.8369",
  "id_umv": 1864,
  "imagenes": [
   "3733.3744.3744.8369"
  ],
  "nombre": "CARO DAVALOS, GONZALO",
  "nro_orden": 1,
  "orden_absoluto": [
   11,
   24,
   71,
   2,
   1
  ],
  "secundarios": [

  ],
  "sexo": "M",
  "suplentes": [
   "IUNNISSI, MIGUEL SEVERINO"
  ]
 },
 {
  "asistida": "ALBEZA LUIS FERNANDO",
  "cargo_ejecutivo": false,
  "clase": "Candidato",
  "cod_alianza": "3733",
  "cod_categoria": "DIP",
  "cod_lista": "3733.3744.3744",
  "cod_partido": "3733.3744",
  "codigo": "3733.3744.3744.8385",
  "dni": "30759564",
  "id_candidatura": "3733.3744.3744.8385",
  "id_umv": 1116,
  "imagenes": [
   "3733.3744.3744.8385",
   "default_mujer"
  ],
  "nombre": "ALBEZA, LUIS FERNANDO",
  "nro_orden": 1,
  "orden_absoluto": [
   11,
   24,
   71,
   3,
   1
  ],
  "secundarios": [
   "RAMIREZ, MARIA GABRIELA"
  ],
  "sexo": "M",
  "suplentes": [
   "CALVO VALERO, CARLOS ANDRES",
   "TRONCOZO, NELLY MABEL"
  ]
 },
 {
  "asistida": "W\u00c1YAR JAVIER RAFAEL",
  "cargo_ejecutivo": true,
  "clase": "Candidato",
  "cod_alianza": "3733",
  "cod_categoria": "INT",
  "cod_lista": "3733.3744.3744",
  "cod_partido": "3733.3744",
  "codigo": "3733.3744.3744.8423",
  "dni": "32809499",
  "id_candidatura": "3733.3744.3744.8423",
  "id_umv": 1500,
  "imagenes": [
   "3733.3744.3744.8423"
  ],
  "nombre": "WAYAR, JAVIER RAFAEL",
  "nro_orden": 1,
  "orden_absoluto": [
   11,
   24,
   71,
   4,
   1
  ],
  "secundarios": [

  ],
  "sexo": "M",
  "suplentes": [

  ]
 },
 {
  "asistida": "CRUZ SILVIA DEL CARMEN",
  "cargo_ejecutivo": false,
  "clase": "Candidato",
  "cod_alianza": "3733",
  "cod_categoria": "CNJ",
  "cod_lista": "3733.38.38",
  "cod_partido": "3733.38",
  "codigo": "3733.38.38.9867",
  "dni": "22214311",
  "id_candidatura": "3733.38.38.9867",
  "id_umv": 565,
  "imagenes": [
   "3733.38.38.9867",
   "default",
   "default_mujer",
   "default",
   "default_mujer",
   "default",
   "default_mujer"
  ],
  "nombre": "CRUZ, SILVIA",
  "nro_orden": 1,
  "orden_absoluto": [
   11,
   65,
   5,
   5,
   1
  ],
  "secundarios": [
   "DIAZ, JESUS ANGEL",
   "CRUZ, ROMINA ALEJANDRA",
   "GUTIERREZ KUTI, JORGE LUIS",
   "GUANTAY, SILVIA ELIZABETH",
   "DIAZ, RUBEN FELIX",
   "MAGNO, PAOLA CAROLINA"
  ],
  "sexo": "F",
  "suplentes": [
   "DIAZ, JULIO ALBERTO",
   "TORRES, GRACIELA SOLEDAD",
   "FLORES, CRISTIAN DAVID",
   "LLAMPA, LUCIANA BELEN",
   "RIOS, JAVIER ALFREDO",
   "GUTIERREZ, LUCIANA EMILSE",
   "CEJAS, DARIO DAVID"
  ]
 },
 {
  "asistida": "Ruberto SAENZ GUSTAVO ADOLFO",
  "cargo_ejecutivo": true,
  "clase": "Candidato",
  "cod_alianza": "3734",
  "cod_categoria": "GOB",
  "cod_lista": "3734.3737.3737",
  "cod_partido": "3734.3737",
  "codigo": "3734.3737.3737.6358",
  "dni": "20609646",
  "id_candidatura": "3734.3737.3737.6358",
  "id_umv": 1207,
  "imagenes": [
   "3734.3737.3737.6358",
   "default"
  ],
  "nombre": "SAENZ, GUSTAVO",
  "nro_orden": 1,
  "orden_absoluto": [
   1,
   5,
   69,
   1,
   1
  ],
  "secundarios": [
   "MAROCCO, ANTONIO \u201cGRINGO\u201d"
  ],
  "sexo": "M",
  "suplentes": [

  ]
 },
 {
  "asistida": "MAN\u00daSO GUSTAVO ORLANDO",
  "cargo_ejecutivo": false,
  "clase": "Candidato",
  "cod_alianza": "3735",
  "cod_categoria": "CNJ",
  "cod_lista": "3735.15.15",
  "cod_partido": "3735.15",
  "codigo": "3735.15.15.1036",
  "dni": "14473497",
  "id_candidatura": "3735.15.15.1036",
  "id_umv": 580,
  "imagenes": [
   "3735.15.15.1036",
   "default_mujer",
   "default",
   "default_mujer",
   "default",
   "default_mujer",
   "default"
  ],
  "nombre": "MANUSO, GUSTAVO ORLANDO",
  "nro_orden": 1,
  "orden_absoluto": [
   12,
   59,
   1,
   5,
   1
  ],
  "secundarios": [
   "IBA\u00d1EZ, SILVANA MARIA",
   "IBA\u00d1EZ, VICTOR DANIEL",
   "AGUIRRE VELASQUEZ, RITA INES",
   "ALLENDE, CARLOS DANIEL",
   "GUAYMAS, MARTA ROXANA",
   "FLORES, WALTER LUIS"
  ],
  "sexo": "M",
  "suplentes": [
   "ELIAS, GISELA CAROLINA",
   "VILLALBA, SERVANDO IRINEO",
   "GUAYMAS, PAULINA SOLEDAD",
   "CHAUQUE, JUAN ADRIAN",
   "CHAUQUE ENRRIQUEZ, ARIANA",
   "SIARES, ARIEL HUGO ORLANDO",
   "DUARTE, MIRTA INES"
  ]
 },
 {
  "asistida": "LI\u00c9NDR\u00d3 ORLANDO OMAR",
  "cargo_ejecutivo": false,
  "clase": "Candidato",
  "cod_alianza": "3735",
  "cod_categoria": "CNJ",
  "cod_lista": "3735.1873.1873",
  "cod_partido": "3735.1873",
  "codigo": "3735.1873.1873.2825",
  "dni": "20615712",
  "id_candidatura": "3735.1873.1873.2825",
  "id_umv": 623,
  "imagenes": [
   "3735.1873.1873.2825",
   "default_mujer",
   "default",
   "default_mujer",
   "default",
   "default_mujer",
   "default"
  ],
  "nombre": "LIENDRO, ORLANDO OMAR",
  "nro_orden": 1,
  "orden_absoluto": [
   12,
   56,
   80,
   5,
   1
  ],
  "secundarios": [
   "OBEID, GISELLA JUDITH",
   "CAMPOS, FERNANDO FRANCISCO",
   "GONZALEZ PAREDES, GABRIELA",
   "AYU, DAVID HERNAN",
   "VILLALBA, MARTA SOLEDAD",
   "CARRASCO, ROGELIO ROLANDO"
  ],
  "sexo": "M",
  "suplentes": [
   "ACU\u00d1A, LAURA ROSANA",
   "LIENDRO, ROLANDO DARIO",
   "MU\u00d1OZ, ANALIA DEL MILAGRO",
   "TINTE, CARLOS FRANCO SALVADOR",
   "DIAZ, ALICIA ISABEL"
  ]
 },
 {
  "asistida": "CORTeZ V\u00edCToR EDUARDO",
  "cargo_ejecutivo": false,
  "clase": "Candidato",
  "cod_alianza": "3735",
  "cod_categoria": "CNJ",
  "cod_lista": "3735.208.208",
  "cod_partido": "3735.208",
  "codigo": "3735.208.208.3227",
  "dni": "31545071",
  "id_candidatura": "3735.208.208.3227",
  "id_umv": 655,
  "imagenes": [
   "3735.208.208.3227",
   "default_mujer",
   "default",
   "default_mujer",
   "default",
   "default_mujer",
   "default"
  ],
  "nombre": "CORTEZ, VICTOR EDUARDO",
  "nro_orden": 1,
  "orden_absoluto": [
   12,
   41,
   7,
   5,
   1
  ],
  "secundarios": [
   "CAZULA, MARIA CECILIA",
   "DIAZ FERRUFINO, NELSON EMANUEL",
   "SALINAS, CINTIA BETIANA",
   "VILLAGRA, RAFAEL ERNESTO",
   "DIAZ, VERONICA MARIA",
   "OLARTE, INDALECIO NELSON"
  ],
  "sexo": "M",
  "suplentes": [
   "LOAYZA, EUGENIA ELIZABETH",
   "SOSA, NICOLAS ALBERTO",
   "VELASQUEZ, ALDANA ARACELI",
   "LOPEZ AHANDUNI, HERNAN ROBERTO",
   "DIAZ, MARIA SORAIDA",
   "FLORES, MILTON ROLANDO",
   "CUELLO, MIRIAM SOLEDAD"
  ]
 },
 {
  "asistida": "Maman\u00ed V\u00cdCTOR ALEJ\u00c1NDRO",
  "cargo_ejecutivo": false,
  "clase": "Candidato",
  "cod_alianza": "3735",
  "cod_categoria": "CNJ",
  "cod_lista": "3735.32.32",
  "cod_partido": "3735.32",
  "codigo": "3735.32.32.5146",
  "dni": "24822093",
  "id_candidatura": "3735.32.32.5146",
  "id_umv": 690,
  "imagenes": [
   "3735.32.32.5146",
   "default_mujer",
   "default",
   "default_mujer",
   "default",
   "default_mujer",
   "default"
  ],
  "nombre": "MAMANI, VICTOR ALEJANDRO",
  "nro_orden": 1,
  "orden_absoluto": [
   12,
   46,
   63,
   5,
   1
  ],
  "secundarios": [
   "SAYAGO ARRASCAETA, ARACELI",
   "YBARRA, CLAUDIO MANUEL",
   "FLORES, SUSANA BEATRIZ",
   "MORENO, FACUNDO ISMAEL",
   "LIENDRO, ROSA VANESA",
   "AIZA, KEVIN MATIAS"
  ],
  "sexo": "M",
  "suplentes": [
   "BRAVO, LUCIA DEL CARMEN GUA",
   "RIOS, JOSE ALBERTO",
   "LIENDRO, ANA PAULA",
   "MAMANI, FABRIZIO ALEJANDRO",
   "CRUZ, NATIVIDAD DE LOS ANGELES",
   "RIOS, GABRIEL ALEJANDRO"
  ]
 },
 {
  "asistida": "D\u00c1RFE TENA MAGAL\u00cd PILAR",
  "cargo_ejecutivo": false,
  "clase": "Candidato",
  "cod_alianza": "3735",
  "cod_categoria": "CNJ",
  "cod_lista": "3735.3650.3650",
  "cod_partido": "3735.3650",
  "codigo": "3735.3650.3650.5892",
  "dni": "40516520",
  "id_candidatura": "3735.3650.3650.5892",
  "id_umv": 725,
  "imagenes": [
   "3735.3650.3650.5892",
   "default",
   "default_mujer",
   "default",
   "default_mujer",
   "default",
   "default_mujer"
  ],
  "nombre": "DARFE TENA, MAGALI PILAR",
  "nro_orden": 1,
  "orden_absoluto": [
   12,
   66,
   23,
   5,
   1
  ],
  "secundarios": [
   "CASTILLO, JOSE FACUNDO",
   "SALAZAR, JESICA MARLENE",
   "GUAYMAS, MARCOS MATIAS",
   "CHACON, MARCELA BELEN",
   "VALDEZ, GUSTAVO FEDERICO",
   "CASTILLO, MELISA MAGALI"
  ],
  "sexo": "F",
  "suplentes": [
   "ROMERO, CESAR RUBEN",
   "BARROSO, ROSANA ELIZABETH",
   "LOPEZ, CARLOS TOMAS",
   "OROS, ROMINA VIOLETA",
   "CONDORI ARIAS, FRANCO JOSE",
   "ENRRIQUEZ, EVELYN ALDANA",
   "RUIZ, DANIEL DANTE"
  ]
 },
 {
  "asistida": "SANZ VEGA CARLOS FERNANDO",
  "cargo_ejecutivo": false,
  "clase": "Candidato",
  "cod_alianza": "3735",
  "cod_categoria": "SEN",
  "cod_lista": "3735.3745.3745",
  "cod_partido": "3735.3745",
  "codigo": "3735.3745.3745.8548",
  "dni": "33753918",
  "id_candidatura": "3735.3745.3745.8548",
  "id_umv": 1873,
  "imagenes": [
   "3735.3745.3745.8548"
  ],
  "nombre": "SANZ, FERNANDO",
  "nro_orden": 1,
  "orden_absoluto": [
   12,
   25,
   70,
   2,
   1
  ],
  "secundarios": [

  ],
  "sexo": "M",
  "suplentes": [
   "SANZ VEGA, DIEGO VALENTIN"
  ]
 },
 {
  "asistida": "JORGE CARLOS IGNACIO",
  "cargo_ejecutivo": false,
  "clase": "Candidato",
  "cod_alianza": "3735",
  "cod_categoria": "DIP",
  "cod_lista": "3735.3745.3745",
  "cod_partido": "3735.3745",
  "codigo": "3735.3745.3745.8560",
  "dni": "35780482",
  "id_candidatura": "3735.3745.3745.8560",
  "id_umv": 1131,
  "imagenes": [
   "3735.3745.3745.8560",
   "default_mujer"
  ],
  "nombre": "JORGE, CARLOS \u201cPUCHITO\u201d",
  "nro_orden": 1,
  "orden_absoluto": [
   12,
   25,
   70,
   3,
   1
  ],
  "secundarios": [
   "IMPERATRICE, FLAVIA CAROLINA"
  ],
  "sexo": "M",
  "suplentes": [
   "MONTA\u00d1EZ, MARCOS MANUEL",
   "DIEZ GOMEZ, ANALIA"
  ]
 },
 {
  "asistida": "PEREZ JUAN \u00c1NGEL",
  "cargo_ejecutivo": true,
  "clase": "Candidato",
  "cod_alianza": "3735",
  "cod_categoria": "INT",
  "cod_lista": "3735.3745.3745",
  "cod_partido": "3735.3745",
  "codigo": "3735.3745.3745.8594",
  "dni": "8183730",
  "id_candidatura": "3735.3745.3745.8594",
  "id_umv": 1556,
  "imagenes": [
   "3735.3745.3745.8594"
  ],
  "nombre": "PEREZ, JUAN ANGEL",
  "nro_orden": 1,
  "orden_absoluto": [
   12,
   25,
   70,
   4,
   1
  ],
  "secundarios": [

  ],
  "sexo": "M",
  "suplentes": [

  ]
 },
 {
  "asistida": "VILLEGAS MAURO SANTIAGO",
  "cargo_ejecutivo": false,
  "clase": "Candidato",
  "cod_alianza": "3735",
  "cod_categoria": "CNJ",
  "cod_lista": "3735.4.4",
  "cod_partido": "3735.4",
  "codigo": "3735.4.4.10375",
  "dni": "33593229",
  "id_candidatura": "3735.4.4.10375",
  "id_umv": 774,
  "imagenes": [
   "3735.4.4.10375",
   "default_mujer",
   "default",
   "default_mujer",
   "default",
   "default_mujer",
   "default"
  ],
  "nombre": "VILLEGAS, MAURO SANTIAGO",
  "nro_orden": 1,
  "orden_absoluto": [
   12,
   58,
   6,
   5,
   1
  ],
  "secundarios": [
   "MIRSE, ANDREA FLORENCIA",
   "ROJAS, ANTENOR OSVALDO",
   "ALMAZAN, DELIA NOEMI",
   "RENFIJES, JOSE DAVID",
   "TACA, PATRICIA MAGDALENA",
   "HEGUY NU\u00d1EZ, GUILLERMO ESTEBAN"
  ],
  "sexo": "M",
  "suplentes": [
   "MARTINEZ, SILVINA PAOLA",
   "LOAYZA, SABINO",
   "MENDEZ, MARIA CRISTINA",
   "FERNANDEZ, CARLOS MATIAS",
   "MALANO, CARINA LORENA",
   "LOPEZ, NELSON RAFAEL"
  ]
 },
 {
  "asistida": "HUERGA HORACIO SANTIAGO",
  "cargo_ejecutivo": false,
  "clase": "Candidato",
  "cod_alianza": "3735",
  "cod_categoria": "CNJ",
  "cod_lista": "3735.460.460",
  "cod_partido": "3735.460",
  "codigo": "3735.460.460.11345",
  "dni": "24138675",
  "id_candidatura": "3735.460.460.11345",
  "id_umv": 822,
  "imagenes": [
   "3735.460.460.11345",
   "default_mujer",
   "default",
   "default_mujer",
   "default",
   "default_mujer",
   "default"
  ],
  "nombre": "HUERGA, HORACIO SANTIAGO",
  "nro_orden": 1,
  "orden_absoluto": [
   12,
   23,
   10,
   5,
   1
  ],
  "secundarios": [
   "ALCALA, NOEMI VALERIA",
   "MOLINA MENDIOLAR, JULIO JOSE",
   "MAMANI, MIRTA DANIELA",
   "VILCA, JUAN JOSE",
   "MICHEL TARIFA, VANESA ISAURA",
   "MARQUES, JUAN ANTONIO"
  ],
  "sexo": "M",
  "suplentes": [
   "VERA GARCIA, MARIA EUGENIA",
   "RUEDA MARTINEZ, FACUNDO MILAGRO",
   "ARJONA, ROMINA MARGARITA",
   "ALCALA, JOSE GABRIEL",
   "SANDRIN, DANIELA ALEJANDRA"
  ]
 },
 {
  "asistida": "Escotor\u00edn RAMIRO DANIEL",
  "cargo_ejecutivo": true,
  "clase": "Candidato",
  "cod_alianza": "685",
  "cod_categoria": "GOB",
  "cod_lista": "685.685.685",
  "cod_partido": "685.685",
  "codigo": "685.685.685.12004",
  "dni": "17581303",
  "id_candidatura": "685.685.685.12004",
  "id_umv": 1208,
  "imagenes": [
   "685.685.685.12004",
   "default_mujer"
  ],
  "nombre": "ESCOTORIN, RAMIRO DANIEL",
  "nro_orden": 1,
  "orden_absoluto": [
   14,
   30,
   78,
   1,
   1
  ],
  "secundarios": [
   "CALIVA, PATRICIA DEL VALLE"
  ],
  "sexo": "M",
  "suplentes": [

  ]
 },
 {
  "asistida": "Voto en BLANCO",
  "cargo_ejecutivo": false,
  "clase": "Blanco",
  "cod_categoria": "CNJ",
  "cod_lista": "",
  "codigo": "BLC",
  "id_candidatura": "BLC",
  "id_umv": 856,
  "imagenes": [
   "BLC"
  ],
  "nombre": "Voto en BLANCO",
  "nro_orden": 5,
  "orden_absoluto": [
   994,
   5
  ],
  "secundarios": [

  ],
  "sexo": null,
  "suplentes": [

  ]
 },
 {
  "asistida": "Voto en BLANCO",
  "cargo_ejecutivo": false,
  "clase": "Blanco",
  "cod_categoria": "DIP",
  "cod_lista": "",
  "codigo": "BLC",
  "id_candidatura": "BLC",
  "id_umv": 1154,
  "imagenes": [
   "BLC"
  ],
  "nombre": "Voto en BLANCO",
  "nro_orden": 3,
  "orden_absoluto": [
   994,
   3
  ],
  "secundarios": [

  ],
  "sexo": null,
  "suplentes": [

  ]
 },
 {
  "asistida": "Voto en BLANCO",
  "cargo_ejecutivo": true,
  "clase": "Blanco",
  "cod_categoria": "GOB",
  "cod_lista": "",
  "codigo": "BLC",
  "id_candidatura": "BLC",
  "id_umv": 1209,
  "imagenes": [
   "BLC"
  ],
  "nombre": "Voto en BLANCO",
  "nro_orden": 1,
  "orden_absoluto": [
   994,
   1
  ],
  "secundarios": [

  ],
  "sexo": null,
  "suplentes": [

  ]
 },
 {
  "asistida": "Voto en BLANCO",
  "cargo_ejecutivo": true,
  "clase": "Blanco",
  "cod_categoria": "INT",
  "cod_lista": "",
  "codigo": "BLC",
  "id_candidatura": "BLC",
  "id_umv": 1630,
  "imagenes": [
   "BLC"
  ],
  "nombre": "Voto en BLANCO",
  "nro_orden": 4,
  "orden_absoluto": [
   994,
   4
  ],
  "secundarios": [

  ],
  "sexo": null,
  "suplentes": [

  ]
 },
 {
  "asistida": "Voto en BLANCO",
  "cargo_ejecutivo": false,
  "clase": "Blanco",
  "cod_categoria": "SEN",
  "cod_lista": "",
  "codigo": "BLC",
  "id_candidatura": "BLC",
  "id_umv": 1888,
  "imagenes": [
   "BLC"
  ],
  "nombre": "Voto en BLANCO",
  "nro_orden": 2,
  "orden_absoluto": [
   994,
   2
  ],
  "secundarios": [

  ],
  "sexo": null,
  "suplentes": [

  ]
 },
 {
  "asistida": "Votos IMPUGNADOS",
  "cargo_ejecutivo": false,
  "clase": "Especial",
  "cod_categoria": "CNJ",
  "cod_lista": "",
  "codigo": "IMP",
  "id_candidatura": "IMP",
  "id_umv": 916,
  "nombre": "Votos IMPUGNADOS",
  "nro_orden": 5,
  "orden_absoluto": [
   995,
   5
  ],
  "secundarios": [

  ],
  "sexo": null,
  "suplentes": [

  ]
 },
 {
  "asistida": "Votos IMPUGNADOS",
  "cargo_ejecutivo": false,
  "clase": "Especial",
  "cod_categoria": "DIP",
  "cod_lista": "",
  "codigo": "IMP",
  "id_candidatura": "IMP",
  "id_umv": 1169,
  "nombre": "Votos IMPUGNADOS",
  "nro_orden": 3,
  "orden_absoluto": [
   995,
   3
  ],
  "secundarios": [

  ],
  "sexo": null,
  "suplentes": [

  ]
 },
 {
  "asistida": "Votos IMPUGNADOS",
  "cargo_ejecutivo": true,
  "clase": "Especial",
  "cod_categoria": "GOB",
  "cod_lista": "",
  "codigo": "IMP",
  "id_candidatura": "IMP",
  "id_umv": 1210,
  "nombre": "Votos IMPUGNADOS",
  "nro_orden": 1,
  "orden_absoluto": [
   995,
   1
  ],
  "secundarios": [

  ],
  "sexo": null,
  "suplentes": [

  ]
 },
 {
  "asistida": "Votos IMPUGNADOS",
  "cargo_ejecutivo": true,
  "clase": "Especial",
  "cod_categoria": "INT",
  "cod_lista": "",
  "codigo": "IMP",
  "id_candidatura": "IMP",
  "id_umv": 1690,
  "nombre": "Votos IMPUGNADOS",
  "nro_orden": 4,
  "orden_absoluto": [
   995,
   4
  ],
  "secundarios": [

  ],
  "sexo": null,
  "suplentes": [

  ]
 },
 {
  "asistida": "Votos IMPUGNADOS",
  "cargo_ejecutivo": false,
  "clase": "Especial",
  "cod_categoria": "SEN",
  "cod_lista": "",
  "codigo": "IMP",
  "id_candidatura": "IMP",
  "id_umv": 1899,
  "nombre": "Votos IMPUGNADOS",
  "nro_orden": 2,
  "orden_absoluto": [
   995,
   2
  ],
  "secundarios": [

  ],
  "sexo": null,
  "suplentes": [

  ]
 },
 {
  "asistida": "Votos OBSERVADOS",
  "cargo_ejecutivo": false,
  "clase": "Especial",
  "cod_categoria": "CNJ",
  "cod_lista": "",
  "codigo": "OBS",
  "id_candidatura": "OBS",
  "id_umv": 976,
  "nombre": "Votos OBSERVADOS",
  "nro_orden": 5,
  "orden_absoluto": [
   996,
   5
  ],
  "secundarios": [

  ],
  "sexo": null,
  "suplentes": [

  ]
 },
 {
  "asistida": "Votos OBSERVADOS",
  "cargo_ejecutivo": false,
  "clase": "Especial",
  "cod_categoria": "DIP",
  "cod_lista": "",
  "codigo": "OBS",
  "id_candidatura": "OBS",
  "id_umv": 1184,
  "nombre": "Votos OBSERVADOS",
  "nro_orden": 3,
  "orden_absoluto": [
   996,
   3
  ],
  "secundarios": [

  ],
  "sexo": null,
  "suplentes": [

  ]
 },
 {
  "asistida": "Votos OBSERVADOS",
  "cargo_ejecutivo": true,
  "clase": "Especial",
  "cod_categoria": "GOB",
  "cod_lista": "",
  "codigo": "OBS",
  "id_candidatura": "OBS",
  "id_umv": 1211,
  "nombre": "Votos OBSERVADOS",
  "nro_orden": 1,
  "orden_absoluto": [
   996,
   1
  ],
  "secundarios": [

  ],
  "sexo": null,
  "suplentes": [

  ]
 },
 {
  "asistida": "Votos OBSERVADOS",
  "cargo_ejecutivo": true,
  "clase": "Especial",
  "cod_categoria": "INT",
  "cod_lista": "",
  "codigo": "OBS",
  "id_candidatura": "OBS",
  "id_umv": 1750,
  "nombre": "Votos OBSERVADOS",
  "nro_orden": 4,
  "orden_absoluto": [
   996,
   4
  ],
  "secundarios": [

  ],
  "sexo": null,
  "suplentes": [

  ]
 },
 {
  "asistida": "Votos OBSERVADOS",
  "cargo_ejecutivo": false,
  "clase": "Especial",
  "cod_categoria": "SEN",
  "cod_lista": "",
  "codigo": "OBS",
  "id_candidatura": "OBS",
  "id_umv": 1910,
  "nombre": "Votos OBSERVADOS",
  "nro_orden": 2,
  "orden_absoluto": [
   996,
   2
  ],
  "secundarios": [

  ],
  "sexo": null,
  "suplentes": [

  ]
 }
]