[
 {
  "asistida": "FRENTE SALTA AVANZA CON VOS",
  "clase": "Alianza",
  "codigo": "3728",
  "color": [
   "#35637B",
   "#D98264"
  ],
  "id_candidatura": "3728",
  "imagenes": [
   "3728"
  ],
  "nombre": "FRENTE SALTA AVANZA CON VOS",
  "nombre_corto": "SALTA AVANZA CON VOS",
  "orden_absoluto": [
   9
  ]
 },
 {
  "asistida": "FRENTE SALTA AVANZA CON VOS",
  "clase": "Partido",
  "cod_alianza": "3728",
  "codigo": "3728.3742",
  "color": [
   "#35637B",
   "#D98264"
  ],
  "id_candidatura": "3728.3742",
  "imagenes": [
   "3728.3742"
  ],
  "nombre": "FRENTE SALTA AVANZA CON VOS",
  "nombre_corto": "SALTA AVANZA CON VOS",
  "orden_absoluto": [
   9,
   21
  ]
 },
 {
  "asistida": "403 FRENTE SALTA AVANZA CON VOS",
  "clase": "Lista",
  "cod_alianza": "3728",
  "cod_partido": "3728.3742",
  "codigo": "3728.3742.3742",
  "color": [
   "#35637B",
   "#D98264"
  ],
  "color_tipografia": [
   "#000000"
  ],
  "id_candidatura": "3728.3742.3742",
  "imagenes": [
   "3728.3742.3742"
  ],
  "nombre": "FRENTE SALTA AVANZA CON VOS",
  "nombre_corto": "SALTA AVANZA CON VOS",
  "numero": "403",
  "orden_absoluto": [
   9,
   21,
   66
  ]
 },
 {
  "asistida": "FEDERAL ALTERNATIVO REGIONAL ORGANIZ\u00c1DO -FARO",
  "clase": "Partido",
  "cod_alianza": "3728",
  "codigo": "3728.3748",
  "color": [
   "#007F00",
   "#FF0000"
  ],
  "id_candidatura": "3728.3748",
  "imagenes": [
   "3728.3748"
  ],
  "nombre": "FEDERAL ALTERNATIVO REGIONAL ORGANIZADO-FARO",
  "nombre_corto": "FED.ALT.REG.ORGANIZ.",
  "orden_absoluto": [
   9,
   15
  ]
 },
 {
  "asistida": "238 FEDERAL ALTERNATIVO REGIONAL ORGANIZ\u00c1DO -FARO",
  "clase": "Lista",
  "cod_alianza": "3728",
  "cod_partido": "3728.3748",
  "codigo": "3728.3748.3748",
  "color": [
   "#007F00",
   "#FF0000"
  ],
  "color_tipografia": [
   "#000000"
  ],
  "id_candidatura": "3728.3748.3748",
  "imagenes": [
   "3728.3748.3748"
  ],
  "nombre": "FEDERAL ALTERNATIVO REGIONAL ORGANIZADO-FARO",
  "nombre_corto": "FED.ALT.REG.ORGANIZ.",
  "numero": "238",
  "orden_absoluto": [
   9,
   15,
   24
  ]
 },
 {
  "asistida": "FRENTE UNIDOS POR SALTA",
  "clase": "Alianza",
  "codigo": "3733",
  "color": [
   "#E74C3C",
   "#FF0000"
  ],
  "id_candidatura": "3733",
  "imagenes": [
   "3733"
  ],
  "nombre": "FRENTE UNIDOS POR SALTA",
  "nombre_corto": "FTE.UNIDOS POR SALTA",
  "orden_absoluto": [
   11
  ]
 },
 {
  "asistida": "FRENTE UNIDOS POR SALTA",
  "clase": "Partido",
  "cod_alianza": "3733",
  "codigo": "3733.3744",
  "color": [
   "#000000",
   "#FF0000"
  ],
  "id_candidatura": "3733.3744",
  "imagenes": [
   "3733.3744"
  ],
  "nombre": "FRENTE UNIDOS POR SALTA",
  "nombre_corto": "FTE.UNIDOS POR SALTA",
  "orden_absoluto": [
   11,
   24
  ]
 },
 {
  "asistida": "408 FRENTE UNIDOS POR SALTA",
  "clase": "Lista",
  "cod_alianza": "3733",
  "cod_partido": "3733.3744",
  "codigo": "3733.3744.3744",
  "color": [
   "#000000",
   "#FF0000"
  ],
  "color_tipografia": [
   "#000000"
  ],
  "id_candidatura": "3733.3744.3744",
  "imagenes": [
   "3733.3744.3744"
  ],
  "nombre": "FRENTE UNIDOS POR SALTA",
  "nombre_corto": "FTE.UNIDOS POR SALTA",
  "numero": "408",
  "orden_absoluto": [
   11,
   24,
   71
  ]
 },
 {
  "asistida": "FRENTE VAMOS SALTA",
  "clase": "Alianza",
  "codigo": "3735",
  "color": [
   "#2C4B92"
  ],
  "id_candidatura": "3735",
  "imagenes": [
   "3735"
  ],
  "nombre": "FRENTE VAMOS SALTA",
  "nombre_corto": "FRENTE VAMOS SALTA",
  "orden_absoluto": [
   12
  ]
 },
 {
  "asistida": "FRENTE VAMOS SALTA",
  "clase": "Partido",
  "cod_alianza": "3735",
  "codigo": "3735.3745",
  "color": [
   "#2C4B92"
  ],
  "id_candidatura": "3735.3745",
  "imagenes": [
   "3735.3745"
  ],
  "nombre": "FRENTE VAMOS SALTA",
  "nombre_corto": "FRENTE VAMOS SALTA",
  "orden_absoluto": [
   12,
   25
  ]
 },
 {
  "asistida": "407 FRENTE VAMOS SALTA",
  "clase": "Lista",
  "cod_alianza": "3735",
  "cod_partido": "3735.3745",
  "codigo": "3735.3745.3745",
  "color": [
   "#2C4B92"
  ],
  "color_tipografia": [
   "#000000"
  ],
  "id_candidatura": "3735.3745.3745",
  "imagenes": [
   "3735.3745.3745"
  ],
  "nombre": "FRENTE VAMOS SALTA",
  "nombre_corto": "FRENTE VAMOS SALTA",
  "numero": "407",
  "orden_absoluto": [
   12,
   25,
   70
  ]
 }
]