[
 {
  "asistida": "PLANES DANIELA",
  "cargo_ejecutivo": true,
  "clase": "Candidato",
  "cod_alianza": "1863",
  "cod_categoria": "GOB",
  "cod_lista": "1863.1863.1863",
  "cod_partido": "1863.1863",
  "codigo": "1863.1863.1863.2069",
  "dni": "28523544",
  "id_candidatura": "1863.1863.1863.2069",
  "id_umv": 1197,
  "imagenes": [
   "1863.1863.1863.2069",
   "default_mujer"
  ],
  "nombre": "PLANES, DANIELA",
  "nro_orden": 1,
  "orden_absoluto": [
   22,
   53,
   12,
   1,
   1
  ],
  "secundarios": [
   "TEJERINA, VERONICA"
  ],
  "sexo": "F",
  "suplentes": [

  ]
 },
 {
  "asistida": "GIL VIOLETA",
  "cargo_ejecutivo": true,
  "clase": "Candidato",
  "cod_alianza": "22",
  "cod_categoria": "GOB",
  "cod_lista": "22.22.22",
  "cod_partido": "22.22",
  "codigo": "22.22.22.3409",
  "dni": "33984630",
  "id_candidatura": "22.22.22.3409",
  "id_umv": 1198,
  "imagenes": [
   "22.22.22.3409",
   "default"
  ],
  "nombre": "GIL, VIOLETA",
  "nro_orden": 1,
  "orden_absoluto": [
   23,
   62,
   3,
   1,
   1
  ],
  "secundarios": [
   "TOLABA, ANGEL RODOLFO"
  ],
  "sexo": "F",
  "suplentes": [

  ]
 },
 {
  "asistida": "PAZ HERN\u00c1N FAVIO",
  "cargo_ejecutivo": false,
  "clase": "Candidato",
  "cod_alianza": "22",
  "cod_categoria": "SEN",
  "cod_lista": "22.22.22",
  "cod_partido": "22.22",
  "codigo": "22.22.22.3414",
  "dni": "20898540",
  "id_candidatura": "22.22.22.3414",
  "id_umv": 1806,
  "imagenes": [
   "22.22.22.3414"
  ],
  "nombre": "PAZ, HERNAN FAVIO",
  "nro_orden": 1,
  "orden_absoluto": [
   23,
   62,
   3,
   2,
   1
  ],
  "secundarios": [

  ],
  "sexo": "M",
  "suplentes": [
   "ESTRADA, VALDEZ FANNY FLAVIA"
  ]
 },
 {
  "asistida": "\u00c1LVAREZ NATALIA DEL VALLE",
  "cargo_ejecutivo": false,
  "clase": "Candidato",
  "cod_alianza": "22",
  "cod_categoria": "DIP",
  "cod_lista": "22.22.22",
  "cod_partido": "22.22",
  "codigo": "22.22.22.3441",
  "dni": "28810069",
  "id_candidatura": "22.22.22.3441",
  "id_umv": 1034,
  "imagenes": [
   "22.22.22.3441",
   "default",
   "default_mujer"
  ],
  "nombre": "ALVAREZ, NATALIA DEL VALLE",
  "nro_orden": 1,
  "orden_absoluto": [
   23,
   62,
   3,
   3,
   1
  ],
  "secundarios": [
   "CENTENO, CRISTIAN ALFREDO",
   "LEON, CINTIA YAMILA"
  ],
  "sexo": "F",
  "suplentes": [
   "MANCILLA VARGAS, JAIME"
  ]
 },
 {
  "asistida": "P\u00c1EZ OLGA BEATRIZ",
  "cargo_ejecutivo": true,
  "clase": "Candidato",
  "cod_alianza": "22",
  "cod_categoria": "INT",
  "cod_lista": "22.22.22",
  "cod_partido": "22.22",
  "codigo": "22.22.22.3447",
  "dni": "17670699",
  "id_candidatura": "22.22.22.3447",
  "id_umv": 1216,
  "imagenes": [
   "22.22.22.3447"
  ],
  "nombre": "PAEZ, OLGA BEATRIZ",
  "nro_orden": 1,
  "orden_absoluto": [
   23,
   62,
   3,
   4,
   1
  ],
  "secundarios": [

  ],
  "sexo": "F",
  "suplentes": [

  ]
 },
 {
  "asistida": "TAC\u00c1CHO MAR\u00cdA LUISA",
  "cargo_ejecutivo": false,
  "clase": "Candidato",
  "cod_alianza": "22",
  "cod_categoria": "CNJ",
  "cod_lista": "22.22.22",
  "cod_partido": "22.22",
  "codigo": "22.22.22.3506",
  "dni": "14402727",
  "id_candidatura": "22.22.22.3506",
  "id_umv": 5,
  "imagenes": [
   "22.22.22.3506",
   "default",
   "default_mujer",
   "default",
   "default_mujer",
   "default",
   "default_mujer",
   "default",
   "default_mujer"
  ],
  "nombre": "TACACHO, MARIA LUISA",
  "nro_orden": 1,
  "orden_absoluto": [
   23,
   62,
   3,
   5,
   1
  ],
  "secundarios": [
   "ACEVEDO, IAN MATIAS MANUEL",
   "FRIAS, ELSA DEL VALLE",
   "PAZ, MAURICIO JOAQUIN",
   "PAEZ, ESTER NOEMI",
   "CORDOBA, RAMON HORACIO",
   "CRUZ, CECILIA MARIANA",
   "AYALA, JUAN RAMON",
   "ACEVEDO, LORENA NATALI NOELIA"
  ],
  "sexo": "F",
  "suplentes": [
   "SOLIS, CRISTIAN ANDRES",
   "ACOSTA, VERONICA SOLEDAD"
  ]
 },
 {
  "asistida": "TogNolini MARCOS",
  "cargo_ejecutivo": true,
  "clase": "Candidato",
  "cod_alianza": "3625",
  "cod_categoria": "GOB",
  "cod_lista": "3625.3625.3625",
  "cod_partido": "3625.3625",
  "codigo": "3625.3625.3625.5312",
  "dni": "29336659",
  "id_candidatura": "3625.3625.3625.5312",
  "id_umv": 1199,
  "imagenes": [
   "3625.3625.3625.5312",
   "default_mujer"
  ],
  "nombre": "TOGNOLINI, MARCOS",
  "nro_orden": 1,
  "orden_absoluto": [
   21,
   43,
   21,
   1,
   1
  ],
  "secundarios": [
   "RAMOS, MIRTA ADRIANA"
  ],
  "sexo": "M",
  "suplentes": [

  ]
 },
 {
  "asistida": "ALMARAZ MARCELA Isab\u00e9l",
  "cargo_ejecutivo": true,
  "clase": "Candidato",
  "cod_alianza": "3717",
  "cod_categoria": "INT",
  "cod_lista": "3717.23.23",
  "cod_partido": "3717.23",
  "codigo": "3717.23.23.3565",
  "dni": "27725497",
  "id_candidatura": "3717.23.23.3565",
  "id_umv": 1240,
  "imagenes": [
   "3717.23.23.3565"
  ],
  "nombre": "ALMARAZ, MARCELA",
  "nro_orden": 1,
  "orden_absoluto": [
   6,
   2,
   57,
   4,
   1
  ],
  "secundarios": [

  ],
  "sexo": "F",
  "suplentes": [

  ]
 },
 {
  "asistida": "ARGA\u00d1ARAZ ENZO DANIEL",
  "cargo_ejecutivo": false,
  "clase": "Candidato",
  "cod_alianza": "3717",
  "cod_categoria": "CNJ",
  "cod_lista": "3717.23.23",
  "cod_partido": "3717.23",
  "codigo": "3717.23.23.3566",
  "dni": "20373285",
  "id_candidatura": "3717.23.23.3566",
  "id_umv": 48,
  "imagenes": [
   "3717.23.23.3566",
   "default_mujer",
   "default",
   "default_mujer",
   "default",
   "default_mujer",
   "default",
   "default_mujer",
   "default"
  ],
  "nombre": "ARGA\u00d1ARAZ, ENZO \u201cCHANCACA\u201d",
  "nro_orden": 1,
  "orden_absoluto": [
   6,
   2,
   57,
   5,
   1
  ],
  "secundarios": [
   "ALVAREZ, IRIS YUDIT",
   "LOPEZ, ANIVAL GUILLERMO",
   "QUINTO, DELFINA",
   "CARBALLO GONZALEZ, RODRIGO",
   "AYBAR, CARINA DEL PILAR",
   "LUNA, JUSTO PASTOR",
   "AGUERO, CLAUDIA BEATRIZ",
   "RUIZ, JORGE RUBEN"
  ],
  "sexo": "M",
  "suplentes": [
   "BILLORDO, LAURA ESTELA",
   "CRUZ, RAUL ALBERTO",
   "MEDINA, DANNA ILIANA",
   "TOSCANO, CESAR HERNAN",
   "PEREZ, MARIA JUMINLAYA",
   "CORBALAN, LAURENTINO LEONEL",
   "ESTRADA, ANGELA JUDITH",
   "BARRIOS, SILVANO GABRIEL",
   "TORRES, MARIA BERTA"
  ]
 },
 {
  "asistida": "NEGRI C\u00c9SAR ALEJANDRO",
  "cargo_ejecutivo": true,
  "clase": "Candidato",
  "cod_alianza": "3717",
  "cod_categoria": "INT",
  "cod_lista": "3717.2543.2543",
  "cod_partido": "3717.2543",
  "codigo": "3717.2543.2543.3604",
  "dni": "14810985",
  "id_candidatura": "3717.2543.2543.3604",
  "id_umv": 1243,
  "imagenes": [
   "3717.2543.2543.3604"
  ],
  "nombre": "NEGRI, CESAR",
  "nro_orden": 1,
  "orden_absoluto": [
   6,
   71,
   17,
   4,
   1
  ],
  "secundarios": [

  ],
  "sexo": "M",
  "suplentes": [

  ]
 },
 {
  "asistida": "BARRIOS NOELIA SUSANA",
  "cargo_ejecutivo": false,
  "clase": "Candidato",
  "cod_alianza": "3717",
  "cod_categoria": "CNJ",
  "cod_lista": "3717.2543.2543",
  "cod_partido": "3717.2543",
  "codigo": "3717.2543.2543.3750",
  "dni": "33567898",
  "id_candidatura": "3717.2543.2543.3750",
  "id_umv": 58,
  "imagenes": [
   "3717.2543.2543.3750",
   "default",
   "default_mujer",
   "default",
   "default_mujer",
   "default",
   "default_mujer",
   "default",
   "default_mujer"
  ],
  "nombre": "BARRIOS, NOELIA",
  "nro_orden": 1,
  "orden_absoluto": [
   6,
   71,
   17,
   5,
   1
  ],
  "secundarios": [
   "TEJERINA ABATTE, CARLOS DANIEL",
   "RODRIGUEZ, MARIA ELENA",
   "DIAZ, RAMIRO EZEQUIEL",
   "GONZALEZ, CECILIA NATALIA",
   "ALVAREZ, ERNESTO ANGEL",
   "RUIZ, DANIELA MARIANA",
   "FERNANDEZ, EMILIO",
   "TORRES, NORMA NOEMI"
  ],
  "sexo": "F",
  "suplentes": [
   "ARIAS, JULIO DARIO",
   "MARQUEZ, CARLA REBECA",
   "COHEN, ENZO DANIEL",
   "ROMERO, PAULA SOLEDAD",
   "ACOSTA, HECTOR ORLANDO",
   "RODRIGUEZ, CINTIA GABRIELA",
   "BRITOS, ROMAN LEONEL",
   "PAZ, YESSICA DAYANA SOLEDAD",
   "LUNA, JOSE LUIS"
  ]
 },
 {
  "asistida": "LIZARRAGA ROSALVA SOLEDAD",
  "cargo_ejecutivo": false,
  "clase": "Candidato",
  "cod_alianza": "3717",
  "cod_categoria": "CNJ",
  "cod_lista": "3717.2626.2626",
  "cod_partido": "3717.2626",
  "codigo": "3717.2626.2626.4474",
  "dni": "26293677",
  "id_candidatura": "3717.2626.2626.4474",
  "id_umv": 81,
  "imagenes": [
   "3717.2626.2626.4474",
   "default",
   "default_mujer",
   "default",
   "default_mujer",
   "default",
   "default_mujer",
   "default",
   "default_mujer"
  ],
  "nombre": "LIZARRAGA, ROSALVA",
  "nro_orden": 1,
  "orden_absoluto": [
   6,
   4,
   19,
   5,
   1
  ],
  "secundarios": [
   "DIAZ, FERNANDO ESTEBAN",
   "RODRIGUEZ, MARIA ISABEL",
   "JOSE, ANTONIO SEBASTIAN",
   "GOMEZ, CARINA BEATRIZ",
   "ANGEL, MIGUEL GABRIEL",
   "LOPEZ, MARIA DEL CARMEN",
   "ALBARRACIN, ALEJANDRO ALBERTO",
   "CASTILLO, JESICA CATALINA"
  ],
  "sexo": "F",
  "suplentes": [
   "MERILES, WALTER UBALDO",
   "JAIMES, ARGELINA DEL VALLE",
   "TORRES, FEDERICO FACUNDO",
   "VERA, BRENDA SOLEDAD",
   "LIZARRAGA, HUGO ALBERTO",
   "JAIME, EVANGELINA DE LOS ANGELES",
   "MACHADO, ALFREDO EZEQUIEL",
   "SALAVERRY, AMANDA LEONIDES",
   "VERA, LUCAS FABIO"
  ]
 },
 {
  "asistida": "ESTRADA EMILIANO RAFAEL",
  "cargo_ejecutivo": true,
  "clase": "Candidato",
  "cod_alianza": "3717",
  "cod_categoria": "GOB",
  "cod_lista": "3717.3739.3739",
  "cod_partido": "3717.3739",
  "codigo": "3717.3739.3739.6360",
  "dni": "32165256",
  "id_candidatura": "3717.3739.3739.6360",
  "id_umv": 1200,
  "imagenes": [
   "3717.3739.3739.6360",
   "default"
  ],
  "nombre": "ESTRADA, EMILIANO",
  "nro_orden": 1,
  "orden_absoluto": [
   6,
   17,
   64,
   1,
   1
  ],
  "secundarios": [
   "ZAPATA, CARLOS RAUL"
  ],
  "sexo": "M",
  "suplentes": [

  ]
 },
 {
  "asistida": "R\u00e9stom JORGE MIGUEL",
  "cargo_ejecutivo": false,
  "clase": "Candidato",
  "cod_alianza": "3717",
  "cod_categoria": "SEN",
  "cod_lista": "3717.3739.3739",
  "cod_partido": "3717.3739",
  "codigo": "3717.3739.3739.6378",
  "dni": "16167450",
  "id_candidatura": "3717.3739.3739.6378",
  "id_umv": 1816,
  "imagenes": [
   "3717.3739.3739.6378"
  ],
  "nombre": "RESTOM, JORGE",
  "nro_orden": 1,
  "orden_absoluto": [
   6,
   17,
   64,
   2,
   1
  ],
  "secundarios": [

  ],
  "sexo": "M",
  "suplentes": [
   "CABRAL, NORMA ISABEL"
  ]
 },
 {
  "asistida": "MILER MIRTA Est\u00e9r",
  "cargo_ejecutivo": false,
  "clase": "Candidato",
  "cod_alianza": "3717",
  "cod_categoria": "DIP",
  "cod_lista": "3717.3739.3739",
  "cod_partido": "3717.3739",
  "codigo": "3717.3739.3739.6425",
  "dni": "13230622",
  "id_candidatura": "3717.3739.3739.6425",
  "id_umv": 1051,
  "imagenes": [
   "3717.3739.3739.6425",
   "default",
   "default_mujer"
  ],
  "nombre": "MILLER, MIRTHA",
  "nro_orden": 1,
  "orden_absoluto": [
   6,
   17,
   64,
   3,
   1
  ],
  "secundarios": [
   "MOYANO, SANTIAGO JOSE",
   "FLORES, LILIAN DEL VALLE"
  ],
  "sexo": "F",
  "suplentes": [
   "CARMONA, JOSE FRANCISCO",
   "RUIZ, NIDIA ELIZABETH",
   "GORBAL MITANOS, RUBEN ORLANDO"
  ]
 },
 {
  "asistida": "GOMEZ MONICA VIVIANA",
  "cargo_ejecutivo": false,
  "clase": "Candidato",
  "cod_alianza": "3717",
  "cod_categoria": "CNJ",
  "cod_lista": "3717.443.443",
  "cod_partido": "3717.443",
  "codigo": "3717.443.443.10700",
  "dni": "26914428",
  "id_candidatura": "3717.443.443.10700",
  "id_umv": 134,
  "imagenes": [
   "3717.443.443.10700",
   "default",
   "default_mujer",
   "default",
   "default_mujer",
   "default",
   "default_mujer",
   "default",
   "default_mujer"
  ],
  "nombre": "GOMEZ, MONICA",
  "nro_orden": 1,
  "orden_absoluto": [
   6,
   69,
   9,
   5,
   1
  ],
  "secundarios": [
   "RUIZ, ENZO ARIEL JESUS",
   "MARTINEZ, MARLENE MARIA",
   "PEREZ, HECTOR LUIS FERNANDO",
   "ARIAS, ROSA DE LOS ANGELES",
   "IBARRA, NESTOR ADRIAN",
   "MIRANDA, SANDRA SUSANA",
   "CABRAL, HERNAN OSCAR",
   "LUQUE, ANDREA PAOLA"
  ],
  "sexo": "F",
  "suplentes": [
   "CASTA\u00d1O, LUIS MARCELO",
   "LUQUE, NADIA MARIA VANESA",
   "SOSA, FACUNDO TOMAS",
   "PERALES, ROSARIO",
   "QUIROGA, GUSTAVO EXEQUIEL",
   "BARBA, LUCIANA EVANGELINA",
   "PEREYRA, PATRICIO MARTIN",
   "MENDOZA, JULIA NATALIA",
   "CARRIZO, CARLOS ALBERTO"
  ]
 },
 {
  "asistida": "CABRAL EDUARDO NORMANDO",
  "cargo_ejecutivo": true,
  "clase": "Candidato",
  "cod_alianza": "3723",
  "cod_categoria": "INT",
  "cod_lista": "3723.3649.3649",
  "cod_partido": "3723.3649",
  "codigo": "3723.3649.3649.5441",
  "dni": "14747137",
  "id_candidatura": "3723.3649.3649.5441",
  "id_umv": 1289,
  "imagenes": [
   "3723.3649.3649.5441"
  ],
  "nombre": "CABRAL, \u201cPOCHO\u201d",
  "nro_orden": 1,
  "orden_absoluto": [
   5,
   29,
   22,
   4,
   1
  ],
  "secundarios": [

  ],
  "sexo": "M",
  "suplentes": [

  ]
 },
 {
  "asistida": "RIVERO RAUL ARIEL",
  "cargo_ejecutivo": false,
  "clase": "Candidato",
  "cod_alianza": "3723",
  "cod_categoria": "CNJ",
  "cod_lista": "3723.3649.3649",
  "cod_partido": "3723.3649",
  "codigo": "3723.3649.3649.5499",
  "dni": "27252247",
  "id_candidatura": "3723.3649.3649.5499",
  "id_umv": 182,
  "imagenes": [
   "3723.3649.3649.5499",
   "default_mujer",
   "default",
   "default_mujer",
   "default",
   "default_mujer",
   "default",
   "default_mujer",
   "default"
  ],
  "nombre": "RIVERO, RAUL ARIEL",
  "nro_orden": 1,
  "orden_absoluto": [
   5,
   29,
   22,
   5,
   1
  ],
  "secundarios": [
   "AGUIRRE, JESICA MELINA",
   "SOTO, EMILIO ANTONIO",
   "RAMOS, CARINA REGINA",
   "GONZALEZ, DAVID FAUSTO",
   "CUELLAR SOSA, BASILIA",
   "ZALAZAR, CRISTIAN EMANUEL",
   "REYES, SILVINA EUGENIA",
   "JAIMEZ, DARDO JAIRO"
  ],
  "sexo": "M",
  "suplentes": [
   "PAREDES, DALMA ARACELI",
   "MOLINA, IVAN JAVIER",
   "RIVERO, CLAUDIA DAIANA",
   "SOTO, NAHUEL LEANDRO",
   "MAXIMO, ADRIANA NOEMI",
   "CARRIZO, HECTOR",
   "REYES, MARIANA YUDITH",
   "TEJERINA, MIGUEL ANGEL"
  ]
 },
 {
  "asistida": "W\u00c1YAR GU\u00c1LTER RAUL",
  "cargo_ejecutivo": true,
  "clase": "Candidato",
  "cod_alianza": "3723",
  "cod_categoria": "GOB",
  "cod_lista": "3723.3741.3741",
  "cod_partido": "3723.3741",
  "codigo": "3723.3741.3741.7154",
  "dni": "12220501",
  "id_candidatura": "3723.3741.3741.7154",
  "id_umv": 1201,
  "imagenes": [
   "3723.3741.3741.7154",
   "default"
  ],
  "nombre": "WAYAR, WALTER",
  "nro_orden": 1,
  "orden_absoluto": [
   5,
   14,
   65,
   1,
   1
  ],
  "secundarios": [
   "MIZZAU, IVAN"
  ],
  "sexo": "M",
  "suplentes": [

  ]
 },
 {
  "asistida": "Abreg\u00fa C\u00e9SAR ADOLFO",
  "cargo_ejecutivo": false,
  "clase": "Candidato",
  "cod_alianza": "3723",
  "cod_categoria": "SEN",
  "cod_lista": "3723.3741.3741",
  "cod_partido": "3723.3741",
  "codigo": "3723.3741.3741.7172",
  "dni": "14858585",
  "id_candidatura": "3723.3741.3741.7172",
  "id_umv": 1828,
  "imagenes": [
   "3723.3741.3741.7172"
  ],
  "nombre": "ABREGU, CESAR ADOLFO",
  "nro_orden": 1,
  "orden_absoluto": [
   5,
   14,
   65,
   2,
   1
  ],
  "secundarios": [

  ],
  "sexo": "M",
  "suplentes": [
   "PALAVECINO, LILIAN DEL MILAGRO"
  ]
 },
 {
  "asistida": "ROMERO N\u00e9STOR",
  "cargo_ejecutivo": false,
  "clase": "Candidato",
  "cod_alianza": "3723",
  "cod_categoria": "DIP",
  "cod_lista": "3723.3741.3741",
  "cod_partido": "3723.3741",
  "codigo": "3723.3741.3741.7224",
  "dni": "13893998",
  "id_candidatura": "3723.3741.3741.7224",
  "id_umv": 1064,
  "imagenes": [
   "3723.3741.3741.7224",
   "default_mujer",
   "default"
  ],
  "nombre": "ROMERO, NESTOR",
  "nro_orden": 1,
  "orden_absoluto": [
   5,
   14,
   65,
   3,
   1
  ],
  "secundarios": [
   "QUINTEROS, MARLENE LUCIA",
   "CORIA, GUSTAVO DANIEL FELIPE"
  ],
  "sexo": "M",
  "suplentes": [

  ]
 },
 {
  "asistida": "Mart\u00ednez CRISTIAN GABRIEL",
  "cargo_ejecutivo": true,
  "clase": "Candidato",
  "cod_alianza": "3723",
  "cod_categoria": "INT",
  "cod_lista": "3723.3741.3741",
  "cod_partido": "3723.3741",
  "codigo": "3723.3741.3741.7237",
  "dni": "29820480",
  "id_candidatura": "3723.3741.3741.7237",
  "id_umv": 1302,
  "imagenes": [
   "3723.3741.3741.7237"
  ],
  "nombre": "MARTINEZ, CRISTIAN GABRIEL",
  "nro_orden": 1,
  "orden_absoluto": [
   5,
   14,
   65,
   4,
   1
  ],
  "secundarios": [

  ],
  "sexo": "M",
  "suplentes": [

  ]
 },
 {
  "asistida": "BURGOS GUSTAVO AM\u00c9RICO",
  "cargo_ejecutivo": false,
  "clase": "Candidato",
  "cod_alianza": "3723",
  "cod_categoria": "CNJ",
  "cod_lista": "3723.3741.3741",
  "cod_partido": "3723.3741",
  "codigo": "3723.3741.3741.7425",
  "dni": "22043545",
  "id_candidatura": "3723.3741.3741.7425",
  "id_umv": 199,
  "imagenes": [
   "default",
   "default_mujer",
   "default",
   "default_mujer",
   "default",
   "default_mujer",
   "default",
   "default_mujer",
   "default"
  ],
  "nombre": "BURGOS, GUSTAVO AMERICO",
  "nro_orden": 1,
  "orden_absoluto": [
   5,
   14,
   65,
   5,
   1
  ],
  "secundarios": [
   "MARTINEZ, CINTHIA KARINA",
   "MARTINEZ, KEVIN ALEXANDER",
   "FRANCO, MARIA BELEN",
   "MARTINEZ, ALAN ADOLFO",
   "IRIBARREN, PATRICIA RAQUEL",
   "MARTINEZ, JOSE SAUL",
   "RIVERO REYNA, RAQUEL SILVIA",
   "BARRIOS, RAMON"
  ],
  "sexo": "M",
  "suplentes": [
   "DELGADO, SOFIA NADIA",
   "MARTINEZ, JOSE SAUL",
   "QUIROGA, MATILDE DEL VALLE",
   "BARRIENTOS, HECTOR JAVIER"
  ]
 },
 {
  "asistida": "B\u00c1RNES CARLOS GUSTAVO",
  "cargo_ejecutivo": true,
  "clase": "Candidato",
  "cod_alianza": "3728",
  "cod_categoria": "INT",
  "cod_lista": "3728.17.17",
  "cod_partido": "3728.17",
  "codigo": "3728.17.17.1164",
  "dni": "33668183",
  "id_candidatura": "3728.17.17.1164",
  "id_umv": 1331,
  "imagenes": [
   "3728.17.17.1164"
  ],
  "nombre": "BARNES, CARLOS GUSTAVO",
  "nro_orden": 1,
  "orden_absoluto": [
   9,
   78,
   2,
   4,
   1
  ],
  "secundarios": [

  ],
  "sexo": "M",
  "suplentes": [

  ]
 },
 {
  "asistida": "GAMBOA MARIANA ANDREA",
  "cargo_ejecutivo": false,
  "clase": "Candidato",
  "cod_alianza": "3728",
  "cod_categoria": "CNJ",
  "cod_lista": "3728.17.17",
  "cod_partido": "3728.17",
  "codigo": "3728.17.17.1183",
  "dni": "25680094",
  "id_candidatura": "3728.17.17.1183",
  "id_umv": 229,
  "imagenes": [
   "3728.17.17.1183",
   "default",
   "default_mujer",
   "default",
   "default_mujer",
   "default",
   "default_mujer",
   "default",
   "default_mujer"
  ],
  "nombre": "GAMBOA, MARIANA ANDREA",
  "nro_orden": 1,
  "orden_absoluto": [
   9,
   78,
   2,
   5,
   1
  ],
  "secundarios": [
   "VIZCARRA, ERNESTO FABIAN",
   "SANCHEZ, JUANA ELISABETH",
   "CASTRO, KEVIN GUSTAVO",
   "GALLARDO, FRANCISCA ELIZABETH",
   "RUIZ, VICTOR ALBERTO",
   "MORALES, VERONICA ALEJANDRA",
   "ACOSTA, WALTER JACINTO",
   "HERRERA, REINA ELIZABETH"
  ],
  "sexo": "F",
  "suplentes": [
   "SANCHEZ, REYES ALBERTO",
   "VELAZQUEZ, ANALIA DEL CARMEN"
  ]
 },
 {
  "asistida": "PAZ POSE LUCIO",
  "cargo_ejecutivo": true,
  "clase": "Candidato",
  "cod_alianza": "3728",
  "cod_categoria": "GOB",
  "cod_lista": "3728.3742.3742",
  "cod_partido": "3728.3742",
  "codigo": "3728.3742.3742.7704",
  "dni": "24875401",
  "id_candidatura": "3728.3742.3742.7704",
  "id_umv": 1202,
  "imagenes": [
   "3728.3742.3742.7704",
   "default_mujer"
  ],
  "nombre": "PAZ POSSE, LUCIO \u201cPINO\u201d",
  "nro_orden": 1,
  "orden_absoluto": [
   9,
   21,
   66,
   1,
   1
  ],
  "secundarios": [
   "FARJAT D\u2019ALESSANDRO, LORENA"
  ],
  "sexo": "M",
  "suplentes": [

  ]
 },
 {
  "asistida": "Cinch\u00f3n AMELIA DEL CARMEN",
  "cargo_ejecutivo": false,
  "clase": "Candidato",
  "cod_alianza": "3728",
  "cod_categoria": "SEN",
  "cod_lista": "3728.3742.3742",
  "cod_partido": "3728.3742",
  "codigo": "3728.3742.3742.7714",
  "dni": "17835641",
  "id_candidatura": "3728.3742.3742.7714",
  "id_umv": 1834,
  "imagenes": [
   "3728.3742.3742.7714"
  ],
  "nombre": "CINCHON, AMELIA DEL CARMEN",
  "nro_orden": 1,
  "orden_absoluto": [
   9,
   21,
   66,
   2,
   1
  ],
  "secundarios": [

  ],
  "sexo": "F",
  "suplentes": [
   "ALBARRACIN, HELIN JULIAN"
  ]
 },
 {
  "asistida": "GUERRERO GABRIELA SOLEDAD",
  "cargo_ejecutivo": false,
  "clase": "Candidato",
  "cod_alianza": "3728",
  "cod_categoria": "DIP",
  "cod_lista": "3728.3742.3742",
  "cod_partido": "3728.3742",
  "codigo": "3728.3742.3742.7756",
  "dni": "34550795",
  "id_candidatura": "3728.3742.3742.7756",
  "id_umv": 1072,
  "imagenes": [
   "3728.3742.3742.7756",
   "default",
   "default_mujer"
  ],
  "nombre": "GUERRERO, GABRIELA SOLEDAD",
  "nro_orden": 1,
  "orden_absoluto": [
   9,
   21,
   66,
   3,
   1
  ],
  "secundarios": [
   "TABORGA, CESAR DARIO",
   "PAZ, ESTELA DEL VALLE"
  ],
  "sexo": "F",
  "suplentes": [
   "CAMPOS, HUGO FERNANDO",
   "VIDAL, MARIA",
   "GUERRERO, JAVIER ARNALDO"
  ]
 },
 {
  "asistida": "VILL\u00c1LVA JULIA DEL CARMEN",
  "cargo_ejecutivo": true,
  "clase": "Candidato",
  "cod_alianza": "3729",
  "cod_categoria": "INT",
  "cod_lista": "3729.179.179",
  "cod_partido": "3729.179",
  "codigo": "3729.179.179.1240",
  "dni": "21702733",
  "id_candidatura": "3729.179.179.1240",
  "id_umv": 1354,
  "imagenes": [
   "3729.179.179.1240"
  ],
  "nombre": "VILLALVA, JULIA DEL CARMEN",
  "nro_orden": 1,
  "orden_absoluto": [
   24,
   54,
   79,
   4,
   1
  ],
  "secundarios": [

  ],
  "sexo": "F",
  "suplentes": [

  ]
 },
 {
  "asistida": "TEJERINA LUIS RUB\u00c9N",
  "cargo_ejecutivo": false,
  "clase": "Candidato",
  "cod_alianza": "3729",
  "cod_categoria": "CNJ",
  "cod_lista": "3729.179.179",
  "cod_partido": "3729.179",
  "codigo": "3729.179.179.1254",
  "dni": "37301601",
  "id_candidatura": "3729.179.179.1254",
  "id_umv": 263,
  "imagenes": [
   "3729.179.179.1254",
   "default_mujer",
   "default",
   "default_mujer",
   "default",
   "default_mujer",
   "default",
   "default_mujer",
   "default"
  ],
  "nombre": "TEJERINA, LUIS RUBEN",
  "nro_orden": 1,
  "orden_absoluto": [
   24,
   54,
   79,
   5,
   1
  ],
  "secundarios": [
   "RUIZ, TERESA EVANGELINA",
   "CORTEZ, MARCELO",
   "SUAREZ, MARIA ELENA",
   "TORRES, LUCIANO DANIEL",
   "MEDINA, MILAGROS BELEN",
   "VEGA, LUIS SANTOS",
   "MARCIAL, MARIA OFELIA",
   "GUTIERREZ, OSCAR GABRIEL"
  ],
  "sexo": "M",
  "suplentes": [
   "VILLALVA, PATRICIA ALEJANDRA",
   "SORIA, RAUL NAHUEL"
  ]
 },
 {
  "asistida": "CAL\u00cdVA L\u00cdA VER\u00d3NICA",
  "cargo_ejecutivo": true,
  "clase": "Candidato",
  "cod_alianza": "3729",
  "cod_categoria": "GOB",
  "cod_lista": "3729.3747.3747",
  "cod_partido": "3729.3747",
  "codigo": "3729.3747.3747.9058",
  "dni": "25624792",
  "id_candidatura": "3729.3747.3747.9058",
  "id_umv": 1203,
  "imagenes": [
   "3729.3747.3747.9058",
   "default"
  ],
  "nombre": "CALIVA, LIA VERONICA",
  "nro_orden": 1,
  "orden_absoluto": [
   24,
   68,
   67,
   1,
   1
  ],
  "secundarios": [
   "GRAVANAGO, CARLOS ALEJANDRO"
  ],
  "sexo": "F",
  "suplentes": [

  ]
 },
 {
  "asistida": "LOPEZ REINA NANCY",
  "cargo_ejecutivo": false,
  "clase": "Candidato",
  "cod_alianza": "3729",
  "cod_categoria": "SEN",
  "cod_lista": "3729.3747.3747",
  "cod_partido": "3729.3747",
  "codigo": "3729.3747.3747.9070",
  "dni": "20126526",
  "id_candidatura": "3729.3747.3747.9070",
  "id_umv": 1842,
  "imagenes": [
   "3729.3747.3747.9070"
  ],
  "nombre": "LOPEZ, REINA NANCY",
  "nro_orden": 1,
  "orden_absoluto": [
   24,
   68,
   67,
   2,
   1
  ],
  "secundarios": [

  ],
  "sexo": "F",
  "suplentes": [
   "FERNANDEZ, ISAIAS"
  ]
 },
 {
  "asistida": "LOPEZ JORGE LUIS",
  "cargo_ejecutivo": false,
  "clase": "Candidato",
  "cod_alianza": "3729",
  "cod_categoria": "DIP",
  "cod_lista": "3729.3747.3747",
  "cod_partido": "3729.3747",
  "codigo": "3729.3747.3747.9104",
  "dni": "34126577",
  "id_candidatura": "3729.3747.3747.9104",
  "id_umv": 1080,
  "imagenes": [
   "3729.3747.3747.9104",
   "default_mujer",
   "default"
  ],
  "nombre": "LOPEZ, JORGE LUIS",
  "nro_orden": 1,
  "orden_absoluto": [
   24,
   68,
   67,
   3,
   1
  ],
  "secundarios": [
   "RODRIGUEZ, ROSA",
   "CUEVAS, JOSE ELIAS"
  ],
  "sexo": "M",
  "suplentes": [
   "SAMBRANA, RUTH SONIA"
  ]
 },
 {
  "asistida": "MONTILLA H\u00c9CTOR ARIEL",
  "cargo_ejecutivo": true,
  "clase": "Candidato",
  "cod_alianza": "3729",
  "cod_categoria": "INT",
  "cod_lista": "3729.3747.3747",
  "cod_partido": "3729.3747",
  "codigo": "3729.3747.3747.9119",
  "dni": "22917800",
  "id_candidatura": "3729.3747.3747.9119",
  "id_umv": 1367,
  "imagenes": [
   "3729.3747.3747.9119"
  ],
  "nombre": "MONTILLA, HECTOR ARIEL",
  "nro_orden": 1,
  "orden_absoluto": [
   24,
   68,
   67,
   4,
   1
  ],
  "secundarios": [

  ],
  "sexo": "M",
  "suplentes": [

  ]
 },
 {
  "asistida": "RAMIREZ MAURICIO ALFREDO",
  "cargo_ejecutivo": false,
  "clase": "Candidato",
  "cod_alianza": "3729",
  "cod_categoria": "CNJ",
  "cod_lista": "3729.3747.3747",
  "cod_partido": "3729.3747",
  "codigo": "3729.3747.3747.9284",
  "dni": "27252345",
  "id_candidatura": "3729.3747.3747.9284",
  "id_umv": 277,
  "imagenes": [
   "3729.3747.3747.9284",
   "default_mujer",
   "default",
   "default_mujer",
   "default",
   "default_mujer",
   "default",
   "default_mujer",
   "default"
  ],
  "nombre": "RAMIREZ, MAURICIO ALFREDO",
  "nro_orden": 1,
  "orden_absoluto": [
   24,
   68,
   67,
   5,
   1
  ],
  "secundarios": [
   "PESTA\u00d1A, TAMARA MAIRA ROCIO",
   "SORAIRE, JUAN LEONARDO",
   "MEJIAS, ADRIANA MARCELA",
   "SEGUNDO, FREDY LEONARDO",
   "MARTEL, BEATRIZ DE LOS ANGELES",
   "MEDINA, ANGEL",
   "PAZ, VERONICA MILENA",
   "ZAMBRANO, FLORENTINO HUMBERTO"
  ],
  "sexo": "M",
  "suplentes": [
   "PESTA\u00d1A, KAREN AGUSTINA",
   "ORTIZ, RAFAEL ARMANDO",
   "SANCHEZ, LARA YAEL",
   "SEGUNDO, CESAR MAXIMILIANO",
   "PEREZ, RUTH GABRIELA",
   "FAREL, DARIO NESTOR",
   "MAISARES, CAMILA GABRIELA"
  ]
 },
 {
  "asistida": "NANNI VALERO MIGUEL",
  "cargo_ejecutivo": true,
  "clase": "Candidato",
  "cod_alianza": "3730",
  "cod_categoria": "GOB",
  "cod_lista": "3730.3746.3746",
  "cod_partido": "3730.3746",
  "codigo": "3730.3746.3746.8614",
  "dni": "25802248",
  "id_candidatura": "3730.3746.3746.8614",
  "id_umv": 1204,
  "imagenes": [
   "3730.3746.3746.8614",
   "default_mujer"
  ],
  "nombre": "NANNI, MIGUEL",
  "nro_orden": 1,
  "orden_absoluto": [
   15,
   32,
   74,
   1,
   1
  ],
  "secundarios": [
   "CORNEJO, VIRGINIA"
  ],
  "sexo": "M",
  "suplentes": [

  ]
 },
 {
  "asistida": "FERNANDEZ VALERIA ALEJANDRA",
  "cargo_ejecutivo": false,
  "clase": "Candidato",
  "cod_alianza": "3730",
  "cod_categoria": "SEN",
  "cod_lista": "3730.3746.3746",
  "cod_partido": "3730.3746",
  "codigo": "3730.3746.3746.8632",
  "dni": "37227112",
  "id_candidatura": "3730.3746.3746.8632",
  "id_umv": 1852,
  "imagenes": [
   "3730.3746.3746.8632"
  ],
  "nombre": "FERNANDEZ, VALERIA ALEJANDRA",
  "nro_orden": 1,
  "orden_absoluto": [
   15,
   32,
   74,
   2,
   1
  ],
  "secundarios": [

  ],
  "sexo": "F",
  "suplentes": [
   "RENFIGES, DANIEL ALEJANDRO"
  ]
 },
 {
  "asistida": "CAPITON FEDERICO AGUSTIN",
  "cargo_ejecutivo": false,
  "clase": "Candidato",
  "cod_alianza": "3730",
  "cod_categoria": "DIP",
  "cod_lista": "3730.3746.3746",
  "cod_partido": "3730.3746",
  "codigo": "3730.3746.3746.8680",
  "dni": "32934391",
  "id_candidatura": "3730.3746.3746.8680",
  "id_umv": 1092,
  "imagenes": [
   "3730.3746.3746.8680",
   "default_mujer",
   "default"
  ],
  "nombre": "CAPITON, FEDERICO AGUSTIN",
  "nro_orden": 1,
  "orden_absoluto": [
   15,
   32,
   74,
   3,
   1
  ],
  "secundarios": [
   "CAZON, MARIA CRISTINA",
   "ROLDAN, NERI OSVALDO"
  ],
  "sexo": "M",
  "suplentes": [
   "RODRIGUEZ, CINTHIA SUSANA"
  ]
 },
 {
  "asistida": "LOPEZ RAMON \"TOLO\"",
  "cargo_ejecutivo": true,
  "clase": "Candidato",
  "cod_alianza": "3730",
  "cod_categoria": "INT",
  "cod_lista": "3730.3746.3746",
  "cod_partido": "3730.3746",
  "codigo": "3730.3746.3746.8694",
  "dni": "25829253",
  "id_candidatura": "3730.3746.3746.8694",
  "id_umv": 1396,
  "imagenes": [
   "3730.3746.3746.8694"
  ],
  "nombre": "LOPEZ, RAMON \u201cTOLO\u201d",
  "nro_orden": 1,
  "orden_absoluto": [
   15,
   32,
   74,
   4,
   1
  ],
  "secundarios": [

  ],
  "sexo": "M",
  "suplentes": [

  ]
 },
 {
  "asistida": "DIAZ LUC\u00edA SUSANA",
  "cargo_ejecutivo": false,
  "clase": "Candidato",
  "cod_alianza": "3730",
  "cod_categoria": "CNJ",
  "cod_lista": "3730.3746.3746",
  "cod_partido": "3730.3746",
  "codigo": "3730.3746.3746.8858",
  "dni": "14250639",
  "id_candidatura": "3730.3746.3746.8858",
  "id_umv": 308,
  "imagenes": [
   "3730.3746.3746.8858",
   "default",
   "default_mujer",
   "default",
   "default_mujer",
   "default",
   "default_mujer",
   "default",
   "default_mujer"
  ],
  "nombre": "DIAZ, LUCIA SUSANA",
  "nro_orden": 1,
  "orden_absoluto": [
   15,
   32,
   74,
   5,
   1
  ],
  "secundarios": [
   "DIAZ SEGOVIA, RAFAEL ANDRES",
   "AVILA, CONSTANZA ANABEL",
   "AGUIRRE, SERGIO ARNALDO",
   "VACA FLOR, MARCELA ELIZABETH",
   "DIAZ, ALFREDO ADRIAN",
   "ORTIZ, CAROLINA MARIELA",
   "BAZAN, JORGE ALBERTO",
   "PALAVECINO, NILDA LEDA"
  ],
  "sexo": "F",
  "suplentes": [
   "ESPINDOLA, PABLO ALBERTO",
   "CORDOBA, LUCIANA CANDELA",
   "DURAN, MARIO ALBERTO",
   "PONCE, VIRGINIA VERONICA",
   "LOPEZ, SANTIAGO MARTIN",
   "TORRES, JORGELINA EDITH",
   "ARAOZ, ELEUTERIO JUAN EDUARDO",
   "ROMERO, FAUSTINA IRIS",
   "COLQUE, JOSE SIXTO"
  ]
 },
 {
  "asistida": "PLAZA VER\u00d3NICA LORENA",
  "cargo_ejecutivo": false,
  "clase": "Candidato",
  "cod_alianza": "3731",
  "cod_categoria": "CNJ",
  "cod_lista": "3731.1874.1874",
  "cod_partido": "3731.1874",
  "codigo": "3731.1874.1874.2978",
  "dni": "38035928",
  "id_candidatura": "3731.1874.1874.2978",
  "id_umv": 354,
  "imagenes": [
   "3731.1874.1874.2978",
   "default",
   "default_mujer",
   "default",
   "default_mujer",
   "default",
   "default_mujer",
   "default",
   "default_mujer"
  ],
  "nombre": "PLAZA, VERONICA LORENA",
  "nro_orden": 1,
  "orden_absoluto": [
   10,
   16,
   16,
   5,
   1
  ],
  "secundarios": [
   "CARBAJAL, ARIEL LEONARDO",
   "PLAZA, CLAUDIA MARIBEL",
   "APONTE, MARCELO MAXIMO GABRIEL",
   "PAEZ, IVONE GISELA",
   "PEDROZA, JORGE MAXIMILIANO",
   "PAEZ, MAIRA CELESTE",
   "PLAZA, RUBEN GUSTAVO",
   "CEJAS, SOL EDELMIRA"
  ],
  "sexo": "F",
  "suplentes": [
   "GOMEZ, ARON ESTEBAN",
   "CESPEDES, OFELIA URBANA",
   "GOMEZ, JORGE JUAN JOSE",
   "CANCINO, FABIOLA SOLEDAD",
   "VILLA, FRANCO JUAQUIN"
  ]
 },
 {
  "asistida": "Sabadini MAURO DIEGO",
  "cargo_ejecutivo": true,
  "clase": "Candidato",
  "cod_alianza": "3731",
  "cod_categoria": "GOB",
  "cod_lista": "3731.3743.3743",
  "cod_partido": "3731.3743",
  "codigo": "3731.3743.3743.7941",
  "dni": "23362242",
  "id_candidatura": "3731.3743.3743.7941",
  "id_umv": 1205,
  "imagenes": [
   "3731.3743.3743.7941",
   "default_mujer"
  ],
  "nombre": "SABBADINI, MAURO DIEGO",
  "nro_orden": 1,
  "orden_absoluto": [
   10,
   22,
   68,
   1,
   1
  ],
  "secundarios": [
   "LOAYZA PACHECO, JIMENA LUCIA"
  ],
  "sexo": "M",
  "suplentes": [

  ]
 },
 {
  "asistida": "LOPEZ ALDO ERNESTO",
  "cargo_ejecutivo": false,
  "clase": "Candidato",
  "cod_alianza": "3731",
  "cod_categoria": "SEN",
  "cod_lista": "3731.3743.3743",
  "cod_partido": "3731.3743",
  "codigo": "3731.3743.3743.7951",
  "dni": "12140030",
  "id_candidatura": "3731.3743.3743.7951",
  "id_umv": 1857,
  "imagenes": [
   "3731.3743.3743.7951"
  ],
  "nombre": "LOPEZ, ALDO ERNESTO",
  "nro_orden": 1,
  "orden_absoluto": [
   10,
   22,
   68,
   2,
   1
  ],
  "secundarios": [

  ],
  "sexo": "M",
  "suplentes": [

  ]
 },
 {
  "asistida": "ACOSTA RAUL EDUARDO \"PIRU\"",
  "cargo_ejecutivo": false,
  "clase": "Candidato",
  "cod_alianza": "3731",
  "cod_categoria": "DIP",
  "cod_lista": "3731.3743.3743",
  "cod_partido": "3731.3743",
  "codigo": "3731.3743.3743.7990",
  "dni": "14747196",
  "id_candidatura": "3731.3743.3743.7990",
  "id_umv": 1101,
  "imagenes": [
   "3731.3743.3743.7990",
   "default_mujer",
   "default"
  ],
  "nombre": "CPN ACOSTA, RAUL EDUARDO \u201cPIRU\u201d",
  "nro_orden": 1,
  "orden_absoluto": [
   10,
   22,
   68,
   3,
   1
  ],
  "secundarios": [
   "GEREZ, MARIA DEL VALLE",
   "FERREYRA, MARIO ANTONIO"
  ],
  "sexo": "M",
  "suplentes": [
   "HURTADO, LAURA EUGENIA",
   "ARACENA ARMOA, HUGO ANDRES",
   "CASTILLO, MARISOL"
  ]
 },
 {
  "asistida": "MURILLO GUSTAVO ANDR\u00c9S",
  "cargo_ejecutivo": true,
  "clase": "Candidato",
  "cod_alianza": "3731",
  "cod_categoria": "INT",
  "cod_lista": "3731.3743.3743",
  "cod_partido": "3731.3743",
  "codigo": "3731.3743.3743.8004",
  "dni": "25829314",
  "id_candidatura": "3731.3743.3743.8004",
  "id_umv": 1430,
  "imagenes": [
   "3731.3743.3743.8004"
  ],
  "nombre": "MURILLO, GUSTAVO ANDRES",
  "nro_orden": 1,
  "orden_absoluto": [
   10,
   22,
   68,
   4,
   1
  ],
  "secundarios": [

  ],
  "sexo": "M",
  "suplentes": [

  ]
 },
 {
  "asistida": "LUNA CARLOS ENRIQUE",
  "cargo_ejecutivo": false,
  "clase": "Candidato",
  "cod_alianza": "3731",
  "cod_categoria": "CNJ",
  "cod_lista": "3731.3743.3743",
  "cod_partido": "3731.3743",
  "codigo": "3731.3743.3743.8151",
  "dni": "12843299",
  "id_candidatura": "3731.3743.3743.8151",
  "id_umv": 364,
  "imagenes": [
   "3731.3743.3743.8151",
   "default_mujer",
   "default",
   "default_mujer",
   "default",
   "default_mujer",
   "default",
   "default_mujer",
   "default"
  ],
  "nombre": "LUNA, CARLOS ENRIQUE",
  "nro_orden": 1,
  "orden_absoluto": [
   10,
   22,
   68,
   5,
   1
  ],
  "secundarios": [
   "GARCIA, NANCY DEL CARMEN",
   "ALVARADO, REINALDO WENCESLAO",
   "GONZALEZ, SILVANA BEATRIZ",
   "AGUIRRE, JORGE ARIEL",
   "MOLINA, KARINA ELIZABETH",
   "CASARINO, ANTONIO ORLANDO",
   "CHANAMPA, MARIA ANTONIA",
   "BURGOS, OSCAR AMERICO"
  ],
  "sexo": "M",
  "suplentes": [
   "VILLAGRA, NANCY ESTELA",
   "DELUICH, RENE DAVID",
   "ILLESCA, SOFIA MARLENE",
   "AMAYA, ROBERTO DAVID",
   "ROBLES, CLAUDIA GABRIELA",
   "BARGAS, JUAN CARLOS",
   "BARRIOS, NOELIA NATALI",
   "MOLINA, JESUS MANUEL",
   "GALLARDO, TERESA BEATRIZ"
  ]
 },
 {
  "asistida": "DEL PLA CLAUDIO ARIEL",
  "cargo_ejecutivo": true,
  "clase": "Candidato",
  "cod_alianza": "3732",
  "cod_categoria": "GOB",
  "cod_lista": "3732.3740.3740",
  "cod_partido": "3732.3740",
  "codigo": "3732.3740.3740.6916",
  "dni": "13943671",
  "id_candidatura": "3732.3740.3740.6916",
  "id_umv": 1206,
  "imagenes": [
   "3732.3740.3740.6916",
   "default_mujer"
  ],
  "nombre": "DEL PLA, CLAUDIO ARIEL",
  "nro_orden": 1,
  "orden_absoluto": [
   7,
   18,
   73,
   1,
   1
  ],
  "secundarios": [
   "HIDALGO, LORENA VANESA"
  ],
  "sexo": "M",
  "suplentes": [

  ]
 },
 {
  "asistida": "TEJERINA ELSA KARINA",
  "cargo_ejecutivo": false,
  "clase": "Candidato",
  "cod_alianza": "3732",
  "cod_categoria": "SEN",
  "cod_lista": "3732.3740.3740",
  "cod_partido": "3732.3740",
  "codigo": "3732.3740.3740.6923",
  "dni": "25752828",
  "id_candidatura": "3732.3740.3740.6923",
  "id_umv": 1861,
  "imagenes": [
   "3732.3740.3740.6923"
  ],
  "nombre": "TEJERINA, ELSA KARINA",
  "nro_orden": 1,
  "orden_absoluto": [
   7,
   18,
   73,
   2,
   1
  ],
  "secundarios": [

  ],
  "sexo": "F",
  "suplentes": [
   "SIMPLICIO, LEONARDO"
  ]
 },
 {
  "asistida": "QUIROGA Mab\u00e9l RITA",
  "cargo_ejecutivo": false,
  "clase": "Candidato",
  "cod_alianza": "3732",
  "cod_categoria": "DIP",
  "cod_lista": "3732.3740.3740",
  "cod_partido": "3732.3740",
  "codigo": "3732.3740.3740.6956",
  "dni": "17662547",
  "id_candidatura": "3732.3740.3740.6956",
  "id_umv": 1107,
  "imagenes": [
   "3732.3740.3740.6956",
   "default",
   "default_mujer"
  ],
  "nombre": "QUIROGA, MABEL RITA",
  "nro_orden": 1,
  "orden_absoluto": [
   7,
   18,
   73,
   3,
   1
  ],
  "secundarios": [
   "TARRAGA, MAURICIO RAUL",
   "OLMOS, ESTER VALERIA"
  ],
  "sexo": "F",
  "suplentes": [
   "TARRAGA, HECTOR RAUL"
  ]
 },
 {
  "asistida": "OLMEDO JOS\u00c9 RAMON",
  "cargo_ejecutivo": true,
  "clase": "Candidato",
  "cod_alianza": "3732",
  "cod_categoria": "INT",
  "cod_lista": "3732.3740.3740",
  "cod_partido": "3732.3740",
  "codigo": "3732.3740.3740.6966",
  "dni": "17271543",
  "id_candidatura": "3732.3740.3740.6966",
  "id_umv": 1452,
  "imagenes": [
   "3732.3740.3740.6966"
  ],
  "nombre": "OLMEDO, JOSE RAMON",
  "nro_orden": 1,
  "orden_absoluto": [
   7,
   18,
   73,
   4,
   1
  ],
  "secundarios": [

  ],
  "sexo": "M",
  "suplentes": [

  ]
 },
 {
  "asistida": "BARROSO NELSON MAT\u00cdAS",
  "cargo_ejecutivo": false,
  "clase": "Candidato",
  "cod_alianza": "3732",
  "cod_categoria": "CNJ",
  "cod_lista": "3732.3740.3740",
  "cod_partido": "3732.3740",
  "codigo": "3732.3740.3740.7069",
  "dni": "33567836",
  "id_candidatura": "3732.3740.3740.7069",
  "id_umv": 387,
  "imagenes": [
   "3732.3740.3740.7069",
   "default_mujer",
   "default",
   "default_mujer",
   "default",
   "default_mujer",
   "default",
   "default_mujer",
   "default"
  ],
  "nombre": "BARROSO, NELSON MATIAS",
  "nro_orden": 1,
  "orden_absoluto": [
   7,
   18,
   73,
   5,
   1
  ],
  "secundarios": [
   "ROMERO, FLOR ROSA ELIANA",
   "VILTE, HECTOR FERNANDO SEBASTIAN",
   "DURAN, JUSTINA",
   "OLMEDO, ALDO NOE",
   "FERREYRA, DAIANA BELEN MILAGRO",
   "VEGA, FACUNDO JEREMIAS",
   "OLMEDO, MARIA VICTORIA",
   "RUIZ, JOSE NORBERTO"
  ],
  "sexo": "M",
  "suplentes": [
   "RUIZ, DALMA MICAELA",
   "FERNANDEZ, LUIS EDUARDO",
   "BARRIENTOS, DANIELA ANTONELLA"
  ]
 },
 {
  "asistida": "Ruberto SAENZ GUSTAVO ADOLFO",
  "cargo_ejecutivo": true,
  "clase": "Candidato",
  "cod_alianza": "3734",
  "cod_categoria": "GOB",
  "cod_lista": "3734.3737.3737",
  "cod_partido": "3734.3737",
  "codigo": "3734.3737.3737.6358",
  "dni": "20609646",
  "id_candidatura": "3734.3737.3737.6358",
  "id_umv": 1207,
  "imagenes": [
   "3734.3737.3737.6358",
   "default"
  ],
  "nombre": "SAENZ, GUSTAVO",
  "nro_orden": 1,
  "orden_absoluto": [
   1,
   5,
   69,
   1,
   1
  ],
  "secundarios": [
   "MAROCCO, ANTONIO \u201cGRINGO\u201d"
  ],
  "sexo": "M",
  "suplentes": [

  ]
 },
 {
  "asistida": "MIRANDA V\u00cdCTOR ARM\u00c1NDO",
  "cargo_ejecutivo": false,
  "clase": "Candidato",
  "cod_alianza": "3735",
  "cod_categoria": "CNJ",
  "cod_lista": "3735.1873.1873",
  "cod_partido": "3735.1873",
  "codigo": "3735.1873.1873.2743",
  "dni": "16886279",
  "id_candidatura": "3735.1873.1873.2743",
  "id_umv": 617,
  "imagenes": [
   "3735.1873.1873.2743",
   "default_mujer",
   "default",
   "default_mujer",
   "default",
   "default_mujer",
   "default",
   "default_mujer",
   "default"
  ],
  "nombre": "MIRANDA, VICTOR \u201cBOMBERO\u201d",
  "nro_orden": 1,
  "orden_absoluto": [
   12,
   56,
   80,
   5,
   1
  ],
  "secundarios": [
   "CHAVEZ, ANA ALBINA",
   "NU\u00d1EZ, CESAR EDGARDO",
   "ALVARADO, MARTA ALICIA",
   "CABRAL, RAMON ALBERTO",
   "OLIVARES, MARIANA ESTHER YANET",
   "ACOSTA, DIEGO GABRIEL",
   "ROMANO, MARIA BELEN",
   "GARCIA, PABLO AGUSTIN"
  ],
  "sexo": "M",
  "suplentes": [
   "ORGANIBIA, ROSAURA",
   "PACHECO, JAVIER EDUARDO",
   "SORIA, NORMA EMILSE",
   "VILLALBA, DANTE OMAR",
   "GALLARDO, ISABEL YOLANDA",
   "ESPOZ, ELIAS CARLOS ALBERTO",
   "AGUIRRE, MARIA CRISTINA",
   "ACOSTA, NESTOR ALEJANDRO",
   "VILLARUEL, MICAELA JOHANNA"
  ]
 },
 {
  "asistida": "Rodr\u00edguez FACUNDO",
  "cargo_ejecutivo": false,
  "clase": "Candidato",
  "cod_alianza": "3735",
  "cod_categoria": "CNJ",
  "cod_lista": "3735.208.208",
  "cod_partido": "3735.208",
  "codigo": "3735.208.208.3140",
  "dni": "25637593",
  "id_candidatura": "3735.208.208.3140",
  "id_umv": 648,
  "imagenes": [
   "3735.208.208.3140",
   "default_mujer",
   "default",
   "default_mujer",
   "default",
   "default_mujer",
   "default",
   "default_mujer",
   "default"
  ],
  "nombre": "RODRIGUEZ, FACUNDO",
  "nro_orden": 1,
  "orden_absoluto": [
   12,
   41,
   7,
   5,
   1
  ],
  "secundarios": [
   "QUINTO, SILVINA",
   "PEREIRA, BENITO",
   "PEREZ, MAIRA ELIZABETH",
   "TOLABA, JOSE RAMON",
   "PEREZ, DALIA MARIA",
   "SALVATIERRA, MARIANO MOISES",
   "QUINTO, ROSANA",
   "ROJAS, ROQUE"
  ],
  "sexo": "M",
  "suplentes": [
   "SANCHEZ, ZULMA",
   "PEREZ, JORGE ARIEL",
   "RODRIGUEZ, NORMA",
   "PEREYRA, ERNESTO",
   "MONTILLA, FELISA AVELINA",
   "CORRALES, AURELIO"
  ]
 },
 {
  "asistida": "GUERRERO PALMA ANA Val\u00e9ria",
  "cargo_ejecutivo": true,
  "clase": "Candidato",
  "cod_alianza": "3735",
  "cod_categoria": "INT",
  "cod_lista": "3735.32.32",
  "cod_partido": "3735.32",
  "codigo": "3735.32.32.4876",
  "dni": "28810093",
  "id_candidatura": "3735.32.32.4876",
  "id_umv": 1542,
  "imagenes": [
   "3735.32.32.4876"
  ],
  "nombre": "GUERRERO, \u201cANITA\u201d",
  "nro_orden": 1,
  "orden_absoluto": [
   12,
   46,
   63,
   4,
   1
  ],
  "secundarios": [

  ],
  "sexo": "F",
  "suplentes": [

  ]
 },
 {
  "asistida": "MENDOZA MATIAS NOEL",
  "cargo_ejecutivo": false,
  "clase": "Candidato",
  "cod_alianza": "3735",
  "cod_categoria": "CNJ",
  "cod_lista": "3735.32.32",
  "cod_partido": "3735.32",
  "codigo": "3735.32.32.5080",
  "dni": "33667279",
  "id_candidatura": "3735.32.32.5080",
  "id_umv": 686,
  "imagenes": [
   "3735.32.32.5080",
   "default_mujer",
   "default",
   "default_mujer",
   "default",
   "default_mujer",
   "default",
   "default_mujer",
   "default"
  ],
  "nombre": "MENDOZA, MATIAS NOEL",
  "nro_orden": 1,
  "orden_absoluto": [
   12,
   46,
   63,
   5,
   1
  ],
  "secundarios": [
   "LEDESMA, TERESA ANABEL",
   "CASTILLO, HUGO FEDERICO",
   "LOPEZ, MARGARITA NATALIA",
   "JUAREZ, JORGE DARIO",
   "AGUIRRE, MARIA ELIZABETH",
   "LEDEZMA, DARIO ORLANDO",
   "CHAVARRIA, MIRNA ELIZABETH",
   "PEREZ, CARLOS"
  ],
  "sexo": "M",
  "suplentes": [
   "VALLEJO, ANA LUCIA",
   "ROMANO, JORGE DANIEL",
   "MENDOZA, ZULEMA NOEMI",
   "BARRIENTOS, IGNACIO RAUL",
   "ORTIZ, PAOLA MABEL",
   "PEREZ, HECTOR JOSE"
  ]
 },
 {
  "asistida": "MONTENEGRO CARLOS MATIAS",
  "cargo_ejecutivo": false,
  "clase": "Candidato",
  "cod_alianza": "3735",
  "cod_categoria": "CNJ",
  "cod_lista": "3735.3650.3650",
  "cod_partido": "3735.3650",
  "codigo": "3735.3650.3650.5802",
  "dni": "29820430",
  "id_candidatura": "3735.3650.3650.5802",
  "id_umv": 719,
  "imagenes": [
   "3735.3650.3650.5802",
   "default_mujer",
   "default",
   "default_mujer",
   "default",
   "default_mujer",
   "default",
   "default_mujer",
   "default"
  ],
  "nombre": "MONTENEGRO, \u201cTIKY\u201d",
  "nro_orden": 1,
  "orden_absoluto": [
   12,
   66,
   23,
   5,
   1
  ],
  "secundarios": [
   "CASTILLO, MARTA",
   "DEL PRADO, RAUL DAMIAN",
   "DOMENE, SANDRA ELIZABETH",
   "SUAREZ, JOSE ARMANDO",
   "ESCOBAR, MIRTA ZULEMA",
   "ALVAREZ, LAUTARO RAMON ANGEL",
   "HERRERA ALEJANDRA, DEL MILAGRO",
   "MURILLO, RUBEN GREGORIO"
  ],
  "sexo": "M",
  "suplentes": [
   "DIAZ, CAROLINA CELESTE",
   "BUSTAMANTE, FERNANDO FRANCISCO",
   "KATSINI, LILIAN IVONNE DEL VA",
   "FARIAS, FRANCO FERNANDO",
   "NU\u00d1EZ, GLADYS ESTER",
   "HERRERA, JORGE OMAR",
   "BARBOZA, GLORIA BEATRIZ"
  ]
 },
 {
  "asistida": "Pailerr MANUEL Osc\u00e1r",
  "cargo_ejecutivo": false,
  "clase": "Candidato",
  "cod_alianza": "3735",
  "cod_categoria": "SEN",
  "cod_lista": "3735.3745.3745",
  "cod_partido": "3735.3745",
  "codigo": "3735.3745.3745.8558",
  "dni": "10772619",
  "id_candidatura": "3735.3745.3745.8558",
  "id_umv": 1878,
  "imagenes": [
   "3735.3745.3745.8558"
  ],
  "nombre": "PAILLER, MANUEL OSCAR",
  "nro_orden": 1,
  "orden_absoluto": [
   12,
   25,
   70,
   2,
   1
  ],
  "secundarios": [

  ],
  "sexo": "M",
  "suplentes": [
   "TREVISANI VESPA, FRANCISCO"
  ]
 },
 {
  "asistida": "DOM\u00cdNGUEZ \u00c9DGAR GONZALO",
  "cargo_ejecutivo": false,
  "clase": "Candidato",
  "cod_alianza": "3735",
  "cod_categoria": "DIP",
  "cod_lista": "3735.4.4",
  "cod_partido": "3735.4",
  "codigo": "3735.4.4.10022",
  "dni": "34312028",
  "id_candidatura": "3735.4.4.10022",
  "id_umv": 1144,
  "imagenes": [
   "3735.4.4.10022",
   "default_mujer",
   "default"
  ],
  "nombre": "DOMINGUEZ, EDGAR \u201cEDY\u201d",
  "nro_orden": 1,
  "orden_absoluto": [
   12,
   58,
   6,
   3,
   1
  ],
  "secundarios": [
   "CACERES, GRACIELA NOEMY",
   "RUIZ, RAFAEL RICARDO"
  ],
  "sexo": "M",
  "suplentes": [
   "CASAS, CLAUDIA SILVINA",
   "LUNA, JESUS LUIS",
   "ZALAZAR, NORA BEATRIZ"
  ]
 },
 {
  "asistida": "CARRIZO HORACIO ROBERTO",
  "cargo_ejecutivo": true,
  "clase": "Candidato",
  "cod_alianza": "3735",
  "cod_categoria": "INT",
  "cod_lista": "3735.4.4",
  "cod_partido": "3735.4",
  "codigo": "3735.4.4.10038",
  "dni": "22662726",
  "id_candidatura": "3735.4.4.10038",
  "id_umv": 1580,
  "imagenes": [
   "3735.4.4.10038"
  ],
  "nombre": "CARRIZO, HORACIO ROBERTO",
  "nro_orden": 1,
  "orden_absoluto": [
   12,
   58,
   6,
   4,
   1
  ],
  "secundarios": [

  ],
  "sexo": "M",
  "suplentes": [

  ]
 },
 {
  "asistida": "LOPEZ SERGIO RAMON ANTONIO",
  "cargo_ejecutivo": false,
  "clase": "Candidato",
  "cod_alianza": "3735",
  "cod_categoria": "CNJ",
  "cod_lista": "3735.4.4",
  "cod_partido": "3735.4",
  "codigo": "3735.4.4.10248",
  "dni": "20373208",
  "id_candidatura": "3735.4.4.10248",
  "id_umv": 763,
  "imagenes": [
   "3735.4.4.10248",
   "default_mujer",
   "default",
   "default_mujer",
   "default",
   "default_mujer",
   "default",
   "default_mujer",
   "default"
  ],
  "nombre": "LOPEZ, SERGIO \u201cPITY\u201d",
  "nro_orden": 1,
  "orden_absoluto": [
   12,
   58,
   6,
   5,
   1
  ],
  "secundarios": [
   "ARGA\u00d1ARAZ, MARTA DEL VALLE",
   "VILTE ARAMBURU, CRISTIAN",
   "TOLABA, VALERIA BEATRIZ",
   "VILLAGRA, GABRIEL RAMON",
   "MORALES, PATRICIA ELIZABETH",
   "COCHA, JUAN FRANCISCO",
   "ORDO\u00d1EZ, MABEL ELISABETH",
   "DIAZ, MARIO DAMIAN"
  ],
  "sexo": "M",
  "suplentes": [
   "CORBALAN, CLAUDIA MARCELINA",
   "GUERRA, BERNARDO ADOLFO",
   "TORRES, KATHERINA FABIANA",
   "ESPINOSA, ARIEL REINERIO",
   "TEJERINA, MONICA BEATRIZ",
   "ARIAS, LUIS ALBERTO",
   "ALMENDRA, FELICIANA PETRONA",
   "TORRES, OMAR LUIS"
  ]
 },
 {
  "asistida": "MONTEAGUDO MATIAS",
  "cargo_ejecutivo": false,
  "clase": "Candidato",
  "cod_alianza": "3735",
  "cod_categoria": "DIP",
  "cod_lista": "3735.460.460",
  "cod_partido": "3735.460",
  "codigo": "3735.460.460.11032",
  "dni": "26663666",
  "id_candidatura": "3735.460.460.11032",
  "id_umv": 1148,
  "imagenes": [
   "3735.460.460.11032",
   "default_mujer",
   "default"
  ],
  "nombre": "MONTEAGUDO, MATIAS",
  "nro_orden": 1,
  "orden_absoluto": [
   12,
   23,
   10,
   3,
   1
  ],
  "secundarios": [
   "CORDOBA, ANA LAURA",
   "BRITO, JUAN PABLO"
  ],
  "sexo": "M",
  "suplentes": [
   "BONILLO, MARIA VICTORIA",
   "NIEDDU, SERGIO RAFAEL",
   "PICARDI, DAINA CARLA PAOLA"
  ]
 },
 {
  "asistida": "BARRIOS SANTOS",
  "cargo_ejecutivo": true,
  "clase": "Candidato",
  "cod_alianza": "3735",
  "cod_categoria": "INT",
  "cod_lista": "3735.460.460",
  "cod_partido": "3735.460",
  "codigo": "3735.460.460.11042",
  "dni": "10749947",
  "id_candidatura": "3735.460.460.11042",
  "id_umv": 1605,
  "imagenes": [
   "3735.460.460.11042"
  ],
  "nombre": "BARRIOS, SANTOS",
  "nro_orden": 1,
  "orden_absoluto": [
   12,
   23,
   10,
   4,
   1
  ],
  "secundarios": [

  ],
  "sexo": "F",
  "suplentes": [

  ]
 },
 {
  "asistida": "RAMIREZ JULIO RICARDO",
  "cargo_ejecutivo": false,
  "clase": "Candidato",
  "cod_alianza": "3735",
  "cod_categoria": "CNJ",
  "cod_lista": "3735.460.460",
  "cod_partido": "3735.460",
  "codigo": "3735.460.460.11253",
  "dni": "28810022",
  "id_candidatura": "3735.460.460.11253",
  "id_umv": 815,
  "imagenes": [
   "3735.460.460.11253",
   "default_mujer",
   "default",
   "default_mujer",
   "default",
   "default_mujer",
   "default",
   "default_mujer",
   "default"
  ],
  "nombre": "RAMIREZ, JULIO \u201cDENIS\u201d",
  "nro_orden": 1,
  "orden_absoluto": [
   12,
   23,
   10,
   5,
   1
  ],
  "secundarios": [
   "SARDINA, PAOLA FABIANA",
   "BARRIOS, ALEJANDRO JAVIER",
   "JUAREZ VACA, NICOLE AGUSTINA",
   "LOZA, CARLOS DANIEL",
   "SUAREZ, CLAUDIA ROSANA",
   "ROMERO, EMANUEL JOSE FERNANDO",
   "FLORES, RUTH VIVIANA",
   "TEJERINA, FABIO SEBASTIAN"
  ],
  "sexo": "M",
  "suplentes": [
   "SANGUINO, SILVIA LUCRECIA",
   "RODRIGUEZ, CARLOS RAUL",
   "VARGAS, MARTA CRISTINA",
   "PLAZA, SERGIO NORMANDO",
   "MORENO, NOEMI LILIANA",
   "MIRANDA, PABLO MAXIMILIANO",
   "RAMOS, MIRTA ELIZABETH",
   "FLORES, JAVIER MAXIMILIANO",
   "CALA, LORENA DEL CARMEN"
  ]
 },
 {
  "asistida": "Escotor\u00edn RAMIRO DANIEL",
  "cargo_ejecutivo": true,
  "clase": "Candidato",
  "cod_alianza": "685",
  "cod_categoria": "GOB",
  "cod_lista": "685.685.685",
  "cod_partido": "685.685",
  "codigo": "685.685.685.12004",
  "dni": "17581303",
  "id_candidatura": "685.685.685.12004",
  "id_umv": 1208,
  "imagenes": [
   "685.685.685.12004",
   "default_mujer"
  ],
  "nombre": "ESCOTORIN, RAMIRO DANIEL",
  "nro_orden": 1,
  "orden_absoluto": [
   14,
   30,
   78,
   1,
   1
  ],
  "secundarios": [
   "CALIVA, PATRICIA DEL VALLE"
  ],
  "sexo": "M",
  "suplentes": [

  ]
 },
 {
  "asistida": "MARQUEZ HERN\u00c1N ABELARDO",
  "cargo_ejecutivo": false,
  "clase": "Candidato",
  "cod_alianza": "685",
  "cod_categoria": "SEN",
  "cod_lista": "685.685.685",
  "cod_partido": "685.685",
  "codigo": "685.685.685.12008",
  "dni": "32706448",
  "id_candidatura": "685.685.685.12008",
  "id_umv": 1886,
  "imagenes": [
   "685.685.685.12008"
  ],
  "nombre": "MARQUEZ, HERNAN ABELARDO",
  "nro_orden": 1,
  "orden_absoluto": [
   14,
   30,
   78,
   2,
   1
  ],
  "secundarios": [

  ],
  "sexo": "M",
  "suplentes": [

  ]
 },
 {
  "asistida": "\u00c1NGEL LUIS ALBERTO",
  "cargo_ejecutivo": false,
  "clase": "Candidato",
  "cod_alianza": "685",
  "cod_categoria": "DIP",
  "cod_lista": "685.685.685",
  "cod_partido": "685.685",
  "codigo": "685.685.685.12029",
  "dni": "22485285",
  "id_candidatura": "685.685.685.12029",
  "id_umv": 1151,
  "imagenes": [
   "685.685.685.12029",
   "default_mujer",
   "default"
  ],
  "nombre": "ANGEL, LUIS ALBERTO",
  "nro_orden": 1,
  "orden_absoluto": [
   14,
   30,
   78,
   3,
   1
  ],
  "secundarios": [
   "ARANDA, ANA MABEL",
   "GARECA, MARIO FABIAN"
  ],
  "sexo": "M",
  "suplentes": [
   "NU\u00d1EZ, MABEL ALEJANDRA DEL VALLE"
  ]
 },
 {
  "asistida": "Voto en BLANCO",
  "cargo_ejecutivo": false,
  "clase": "Blanco",
  "cod_categoria": "CNJ",
  "cod_lista": "",
  "codigo": "BLC",
  "id_candidatura": "BLC",
  "id_umv": 904,
  "imagenes": [
   "BLC"
  ],
  "nombre": "Voto en BLANCO",
  "nro_orden": 5,
  "orden_absoluto": [
   994,
   5
  ],
  "secundarios": [

  ],
  "sexo": null,
  "suplentes": [

  ]
 },
 {
  "asistida": "Voto en BLANCO",
  "cargo_ejecutivo": false,
  "clase": "Blanco",
  "cod_categoria": "DIP",
  "cod_lista": "",
  "codigo": "BLC",
  "id_candidatura": "BLC",
  "id_umv": 1166,
  "imagenes": [
   "BLC"
  ],
  "nombre": "Voto en BLANCO",
  "nro_orden": 3,
  "orden_absoluto": [
   994,
   3
  ],
  "secundarios": [

  ],
  "sexo": null,
  "suplentes": [

  ]
 },
 {
  "asistida": "Voto en BLANCO",
  "cargo_ejecutivo": true,
  "clase": "Blanco",
  "cod_categoria": "GOB",
  "cod_lista": "",
  "codigo": "BLC",
  "id_candidatura": "BLC",
  "id_umv": 1209,
  "imagenes": [
   "BLC"
  ],
  "nombre": "Voto en BLANCO",
  "nro_orden": 1,
  "orden_absoluto": [
   994,
   1
  ],
  "secundarios": [

  ],
  "sexo": null,
  "suplentes": [

  ]
 },
 {
  "asistida": "Voto en BLANCO",
  "cargo_ejecutivo": true,
  "clase": "Blanco",
  "cod_categoria": "INT",
  "cod_lista": "",
  "codigo": "BLC",
  "id_candidatura": "BLC",
  "id_umv": 1678,
  "imagenes": [
   "BLC"
  ],
  "nombre": "Voto en BLANCO",
  "nro_orden": 4,
  "orden_absoluto": [
   994,
   4
  ],
  "secundarios": [

  ],
  "sexo": null,
  "suplentes": [

  ]
 },
 {
  "asistida": "Voto en BLANCO",
  "cargo_ejecutivo": false,
  "clase": "Blanco",
  "cod_categoria": "SEN",
  "cod_lista": "",
  "codigo": "BLC",
  "id_candidatura": "BLC",
  "id_umv": 1896,
  "imagenes": [
   "BLC"
  ],
  "nombre": "Voto en BLANCO",
  "nro_orden": 2,
  "orden_absoluto": [
   994,
   2
  ],
  "secundarios": [

  ],
  "sexo": null,
  "suplentes": [

  ]
 },
 {
  "asistida": "Votos IMPUGNADOS",
  "cargo_ejecutivo": false,
  "clase": "Especial",
  "cod_categoria": "CNJ",
  "cod_lista": "",
  "codigo": "IMP",
  "id_candidatura": "IMP",
  "id_umv": 964,
  "nombre": "Votos IMPUGNADOS",
  "nro_orden": 5,
  "orden_absoluto": [
   995,
   5
  ],
  "secundarios": [

  ],
  "sexo": null,
  "suplentes": [

  ]
 },
 {
  "asistida": "Votos IMPUGNADOS",
  "cargo_ejecutivo": false,
  "clase": "Especial",
  "cod_categoria": "DIP",
  "cod_lista": "",
  "codigo": "IMP",
  "id_candidatura": "IMP",
  "id_umv": 1181,
  "nombre": "Votos IMPUGNADOS",
  "nro_orden": 3,
  "orden_absoluto": [
   995,
   3
  ],
  "secundarios": [

  ],
  "sexo": null,
  "suplentes": [

  ]
 },
 {
  "asistida": "Votos IMPUGNADOS",
  "cargo_ejecutivo": true,
  "clase": "Especial",
  "cod_categoria": "GOB",
  "cod_lista": "",
  "codigo": "IMP",
  "id_candidatura": "IMP",
  "id_umv": 1210,
  "nombre": "Votos IMPUGNADOS",
  "nro_orden": 1,
  "orden_absoluto": [
   995,
   1
  ],
  "secundarios": [

  ],
  "sexo": null,
  "suplentes": [

  ]
 },
 {
  "asistida": "Votos IMPUGNADOS",
  "cargo_ejecutivo": true,
  "clase": "Especial",
  "cod_categoria": "INT",
  "cod_lista": "",
  "codigo": "IMP",
  "id_candidatura": "IMP",
  "id_umv": 1738,
  "nombre": "Votos IMPUGNADOS",
  "nro_orden": 4,
  "orden_absoluto": [
   995,
   4
  ],
  "secundarios": [

  ],
  "sexo": null,
  "suplentes": [

  ]
 },
 {
  "asistida": "Votos IMPUGNADOS",
  "cargo_ejecutivo": false,
  "clase": "Especial",
  "cod_categoria": "SEN",
  "cod_lista": "",
  "codigo": "IMP",
  "id_candidatura": "IMP",
  "id_umv": 1907,
  "nombre": "Votos IMPUGNADOS",
  "nro_orden": 2,
  "orden_absoluto": [
   995,
   2
  ],
  "secundarios": [

  ],
  "sexo": null,
  "suplentes": [

  ]
 },
 {
  "asistida": "Votos OBSERVADOS",
  "cargo_ejecutivo": false,
  "clase": "Especial",
  "cod_categoria": "CNJ",
  "cod_lista": "",
  "codigo": "OBS",
  "id_candidatura": "OBS",
  "id_umv": 1024,
  "nombre": "Votos OBSERVADOS",
  "nro_orden": 5,
  "orden_absoluto": [
   996,
   5
  ],
  "secundarios": [

  ],
  "sexo": null,
  "suplentes": [

  ]
 },
 {
  "asistida": "Votos OBSERVADOS",
  "cargo_ejecutivo": false,
  "clase": "Especial",
  "cod_categoria": "DIP",
  "cod_lista": "",
  "codigo": "OBS",
  "id_candidatura": "OBS",
  "id_umv": 1196,
  "nombre": "Votos OBSERVADOS",
  "nro_orden": 3,
  "orden_absoluto": [
   996,
   3
  ],
  "secundarios": [

  ],
  "sexo": null,
  "suplentes": [

  ]
 },
 {
  "asistida": "Votos OBSERVADOS",
  "cargo_ejecutivo": true,
  "clase": "Especial",
  "cod_categoria": "GOB",
  "cod_lista": "",
  "codigo": "OBS",
  "id_candidatura": "OBS",
  "id_umv": 1211,
  "nombre": "Votos OBSERVADOS",
  "nro_orden": 1,
  "orden_absoluto": [
   996,
   1
  ],
  "secundarios": [

  ],
  "sexo": null,
  "suplentes": [

  ]
 },
 {
  "asistida": "Votos OBSERVADOS",
  "cargo_ejecutivo": true,
  "clase": "Especial",
  "cod_categoria": "INT",
  "cod_lista": "",
  "codigo": "OBS",
  "id_candidatura": "OBS",
  "id_umv": 1798,
  "nombre": "Votos OBSERVADOS",
  "nro_orden": 4,
  "orden_absoluto": [
   996,
   4
  ],
  "secundarios": [

  ],
  "sexo": null,
  "suplentes": [

  ]
 },
 {
  "asistida": "Votos OBSERVADOS",
  "cargo_ejecutivo": false,
  "clase": "Especial",
  "cod_categoria": "SEN",
  "cod_lista": "",
  "codigo": "OBS",
  "id_candidatura": "OBS",
  "id_umv": 1918,
  "nombre": "Votos OBSERVADOS",
  "nro_orden": 2,
  "orden_absoluto": [
   996,
   2
  ],
  "secundarios": [

  ],
  "sexo": null,
  "suplentes": [

  ]
 }
]