[
 {
  "asistida": "PLANES DANIELA",
  "cargo_ejecutivo": true,
  "clase": "Candidato",
  "cod_alianza": "1863",
  "cod_categoria": "GOB",
  "cod_lista": "1863.1863.1863",
  "cod_partido": "1863.1863",
  "codigo": "1863.1863.1863.2069",
  "dni": "28523544",
  "id_candidatura": "1863.1863.1863.2069",
  "id_umv": 1197,
  "imagenes": [
   "1863.1863.1863.2069",
   "default_mujer"
  ],
  "nombre": "PLANES, DANIELA",
  "nro_orden": 1,
  "orden_absoluto": [
   22,
   53,
   12,
   1,
   1
  ],
  "secundarios": [
   "TEJERINA, VERONICA"
  ],
  "sexo": "F",
  "suplentes": [

  ]
 },
 {
  "asistida": "GIL VIOLETA",
  "cargo_ejecutivo": true,
  "clase": "Candidato",
  "cod_alianza": "22",
  "cod_categoria": "GOB",
  "cod_lista": "22.22.22",
  "cod_partido": "22.22",
  "codigo": "22.22.22.3409",
  "dni": "33984630",
  "id_candidatura": "22.22.22.3409",
  "id_umv": 1198,
  "imagenes": [
   "22.22.22.3409",
   "default"
  ],
  "nombre": "GIL, VIOLETA",
  "nro_orden": 1,
  "orden_absoluto": [
   23,
   62,
   3,
   1,
   1
  ],
  "secundarios": [
   "TOLABA, ANGEL RODOLFO"
  ],
  "sexo": "F",
  "suplentes": [

  ]
 },
 {
  "asistida": "PAZ HERN\u00c1N FAVIO",
  "cargo_ejecutivo": false,
  "clase": "Candidato",
  "cod_alianza": "22",
  "cod_categoria": "SEN",
  "cod_lista": "22.22.22",
  "cod_partido": "22.22",
  "codigo": "22.22.22.3414",
  "dni": "20898540",
  "id_candidatura": "22.22.22.3414",
  "id_umv": 1806,
  "imagenes": [
   "22.22.22.3414"
  ],
  "nombre": "PAZ, HERNAN FAVIO",
  "nro_orden": 1,
  "orden_absoluto": [
   23,
   62,
   3,
   2,
   1
  ],
  "secundarios": [

  ],
  "sexo": "M",
  "suplentes": [
   "ESTRADA, VALDEZ FANNY FLAVIA"
  ]
 },
 {
  "asistida": "\u00c1LVAREZ NATALIA DEL VALLE",
  "cargo_ejecutivo": false,
  "clase": "Candidato",
  "cod_alianza": "22",
  "cod_categoria": "DIP",
  "cod_lista": "22.22.22",
  "cod_partido": "22.22",
  "codigo": "22.22.22.3441",
  "dni": "28810069",
  "id_candidatura": "22.22.22.3441",
  "id_umv": 1034,
  "imagenes": [
   "22.22.22.3441",
   "default",
   "default_mujer"
  ],
  "nombre": "ALVAREZ, NATALIA DEL VALLE",
  "nro_orden": 1,
  "orden_absoluto": [
   23,
   62,
   3,
   3,
   1
  ],
  "secundarios": [
   "CENTENO, CRISTIAN ALFREDO",
   "LEON, CINTIA YAMILA"
  ],
  "sexo": "F",
  "suplentes": [
   "MANCILLA VARGAS, JAIME"
  ]
 },
 {
  "asistida": "\u00c1LVAREZ ALEJANDRA MARIELA",
  "cargo_ejecutivo": true,
  "clase": "Candidato",
  "cod_alianza": "22",
  "cod_categoria": "INT",
  "cod_lista": "22.22.22",
  "cod_partido": "22.22",
  "codigo": "22.22.22.3449",
  "dni": "22416868",
  "id_candidatura": "22.22.22.3449",
  "id_umv": 1218,
  "imagenes": [
   "22.22.22.3449"
  ],
  "nombre": "ALVAREZ, ALEJANDRA MARIELA",
  "nro_orden": 1,
  "orden_absoluto": [
   23,
   62,
   3,
   4,
   1
  ],
  "secundarios": [

  ],
  "sexo": "F",
  "suplentes": [

  ]
 },
 {
  "asistida": "GOMEZ ELEONORA ANABEL",
  "cargo_ejecutivo": false,
  "clase": "Candidato",
  "cod_alianza": "22",
  "cod_categoria": "CNJ",
  "cod_lista": "22.22.22",
  "cod_partido": "22.22",
  "codigo": "22.22.22.3531",
  "dni": "32534517",
  "id_candidatura": "22.22.22.3531",
  "id_umv": 7,
  "imagenes": [
   "22.22.22.3531",
   "default",
   "default_mujer",
   "default",
   "default_mujer",
   "default",
   "default_mujer"
  ],
  "nombre": "GOMEZ, ELEONORA ANABEL",
  "nro_orden": 1,
  "orden_absoluto": [
   23,
   62,
   3,
   5,
   1
  ],
  "secundarios": [
   "GALLARDO, PABLO GABRIEL",
   "GOMEZ, VILMA BELINDA",
   "CALATAYU, RUBEN ORLANDO",
   "BARBOZA, PATRICIA EDITH",
   "MONTEROS, GERMAN FABRICIO",
   "ALVAREZ, NELLY ELISA DEL VALLE"
  ],
  "sexo": "F",
  "suplentes": [
   "CARDOZO, AGUSTIN ALBERTO",
   "FELIX, JOANA GRACIELA",
   "CAMPOS, DARIO JORGE RAMON",
   "BARROSO, ANA PILAR"
  ]
 },
 {
  "asistida": "TogNolini MARCOS",
  "cargo_ejecutivo": true,
  "clase": "Candidato",
  "cod_alianza": "3625",
  "cod_categoria": "GOB",
  "cod_lista": "3625.3625.3625",
  "cod_partido": "3625.3625",
  "codigo": "3625.3625.3625.5312",
  "dni": "29336659",
  "id_candidatura": "3625.3625.3625.5312",
  "id_umv": 1199,
  "imagenes": [
   "3625.3625.3625.5312",
   "default_mujer"
  ],
  "nombre": "TOGNOLINI, MARCOS",
  "nro_orden": 1,
  "orden_absoluto": [
   21,
   43,
   21,
   1,
   1
  ],
  "secundarios": [
   "RAMOS, MIRTA ADRIANA"
  ],
  "sexo": "M",
  "suplentes": [

  ]
 },
 {
  "asistida": "BARRIOS CINTHIA DANIELA",
  "cargo_ejecutivo": false,
  "clase": "Candidato",
  "cod_alianza": "3717",
  "cod_categoria": "CNJ",
  "cod_lista": "3717.13.13",
  "cod_partido": "3717.13",
  "codigo": "3717.13.13.645",
  "dni": "34610126",
  "id_candidatura": "3717.13.13.645",
  "id_umv": 35,
  "imagenes": [
   "3717.13.13.645",
   "default",
   "default_mujer",
   "default",
   "default_mujer",
   "default",
   "default_mujer"
  ],
  "nombre": "BARRIOS, CINTHIA",
  "nro_orden": 1,
  "orden_absoluto": [
   6,
   52,
   75,
   5,
   1
  ],
  "secundarios": [
   "SARZUR, LUIS DANIEL",
   "ARCE, ZULMA LILIANA",
   "VIRAVICA, JULIO ENRIQUE",
   "MARQUIEGUI, FLORENCIA ANA BELEN",
   "ATIENZO, ALFREDO JOAQUIN",
   "VAZQUEZ, MARIA VIRGINIA"
  ],
  "sexo": "F",
  "suplentes": [
   "FARFAN, JOSE LUIS",
   "ARAYA, IRMA BEATRIZ",
   "SEGOVIA, JORGE ALFREDO"
  ]
 },
 {
  "asistida": "ESTRADA EMILIANO RAFAEL",
  "cargo_ejecutivo": true,
  "clase": "Candidato",
  "cod_alianza": "3717",
  "cod_categoria": "GOB",
  "cod_lista": "3717.3739.3739",
  "cod_partido": "3717.3739",
  "codigo": "3717.3739.3739.6360",
  "dni": "32165256",
  "id_candidatura": "3717.3739.3739.6360",
  "id_umv": 1200,
  "imagenes": [
   "3717.3739.3739.6360",
   "default"
  ],
  "nombre": "ESTRADA, EMILIANO",
  "nro_orden": 1,
  "orden_absoluto": [
   6,
   17,
   64,
   1,
   1
  ],
  "secundarios": [
   "ZAPATA, CARLOS RAUL"
  ],
  "sexo": "M",
  "suplentes": [

  ]
 },
 {
  "asistida": "R\u00e9stom JORGE MIGUEL",
  "cargo_ejecutivo": false,
  "clase": "Candidato",
  "cod_alianza": "3717",
  "cod_categoria": "SEN",
  "cod_lista": "3717.3739.3739",
  "cod_partido": "3717.3739",
  "codigo": "3717.3739.3739.6378",
  "dni": "16167450",
  "id_candidatura": "3717.3739.3739.6378",
  "id_umv": 1816,
  "imagenes": [
   "3717.3739.3739.6378"
  ],
  "nombre": "RESTOM, JORGE",
  "nro_orden": 1,
  "orden_absoluto": [
   6,
   17,
   64,
   2,
   1
  ],
  "secundarios": [

  ],
  "sexo": "M",
  "suplentes": [
   "CABRAL, NORMA ISABEL"
  ]
 },
 {
  "asistida": "MILER MIRTA Est\u00e9r",
  "cargo_ejecutivo": false,
  "clase": "Candidato",
  "cod_alianza": "3717",
  "cod_categoria": "DIP",
  "cod_lista": "3717.3739.3739",
  "cod_partido": "3717.3739",
  "codigo": "3717.3739.3739.6425",
  "dni": "13230622",
  "id_candidatura": "3717.3739.3739.6425",
  "id_umv": 1051,
  "imagenes": [
   "3717.3739.3739.6425",
   "default",
   "default_mujer"
  ],
  "nombre": "MILLER, MIRTHA",
  "nro_orden": 1,
  "orden_absoluto": [
   6,
   17,
   64,
   3,
   1
  ],
  "secundarios": [
   "MOYANO, SANTIAGO JOSE",
   "FLORES, LILIAN DEL VALLE"
  ],
  "sexo": "F",
  "suplentes": [
   "CARMONA, JOSE FRANCISCO",
   "RUIZ, NIDIA ELIZABETH",
   "GORBAL MITANOS, RUBEN ORLANDO"
  ]
 },
 {
  "asistida": "OLMOS GU\u00c1LTER PABLO NORMANDO",
  "cargo_ejecutivo": true,
  "clase": "Candidato",
  "cod_alianza": "3717",
  "cod_categoria": "INT",
  "cod_lista": "3717.3739.3739",
  "cod_partido": "3717.3739",
  "codigo": "3717.3739.3739.6444",
  "dni": "10430062",
  "id_candidatura": "3717.3739.3739.6444",
  "id_umv": 1259,
  "imagenes": [
   "3717.3739.3739.6444"
  ],
  "nombre": "OLMOS, WALTER",
  "nro_orden": 1,
  "orden_absoluto": [
   6,
   17,
   64,
   4,
   1
  ],
  "secundarios": [

  ],
  "sexo": "M",
  "suplentes": [

  ]
 },
 {
  "asistida": "QUISPE MALVINA FABIOLA",
  "cargo_ejecutivo": false,
  "clase": "Candidato",
  "cod_alianza": "3717",
  "cod_categoria": "CNJ",
  "cod_lista": "3717.3739.3739",
  "cod_partido": "3717.3739",
  "codigo": "3717.3739.3739.6677",
  "dni": "29276270",
  "id_candidatura": "3717.3739.3739.6677",
  "id_umv": 104,
  "imagenes": [
   "3717.3739.3739.6677",
   "default",
   "default_mujer",
   "default",
   "default_mujer",
   "default",
   "default_mujer"
  ],
  "nombre": "QUISPE, MALVINA",
  "nro_orden": 1,
  "orden_absoluto": [
   6,
   17,
   64,
   5,
   1
  ],
  "secundarios": [
   "ARAOZ, MARIO NELSON",
   "SORIA, RAQUEL NOEMI",
   "CASTELLANOS, HECTOR EDUARDO",
   "LLANOS, ERLIN ROSA",
   "TOLEDO, JAVIER ALEJANDRO",
   "QUISPE, NADIA MELINA"
  ],
  "sexo": "F",
  "suplentes": [
   "BARRIOS, ANDRES MAXIMILIANO",
   "ZUNIGA, SELENA MALEN"
  ]
 },
 {
  "asistida": "ROJAS JAVIER ROM\u00c1N",
  "cargo_ejecutivo": false,
  "clase": "Candidato",
  "cod_alianza": "3717",
  "cod_categoria": "CNJ",
  "cod_lista": "3717.632.632",
  "cod_partido": "3717.632",
  "codigo": "3717.632.632.11909",
  "dni": "25885144",
  "id_candidatura": "3717.632.632.11909",
  "id_umv": 156,
  "imagenes": [
   "3717.632.632.11909",
   "default_mujer",
   "default",
   "default_mujer",
   "default",
   "default_mujer",
   "default"
  ],
  "nombre": "ROJAS, JAVIER",
  "nro_orden": 1,
  "orden_absoluto": [
   6,
   47,
   8,
   5,
   1
  ],
  "secundarios": [
   "RAMOS, ROSA MABEL",
   "SALGADO, SOLANO",
   "LEIVA, MERCEDES DEL VALLE",
   "INDALECIO, CARLOS MARCOS",
   "VALLEJOS, ADRIANA MARINA",
   "CUAQUIRA, JUAN CARLOS"
  ],
  "sexo": "M",
  "suplentes": [
   "ROMERO, SILVIA LAURA",
   "BASUALDO, RAMON HORACIO",
   "ARIAS, FLORENCIA ELIANA ALEXIA",
   "ROMERO, CRISTIAN DANIEL",
   "ROJAS, INES ALBEANA",
   "SORIA, JUAN SEBASTIAN"
  ]
 },
 {
  "asistida": "W\u00c1YAR GU\u00c1LTER RAUL",
  "cargo_ejecutivo": true,
  "clase": "Candidato",
  "cod_alianza": "3723",
  "cod_categoria": "GOB",
  "cod_lista": "3723.3741.3741",
  "cod_partido": "3723.3741",
  "codigo": "3723.3741.3741.7154",
  "dni": "12220501",
  "id_candidatura": "3723.3741.3741.7154",
  "id_umv": 1201,
  "imagenes": [
   "3723.3741.3741.7154",
   "default"
  ],
  "nombre": "WAYAR, WALTER",
  "nro_orden": 1,
  "orden_absoluto": [
   5,
   14,
   65,
   1,
   1
  ],
  "secundarios": [
   "MIZZAU, IVAN"
  ],
  "sexo": "M",
  "suplentes": [

  ]
 },
 {
  "asistida": "Abreg\u00fa C\u00e9SAR ADOLFO",
  "cargo_ejecutivo": false,
  "clase": "Candidato",
  "cod_alianza": "3723",
  "cod_categoria": "SEN",
  "cod_lista": "3723.3741.3741",
  "cod_partido": "3723.3741",
  "codigo": "3723.3741.3741.7172",
  "dni": "14858585",
  "id_candidatura": "3723.3741.3741.7172",
  "id_umv": 1828,
  "imagenes": [
   "3723.3741.3741.7172"
  ],
  "nombre": "ABREGU, CESAR ADOLFO",
  "nro_orden": 1,
  "orden_absoluto": [
   5,
   14,
   65,
   2,
   1
  ],
  "secundarios": [

  ],
  "sexo": "M",
  "suplentes": [
   "PALAVECINO, LILIAN DEL MILAGRO"
  ]
 },
 {
  "asistida": "ROMERO N\u00e9STOR",
  "cargo_ejecutivo": false,
  "clase": "Candidato",
  "cod_alianza": "3723",
  "cod_categoria": "DIP",
  "cod_lista": "3723.3741.3741",
  "cod_partido": "3723.3741",
  "codigo": "3723.3741.3741.7224",
  "dni": "13893998",
  "id_candidatura": "3723.3741.3741.7224",
  "id_umv": 1064,
  "imagenes": [
   "3723.3741.3741.7224",
   "default_mujer",
   "default"
  ],
  "nombre": "ROMERO, NESTOR",
  "nro_orden": 1,
  "orden_absoluto": [
   5,
   14,
   65,
   3,
   1
  ],
  "secundarios": [
   "QUINTEROS, MARLENE LUCIA",
   "CORIA, GUSTAVO DANIEL FELIPE"
  ],
  "sexo": "M",
  "suplentes": [

  ]
 },
 {
  "asistida": "PAZ POSE LUCIO",
  "cargo_ejecutivo": true,
  "clase": "Candidato",
  "cod_alianza": "3728",
  "cod_categoria": "GOB",
  "cod_lista": "3728.3742.3742",
  "cod_partido": "3728.3742",
  "codigo": "3728.3742.3742.7704",
  "dni": "24875401",
  "id_candidatura": "3728.3742.3742.7704",
  "id_umv": 1202,
  "imagenes": [
   "3728.3742.3742.7704",
   "default_mujer"
  ],
  "nombre": "PAZ POSSE, LUCIO \u201cPINO\u201d",
  "nro_orden": 1,
  "orden_absoluto": [
   9,
   21,
   66,
   1,
   1
  ],
  "secundarios": [
   "FARJAT D\u2019ALESSANDRO, LORENA"
  ],
  "sexo": "M",
  "suplentes": [

  ]
 },
 {
  "asistida": "Cinch\u00f3n AMELIA DEL CARMEN",
  "cargo_ejecutivo": false,
  "clase": "Candidato",
  "cod_alianza": "3728",
  "cod_categoria": "SEN",
  "cod_lista": "3728.3742.3742",
  "cod_partido": "3728.3742",
  "codigo": "3728.3742.3742.7714",
  "dni": "17835641",
  "id_candidatura": "3728.3742.3742.7714",
  "id_umv": 1834,
  "imagenes": [
   "3728.3742.3742.7714"
  ],
  "nombre": "CINCHON, AMELIA DEL CARMEN",
  "nro_orden": 1,
  "orden_absoluto": [
   9,
   21,
   66,
   2,
   1
  ],
  "secundarios": [

  ],
  "sexo": "F",
  "suplentes": [
   "ALBARRACIN, HELIN JULIAN"
  ]
 },
 {
  "asistida": "GUERRERO GABRIELA SOLEDAD",
  "cargo_ejecutivo": false,
  "clase": "Candidato",
  "cod_alianza": "3728",
  "cod_categoria": "DIP",
  "cod_lista": "3728.3742.3742",
  "cod_partido": "3728.3742",
  "codigo": "3728.3742.3742.7756",
  "dni": "34550795",
  "id_candidatura": "3728.3742.3742.7756",
  "id_umv": 1072,
  "imagenes": [
   "3728.3742.3742.7756",
   "default",
   "default_mujer"
  ],
  "nombre": "GUERRERO, GABRIELA SOLEDAD",
  "nro_orden": 1,
  "orden_absoluto": [
   9,
   21,
   66,
   3,
   1
  ],
  "secundarios": [
   "TABORGA, CESAR DARIO",
   "PAZ, ESTELA DEL VALLE"
  ],
  "sexo": "F",
  "suplentes": [
   "CAMPOS, HUGO FERNANDO",
   "VIDAL, MARIA",
   "GUERRERO, JAVIER ARNALDO"
  ]
 },
 {
  "asistida": "CAL\u00cdVA L\u00cdA VER\u00d3NICA",
  "cargo_ejecutivo": true,
  "clase": "Candidato",
  "cod_alianza": "3729",
  "cod_categoria": "GOB",
  "cod_lista": "3729.3747.3747",
  "cod_partido": "3729.3747",
  "codigo": "3729.3747.3747.9058",
  "dni": "25624792",
  "id_candidatura": "3729.3747.3747.9058",
  "id_umv": 1203,
  "imagenes": [
   "3729.3747.3747.9058",
   "default"
  ],
  "nombre": "CALIVA, LIA VERONICA",
  "nro_orden": 1,
  "orden_absoluto": [
   24,
   68,
   67,
   1,
   1
  ],
  "secundarios": [
   "GRAVANAGO, CARLOS ALEJANDRO"
  ],
  "sexo": "F",
  "suplentes": [

  ]
 },
 {
  "asistida": "LOPEZ REINA NANCY",
  "cargo_ejecutivo": false,
  "clase": "Candidato",
  "cod_alianza": "3729",
  "cod_categoria": "SEN",
  "cod_lista": "3729.3747.3747",
  "cod_partido": "3729.3747",
  "codigo": "3729.3747.3747.9070",
  "dni": "20126526",
  "id_candidatura": "3729.3747.3747.9070",
  "id_umv": 1842,
  "imagenes": [
   "3729.3747.3747.9070"
  ],
  "nombre": "LOPEZ, REINA NANCY",
  "nro_orden": 1,
  "orden_absoluto": [
   24,
   68,
   67,
   2,
   1
  ],
  "secundarios": [

  ],
  "sexo": "F",
  "suplentes": [
   "FERNANDEZ, ISAIAS"
  ]
 },
 {
  "asistida": "LOPEZ JORGE LUIS",
  "cargo_ejecutivo": false,
  "clase": "Candidato",
  "cod_alianza": "3729",
  "cod_categoria": "DIP",
  "cod_lista": "3729.3747.3747",
  "cod_partido": "3729.3747",
  "codigo": "3729.3747.3747.9104",
  "dni": "34126577",
  "id_candidatura": "3729.3747.3747.9104",
  "id_umv": 1080,
  "imagenes": [
   "3729.3747.3747.9104",
   "default_mujer",
   "default"
  ],
  "nombre": "LOPEZ, JORGE LUIS",
  "nro_orden": 1,
  "orden_absoluto": [
   24,
   68,
   67,
   3,
   1
  ],
  "secundarios": [
   "RODRIGUEZ, ROSA",
   "CUEVAS, JOSE ELIAS"
  ],
  "sexo": "M",
  "suplentes": [
   "SAMBRANA, RUTH SONIA"
  ]
 },
 {
  "asistida": "FIGUEREDO GRACIELA DEL CARMEN",
  "cargo_ejecutivo": true,
  "clase": "Candidato",
  "cod_alianza": "3729",
  "cod_categoria": "INT",
  "cod_lista": "3729.3747.3747",
  "cod_partido": "3729.3747",
  "codigo": "3729.3747.3747.9121",
  "dni": "25563914",
  "id_candidatura": "3729.3747.3747.9121",
  "id_umv": 1369,
  "imagenes": [
   "3729.3747.3747.9121"
  ],
  "nombre": "FIGUEREDO, GRACIELA DEL CARMEN",
  "nro_orden": 1,
  "orden_absoluto": [
   24,
   68,
   67,
   4,
   1
  ],
  "secundarios": [

  ],
  "sexo": "F",
  "suplentes": [

  ]
 },
 {
  "asistida": "PEREZ RAQUEL EL\u00cdZABET",
  "cargo_ejecutivo": false,
  "clase": "Candidato",
  "cod_alianza": "3729",
  "cod_categoria": "CNJ",
  "cod_lista": "3729.3747.3747",
  "cod_partido": "3729.3747",
  "codigo": "3729.3747.3747.9322",
  "dni": "29948452",
  "id_candidatura": "3729.3747.3747.9322",
  "id_umv": 279,
  "imagenes": [
   "3729.3747.3747.9322",
   "default",
   "default_mujer",
   "default",
   "default_mujer",
   "default",
   "default_mujer"
  ],
  "nombre": "PEREZ, RAQUEL ELIZABET",
  "nro_orden": 1,
  "orden_absoluto": [
   24,
   68,
   67,
   5,
   1
  ],
  "secundarios": [
   "MORENO, ALBERTO JULIAN",
   "AGUILERA, NILDA ESTER",
   "SANCHEZ, NICOLAS EMANUEL",
   "MANQUEZ, JANINA CARLA JANET",
   "ROSENDO, JAVIER",
   "FIGUEREDO, CARLA GISELA"
  ],
  "sexo": "F",
  "suplentes": [
   "CASTRO, DANIEL OMAR",
   "GOMEZ, MIRIAN MARIELA",
   "ACOSTA, RAMON EDUARDO"
  ]
 },
 {
  "asistida": "BULACIO RAMON ALFREDO",
  "cargo_ejecutivo": true,
  "clase": "Candidato",
  "cod_alianza": "3729",
  "cod_categoria": "INT",
  "cod_lista": "3729.459.459",
  "cod_partido": "3729.459",
  "codigo": "3729.459.459.10945",
  "dni": "26519168",
  "id_candidatura": "3729.459.459.10945",
  "id_umv": 1385,
  "imagenes": [
   "3729.459.459.10945"
  ],
  "nombre": "BULACIO, RAMON ALFREDO",
  "nro_orden": 1,
  "orden_absoluto": [
   24,
   35,
   77,
   4,
   1
  ],
  "secundarios": [

  ],
  "sexo": "M",
  "suplentes": [

  ]
 },
 {
  "asistida": "ROBLES PAOLA ANG\u00c9LICA",
  "cargo_ejecutivo": false,
  "clase": "Candidato",
  "cod_alianza": "3729",
  "cod_categoria": "CNJ",
  "cod_lista": "3729.459.459",
  "cod_partido": "3729.459",
  "codigo": "3729.459.459.10975",
  "dni": "30443592",
  "id_candidatura": "3729.459.459.10975",
  "id_umv": 296,
  "imagenes": [
   "3729.459.459.10975",
   "default",
   "default_mujer",
   "default",
   "default_mujer",
   "default",
   "default_mujer"
  ],
  "nombre": "ROBLES, PAOLA ANGELICA",
  "nro_orden": 1,
  "orden_absoluto": [
   24,
   35,
   77,
   5,
   1
  ],
  "secundarios": [
   "HERRERA, FABIO",
   "MARTINEZ, VANESA ANDREA",
   "GUTIERREZ, ARMANDO DANIEL",
   "LAZO, RAMONA ELIZABETH",
   "CRUZ, DARDO MIGUEL",
   "CAMACHO, LILIA DE LOS ANGELES"
  ],
  "sexo": "F",
  "suplentes": [
   "ELIAS, FERNANDO MARCELO",
   "RIVERO, MARIELA",
   "ROBLES CAMACHO, JUAN CARLOS",
   "FLORES, MAGDALENA DEL VALLE",
   "BULACIO, JESUS SEBASTIAN"
  ]
 },
 {
  "asistida": "NANNI VALERO MIGUEL",
  "cargo_ejecutivo": true,
  "clase": "Candidato",
  "cod_alianza": "3730",
  "cod_categoria": "GOB",
  "cod_lista": "3730.3746.3746",
  "cod_partido": "3730.3746",
  "codigo": "3730.3746.3746.8614",
  "dni": "25802248",
  "id_candidatura": "3730.3746.3746.8614",
  "id_umv": 1204,
  "imagenes": [
   "3730.3746.3746.8614",
   "default_mujer"
  ],
  "nombre": "NANNI, MIGUEL",
  "nro_orden": 1,
  "orden_absoluto": [
   15,
   32,
   74,
   1,
   1
  ],
  "secundarios": [
   "CORNEJO, VIRGINIA"
  ],
  "sexo": "M",
  "suplentes": [

  ]
 },
 {
  "asistida": "FERNANDEZ VALERIA ALEJANDRA",
  "cargo_ejecutivo": false,
  "clase": "Candidato",
  "cod_alianza": "3730",
  "cod_categoria": "SEN",
  "cod_lista": "3730.3746.3746",
  "cod_partido": "3730.3746",
  "codigo": "3730.3746.3746.8632",
  "dni": "37227112",
  "id_candidatura": "3730.3746.3746.8632",
  "id_umv": 1852,
  "imagenes": [
   "3730.3746.3746.8632"
  ],
  "nombre": "FERNANDEZ, VALERIA ALEJANDRA",
  "nro_orden": 1,
  "orden_absoluto": [
   15,
   32,
   74,
   2,
   1
  ],
  "secundarios": [

  ],
  "sexo": "F",
  "suplentes": [
   "RENFIGES, DANIEL ALEJANDRO"
  ]
 },
 {
  "asistida": "CAPITON FEDERICO AGUSTIN",
  "cargo_ejecutivo": false,
  "clase": "Candidato",
  "cod_alianza": "3730",
  "cod_categoria": "DIP",
  "cod_lista": "3730.3746.3746",
  "cod_partido": "3730.3746",
  "codigo": "3730.3746.3746.8680",
  "dni": "32934391",
  "id_candidatura": "3730.3746.3746.8680",
  "id_umv": 1092,
  "imagenes": [
   "3730.3746.3746.8680",
   "default_mujer",
   "default"
  ],
  "nombre": "CAPITON, FEDERICO AGUSTIN",
  "nro_orden": 1,
  "orden_absoluto": [
   15,
   32,
   74,
   3,
   1
  ],
  "secundarios": [
   "CAZON, MARIA CRISTINA",
   "ROLDAN, NERI OSVALDO"
  ],
  "sexo": "M",
  "suplentes": [
   "RODRIGUEZ, CINTHIA SUSANA"
  ]
 },
 {
  "asistida": "Ayl\u00f3n SERGIO JES\u00daS",
  "cargo_ejecutivo": true,
  "clase": "Candidato",
  "cod_alianza": "3730",
  "cod_categoria": "INT",
  "cod_lista": "3730.3746.3746",
  "cod_partido": "3730.3746",
  "codigo": "3730.3746.3746.8696",
  "dni": "18309012",
  "id_candidatura": "3730.3746.3746.8696",
  "id_umv": 1398,
  "imagenes": [
   "3730.3746.3746.8696"
  ],
  "nombre": "AYLLON, SERGIO JESUS",
  "nro_orden": 1,
  "orden_absoluto": [
   15,
   32,
   74,
   4,
   1
  ],
  "secundarios": [

  ],
  "sexo": "M",
  "suplentes": [

  ]
 },
 {
  "asistida": "CARRASCO H\u00c9CTOR VICENTE",
  "cargo_ejecutivo": false,
  "clase": "Candidato",
  "cod_alianza": "3730",
  "cod_categoria": "CNJ",
  "cod_lista": "3730.3746.3746",
  "cod_partido": "3730.3746",
  "codigo": "3730.3746.3746.8897",
  "dni": "16035897",
  "id_candidatura": "3730.3746.3746.8897",
  "id_umv": 310,
  "imagenes": [
   "3730.3746.3746.8897",
   "default_mujer",
   "default",
   "default_mujer",
   "default",
   "default_mujer",
   "default"
  ],
  "nombre": "CARRASCO, HECTOR VICENTE",
  "nro_orden": 1,
  "orden_absoluto": [
   15,
   32,
   74,
   5,
   1
  ],
  "secundarios": [
   "CHAUQUE, MIRIAN ADRIANA",
   "RUIZ NIEVA, NICOLAS EZEQUIEL",
   "CABRERA, ADRIANA SOLEDAD",
   "BARROSO, ELIO RICARDO",
   "CARDOZO, ELBA ROMINA",
   "PINTOS, RAMON MARIO"
  ],
  "sexo": "M",
  "suplentes": [
   "SANCHEZ, ADRIANA CAROLINA",
   "ORTIZ, DARDO ROMAN",
   "ALVAREZ, MARIA ANDREA",
   "LOPEZ, GENARO",
   "TOLEDO, MONICA SUSANA",
   "CASTRO, RENE ARIEL"
  ]
 },
 {
  "asistida": "Sabadini MAURO DIEGO",
  "cargo_ejecutivo": true,
  "clase": "Candidato",
  "cod_alianza": "3731",
  "cod_categoria": "GOB",
  "cod_lista": "3731.3743.3743",
  "cod_partido": "3731.3743",
  "codigo": "3731.3743.3743.7941",
  "dni": "23362242",
  "id_candidatura": "3731.3743.3743.7941",
  "id_umv": 1205,
  "imagenes": [
   "3731.3743.3743.7941",
   "default_mujer"
  ],
  "nombre": "SABBADINI, MAURO DIEGO",
  "nro_orden": 1,
  "orden_absoluto": [
   10,
   22,
   68,
   1,
   1
  ],
  "secundarios": [
   "LOAYZA PACHECO, JIMENA LUCIA"
  ],
  "sexo": "M",
  "suplentes": [

  ]
 },
 {
  "asistida": "LOPEZ ALDO ERNESTO",
  "cargo_ejecutivo": false,
  "clase": "Candidato",
  "cod_alianza": "3731",
  "cod_categoria": "SEN",
  "cod_lista": "3731.3743.3743",
  "cod_partido": "3731.3743",
  "codigo": "3731.3743.3743.7951",
  "dni": "12140030",
  "id_candidatura": "3731.3743.3743.7951",
  "id_umv": 1857,
  "imagenes": [
   "3731.3743.3743.7951"
  ],
  "nombre": "LOPEZ, ALDO ERNESTO",
  "nro_orden": 1,
  "orden_absoluto": [
   10,
   22,
   68,
   2,
   1
  ],
  "secundarios": [

  ],
  "sexo": "M",
  "suplentes": [

  ]
 },
 {
  "asistida": "ACOSTA RAUL EDUARDO \"PIRU\"",
  "cargo_ejecutivo": false,
  "clase": "Candidato",
  "cod_alianza": "3731",
  "cod_categoria": "DIP",
  "cod_lista": "3731.3743.3743",
  "cod_partido": "3731.3743",
  "codigo": "3731.3743.3743.7990",
  "dni": "14747196",
  "id_candidatura": "3731.3743.3743.7990",
  "id_umv": 1101,
  "imagenes": [
   "3731.3743.3743.7990",
   "default_mujer",
   "default"
  ],
  "nombre": "CPN ACOSTA, RAUL EDUARDO \u201cPIRU\u201d",
  "nro_orden": 1,
  "orden_absoluto": [
   10,
   22,
   68,
   3,
   1
  ],
  "secundarios": [
   "GEREZ, MARIA DEL VALLE",
   "FERREYRA, MARIO ANTONIO"
  ],
  "sexo": "M",
  "suplentes": [
   "HURTADO, LAURA EUGENIA",
   "ARACENA ARMOA, HUGO ANDRES",
   "CASTILLO, MARISOL"
  ]
 },
 {
  "asistida": "MESA MARTA ANG\u00c9LICA",
  "cargo_ejecutivo": true,
  "clase": "Candidato",
  "cod_alianza": "3731",
  "cod_categoria": "INT",
  "cod_lista": "3731.3743.3743",
  "cod_partido": "3731.3743",
  "codigo": "3731.3743.3743.8006",
  "dni": "27252588",
  "id_candidatura": "3731.3743.3743.8006",
  "id_umv": 1432,
  "imagenes": [
   "3731.3743.3743.8006"
  ],
  "nombre": "MESA, MARTA ANGELICA",
  "nro_orden": 1,
  "orden_absoluto": [
   10,
   22,
   68,
   4,
   1
  ],
  "secundarios": [

  ],
  "sexo": "F",
  "suplentes": [

  ]
 },
 {
  "asistida": "JOS\u00c9 SARA YAMILA",
  "cargo_ejecutivo": false,
  "clase": "Candidato",
  "cod_alianza": "3731",
  "cod_categoria": "CNJ",
  "cod_lista": "3731.3743.3743",
  "cod_partido": "3731.3743",
  "codigo": "3731.3743.3743.8188",
  "dni": "42317022",
  "id_candidatura": "3731.3743.3743.8188",
  "id_umv": 366,
  "imagenes": [
   "3731.3743.3743.8188",
   "default",
   "default_mujer",
   "default",
   "default_mujer",
   "default",
   "default_mujer"
  ],
  "nombre": "JOSE, SARA YAMILA",
  "nro_orden": 1,
  "orden_absoluto": [
   10,
   22,
   68,
   5,
   1
  ],
  "secundarios": [
   "CORTES, LUCAS RICARDO FEDERICO",
   "ROCA, ERIKA FERNANDA",
   "ROCA, MOISES",
   "CORTEZ, FERNANDA ELIZABETH",
   "DE LA COLINA, MARCELO RUBEN",
   "CORTES, NORA CELESTE"
  ],
  "sexo": "F",
  "suplentes": [
   "SARMIENTO, ROQUE MARCELO",
   "ROCA, KAREN EMILSE",
   "ROCA, FABIAN CARLOS",
   "CORTES, PAULA ELIZABETH",
   "ROCA, MOISES",
   "DIAZ, DAIANA PAMELA"
  ]
 },
 {
  "asistida": "DEL PLA CLAUDIO ARIEL",
  "cargo_ejecutivo": true,
  "clase": "Candidato",
  "cod_alianza": "3732",
  "cod_categoria": "GOB",
  "cod_lista": "3732.3740.3740",
  "cod_partido": "3732.3740",
  "codigo": "3732.3740.3740.6916",
  "dni": "13943671",
  "id_candidatura": "3732.3740.3740.6916",
  "id_umv": 1206,
  "imagenes": [
   "3732.3740.3740.6916",
   "default_mujer"
  ],
  "nombre": "DEL PLA, CLAUDIO ARIEL",
  "nro_orden": 1,
  "orden_absoluto": [
   7,
   18,
   73,
   1,
   1
  ],
  "secundarios": [
   "HIDALGO, LORENA VANESA"
  ],
  "sexo": "M",
  "suplentes": [

  ]
 },
 {
  "asistida": "TEJERINA ELSA KARINA",
  "cargo_ejecutivo": false,
  "clase": "Candidato",
  "cod_alianza": "3732",
  "cod_categoria": "SEN",
  "cod_lista": "3732.3740.3740",
  "cod_partido": "3732.3740",
  "codigo": "3732.3740.3740.6923",
  "dni": "25752828",
  "id_candidatura": "3732.3740.3740.6923",
  "id_umv": 1861,
  "imagenes": [
   "3732.3740.3740.6923"
  ],
  "nombre": "TEJERINA, ELSA KARINA",
  "nro_orden": 1,
  "orden_absoluto": [
   7,
   18,
   73,
   2,
   1
  ],
  "secundarios": [

  ],
  "sexo": "F",
  "suplentes": [
   "SIMPLICIO, LEONARDO"
  ]
 },
 {
  "asistida": "QUIROGA Mab\u00e9l RITA",
  "cargo_ejecutivo": false,
  "clase": "Candidato",
  "cod_alianza": "3732",
  "cod_categoria": "DIP",
  "cod_lista": "3732.3740.3740",
  "cod_partido": "3732.3740",
  "codigo": "3732.3740.3740.6956",
  "dni": "17662547",
  "id_candidatura": "3732.3740.3740.6956",
  "id_umv": 1107,
  "imagenes": [
   "3732.3740.3740.6956",
   "default",
   "default_mujer"
  ],
  "nombre": "QUIROGA, MABEL RITA",
  "nro_orden": 1,
  "orden_absoluto": [
   7,
   18,
   73,
   3,
   1
  ],
  "secundarios": [
   "TARRAGA, MAURICIO RAUL",
   "OLMOS, ESTER VALERIA"
  ],
  "sexo": "F",
  "suplentes": [
   "TARRAGA, HECTOR RAUL"
  ]
 },
 {
  "asistida": "Ruberto SAENZ GUSTAVO ADOLFO",
  "cargo_ejecutivo": true,
  "clase": "Candidato",
  "cod_alianza": "3734",
  "cod_categoria": "GOB",
  "cod_lista": "3734.3737.3737",
  "cod_partido": "3734.3737",
  "codigo": "3734.3737.3737.6358",
  "dni": "20609646",
  "id_candidatura": "3734.3737.3737.6358",
  "id_umv": 1207,
  "imagenes": [
   "3734.3737.3737.6358",
   "default"
  ],
  "nombre": "SAENZ, GUSTAVO",
  "nro_orden": 1,
  "orden_absoluto": [
   1,
   5,
   69,
   1,
   1
  ],
  "secundarios": [
   "MAROCCO, ANTONIO \u201cGRINGO\u201d"
  ],
  "sexo": "M",
  "suplentes": [

  ]
 },
 {
  "asistida": "ALEMAN GUILLERMO SEBASTI\u00c1N",
  "cargo_ejecutivo": true,
  "clase": "Candidato",
  "cod_alianza": "3735",
  "cod_categoria": "INT",
  "cod_lista": "3735.1.1",
  "cod_partido": "3735.1",
  "codigo": "3735.1.1.1",
  "dni": "31022881",
  "id_candidatura": "3735.1.1.1",
  "id_umv": 1523,
  "imagenes": [
   "3735.1.1.1"
  ],
  "nombre": "ALEMAN, GUILLERMO SEBASTIAN",
  "nro_orden": 1,
  "orden_absoluto": [
   12,
   1,
   55,
   4,
   1
  ],
  "secundarios": [

  ],
  "sexo": "M",
  "suplentes": [

  ]
 },
 {
  "asistida": "LINARES SERGIO FERNANDO",
  "cargo_ejecutivo": false,
  "clase": "Candidato",
  "cod_alianza": "3735",
  "cod_categoria": "CNJ",
  "cod_lista": "3735.1.1",
  "cod_partido": "3735.1",
  "codigo": "3735.1.1.2",
  "dni": "39039736",
  "id_candidatura": "3735.1.1.2",
  "id_umv": 575,
  "imagenes": [
   "3735.1.1.2",
   "default_mujer",
   "default",
   "default_mujer",
   "default",
   "default_mujer",
   "default"
  ],
  "nombre": "LINARES, SERGIO FERNANDO",
  "nro_orden": 1,
  "orden_absoluto": [
   12,
   1,
   55,
   5,
   1
  ],
  "secundarios": [
   "UMBRELLO, NORA ISABEL",
   "SALAS, CARLOS ENRIQUE",
   "CASIMIRO, MARLENE FABIOLA",
   "ROBLES, JOSE LUIS",
   "CHAVARRIA, FRANCISCA",
   "CASTA\u00d1O, LUIS FERNANDO"
  ],
  "sexo": "M",
  "suplentes": [
   "LICANTICA, LIA LUZ",
   "MORENO ILLESCAS, ALEJANDRO DANNY",
   "ORELLANA, MARIA ESTER",
   "GUZMAN, JESUS MARIA",
   "CASIMIRO, MARIA JULIETA",
   "FERNANDEZ, NESTOR ANGEL",
   "HERRERA, EVELIA EVANGELINA"
  ]
 },
 {
  "asistida": "VALDIVIEZO Osc\u00e1r ALBERTO",
  "cargo_ejecutivo": false,
  "clase": "Candidato",
  "cod_alianza": "3735",
  "cod_categoria": "CNJ",
  "cod_lista": "3735.1873.1873",
  "cod_partido": "3735.1873",
  "codigo": "3735.1873.1873.2773",
  "dni": "14792320",
  "id_candidatura": "3735.1873.1873.2773",
  "id_umv": 619,
  "imagenes": [
   "3735.1873.1873.2773",
   "default_mujer",
   "default",
   "default_mujer",
   "default",
   "default_mujer",
   "default"
  ],
  "nombre": "VALDIVIEZO, OSCAR ALBERTO",
  "nro_orden": 1,
  "orden_absoluto": [
   12,
   56,
   80,
   5,
   1
  ],
  "secundarios": [
   "GALLARDO, GABRIELA NATALIA",
   "SEGUNDO, NOLBERTO",
   "GALVAN, VIVIANA TRINIDAD",
   "CENTENO, MAXIMILIANO ANGEL",
   "ORTIZ, MARCELA MICAELA",
   "VACA, NORMANDO ELIO"
  ],
  "sexo": "M",
  "suplentes": [
   "SILVERA, OLGA BEATRIZ",
   "PEREYRA, EUGENIO DANTE",
   "FELIX, NORMA ASUNCION DEL VALLE",
   "MARQUEZ, ALFREDO VICTOR",
   "VALDIVIEZO, MARIA CECILIA",
   "SIMON, FREDY ANASTACIO"
  ]
 },
 {
  "asistida": "ALTAMIRANO LUIS ALFREDO",
  "cargo_ejecutivo": false,
  "clase": "Candidato",
  "cod_alianza": "3735",
  "cod_categoria": "CNJ",
  "cod_lista": "3735.3630.3630",
  "cod_partido": "3735.3630",
  "codigo": "3735.3630.3630.5375",
  "dni": "33351293",
  "id_candidatura": "3735.3630.3630.5375",
  "id_umv": 704,
  "imagenes": [
   "3735.3630.3630.5375",
   "default_mujer",
   "default",
   "default_mujer",
   "default",
   "default_mujer",
   "default"
  ],
  "nombre": "ALTAMIRANO, LUIS ALFREDO",
  "nro_orden": 1,
  "orden_absoluto": [
   12,
   3,
   56,
   5,
   1
  ],
  "secundarios": [
   "ROMERO, MARINES DE LOS ANGELES",
   "CHAILE, RAUL ARNALDO",
   "DURAN, ADRIANA SOLEDAD",
   "OLBRICH, WALTER FRANCISCO",
   "ALCOBA, MARIALENA DEL VALLE",
   "MENDEZ, HUGO ABEL"
  ],
  "sexo": "M",
  "suplentes": [
   "CHAILE, MARILU DE LOS ANGELES",
   "SILVA, JORGE ROBERTO PANTALEON",
   "ORTIZ, CARINA ALEJANDRA",
   "MEDINA, AGUSTIN WALTER",
   "ARGA\u00d1ARAZ, ALEJANDRA GEORGINA",
   "MOJICA, PABLO",
   "ALCOBA, NATALIA DE LOS ANGELES"
  ]
 },
 {
  "asistida": "NIEVA SERGIO Osc\u00e1r",
  "cargo_ejecutivo": false,
  "clase": "Candidato",
  "cod_alianza": "3735",
  "cod_categoria": "CNJ",
  "cod_lista": "3735.3650.3650",
  "cod_partido": "3735.3650",
  "codigo": "3735.3650.3650.5840",
  "dni": "22309882",
  "id_candidatura": "3735.3650.3650.5840",
  "id_umv": 721,
  "imagenes": [
   "3735.3650.3650.5840",
   "default_mujer",
   "default",
   "default_mujer",
   "default",
   "default_mujer",
   "default"
  ],
  "nombre": "NIEVA, \u201cCOQUI\u201d",
  "nro_orden": 1,
  "orden_absoluto": [
   12,
   66,
   23,
   5,
   1
  ],
  "secundarios": [
   "GUERRA, MARIA FERMINA",
   "BALDERRAMA, JUAN",
   "ANDRADA, CAMILA NATALIA",
   "IBA\u00d1EZ, EMILIO WILFREDO",
   "GOMEZ, GABRIELA MARGARITA",
   "VALLEJOS, MAXIMO"
  ],
  "sexo": "M",
  "suplentes": [
   "ARIAS, DANIELA PAOLA",
   "COINTE, JOSE MANUEL",
   "CACERES, VALERIA ALEJANDRA",
   "FERNANDEZ, BERNARDO",
   "FERRARI, MOIRA LORENA",
   "ORDO\u00d1EZ, NORMAN VICTOR"
  ]
 },
 {
  "asistida": "Pailerr MANUEL Osc\u00e1r",
  "cargo_ejecutivo": false,
  "clase": "Candidato",
  "cod_alianza": "3735",
  "cod_categoria": "SEN",
  "cod_lista": "3735.3745.3745",
  "cod_partido": "3735.3745",
  "codigo": "3735.3745.3745.8558",
  "dni": "10772619",
  "id_candidatura": "3735.3745.3745.8558",
  "id_umv": 1878,
  "imagenes": [
   "3735.3745.3745.8558"
  ],
  "nombre": "PAILLER, MANUEL OSCAR",
  "nro_orden": 1,
  "orden_absoluto": [
   12,
   25,
   70,
   2,
   1
  ],
  "secundarios": [

  ],
  "sexo": "M",
  "suplentes": [
   "TREVISANI VESPA, FRANCISCO"
  ]
 },
 {
  "asistida": "DOM\u00cdNGUEZ \u00c9DGAR GONZALO",
  "cargo_ejecutivo": false,
  "clase": "Candidato",
  "cod_alianza": "3735",
  "cod_categoria": "DIP",
  "cod_lista": "3735.4.4",
  "cod_partido": "3735.4",
  "codigo": "3735.4.4.10022",
  "dni": "34312028",
  "id_candidatura": "3735.4.4.10022",
  "id_umv": 1144,
  "imagenes": [
   "3735.4.4.10022",
   "default_mujer",
   "default"
  ],
  "nombre": "DOMINGUEZ, EDGAR \u201cEDY\u201d",
  "nro_orden": 1,
  "orden_absoluto": [
   12,
   58,
   6,
   3,
   1
  ],
  "secundarios": [
   "CACERES, GRACIELA NOEMY",
   "RUIZ, RAFAEL RICARDO"
  ],
  "sexo": "M",
  "suplentes": [
   "CASAS, CLAUDIA SILVINA",
   "LUNA, JESUS LUIS",
   "ZALAZAR, NORA BEATRIZ"
  ]
 },
 {
  "asistida": "\u00c1LVAREZ CRISTINA MATILDE",
  "cargo_ejecutivo": false,
  "clase": "Candidato",
  "cod_alianza": "3735",
  "cod_categoria": "CNJ",
  "cod_lista": "3735.4.4",
  "cod_partido": "3735.4",
  "codigo": "3735.4.4.10285",
  "dni": "21841501",
  "id_candidatura": "3735.4.4.10285",
  "id_umv": 765,
  "imagenes": [
   "3735.4.4.10285",
   "default",
   "default_mujer",
   "default",
   "default_mujer",
   "default",
   "default_mujer"
  ],
  "nombre": "ALVAREZ, CRISTINA MATILDE",
  "nro_orden": 1,
  "orden_absoluto": [
   12,
   58,
   6,
   5,
   1
  ],
  "secundarios": [
   "AMAYA, GERARDO DAVID",
   "ROJAS, ELINA FLORENCIA",
   "ARISPE, HUGO GERMAN",
   "ALCOBA, NADIA MACIEL",
   "GIMENEZ, ANIBAL RONALDO RAFAEL",
   "QUISPE, MARIA EUGENIA"
  ],
  "sexo": "F",
  "suplentes": [
   "BARRIOS, JESUS EXEQUIEL",
   "ARISPE, JESSICA JOHANA",
   "SUAREZ RODAS, GUSTAVO ARIEL",
   "VILLALBA, SARA ISABEL",
   "FERNANDEZ, ANTONIO EMANUEL",
   "SOSA, JESICA FERNANDA",
   "CHAVARRIA, NESTOR RAFAEL"
  ]
 },
 {
  "asistida": "MONTEAGUDO MATIAS",
  "cargo_ejecutivo": false,
  "clase": "Candidato",
  "cod_alianza": "3735",
  "cod_categoria": "DIP",
  "cod_lista": "3735.460.460",
  "cod_partido": "3735.460",
  "codigo": "3735.460.460.11032",
  "dni": "26663666",
  "id_candidatura": "3735.460.460.11032",
  "id_umv": 1148,
  "imagenes": [
   "3735.460.460.11032",
   "default_mujer",
   "default"
  ],
  "nombre": "MONTEAGUDO, MATIAS",
  "nro_orden": 1,
  "orden_absoluto": [
   12,
   23,
   10,
   3,
   1
  ],
  "secundarios": [
   "CORDOBA, ANA LAURA",
   "BRITO, JUAN PABLO"
  ],
  "sexo": "M",
  "suplentes": [
   "BONILLO, MARIA VICTORIA",
   "NIEDDU, SERGIO RAFAEL",
   "PICARDI, DAINA CARLA PAOLA"
  ]
 },
 {
  "asistida": "QUINTEROS DIEGO GUSTAVO",
  "cargo_ejecutivo": true,
  "clase": "Candidato",
  "cod_alianza": "3735",
  "cod_categoria": "INT",
  "cod_lista": "3735.460.460",
  "cod_partido": "3735.460",
  "codigo": "3735.460.460.11043",
  "dni": "29720214",
  "id_candidatura": "3735.460.460.11043",
  "id_umv": 1606,
  "imagenes": [
   "3735.460.460.11043"
  ],
  "nombre": "QUINTEROS, DIEGO GUSTAVO",
  "nro_orden": 1,
  "orden_absoluto": [
   12,
   23,
   10,
   4,
   1
  ],
  "secundarios": [

  ],
  "sexo": "M",
  "suplentes": [

  ]
 },
 {
  "asistida": "QUINTANA Sare ISA TOM\u00c1S",
  "cargo_ejecutivo": false,
  "clase": "Candidato",
  "cod_alianza": "3735",
  "cod_categoria": "CNJ",
  "cod_lista": "3735.460.460",
  "cod_partido": "3735.460",
  "codigo": "3735.460.460.11290",
  "dni": "38274266",
  "id_candidatura": "3735.460.460.11290",
  "id_umv": 817,
  "imagenes": [
   "3735.460.460.11290",
   "default_mujer",
   "default",
   "default_mujer",
   "default",
   "default_mujer",
   "default"
  ],
  "nombre": "QUINTANA SARE, HISA TOMAS",
  "nro_orden": 1,
  "orden_absoluto": [
   12,
   23,
   10,
   5,
   1
  ],
  "secundarios": [
   "CATUE, ZULMA ELIZABET",
   "QUINTANA, WALTER HORACIO",
   "SANDRINI, DIANA VALERIIA",
   "AGUILAR, DANIEL RICARDO",
   "ALCOBA, IRIS KARINA",
   "YARE, FABIO RODRIGO"
  ],
  "sexo": "M",
  "suplentes": [
   "ARCE, ERICA MARISEL",
   "ILLESCA, BLADIMIR EZEQUIEL",
   "REYES, GISELA HILDA CECILIA"
  ]
 },
 {
  "asistida": "Escotor\u00edn RAMIRO DANIEL",
  "cargo_ejecutivo": true,
  "clase": "Candidato",
  "cod_alianza": "685",
  "cod_categoria": "GOB",
  "cod_lista": "685.685.685",
  "cod_partido": "685.685",
  "codigo": "685.685.685.12004",
  "dni": "17581303",
  "id_candidatura": "685.685.685.12004",
  "id_umv": 1208,
  "imagenes": [
   "685.685.685.12004",
   "default_mujer"
  ],
  "nombre": "ESCOTORIN, RAMIRO DANIEL",
  "nro_orden": 1,
  "orden_absoluto": [
   14,
   30,
   78,
   1,
   1
  ],
  "secundarios": [
   "CALIVA, PATRICIA DEL VALLE"
  ],
  "sexo": "M",
  "suplentes": [

  ]
 },
 {
  "asistida": "MARQUEZ HERN\u00c1N ABELARDO",
  "cargo_ejecutivo": false,
  "clase": "Candidato",
  "cod_alianza": "685",
  "cod_categoria": "SEN",
  "cod_lista": "685.685.685",
  "cod_partido": "685.685",
  "codigo": "685.685.685.12008",
  "dni": "32706448",
  "id_candidatura": "685.685.685.12008",
  "id_umv": 1886,
  "imagenes": [
   "685.685.685.12008"
  ],
  "nombre": "MARQUEZ, HERNAN ABELARDO",
  "nro_orden": 1,
  "orden_absoluto": [
   14,
   30,
   78,
   2,
   1
  ],
  "secundarios": [

  ],
  "sexo": "M",
  "suplentes": [

  ]
 },
 {
  "asistida": "\u00c1NGEL LUIS ALBERTO",
  "cargo_ejecutivo": false,
  "clase": "Candidato",
  "cod_alianza": "685",
  "cod_categoria": "DIP",
  "cod_lista": "685.685.685",
  "cod_partido": "685.685",
  "codigo": "685.685.685.12029",
  "dni": "22485285",
  "id_candidatura": "685.685.685.12029",
  "id_umv": 1151,
  "imagenes": [
   "685.685.685.12029",
   "default_mujer",
   "default"
  ],
  "nombre": "ANGEL, LUIS ALBERTO",
  "nro_orden": 1,
  "orden_absoluto": [
   14,
   30,
   78,
   3,
   1
  ],
  "secundarios": [
   "ARANDA, ANA MABEL",
   "GARECA, MARIO FABIAN"
  ],
  "sexo": "M",
  "suplentes": [
   "NU\u00d1EZ, MABEL ALEJANDRA DEL VALLE"
  ]
 },
 {
  "asistida": "QUIROGA SEBASTI\u00c1N CRISTIAN",
  "cargo_ejecutivo": true,
  "clase": "Candidato",
  "cod_alianza": "685",
  "cod_categoria": "INT",
  "cod_lista": "685.685.685",
  "cod_partido": "685.685",
  "codigo": "685.685.685.12037",
  "dni": "36682086",
  "id_candidatura": "685.685.685.12037",
  "id_umv": 1619,
  "imagenes": [
   "default"
  ],
  "nombre": "QUIROGA, SEBASTIAN CRISTIAN",
  "nro_orden": 1,
  "orden_absoluto": [
   14,
   30,
   78,
   4,
   1
  ],
  "secundarios": [

  ],
  "sexo": "M",
  "suplentes": [

  ]
 },
 {
  "asistida": "GIRON MIGUEL ANGEL",
  "cargo_ejecutivo": false,
  "clase": "Candidato",
  "cod_alianza": "685",
  "cod_categoria": "CNJ",
  "cod_lista": "685.685.685",
  "cod_partido": "685.685",
  "codigo": "685.685.685.12118",
  "dni": "29086014",
  "id_candidatura": "685.685.685.12118",
  "id_umv": 845,
  "imagenes": [
   "685.685.685.12118",
   "default_mujer",
   "default",
   "default_mujer",
   "default",
   "default_mujer",
   "default"
  ],
  "nombre": "GIRON, MIGUEL ANGEL",
  "nro_orden": 1,
  "orden_absoluto": [
   14,
   30,
   78,
   5,
   1
  ],
  "secundarios": [
   "GALLO, ANGELA GRACIELA",
   "DOMINGUEZ, ERNESTO",
   "ORDO\u00d1EZ, GLADIS ELSA",
   "RIVERO, JESUS ALDO",
   "SALGADO, ANTONIA",
   "ORDO\u00d1EZ, RODRIGO MATIAS"
  ],
  "sexo": "M",
  "suplentes": [
   "PAIVA, GISELLA NAYLA",
   "RIVERO, JORGE ALEJANDRO",
   "ROMERO, NATIVIDAD EUGENIA",
   "GONZALEZ, MIDAN",
   "RIVERO, ESTELA NATALIA"
  ]
 },
 {
  "asistida": "Voto en BLANCO",
  "cargo_ejecutivo": false,
  "clase": "Blanco",
  "cod_categoria": "CNJ",
  "cod_lista": "",
  "codigo": "BLC",
  "id_candidatura": "BLC",
  "id_umv": 906,
  "imagenes": [
   "BLC"
  ],
  "nombre": "Voto en BLANCO",
  "nro_orden": 5,
  "orden_absoluto": [
   994,
   5
  ],
  "secundarios": [

  ],
  "sexo": null,
  "suplentes": [

  ]
 },
 {
  "asistida": "Voto en BLANCO",
  "cargo_ejecutivo": false,
  "clase": "Blanco",
  "cod_categoria": "DIP",
  "cod_lista": "",
  "codigo": "BLC",
  "id_candidatura": "BLC",
  "id_umv": 1166,
  "imagenes": [
   "BLC"
  ],
  "nombre": "Voto en BLANCO",
  "nro_orden": 3,
  "orden_absoluto": [
   994,
   3
  ],
  "secundarios": [

  ],
  "sexo": null,
  "suplentes": [

  ]
 },
 {
  "asistida": "Voto en BLANCO",
  "cargo_ejecutivo": true,
  "clase": "Blanco",
  "cod_categoria": "GOB",
  "cod_lista": "",
  "codigo": "BLC",
  "id_candidatura": "BLC",
  "id_umv": 1209,
  "imagenes": [
   "BLC"
  ],
  "nombre": "Voto en BLANCO",
  "nro_orden": 1,
  "orden_absoluto": [
   994,
   1
  ],
  "secundarios": [

  ],
  "sexo": null,
  "suplentes": [

  ]
 },
 {
  "asistida": "Voto en BLANCO",
  "cargo_ejecutivo": true,
  "clase": "Blanco",
  "cod_categoria": "INT",
  "cod_lista": "",
  "codigo": "BLC",
  "id_candidatura": "BLC",
  "id_umv": 1680,
  "imagenes": [
   "BLC"
  ],
  "nombre": "Voto en BLANCO",
  "nro_orden": 4,
  "orden_absoluto": [
   994,
   4
  ],
  "secundarios": [

  ],
  "sexo": null,
  "suplentes": [

  ]
 },
 {
  "asistida": "Voto en BLANCO",
  "cargo_ejecutivo": false,
  "clase": "Blanco",
  "cod_categoria": "SEN",
  "cod_lista": "",
  "codigo": "BLC",
  "id_candidatura": "BLC",
  "id_umv": 1896,
  "imagenes": [
   "BLC"
  ],
  "nombre": "Voto en BLANCO",
  "nro_orden": 2,
  "orden_absoluto": [
   994,
   2
  ],
  "secundarios": [

  ],
  "sexo": null,
  "suplentes": [

  ]
 },
 {
  "asistida": "Votos IMPUGNADOS",
  "cargo_ejecutivo": false,
  "clase": "Especial",
  "cod_categoria": "CNJ",
  "cod_lista": "",
  "codigo": "IMP",
  "id_candidatura": "IMP",
  "id_umv": 966,
  "nombre": "Votos IMPUGNADOS",
  "nro_orden": 5,
  "orden_absoluto": [
   995,
   5
  ],
  "secundarios": [

  ],
  "sexo": null,
  "suplentes": [

  ]
 },
 {
  "asistida": "Votos IMPUGNADOS",
  "cargo_ejecutivo": false,
  "clase": "Especial",
  "cod_categoria": "DIP",
  "cod_lista": "",
  "codigo": "IMP",
  "id_candidatura": "IMP",
  "id_umv": 1181,
  "nombre": "Votos IMPUGNADOS",
  "nro_orden": 3,
  "orden_absoluto": [
   995,
   3
  ],
  "secundarios": [

  ],
  "sexo": null,
  "suplentes": [

  ]
 },
 {
  "asistida": "Votos IMPUGNADOS",
  "cargo_ejecutivo": true,
  "clase": "Especial",
  "cod_categoria": "GOB",
  "cod_lista": "",
  "codigo": "IMP",
  "id_candidatura": "IMP",
  "id_umv": 1210,
  "nombre": "Votos IMPUGNADOS",
  "nro_orden": 1,
  "orden_absoluto": [
   995,
   1
  ],
  "secundarios": [

  ],
  "sexo": null,
  "suplentes": [

  ]
 },
 {
  "asistida": "Votos IMPUGNADOS",
  "cargo_ejecutivo": true,
  "clase": "Especial",
  "cod_categoria": "INT",
  "cod_lista": "",
  "codigo": "IMP",
  "id_candidatura": "IMP",
  "id_umv": 1740,
  "nombre": "Votos IMPUGNADOS",
  "nro_orden": 4,
  "orden_absoluto": [
   995,
   4
  ],
  "secundarios": [

  ],
  "sexo": null,
  "suplentes": [

  ]
 },
 {
  "asistida": "Votos IMPUGNADOS",
  "cargo_ejecutivo": false,
  "clase": "Especial",
  "cod_categoria": "SEN",
  "cod_lista": "",
  "codigo": "IMP",
  "id_candidatura": "IMP",
  "id_umv": 1907,
  "nombre": "Votos IMPUGNADOS",
  "nro_orden": 2,
  "orden_absoluto": [
   995,
   2
  ],
  "secundarios": [

  ],
  "sexo": null,
  "suplentes": [

  ]
 },
 {
  "asistida": "Votos OBSERVADOS",
  "cargo_ejecutivo": false,
  "clase": "Especial",
  "cod_categoria": "CNJ",
  "cod_lista": "",
  "codigo": "OBS",
  "id_candidatura": "OBS",
  "id_umv": 1026,
  "nombre": "Votos OBSERVADOS",
  "nro_orden": 5,
  "orden_absoluto": [
   996,
   5
  ],
  "secundarios": [

  ],
  "sexo": null,
  "suplentes": [

  ]
 },
 {
  "asistida": "Votos OBSERVADOS",
  "cargo_ejecutivo": false,
  "clase": "Especial",
  "cod_categoria": "DIP",
  "cod_lista": "",
  "codigo": "OBS",
  "id_candidatura": "OBS",
  "id_umv": 1196,
  "nombre": "Votos OBSERVADOS",
  "nro_orden": 3,
  "orden_absoluto": [
   996,
   3
  ],
  "secundarios": [

  ],
  "sexo": null,
  "suplentes": [

  ]
 },
 {
  "asistida": "Votos OBSERVADOS",
  "cargo_ejecutivo": true,
  "clase": "Especial",
  "cod_categoria": "GOB",
  "cod_lista": "",
  "codigo": "OBS",
  "id_candidatura": "OBS",
  "id_umv": 1211,
  "nombre": "Votos OBSERVADOS",
  "nro_orden": 1,
  "orden_absoluto": [
   996,
   1
  ],
  "secundarios": [

  ],
  "sexo": null,
  "suplentes": [

  ]
 },
 {
  "asistida": "Votos OBSERVADOS",
  "cargo_ejecutivo": true,
  "clase": "Especial",
  "cod_categoria": "INT",
  "cod_lista": "",
  "codigo": "OBS",
  "id_candidatura": "OBS",
  "id_umv": 1800,
  "nombre": "Votos OBSERVADOS",
  "nro_orden": 4,
  "orden_absoluto": [
   996,
   4
  ],
  "secundarios": [

  ],
  "sexo": null,
  "suplentes": [

  ]
 },
 {
  "asistida": "Votos OBSERVADOS",
  "cargo_ejecutivo": false,
  "clase": "Especial",
  "cod_categoria": "SEN",
  "cod_lista": "",
  "codigo": "OBS",
  "id_candidatura": "OBS",
  "id_umv": 1918,
  "nombre": "Votos OBSERVADOS",
  "nro_orden": 2,
  "orden_absoluto": [
   996,
   2
  ],
  "secundarios": [

  ],
  "sexo": null,
  "suplentes": [

  ]
 }
]