[
 {
  "asistida": "Anachuri JULIO DESIDERIO",
  "cargo_ejecutivo": true,
  "clase": "Candidato",
  "cod_alianza": "3717",
  "cod_categoria": "INT",
  "cod_lista": "3717.3739.3739",
  "cod_partido": "3717.3739",
  "codigo": "3717.3739.3739.6434",
  "dni": "42607584",
  "id_candidatura": "3717.3739.3739.6434",
  "id_umv": 1249,
  "imagenes": [
   "3717.3739.3739.6434"
  ],
  "nombre": "ANACHURI, JULIO",
  "nro_orden": 1,
  "orden_absoluto": [
   6,
   17,
   64,
   4,
   1
  ],
  "secundarios": [

  ],
  "sexo": "M",
  "suplentes": [

  ]
 },
 {
  "asistida": "DIGAN REIMUNDO ALEJANDRO",
  "cargo_ejecutivo": false,
  "clase": "Candidato",
  "cod_alianza": "3717",
  "cod_categoria": "CNJ",
  "cod_lista": "3717.3739.3739",
  "cod_partido": "3717.3739",
  "codigo": "3717.3739.3739.6542",
  "dni": "24125770",
  "id_candidatura": "3717.3739.3739.6542",
  "id_umv": 94,
  "imagenes": [
   "3717.3739.3739.6542",
   "default_mujer",
   "default"
  ],
  "nombre": "DIGAN, ALEJANDRO",
  "nro_orden": 1,
  "orden_absoluto": [
   6,
   17,
   64,
   5,
   1
  ],
  "secundarios": [
   "LUNA CARRIZO, SOFIA RAMONA",
   "ACOSTA, MIGUEL ANGEL"
  ],
  "sexo": "M",
  "suplentes": [
   "DELGADO, CAMILA BELEN",
   "ALVAREZ, RAUL FERNANDO",
   "VALENCIA, ANALIA YANINA"
  ]
 },
 {
  "asistida": "NAZAR MIGUEL ANGEL",
  "cargo_ejecutivo": true,
  "clase": "Candidato",
  "cod_alianza": "3733",
  "cod_categoria": "INT",
  "cod_lista": "3733.1862.1862",
  "cod_partido": "3733.1862",
  "codigo": "3733.1862.1862.1612",
  "dni": "22987011",
  "id_candidatura": "3733.1862.1862.1612",
  "id_umv": 1465,
  "imagenes": [
   "3733.1862.1862.1612"
  ],
  "nombre": "NAZAR, MIGUEL ANGEL",
  "nro_orden": 1,
  "orden_absoluto": [
   11,
   63,
   14,
   4,
   1
  ],
  "secundarios": [

  ],
  "sexo": "M",
  "suplentes": [

  ]
 },
 {
  "asistida": "DIAZ PAULA PATRICIA",
  "cargo_ejecutivo": false,
  "clase": "Candidato",
  "cod_alianza": "3733",
  "cod_categoria": "CNJ",
  "cod_lista": "3733.1862.1862",
  "cod_partido": "3733.1862",
  "codigo": "3733.1862.1862.1662",
  "dni": "39895458",
  "id_candidatura": "3733.1862.1862.1662",
  "id_umv": 433,
  "imagenes": [
   "3733.1862.1862.1662",
   "default",
   "default_mujer"
  ],
  "nombre": "DIAZ, PAULA PATRICIA",
  "nro_orden": 1,
  "orden_absoluto": [
   11,
   63,
   14,
   5,
   1
  ],
  "secundarios": [
   "GOMEZ, MIGUEL ANGEL",
   "CUELLAR, ANDREA SOLEDAD"
  ],
  "sexo": "F",
  "suplentes": [
   "RENJIFO VILLCA, RODRIGO LISANDRO",
   "AGUIRRE, ANGELA CRISTINA",
   "JAIME, GUSTAVO IGNACIO"
  ]
 },
 {
  "asistida": "TALLO MIGUEL ANGEL",
  "cargo_ejecutivo": true,
  "clase": "Candidato",
  "cod_alianza": "3733",
  "cod_categoria": "INT",
  "cod_lista": "3733.1869.1869",
  "cod_partido": "3733.1869",
  "codigo": "3733.1869.1869.2129",
  "dni": "7673068",
  "id_candidatura": "3733.1869.1869.2129",
  "id_umv": 1480,
  "imagenes": [
   "3733.1869.1869.2129"
  ],
  "nombre": "TALLO, MIGUEL ANGEL",
  "nro_orden": 1,
  "orden_absoluto": [
   11,
   67,
   15,
   4,
   1
  ],
  "secundarios": [

  ],
  "sexo": "M",
  "suplentes": [

  ]
 },
 {
  "asistida": "LANDRI\u00c9L SERGIO DAVID",
  "cargo_ejecutivo": false,
  "clase": "Candidato",
  "cod_alianza": "3733",
  "cod_categoria": "CNJ",
  "cod_lista": "3733.1869.1869",
  "cod_partido": "3733.1869",
  "codigo": "3733.1869.1869.2159",
  "dni": "25000873",
  "id_candidatura": "3733.1869.1869.2159",
  "id_umv": 469,
  "imagenes": [
   "3733.1869.1869.2159",
   "default_mujer",
   "default"
  ],
  "nombre": "LANDRIEL, SERGIO DAVID",
  "nro_orden": 1,
  "orden_absoluto": [
   11,
   67,
   15,
   5,
   1
  ],
  "secundarios": [
   "AGUIRRE, JUANA YANINA",
   "CORRALES, EFRAIN"
  ],
  "sexo": "M",
  "suplentes": [
   "GUERRERO, KARINA JULIETA",
   "NAVARRO, MIGUEL ANGEL"
  ]
 },
 {
  "asistida": "CHAZARRETA DARDO CRISTIAN",
  "cargo_ejecutivo": true,
  "clase": "Candidato",
  "cod_alianza": "3735",
  "cod_categoria": "INT",
  "cod_lista": "3735.1873.1873",
  "cod_partido": "3735.1873",
  "codigo": "3735.1873.1873.2519",
  "dni": "27866852",
  "id_candidatura": "3735.1873.1873.2519",
  "id_umv": 1530,
  "imagenes": [
   "3735.1873.1873.2519"
  ],
  "nombre": "CHAZARRETA, DARDO CRISTIAN",
  "nro_orden": 1,
  "orden_absoluto": [
   12,
   56,
   80,
   4,
   1
  ],
  "secundarios": [

  ],
  "sexo": "M",
  "suplentes": [

  ]
 },
 {
  "asistida": "DIAZ RAM\u00d3N ALBERTO",
  "cargo_ejecutivo": false,
  "clase": "Candidato",
  "cod_alianza": "3735",
  "cod_categoria": "CNJ",
  "cod_lista": "3735.1873.1873",
  "cod_partido": "3735.1873",
  "codigo": "3735.1873.1873.2578",
  "dni": "20353763",
  "id_candidatura": "3735.1873.1873.2578",
  "id_umv": 605,
  "imagenes": [
   "3735.1873.1873.2578",
   "default_mujer",
   "default"
  ],
  "nombre": "DIAZ, \u201cCUERITO\u201d",
  "nro_orden": 1,
  "orden_absoluto": [
   12,
   56,
   80,
   5,
   1
  ],
  "secundarios": [
   "RODRIGUEZ, ANA MARIA",
   "REYES, DAMIAN FLORENCIO"
  ],
  "sexo": "M",
  "suplentes": [
   "CALIZAYA GUTIERREZ, MARIANELA",
   "ROJAS, FRANCO ALFREDO",
   "JAIME, ANDREA VANESA"
  ]
 },
 {
  "asistida": "GONZALEZ RAMONA ANTONIA",
  "cargo_ejecutivo": false,
  "clase": "Candidato",
  "cod_alianza": "3735",
  "cod_categoria": "CNJ",
  "cod_lista": "3735.32.32",
  "cod_partido": "3735.32",
  "codigo": "3735.32.32.4919",
  "dni": "20644043",
  "id_candidatura": "3735.32.32.4919",
  "id_umv": 674,
  "imagenes": [
   "3735.32.32.4919",
   "default",
   "default_mujer"
  ],
  "nombre": "GONZALEZ, RAMONA ANTONIA",
  "nro_orden": 1,
  "orden_absoluto": [
   12,
   46,
   63,
   5,
   1
  ],
  "secundarios": [
   "REYES, SERGIO DANIEL",
   "TOLEDO, ROCIO DEL MILAGRO"
  ],
  "sexo": "F",
  "suplentes": [
   "SARMIENTO, FRANCO EXEQUIEL",
   "VILLALBA, SUSANA VIVIAN TATIANA"
  ]
 },
 {
  "asistida": "MANCILLA MARIO MIGUEL",
  "cargo_ejecutivo": false,
  "clase": "Candidato",
  "cod_alianza": "3735",
  "cod_categoria": "CNJ",
  "cod_lista": "3735.3650.3650",
  "cod_partido": "3735.3650",
  "codigo": "3735.3650.3650.5670",
  "dni": "23012681",
  "id_candidatura": "3735.3650.3650.5670",
  "id_umv": 708,
  "imagenes": [
   "3735.3650.3650.5670",
   "default_mujer",
   "default"
  ],
  "nombre": "MANCILLA, MARIO MIGUEL",
  "nro_orden": 1,
  "orden_absoluto": [
   12,
   66,
   23,
   5,
   1
  ],
  "secundarios": [
   "ARTIAGA, CLAUDIA VERONICA",
   "GUTIERREZ, FRANCO JAVIER"
  ],
  "sexo": "M",
  "suplentes": [
   "GOMEZ, SABRINA PAOLA",
   "ALANCAY, ARIEL EZEQUIEL"
  ]
 },
 {
  "asistida": "P\u00c9REZ FRANCISCO ANTONIO",
  "cargo_ejecutivo": true,
  "clase": "Candidato",
  "cod_alianza": "3735",
  "cod_categoria": "INT",
  "cod_lista": "3735.4.4",
  "cod_partido": "3735.4",
  "codigo": "3735.4.4.10030",
  "dni": "22945953",
  "id_candidatura": "3735.4.4.10030",
  "id_umv": 1572,
  "imagenes": [
   "3735.4.4.10030"
  ],
  "nombre": "PEREZ, FRANCISCO \u201cPACO\u201d",
  "nro_orden": 1,
  "orden_absoluto": [
   12,
   58,
   6,
   4,
   1
  ],
  "secundarios": [

  ],
  "sexo": "M",
  "suplentes": [

  ]
 },
 {
  "asistida": "CAPELL\u00c1N HUGO M\u00cdLTON",
  "cargo_ejecutivo": false,
  "clase": "Candidato",
  "cod_alianza": "3735",
  "cod_categoria": "CNJ",
  "cod_lista": "3735.4.4",
  "cod_partido": "3735.4",
  "codigo": "3735.4.4.10093",
  "dni": "26477163",
  "id_candidatura": "3735.4.4.10093",
  "id_umv": 751,
  "imagenes": [
   "3735.4.4.10093",
   "default_mujer",
   "default"
  ],
  "nombre": "CAPELLAN, HUGO MILTON",
  "nro_orden": 1,
  "orden_absoluto": [
   12,
   58,
   6,
   5,
   1
  ],
  "secundarios": [
   "SIRVAN GONZALEZ, VIRGINIA",
   "ACU\u00d1A, ISAAC"
  ],
  "sexo": "M",
  "suplentes": [
   "GODOY, MARIA MAGDALENA",
   "REYES, EMANUEL ALBERTO"
  ]
 },
 {
  "asistida": "LOPEZ CABRERA ELISA MAB\u00c9L",
  "cargo_ejecutivo": true,
  "clase": "Candidato",
  "cod_alianza": "3735",
  "cod_categoria": "INT",
  "cod_lista": "3735.460.460",
  "cod_partido": "3735.460",
  "codigo": "3735.460.460.11038",
  "dni": "34608829",
  "id_candidatura": "3735.460.460.11038",
  "id_umv": 1601,
  "imagenes": [
   "3735.460.460.11038"
  ],
  "nombre": "CABRERA, \u201cPOTY\u201d",
  "nro_orden": 1,
  "orden_absoluto": [
   12,
   23,
   10,
   4,
   1
  ],
  "secundarios": [

  ],
  "sexo": "F",
  "suplentes": [

  ]
 },
 {
  "asistida": "RETAMOZO DIAZ ROCIO MARIEL",
  "cargo_ejecutivo": false,
  "clase": "Candidato",
  "cod_alianza": "3735",
  "cod_categoria": "CNJ",
  "cod_lista": "3735.460.460",
  "cod_partido": "3735.460",
  "codigo": "3735.460.460.11102",
  "dni": "40788632",
  "id_candidatura": "3735.460.460.11102",
  "id_umv": 803,
  "imagenes": [
   "3735.460.460.11102",
   "default",
   "default_mujer"
  ],
  "nombre": "RETAMOZO DIAZ, ROCIO MARIEL",
  "nro_orden": 1,
  "orden_absoluto": [
   12,
   23,
   10,
   5,
   1
  ],
  "secundarios": [
   "ARIAS, DANIEL MAXIMILIANO",
   "IBA\u00d1EZ, GREGORIA MARGARITA"
  ],
  "sexo": "F",
  "suplentes": [
   "SAYAGO, LUCAS DAMIAN",
   "ROMERO, CAMILA ABIGAIL",
   "VILLALBA, FRANCO MAXIMILIANO"
  ]
 },
 {
  "asistida": "Voto en BLANCO",
  "cargo_ejecutivo": false,
  "clase": "Blanco",
  "cod_categoria": "CNJ",
  "cod_lista": "",
  "codigo": "BLC",
  "id_candidatura": "BLC",
  "id_umv": 890,
  "imagenes": [
   "BLC"
  ],
  "nombre": "Voto en BLANCO",
  "nro_orden": 5,
  "orden_absoluto": [
   994,
   5
  ],
  "secundarios": [

  ],
  "sexo": null,
  "suplentes": [

  ]
 },
 {
  "asistida": "Voto en BLANCO",
  "cargo_ejecutivo": true,
  "clase": "Blanco",
  "cod_categoria": "INT",
  "cod_lista": "",
  "codigo": "BLC",
  "id_candidatura": "BLC",
  "id_umv": 1664,
  "imagenes": [
   "BLC"
  ],
  "nombre": "Voto en BLANCO",
  "nro_orden": 4,
  "orden_absoluto": [
   994,
   4
  ],
  "secundarios": [

  ],
  "sexo": null,
  "suplentes": [

  ]
 },
 {
  "asistida": "Votos IMPUGNADOS",
  "cargo_ejecutivo": false,
  "clase": "Especial",
  "cod_categoria": "CNJ",
  "cod_lista": "",
  "codigo": "IMP",
  "id_candidatura": "IMP",
  "id_umv": 950,
  "nombre": "Votos IMPUGNADOS",
  "nro_orden": 5,
  "orden_absoluto": [
   995,
   5
  ],
  "secundarios": [

  ],
  "sexo": null,
  "suplentes": [

  ]
 },
 {
  "asistida": "Votos IMPUGNADOS",
  "cargo_ejecutivo": true,
  "clase": "Especial",
  "cod_categoria": "INT",
  "cod_lista": "",
  "codigo": "IMP",
  "id_candidatura": "IMP",
  "id_umv": 1724,
  "nombre": "Votos IMPUGNADOS",
  "nro_orden": 4,
  "orden_absoluto": [
   995,
   4
  ],
  "secundarios": [

  ],
  "sexo": null,
  "suplentes": [

  ]
 },
 {
  "asistida": "Votos OBSERVADOS",
  "cargo_ejecutivo": false,
  "clase": "Especial",
  "cod_categoria": "CNJ",
  "cod_lista": "",
  "codigo": "OBS",
  "id_candidatura": "OBS",
  "id_umv": 1010,
  "nombre": "Votos OBSERVADOS",
  "nro_orden": 5,
  "orden_absoluto": [
   996,
   5
  ],
  "secundarios": [

  ],
  "sexo": null,
  "suplentes": [

  ]
 },
 {
  "asistida": "Votos OBSERVADOS",
  "cargo_ejecutivo": true,
  "clase": "Especial",
  "cod_categoria": "INT",
  "cod_lista": "",
  "codigo": "OBS",
  "id_candidatura": "OBS",
  "id_umv": 1784,
  "nombre": "Votos OBSERVADOS",
  "nro_orden": 4,
  "orden_absoluto": [
   996,
   4
  ],
  "secundarios": [

  ],
  "sexo": null,
  "suplentes": [

  ]
 }
]