[
 {
  "GOB": 1197,
  "agrupacion_municipal": false,
  "codigo": "1863.1863.1863",
  "lista_completa": true
 },
 {
  "GOB": 1198,
  "agrupacion_municipal": false,
  "codigo": "22.22.22",
  "lista_completa": true
 },
 {
  "GOB": 1199,
  "agrupacion_municipal": false,
  "codigo": "3625.3625.3625",
  "lista_completa": true
 },
 {
  "CNJ": 107,
  "GOB": 1200,
  "INT": 1262,
  "SEN": 1817,
  "agrupacion_municipal": false,
  "codigo": "3717.3739.3739",
  "lista_completa": true
 },
 {
  "GOB": 1201,
  "SEN": 1829,
  "agrupacion_municipal": false,
  "codigo": "3723.3741.3741",
  "lista_completa": true
 },
 {
  "GOB": 1202,
  "agrupacion_municipal": false,
  "codigo": "3728.3742.3742",
  "lista_completa": true
 },
 {
  "CNJ": 282,
  "GOB": 1203,
  "INT": 1372,
  "SEN": 1843,
  "agrupacion_municipal": false,
  "codigo": "3729.3747.3747",
  "lista_completa": true
 },
 {
  "GOB": 1204,
  "agrupacion_municipal": false,
  "codigo": "3730.3746.3746",
  "lista_completa": true
 },
 {
  "GOB": 1205,
  "agrupacion_municipal": false,
  "codigo": "3731.3743.3743",
  "lista_completa": true
 },
 {
  "GOB": 1206,
  "agrupacion_municipal": false,
  "codigo": "3732.3740.3740",
  "lista_completa": true
 },
 {
  "CNJ": 446,
  "GOB": 1207,
  "INT": 1474,
  "SEN": 1870,
  "agrupacion_municipal": false,
  "codigo": "3733.1862.1862",
  "lista_completa": true
 },
 {
  "CNJ": 521,
  "GOB": 1207,
  "INT": 1486,
  "SEN": 1870,
  "agrupacion_municipal": false,
  "codigo": "3733.2627.2627",
  "lista_completa": true
 },
 {
  "GOB": 1207,
  "SEN": 1870,
  "agrupacion_municipal": false,
  "codigo": "3733.3744.3744",
  "lista_completa": false
 },
 {
  "GOB": 1207,
  "agrupacion_municipal": false,
  "codigo": "3734.3737.3737",
  "lista_completa": true
 },
 {
  "CNJ": 723,
  "GOB": 1207,
  "INT": 1583,
  "SEN": 1883,
  "agrupacion_municipal": false,
  "codigo": "3735.3650.3650",
  "lista_completa": true
 },
 {
  "CNJ": 769,
  "GOB": 1207,
  "INT": 1583,
  "SEN": 1883,
  "agrupacion_municipal": false,
  "codigo": "3735.4.4",
  "lista_completa": true
 },
 {
  "GOB": 1208,
  "agrupacion_municipal": false,
  "codigo": "685.685.685",
  "lista_completa": true
 },
 {
  "CNJ": 909,
  "GOB": 1209,
  "INT": 1683,
  "SEN": 1897,
  "agrupacion_municipal": false,
  "codigo": "BLC",
  "lista_completa": true
 }
]