[
 {
  "CNJ": 6,
  "INT": 1217,
  "agrupacion_municipal": false,
  "codigo": "22.22.22",
  "lista_completa": true
 },
 {
  "CNJ": 34,
  "INT": 1258,
  "agrupacion_municipal": false,
  "codigo": "3717.13.13",
  "lista_completa": true
 },
 {
  "CNJ": 59,
  "INT": 1258,
  "agrupacion_municipal": false,
  "codigo": "3717.2543.2543",
  "lista_completa": true
 },
 {
  "CNJ": 72,
  "INT": 1258,
  "agrupacion_municipal": false,
  "codigo": "3717.2556.2556",
  "lista_completa": true
 },
 {
  "CNJ": 82,
  "INT": 1258,
  "agrupacion_municipal": false,
  "codigo": "3717.2626.2626",
  "lista_completa": true
 },
 {
  "CNJ": 103,
  "INT": 1258,
  "agrupacion_municipal": false,
  "codigo": "3717.3739.3739",
  "lista_completa": true
 },
 {
  "CNJ": 128,
  "INT": 1258,
  "agrupacion_municipal": false,
  "codigo": "3717.435.435",
  "lista_completa": true
 },
 {
  "CNJ": 155,
  "INT": 1258,
  "agrupacion_municipal": false,
  "codigo": "3717.632.632",
  "lista_completa": true
 },
 {
  "CNJ": 200,
  "INT": 1303,
  "agrupacion_municipal": false,
  "codigo": "3723.3741.3741",
  "lista_completa": true
 },
 {
  "CNJ": 230,
  "INT": 1340,
  "agrupacion_municipal": false,
  "codigo": "3728.17.17",
  "lista_completa": true
 },
 {
  "CNJ": 235,
  "INT": 1340,
  "agrupacion_municipal": false,
  "codigo": "3728.3742.3742",
  "lista_completa": true
 },
 {
  "CNJ": 248,
  "INT": 1340,
  "agrupacion_municipal": false,
  "codigo": "3728.3748.3748",
  "lista_completa": true
 },
 {
  "CNJ": 264,
  "INT": 1355,
  "agrupacion_municipal": false,
  "codigo": "3729.179.179",
  "lista_completa": true
 },
 {
  "CNJ": 278,
  "INT": 1368,
  "agrupacion_municipal": false,
  "codigo": "3729.3747.3747",
  "lista_completa": true
 },
 {
  "CNJ": 309,
  "INT": 1397,
  "agrupacion_municipal": false,
  "codigo": "3730.3746.3746",
  "lista_completa": true
 },
 {
  "CNJ": 339,
  "INT": 1397,
  "agrupacion_municipal": false,
  "codigo": "3730.461.461",
  "lista_completa": true
 },
 {
  "CNJ": 365,
  "INT": 1431,
  "agrupacion_municipal": false,
  "codigo": "3731.3743.3743",
  "lista_completa": true
 },
 {
  "CNJ": 602,
  "INT": 1553,
  "agrupacion_municipal": false,
  "codigo": "3735.15.15",
  "lista_completa": true
 },
 {
  "CNJ": 618,
  "INT": 1553,
  "agrupacion_municipal": false,
  "codigo": "3735.1873.1873",
  "lista_completa": true
 },
 {
  "CNJ": 649,
  "INT": 1553,
  "agrupacion_municipal": false,
  "codigo": "3735.208.208",
  "lista_completa": true
 },
 {
  "CNJ": 687,
  "INT": 1553,
  "agrupacion_municipal": false,
  "codigo": "3735.32.32",
  "lista_completa": true
 },
 {
  "CNJ": 720,
  "INT": 1553,
  "agrupacion_municipal": false,
  "codigo": "3735.3650.3650",
  "lista_completa": true
 },
 {
  "INT": 1553,
  "agrupacion_municipal": false,
  "codigo": "3735.3745.3745",
  "lista_completa": false
 },
 {
  "CNJ": 764,
  "INT": 1553,
  "agrupacion_municipal": false,
  "codigo": "3735.4.4",
  "lista_completa": true
 },
 {
  "CNJ": 816,
  "INT": 1553,
  "agrupacion_municipal": false,
  "codigo": "3735.460.460",
  "lista_completa": true
 },
 {
  "CNJ": 844,
  "INT": 1618,
  "agrupacion_municipal": false,
  "codigo": "685.685.685",
  "lista_completa": true
 },
 {
  "CNJ": 905,
  "INT": 1679,
  "agrupacion_municipal": false,
  "codigo": "BLC",
  "lista_completa": true
 }
]