[
 {
  "CNJ": 93,
  "INT": 1248,
  "agrupacion_municipal": false,
  "codigo": "3717.3739.3739",
  "lista_completa": true
 },
 {
  "CNJ": 267,
  "INT": 1357,
  "agrupacion_municipal": false,
  "codigo": "3729.3747.3747",
  "lista_completa": true
 },
 {
  "CNJ": 545,
  "INT": 1491,
  "agrupacion_municipal": false,
  "codigo": "3733.3744.3744",
  "lista_completa": true
 },
 {
  "CNJ": 707,
  "INT": 1571,
  "agrupacion_municipal": false,
  "codigo": "3735.3650.3650",
  "lista_completa": true
 },
 {
  "CNJ": 750,
  "INT": 1571,
  "agrupacion_municipal": false,
  "codigo": "3735.4.4",
  "lista_completa": true
 },
 {
  "CNJ": 889,
  "INT": 1663,
  "agrupacion_municipal": false,
  "codigo": "BLC",
  "lista_completa": true
 }
]