[
 {
  "GOB": 1197,
  "agrupacion_municipal": false,
  "codigo": "1863.1863.1863",
  "lista_completa": true
 },
 {
  "GOB": 1198,
  "agrupacion_municipal": false,
  "codigo": "22.22.22",
  "lista_completa": true
 },
 {
  "GOB": 1199,
  "agrupacion_municipal": false,
  "codigo": "3625.3625.3625",
  "lista_completa": true
 },
 {
  "CNJ": 25,
  "GOB": 1200,
  "INT": 1232,
  "SEN": 1814,
  "agrupacion_municipal": false,
  "codigo": "3717.13.13",
  "lista_completa": true
 },
 {
  "GOB": 1200,
  "SEN": 1814,
  "agrupacion_municipal": false,
  "codigo": "3717.3739.3739",
  "lista_completa": false
 },
 {
  "CNJ": 131,
  "GOB": 1200,
  "INT": 1232,
  "SEN": 1814,
  "agrupacion_municipal": false,
  "codigo": "3717.443.443",
  "lista_completa": true
 },
 {
  "CNJ": 150,
  "GOB": 1200,
  "INT": 1232,
  "SEN": 1814,
  "agrupacion_municipal": false,
  "codigo": "3717.632.632",
  "lista_completa": true
 },
 {
  "CNJ": 178,
  "GOB": 1201,
  "INT": 1294,
  "SEN": 1826,
  "agrupacion_municipal": false,
  "codigo": "3723.3649.3649",
  "lista_completa": true
 },
 {
  "CNJ": 191,
  "GOB": 1201,
  "INT": 1294,
  "SEN": 1826,
  "agrupacion_municipal": false,
  "codigo": "3723.3741.3741",
  "lista_completa": true
 },
 {
  "GOB": 1202,
  "agrupacion_municipal": false,
  "codigo": "3728.3742.3742",
  "lista_completa": true
 },
 {
  "CNJ": 270,
  "GOB": 1203,
  "INT": 1360,
  "SEN": 1840,
  "agrupacion_municipal": false,
  "codigo": "3729.3747.3747",
  "lista_completa": true
 },
 {
  "CNJ": 302,
  "GOB": 1204,
  "INT": 1389,
  "SEN": 1850,
  "agrupacion_municipal": false,
  "codigo": "3730.3746.3746",
  "lista_completa": true
 },
 {
  "CNJ": 335,
  "GOB": 1204,
  "INT": 1389,
  "SEN": 1850,
  "agrupacion_municipal": false,
  "codigo": "3730.461.461",
  "lista_completa": true
 },
 {
  "GOB": 1205,
  "agrupacion_municipal": false,
  "codigo": "3731.3743.3743",
  "lista_completa": true
 },
 {
  "GOB": 1206,
  "agrupacion_municipal": false,
  "codigo": "3732.3740.3740",
  "lista_completa": true
 },
 {
  "CNJ": 412,
  "GOB": 1207,
  "INT": 1468,
  "SEN": 1862,
  "agrupacion_municipal": false,
  "codigo": "3733.10.10",
  "lista_completa": true
 },
 {
  "CNJ": 438,
  "GOB": 1207,
  "INT": 1468,
  "SEN": 1862,
  "agrupacion_municipal": false,
  "codigo": "3733.1862.1862",
  "lista_completa": true
 },
 {
  "CNJ": 498,
  "GOB": 1207,
  "INT": 1468,
  "SEN": 1862,
  "agrupacion_municipal": false,
  "codigo": "3733.2625.2625",
  "lista_completa": true
 },
 {
  "GOB": 1207,
  "agrupacion_municipal": false,
  "codigo": "3734.3737.3737",
  "lista_completa": true
 },
 {
  "CNJ": 576,
  "GOB": 1207,
  "INT": 1524,
  "SEN": 1882,
  "agrupacion_municipal": false,
  "codigo": "3735.1040.1040",
  "lista_completa": true
 },
 {
  "CNJ": 594,
  "GOB": 1207,
  "INT": 1602,
  "SEN": 1882,
  "agrupacion_municipal": false,
  "codigo": "3735.15.15",
  "lista_completa": true
 },
 {
  "CNJ": 609,
  "GOB": 1207,
  "INT": 1576,
  "SEN": 1882,
  "agrupacion_municipal": false,
  "codigo": "3735.1873.1873",
  "lista_completa": true
 },
 {
  "CNJ": 641,
  "GOB": 1207,
  "INT": 1535,
  "SEN": 1882,
  "agrupacion_municipal": false,
  "codigo": "3735.208.208",
  "lista_completa": true
 },
 {
  "CNJ": 678,
  "GOB": 1207,
  "INT": 1576,
  "SEN": 1882,
  "agrupacion_municipal": false,
  "codigo": "3735.32.32",
  "lista_completa": true
 },
 {
  "CNJ": 711,
  "GOB": 1207,
  "INT": 1535,
  "SEN": 1882,
  "agrupacion_municipal": false,
  "codigo": "3735.3650.3650",
  "lista_completa": true
 },
 {
  "CNJ": 756,
  "GOB": 1207,
  "INT": 1576,
  "SEN": 1882,
  "agrupacion_municipal": false,
  "codigo": "3735.4.4",
  "lista_completa": true
 },
 {
  "CNJ": 806,
  "GOB": 1207,
  "INT": 1602,
  "SEN": 1882,
  "agrupacion_municipal": false,
  "codigo": "3735.460.460",
  "lista_completa": true
 },
 {
  "GOB": 1208,
  "agrupacion_municipal": false,
  "codigo": "685.685.685",
  "lista_completa": true
 },
 {
  "CNJ": 895,
  "GOB": 1209,
  "INT": 1669,
  "SEN": 1894,
  "agrupacion_municipal": false,
  "codigo": "BLC",
  "lista_completa": true
 }
]