[
 {
  "asistida": "PLANES DANIELA",
  "cargo_ejecutivo": true,
  "clase": "Candidato",
  "cod_alianza": "1863",
  "cod_categoria": "GOB",
  "cod_lista": "1863.1863.1863",
  "cod_partido": "1863.1863",
  "codigo": "1863.1863.1863.2069",
  "dni": "28523544",
  "id_candidatura": "1863.1863.1863.2069",
  "id_umv": 1197,
  "imagenes": [
   "1863.1863.1863.2069",
   "default_mujer"
  ],
  "nombre": "PLANES, DANIELA",
  "nro_orden": 1,
  "orden_absoluto": [
   22,
   53,
   12,
   1,
   1
  ],
  "secundarios": [
   "TEJERINA, VERONICA"
  ],
  "sexo": "F",
  "suplentes": [

  ]
 },
 {
  "asistida": "GIL VIOLETA",
  "cargo_ejecutivo": true,
  "clase": "Candidato",
  "cod_alianza": "22",
  "cod_categoria": "GOB",
  "cod_lista": "22.22.22",
  "cod_partido": "22.22",
  "codigo": "22.22.22.3409",
  "dni": "33984630",
  "id_candidatura": "22.22.22.3409",
  "id_umv": 1198,
  "imagenes": [
   "22.22.22.3409",
   "default"
  ],
  "nombre": "GIL, VIOLETA",
  "nro_orden": 1,
  "orden_absoluto": [
   23,
   62,
   3,
   1,
   1
  ],
  "secundarios": [
   "TOLABA, ANGEL RODOLFO"
  ],
  "sexo": "F",
  "suplentes": [

  ]
 },
 {
  "asistida": "TogNolini MARCOS",
  "cargo_ejecutivo": true,
  "clase": "Candidato",
  "cod_alianza": "3625",
  "cod_categoria": "GOB",
  "cod_lista": "3625.3625.3625",
  "cod_partido": "3625.3625",
  "codigo": "3625.3625.3625.5312",
  "dni": "29336659",
  "id_candidatura": "3625.3625.3625.5312",
  "id_umv": 1199,
  "imagenes": [
   "3625.3625.3625.5312",
   "default_mujer"
  ],
  "nombre": "TOGNOLINI, MARCOS",
  "nro_orden": 1,
  "orden_absoluto": [
   21,
   43,
   21,
   1,
   1
  ],
  "secundarios": [
   "RAMOS, MIRTA ADRIANA"
  ],
  "sexo": "M",
  "suplentes": [

  ]
 },
 {
  "asistida": "ESTRADA EMILIANO RAFAEL",
  "cargo_ejecutivo": true,
  "clase": "Candidato",
  "cod_alianza": "3717",
  "cod_categoria": "GOB",
  "cod_lista": "3717.3739.3739",
  "cod_partido": "3717.3739",
  "codigo": "3717.3739.3739.6360",
  "dni": "32165256",
  "id_candidatura": "3717.3739.3739.6360",
  "id_umv": 1200,
  "imagenes": [
   "3717.3739.3739.6360",
   "default"
  ],
  "nombre": "ESTRADA, EMILIANO",
  "nro_orden": 1,
  "orden_absoluto": [
   6,
   17,
   64,
   1,
   1
  ],
  "secundarios": [
   "ZAPATA, CARLOS RAUL"
  ],
  "sexo": "M",
  "suplentes": [

  ]
 },
 {
  "asistida": "CARRIZO ROQUE NICOL\u00c1S",
  "cargo_ejecutivo": false,
  "clase": "Candidato",
  "cod_alianza": "3717",
  "cod_categoria": "DIP",
  "cod_lista": "3717.3739.3739",
  "cod_partido": "3717.3739",
  "codigo": "3717.3739.3739.6406",
  "dni": "29892956",
  "id_candidatura": "3717.3739.3739.6406",
  "id_umv": 1045,
  "imagenes": [
   "3717.3739.3739.6406"
  ],
  "nombre": "CARRIZO, ROQUE NICOLAS",
  "nro_orden": 1,
  "orden_absoluto": [
   6,
   17,
   64,
   3,
   1
  ],
  "secundarios": [

  ],
  "sexo": "M",
  "suplentes": [
   "VILLEGAS, FRANCISCO SANTIAGO"
  ]
 },
 {
  "asistida": "W\u00c1YAR GU\u00c1LTER RAUL",
  "cargo_ejecutivo": true,
  "clase": "Candidato",
  "cod_alianza": "3723",
  "cod_categoria": "GOB",
  "cod_lista": "3723.3741.3741",
  "cod_partido": "3723.3741",
  "codigo": "3723.3741.3741.7154",
  "dni": "12220501",
  "id_candidatura": "3723.3741.3741.7154",
  "id_umv": 1201,
  "imagenes": [
   "3723.3741.3741.7154",
   "default"
  ],
  "nombre": "WAYAR, WALTER",
  "nro_orden": 1,
  "orden_absoluto": [
   5,
   14,
   65,
   1,
   1
  ],
  "secundarios": [
   "MIZZAU, IVAN"
  ],
  "sexo": "M",
  "suplentes": [

  ]
 },
 {
  "asistida": "Guaym\u00e1s FERNANDO GUSTAVO",
  "cargo_ejecutivo": false,
  "clase": "Candidato",
  "cod_alianza": "3723",
  "cod_categoria": "DIP",
  "cod_lista": "3723.3741.3741",
  "cod_partido": "3723.3741",
  "codigo": "3723.3741.3741.7204",
  "dni": "24477200",
  "id_candidatura": "3723.3741.3741.7204",
  "id_umv": 1058,
  "imagenes": [
   "3723.3741.3741.7204"
  ],
  "nombre": "GUAYMAS, FERNANDO GUSTAVO",
  "nro_orden": 1,
  "orden_absoluto": [
   5,
   14,
   65,
   3,
   1
  ],
  "secundarios": [

  ],
  "sexo": "M",
  "suplentes": [
   "RIOS, MANUEL ARGENTINO"
  ]
 },
 {
  "asistida": "DIAZ GABRIELA ELIZABETH",
  "cargo_ejecutivo": true,
  "clase": "Candidato",
  "cod_alianza": "3723",
  "cod_categoria": "INT",
  "cod_lista": "3723.3741.3741",
  "cod_partido": "3723.3741",
  "codigo": "3723.3741.3741.7257",
  "dni": "35776379",
  "id_candidatura": "3723.3741.3741.7257",
  "id_umv": 1322,
  "imagenes": [
   "default_mujer"
  ],
  "nombre": "DIAZ, GABRIELA ELIZABETH",
  "nro_orden": 1,
  "orden_absoluto": [
   5,
   14,
   65,
   4,
   1
  ],
  "secundarios": [

  ],
  "sexo": "F",
  "suplentes": [

  ]
 },
 {
  "asistida": "CRUZ CLAUDIA DE LOS ANGELES",
  "cargo_ejecutivo": false,
  "clase": "Candidato",
  "cod_alianza": "3723",
  "cod_categoria": "CNJ",
  "cod_lista": "3723.3741.3741",
  "cod_partido": "3723.3741",
  "codigo": "3723.3741.3741.7618",
  "dni": "38272564",
  "id_candidatura": "3723.3741.3741.7618",
  "id_umv": 219,
  "imagenes": [
   "3723.3741.3741.7618",
   "default",
   "default_mujer"
  ],
  "nombre": "CRUZ, CLAUDIA",
  "nro_orden": 1,
  "orden_absoluto": [
   5,
   14,
   65,
   5,
   1
  ],
  "secundarios": [
   "CRUZ, OSCAR VIDAL",
   "CABEZAS, MARIA VIRGINIA"
  ],
  "sexo": "F",
  "suplentes": [
   "GUERRERO, MAXIMILIANO RODRIGO"
  ]
 },
 {
  "asistida": "PAZ POSE LUCIO",
  "cargo_ejecutivo": true,
  "clase": "Candidato",
  "cod_alianza": "3728",
  "cod_categoria": "GOB",
  "cod_lista": "3728.3742.3742",
  "cod_partido": "3728.3742",
  "codigo": "3728.3742.3742.7704",
  "dni": "24875401",
  "id_candidatura": "3728.3742.3742.7704",
  "id_umv": 1202,
  "imagenes": [
   "3728.3742.3742.7704",
   "default_mujer"
  ],
  "nombre": "PAZ POSSE, LUCIO \u201cPINO\u201d",
  "nro_orden": 1,
  "orden_absoluto": [
   9,
   21,
   66,
   1,
   1
  ],
  "secundarios": [
   "FARJAT D\u2019ALESSANDRO, LORENA"
  ],
  "sexo": "M",
  "suplentes": [

  ]
 },
 {
  "asistida": "CAL\u00cdVA L\u00cdA VER\u00d3NICA",
  "cargo_ejecutivo": true,
  "clase": "Candidato",
  "cod_alianza": "3729",
  "cod_categoria": "GOB",
  "cod_lista": "3729.3747.3747",
  "cod_partido": "3729.3747",
  "codigo": "3729.3747.3747.9058",
  "dni": "25624792",
  "id_candidatura": "3729.3747.3747.9058",
  "id_umv": 1203,
  "imagenes": [
   "3729.3747.3747.9058",
   "default"
  ],
  "nombre": "CALIVA, LIA VERONICA",
  "nro_orden": 1,
  "orden_absoluto": [
   24,
   68,
   67,
   1,
   1
  ],
  "secundarios": [
   "GRAVANAGO, CARLOS ALEJANDRO"
  ],
  "sexo": "F",
  "suplentes": [

  ]
 },
 {
  "asistida": "NANNI VALERO MIGUEL",
  "cargo_ejecutivo": true,
  "clase": "Candidato",
  "cod_alianza": "3730",
  "cod_categoria": "GOB",
  "cod_lista": "3730.3746.3746",
  "cod_partido": "3730.3746",
  "codigo": "3730.3746.3746.8614",
  "dni": "25802248",
  "id_candidatura": "3730.3746.3746.8614",
  "id_umv": 1204,
  "imagenes": [
   "3730.3746.3746.8614",
   "default_mujer"
  ],
  "nombre": "NANNI, MIGUEL",
  "nro_orden": 1,
  "orden_absoluto": [
   15,
   32,
   74,
   1,
   1
  ],
  "secundarios": [
   "CORNEJO, VIRGINIA"
  ],
  "sexo": "M",
  "suplentes": [

  ]
 },
 {
  "asistida": "Catacata RUB\u00c9N",
  "cargo_ejecutivo": false,
  "clase": "Candidato",
  "cod_alianza": "3730",
  "cod_categoria": "DIP",
  "cod_lista": "3730.3746.3746",
  "cod_partido": "3730.3746",
  "codigo": "3730.3746.3746.8658",
  "dni": "11969489",
  "id_candidatura": "3730.3746.3746.8658",
  "id_umv": 1085,
  "imagenes": [
   "3730.3746.3746.8658"
  ],
  "nombre": "CATACATA, RUBEN",
  "nro_orden": 1,
  "orden_absoluto": [
   15,
   32,
   74,
   3,
   1
  ],
  "secundarios": [

  ],
  "sexo": "M",
  "suplentes": [
   "NACIF, RAUL AMERICO"
  ]
 },
 {
  "asistida": "Sabadini MAURO DIEGO",
  "cargo_ejecutivo": true,
  "clase": "Candidato",
  "cod_alianza": "3731",
  "cod_categoria": "GOB",
  "cod_lista": "3731.3743.3743",
  "cod_partido": "3731.3743",
  "codigo": "3731.3743.3743.7941",
  "dni": "23362242",
  "id_candidatura": "3731.3743.3743.7941",
  "id_umv": 1205,
  "imagenes": [
   "3731.3743.3743.7941",
   "default_mujer"
  ],
  "nombre": "SABBADINI, MAURO DIEGO",
  "nro_orden": 1,
  "orden_absoluto": [
   10,
   22,
   68,
   1,
   1
  ],
  "secundarios": [
   "LOAYZA PACHECO, JIMENA LUCIA"
  ],
  "sexo": "M",
  "suplentes": [

  ]
 },
 {
  "asistida": "DIAZ EUSTAQUIO AGUST\u00cdN",
  "cargo_ejecutivo": false,
  "clase": "Candidato",
  "cod_alianza": "3731",
  "cod_categoria": "DIP",
  "cod_lista": "3731.3743.3743",
  "cod_partido": "3731.3743",
  "codigo": "3731.3743.3743.7973",
  "dni": "22211997",
  "id_candidatura": "3731.3743.3743.7973",
  "id_umv": 1096,
  "imagenes": [
   "3731.3743.3743.7973"
  ],
  "nombre": "DIAZ, EUSTAQUIO AGUSTIN",
  "nro_orden": 1,
  "orden_absoluto": [
   10,
   22,
   68,
   3,
   1
  ],
  "secundarios": [

  ],
  "sexo": "M",
  "suplentes": [
   "RODRIGUEZ, DIEGO MARTIN"
  ]
 },
 {
  "asistida": "DEL PLA CLAUDIO ARIEL",
  "cargo_ejecutivo": true,
  "clase": "Candidato",
  "cod_alianza": "3732",
  "cod_categoria": "GOB",
  "cod_lista": "3732.3740.3740",
  "cod_partido": "3732.3740",
  "codigo": "3732.3740.3740.6916",
  "dni": "13943671",
  "id_candidatura": "3732.3740.3740.6916",
  "id_umv": 1206,
  "imagenes": [
   "3732.3740.3740.6916",
   "default_mujer"
  ],
  "nombre": "DEL PLA, CLAUDIO ARIEL",
  "nro_orden": 1,
  "orden_absoluto": [
   7,
   18,
   73,
   1,
   1
  ],
  "secundarios": [
   "HIDALGO, LORENA VANESA"
  ],
  "sexo": "M",
  "suplentes": [

  ]
 },
 {
  "asistida": "TAIBO MERCEDES ANTONIETA",
  "cargo_ejecutivo": false,
  "clase": "Candidato",
  "cod_alianza": "3733",
  "cod_categoria": "DIP",
  "cod_lista": "3733.1861.1861",
  "cod_partido": "3733.1861",
  "codigo": "3733.1861.1861.1355",
  "dni": "6673899",
  "id_candidatura": "3733.1861.1861.1355",
  "id_umv": 1109,
  "imagenes": [
   "3733.1861.1861.1355"
  ],
  "nombre": "TAIBO, MERCEDES ANTONIETA",
  "nro_orden": 1,
  "orden_absoluto": [
   11,
   55,
   13,
   3,
   1
  ],
  "secundarios": [

  ],
  "sexo": "F",
  "suplentes": [
   "CARDOZO, HUGO RICARDO"
  ]
 },
 {
  "asistida": "L\u00d3PEZ ABENAM\u00c1R W\u00c1LTER",
  "cargo_ejecutivo": true,
  "clase": "Candidato",
  "cod_alianza": "3733",
  "cod_categoria": "INT",
  "cod_lista": "3733.1861.1861",
  "cod_partido": "3733.1861",
  "codigo": "3733.1861.1861.1360",
  "dni": "23265922",
  "id_candidatura": "3733.1861.1861.1360",
  "id_umv": 1464,
  "imagenes": [
   "3733.1861.1861.1360"
  ],
  "nombre": "LOPEZ, ABENAMAR \u201cMAPORRITA\u201d",
  "nro_orden": 1,
  "orden_absoluto": [
   11,
   55,
   13,
   4,
   1
  ],
  "secundarios": [

  ],
  "sexo": "M",
  "suplentes": [

  ]
 },
 {
  "asistida": "CARRASCO CRUZ JOS\u00c9",
  "cargo_ejecutivo": false,
  "clase": "Candidato",
  "cod_alianza": "3733",
  "cod_categoria": "CNJ",
  "cod_lista": "3733.1861.1861",
  "cod_partido": "3733.1861",
  "codigo": "3733.1861.1861.1547",
  "dni": "12821135",
  "id_candidatura": "3733.1861.1861.1547",
  "id_umv": 428,
  "imagenes": [
   "3733.1861.1861.1547",
   "default_mujer",
   "default"
  ],
  "nombre": "CARRASCO, CRUZ JOSE",
  "nro_orden": 1,
  "orden_absoluto": [
   11,
   55,
   13,
   5,
   1
  ],
  "secundarios": [
   "LOPEZ, SUSANA MARIBEL",
   "LOPEZ, DANIEL ALEXANDER"
  ],
  "sexo": "M",
  "suplentes": [
   "CARDOZO, MACARENA ANAHI",
   "FABIAN, FREDI ROGER"
  ]
 },
 {
  "asistida": "GUTIERREZ JOSE LUIS ARIEL",
  "cargo_ejecutivo": false,
  "clase": "Candidato",
  "cod_alianza": "3733",
  "cod_categoria": "DIP",
  "cod_lista": "3733.3744.3744",
  "cod_partido": "3733.3744",
  "codigo": "3733.3744.3744.8393",
  "dni": "31035348",
  "id_candidatura": "3733.3744.3744.8393",
  "id_umv": 1119,
  "imagenes": [
   "3733.3744.3744.8393"
  ],
  "nombre": "GUTIERREZ, JOSE LUIS ARIEL",
  "nro_orden": 1,
  "orden_absoluto": [
   11,
   24,
   71,
   3,
   1
  ],
  "secundarios": [

  ],
  "sexo": "M",
  "suplentes": [
   "MAMANI, HECTOR FERMIN"
  ]
 },
 {
  "asistida": "CASTRO DIEGO RAFAEL",
  "cargo_ejecutivo": true,
  "clase": "Candidato",
  "cod_alianza": "3733",
  "cod_categoria": "INT",
  "cod_lista": "3733.3744.3744",
  "cod_partido": "3733.3744",
  "codigo": "3733.3744.3744.8435",
  "dni": "29335178",
  "id_candidatura": "3733.3744.3744.8435",
  "id_umv": 1512,
  "imagenes": [
   "3733.3744.3744.8435"
  ],
  "nombre": "CASTRO, DIEGO RAFAEL",
  "nro_orden": 1,
  "orden_absoluto": [
   11,
   24,
   71,
   4,
   1
  ],
  "secundarios": [

  ],
  "sexo": "M",
  "suplentes": [

  ]
 },
 {
  "asistida": "MORALES ROBERTO CARLOS",
  "cargo_ejecutivo": false,
  "clase": "Candidato",
  "cod_alianza": "3733",
  "cod_categoria": "CNJ",
  "cod_lista": "3733.3744.3744",
  "cod_partido": "3733.3744",
  "codigo": "3733.3744.3744.8520",
  "dni": "30384116",
  "id_candidatura": "3733.3744.3744.8520",
  "id_umv": 553,
  "imagenes": [
   "3733.3744.3744.8520",
   "default_mujer",
   "default"
  ],
  "nombre": "MORALES, ROBERTO CARLOS",
  "nro_orden": 1,
  "orden_absoluto": [
   11,
   24,
   71,
   5,
   1
  ],
  "secundarios": [
   "LOPEZ, MARIA AGUSTINA DEL",
   "MEDINA, CESAR ANIBAL"
  ],
  "sexo": "M",
  "suplentes": [
   "CHAUQUI, MARIA DE LOS ANGELES",
   "OROPEZA, ROQUE ROBERTO"
  ]
 },
 {
  "asistida": "Ruberto SAENZ GUSTAVO ADOLFO",
  "cargo_ejecutivo": true,
  "clase": "Candidato",
  "cod_alianza": "3734",
  "cod_categoria": "GOB",
  "cod_lista": "3734.3737.3737",
  "cod_partido": "3734.3737",
  "codigo": "3734.3737.3737.6358",
  "dni": "20609646",
  "id_candidatura": "3734.3737.3737.6358",
  "id_umv": 1207,
  "imagenes": [
   "3734.3737.3737.6358",
   "default"
  ],
  "nombre": "SAENZ, GUSTAVO",
  "nro_orden": 1,
  "orden_absoluto": [
   1,
   5,
   69,
   1,
   1
  ],
  "secundarios": [
   "MAROCCO, ANTONIO \u201cGRINGO\u201d"
  ],
  "sexo": "M",
  "suplentes": [

  ]
 },
 {
  "asistida": "RENFIJ\u00cdS CARLOS",
  "cargo_ejecutivo": false,
  "clase": "Candidato",
  "cod_alianza": "3735",
  "cod_categoria": "CNJ",
  "cod_lista": "3735.1873.1873",
  "cod_partido": "3735.1873",
  "codigo": "3735.1873.1873.2910",
  "dni": "30058420",
  "id_candidatura": "3735.1873.1873.2910",
  "id_umv": 633,
  "imagenes": [
   "3735.1873.1873.2910",
   "default_mujer",
   "default"
  ],
  "nombre": "RENFIJIS, CARLOS",
  "nro_orden": 1,
  "orden_absoluto": [
   12,
   56,
   80,
   5,
   1
  ],
  "secundarios": [
   "ALANCAY, GLADYS LILIANA",
   "ALANCAY, NELSON CLEMENTE"
  ],
  "sexo": "M",
  "suplentes": [
   "CUTIPA, PAULA SOLEDAD",
   "BAYON, JESUS",
   "DIAZ, MARCIA YENINA"
  ]
 },
 {
  "asistida": "LOPEZ MOISES RAMIRO",
  "cargo_ejecutivo": false,
  "clase": "Candidato",
  "cod_alianza": "3735",
  "cod_categoria": "CNJ",
  "cod_lista": "3735.3650.3650",
  "cod_partido": "3735.3650",
  "codigo": "3735.3650.3650.5989",
  "dni": "30058437",
  "id_candidatura": "3735.3650.3650.5989",
  "id_umv": 734,
  "imagenes": [
   "3735.3650.3650.5989",
   "default_mujer",
   "default"
  ],
  "nombre": "LOPEZ, RAMIRO \u201cMUSHA\u201d",
  "nro_orden": 1,
  "orden_absoluto": [
   12,
   66,
   23,
   5,
   1
  ],
  "secundarios": [
   "GUTIERREZ, JESICA JANET",
   "CUTIPA, ANIBAL JOSE MIGUEL"
  ],
  "sexo": "M",
  "suplentes": [
   "RIOS, ZENAIDA RAQUEL",
   "SAJAMA, CRISTIAN JOSE",
   "CARDOZO, EMILIA ROXANA"
  ]
 },
 {
  "asistida": "VARGAS H\u00c9CTOR RA\u00daL",
  "cargo_ejecutivo": false,
  "clase": "Candidato",
  "cod_alianza": "3735",
  "cod_categoria": "DIP",
  "cod_lista": "3735.4.4",
  "cod_partido": "3735.4",
  "codigo": "3735.4.4.10014",
  "dni": "23631714",
  "id_candidatura": "3735.4.4.10014",
  "id_umv": 1140,
  "imagenes": [
   "3735.4.4.10014"
  ],
  "nombre": "VARGAS, RAUL \u201cRULO\u201d",
  "nro_orden": 1,
  "orden_absoluto": [
   12,
   58,
   6,
   3,
   1
  ],
  "secundarios": [

  ],
  "sexo": "M",
  "suplentes": [
   "FLORES, BLAS MOISES"
  ]
 },
 {
  "asistida": "R\u00cdOS CARLOS ERNESTO",
  "cargo_ejecutivo": true,
  "clase": "Candidato",
  "cod_alianza": "3735",
  "cod_categoria": "INT",
  "cod_lista": "3735.4.4",
  "cod_partido": "3735.4",
  "codigo": "3735.4.4.10053",
  "dni": "29373525",
  "id_candidatura": "3735.4.4.10053",
  "id_umv": 1595,
  "imagenes": [
   "3735.4.4.10053"
  ],
  "nombre": "RIOS, CARLOS ERNESTO \u201cZORRA\u201d",
  "nro_orden": 1,
  "orden_absoluto": [
   12,
   58,
   6,
   4,
   1
  ],
  "secundarios": [

  ],
  "sexo": "M",
  "suplentes": [

  ]
 },
 {
  "asistida": "R\u00cdOS EVANGELINA DEL VALLE",
  "cargo_ejecutivo": false,
  "clase": "Candidato",
  "cod_alianza": "3735",
  "cod_categoria": "CNJ",
  "cod_lista": "3735.4.4",
  "cod_partido": "3735.4",
  "codigo": "3735.4.4.10493",
  "dni": "23265926",
  "id_candidatura": "3735.4.4.10493",
  "id_umv": 788,
  "imagenes": [
   "3735.4.4.10493",
   "default",
   "default_mujer"
  ],
  "nombre": "RIOS, \u201cMALE\u201d",
  "nro_orden": 1,
  "orden_absoluto": [
   12,
   58,
   6,
   5,
   1
  ],
  "secundarios": [
   "CARDOZO, DAVID SEBASTIAN",
   "HERRERA, YANINA ESTEFANIA"
  ],
  "sexo": "F",
  "suplentes": [
   "RODRIGUEZ, FRANCO RAFAEL",
   "GUANTAY, MARIA DANIELA",
   "CASIMIRO, JUAN ANTONIO"
  ]
 },
 {
  "asistida": "CISNEROS SERGIO DARIO",
  "cargo_ejecutivo": false,
  "clase": "Candidato",
  "cod_alianza": "3735",
  "cod_categoria": "DIP",
  "cod_lista": "3735.460.460",
  "cod_partido": "3735.460",
  "codigo": "3735.460.460.11030",
  "dni": "25516142",
  "id_candidatura": "3735.460.460.11030",
  "id_umv": 1147,
  "imagenes": [
   "3735.460.460.11030"
  ],
  "nombre": "CISNEROS, SERGIO \u201cMELLI\u201d",
  "nro_orden": 1,
  "orden_absoluto": [
   12,
   23,
   10,
   3,
   1
  ],
  "secundarios": [

  ],
  "sexo": "M",
  "suplentes": [
   "TOLABA, TRINIDAD LOURDES ANABEL"
  ]
 },
 {
  "asistida": "DIAZ EDUARDO RAMON",
  "cargo_ejecutivo": true,
  "clase": "Candidato",
  "cod_alianza": "3735",
  "cod_categoria": "INT",
  "cod_lista": "3735.460.460",
  "cod_partido": "3735.460",
  "codigo": "3735.460.460.11051",
  "dni": "12821120",
  "id_candidatura": "3735.460.460.11051",
  "id_umv": 1614,
  "imagenes": [
   "3735.460.460.11051"
  ],
  "nombre": "DIAZ, RAMON \u201cFLACO\u201d",
  "nro_orden": 1,
  "orden_absoluto": [
   12,
   23,
   10,
   4,
   1
  ],
  "secundarios": [

  ],
  "sexo": "M",
  "suplentes": [

  ]
 },
 {
  "asistida": "VEL\u00c1ZQUEZ MERCEDES CAROLINA",
  "cargo_ejecutivo": false,
  "clase": "Candidato",
  "cod_alianza": "3735",
  "cod_categoria": "CNJ",
  "cod_lista": "3735.460.460",
  "cod_partido": "3735.460",
  "codigo": "3735.460.460.11452",
  "dni": "18748952",
  "id_candidatura": "3735.460.460.11452",
  "id_umv": 833,
  "imagenes": [
   "3735.460.460.11452",
   "default",
   "default_mujer"
  ],
  "nombre": "VELAZQUEZ, MERCEDES CAROLINA",
  "nro_orden": 1,
  "orden_absoluto": [
   12,
   23,
   10,
   5,
   1
  ],
  "secundarios": [
   "LOPEZ, JESUS JOSE OSVALDO",
   "CHOCOBAR, DALMA AGUSTINA"
  ],
  "sexo": "F",
  "suplentes": [
   "ROMEO, LUCAS EMILIANO",
   "SAJAMA, HORTENCIA",
   "CARDOZO, CLAUDIO JOAQUIN"
  ]
 },
 {
  "asistida": "Escotor\u00edn RAMIRO DANIEL",
  "cargo_ejecutivo": true,
  "clase": "Candidato",
  "cod_alianza": "685",
  "cod_categoria": "GOB",
  "cod_lista": "685.685.685",
  "cod_partido": "685.685",
  "codigo": "685.685.685.12004",
  "dni": "17581303",
  "id_candidatura": "685.685.685.12004",
  "id_umv": 1208,
  "imagenes": [
   "685.685.685.12004",
   "default_mujer"
  ],
  "nombre": "ESCOTORIN, RAMIRO DANIEL",
  "nro_orden": 1,
  "orden_absoluto": [
   14,
   30,
   78,
   1,
   1
  ],
  "secundarios": [
   "CALIVA, PATRICIA DEL VALLE"
  ],
  "sexo": "M",
  "suplentes": [

  ]
 },
 {
  "asistida": "Voto en BLANCO",
  "cargo_ejecutivo": false,
  "clase": "Blanco",
  "cod_categoria": "CNJ",
  "cod_lista": "",
  "codigo": "BLC",
  "id_candidatura": "BLC",
  "id_umv": 870,
  "imagenes": [
   "BLC"
  ],
  "nombre": "Voto en BLANCO",
  "nro_orden": 5,
  "orden_absoluto": [
   994,
   5
  ],
  "secundarios": [

  ],
  "sexo": null,
  "suplentes": [

  ]
 },
 {
  "asistida": "Voto en BLANCO",
  "cargo_ejecutivo": false,
  "clase": "Blanco",
  "cod_categoria": "DIP",
  "cod_lista": "",
  "codigo": "BLC",
  "id_candidatura": "BLC",
  "id_umv": 1158,
  "imagenes": [
   "BLC"
  ],
  "nombre": "Voto en BLANCO",
  "nro_orden": 3,
  "orden_absoluto": [
   994,
   3
  ],
  "secundarios": [

  ],
  "sexo": null,
  "suplentes": [

  ]
 },
 {
  "asistida": "Voto en BLANCO",
  "cargo_ejecutivo": true,
  "clase": "Blanco",
  "cod_categoria": "GOB",
  "cod_lista": "",
  "codigo": "BLC",
  "id_candidatura": "BLC",
  "id_umv": 1209,
  "imagenes": [
   "BLC"
  ],
  "nombre": "Voto en BLANCO",
  "nro_orden": 1,
  "orden_absoluto": [
   994,
   1
  ],
  "secundarios": [

  ],
  "sexo": null,
  "suplentes": [

  ]
 },
 {
  "asistida": "Voto en BLANCO",
  "cargo_ejecutivo": true,
  "clase": "Blanco",
  "cod_categoria": "INT",
  "cod_lista": "",
  "codigo": "BLC",
  "id_candidatura": "BLC",
  "id_umv": 1644,
  "imagenes": [
   "BLC"
  ],
  "nombre": "Voto en BLANCO",
  "nro_orden": 4,
  "orden_absoluto": [
   994,
   4
  ],
  "secundarios": [

  ],
  "sexo": null,
  "suplentes": [

  ]
 },
 {
  "asistida": "Votos IMPUGNADOS",
  "cargo_ejecutivo": false,
  "clase": "Especial",
  "cod_categoria": "CNJ",
  "cod_lista": "",
  "codigo": "IMP",
  "id_candidatura": "IMP",
  "id_umv": 930,
  "nombre": "Votos IMPUGNADOS",
  "nro_orden": 5,
  "orden_absoluto": [
   995,
   5
  ],
  "secundarios": [

  ],
  "sexo": null,
  "suplentes": [

  ]
 },
 {
  "asistida": "Votos IMPUGNADOS",
  "cargo_ejecutivo": false,
  "clase": "Especial",
  "cod_categoria": "DIP",
  "cod_lista": "",
  "codigo": "IMP",
  "id_candidatura": "IMP",
  "id_umv": 1173,
  "nombre": "Votos IMPUGNADOS",
  "nro_orden": 3,
  "orden_absoluto": [
   995,
   3
  ],
  "secundarios": [

  ],
  "sexo": null,
  "suplentes": [

  ]
 },
 {
  "asistida": "Votos IMPUGNADOS",
  "cargo_ejecutivo": true,
  "clase": "Especial",
  "cod_categoria": "GOB",
  "cod_lista": "",
  "codigo": "IMP",
  "id_candidatura": "IMP",
  "id_umv": 1210,
  "nombre": "Votos IMPUGNADOS",
  "nro_orden": 1,
  "orden_absoluto": [
   995,
   1
  ],
  "secundarios": [

  ],
  "sexo": null,
  "suplentes": [

  ]
 },
 {
  "asistida": "Votos IMPUGNADOS",
  "cargo_ejecutivo": true,
  "clase": "Especial",
  "cod_categoria": "INT",
  "cod_lista": "",
  "codigo": "IMP",
  "id_candidatura": "IMP",
  "id_umv": 1704,
  "nombre": "Votos IMPUGNADOS",
  "nro_orden": 4,
  "orden_absoluto": [
   995,
   4
  ],
  "secundarios": [

  ],
  "sexo": null,
  "suplentes": [

  ]
 },
 {
  "asistida": "Votos OBSERVADOS",
  "cargo_ejecutivo": false,
  "clase": "Especial",
  "cod_categoria": "CNJ",
  "cod_lista": "",
  "codigo": "OBS",
  "id_candidatura": "OBS",
  "id_umv": 990,
  "nombre": "Votos OBSERVADOS",
  "nro_orden": 5,
  "orden_absoluto": [
   996,
   5
  ],
  "secundarios": [

  ],
  "sexo": null,
  "suplentes": [

  ]
 },
 {
  "asistida": "Votos OBSERVADOS",
  "cargo_ejecutivo": false,
  "clase": "Especial",
  "cod_categoria": "DIP",
  "cod_lista": "",
  "codigo": "OBS",
  "id_candidatura": "OBS",
  "id_umv": 1188,
  "nombre": "Votos OBSERVADOS",
  "nro_orden": 3,
  "orden_absoluto": [
   996,
   3
  ],
  "secundarios": [

  ],
  "sexo": null,
  "suplentes": [

  ]
 },
 {
  "asistida": "Votos OBSERVADOS",
  "cargo_ejecutivo": true,
  "clase": "Especial",
  "cod_categoria": "GOB",
  "cod_lista": "",
  "codigo": "OBS",
  "id_candidatura": "OBS",
  "id_umv": 1211,
  "nombre": "Votos OBSERVADOS",
  "nro_orden": 1,
  "orden_absoluto": [
   996,
   1
  ],
  "secundarios": [

  ],
  "sexo": null,
  "suplentes": [

  ]
 },
 {
  "asistida": "Votos OBSERVADOS",
  "cargo_ejecutivo": true,
  "clase": "Especial",
  "cod_categoria": "INT",
  "cod_lista": "",
  "codigo": "OBS",
  "id_candidatura": "OBS",
  "id_umv": 1764,
  "nombre": "Votos OBSERVADOS",
  "nro_orden": 4,
  "orden_absoluto": [
   996,
   4
  ],
  "secundarios": [

  ],
  "sexo": null,
  "suplentes": [

  ]
 }
]