[
 {
  "asistida": "PLANES DANIELA",
  "cargo_ejecutivo": true,
  "clase": "Candidato",
  "cod_alianza": "1863",
  "cod_categoria": "GOB",
  "cod_lista": "1863.1863.1863",
  "cod_partido": "1863.1863",
  "codigo": "1863.1863.1863.2069",
  "dni": "28523544",
  "id_candidatura": "1863.1863.1863.2069",
  "id_umv": 1197,
  "imagenes": [
   "1863.1863.1863.2069",
   "default_mujer"
  ],
  "nombre": "PLANES, DANIELA",
  "nro_orden": 1,
  "orden_absoluto": [
   22,
   53,
   12,
   1,
   1
  ],
  "secundarios": [
   "TEJERINA, VERONICA"
  ],
  "sexo": "F",
  "suplentes": [

  ]
 },
 {
  "asistida": "GIL VIOLETA",
  "cargo_ejecutivo": true,
  "clase": "Candidato",
  "cod_alianza": "22",
  "cod_categoria": "GOB",
  "cod_lista": "22.22.22",
  "cod_partido": "22.22",
  "codigo": "22.22.22.3409",
  "dni": "33984630",
  "id_candidatura": "22.22.22.3409",
  "id_umv": 1198,
  "imagenes": [
   "22.22.22.3409",
   "default"
  ],
  "nombre": "GIL, VIOLETA",
  "nro_orden": 1,
  "orden_absoluto": [
   23,
   62,
   3,
   1,
   1
  ],
  "secundarios": [
   "TOLABA, ANGEL RODOLFO"
  ],
  "sexo": "F",
  "suplentes": [

  ]
 },
 {
  "asistida": "PAZ HERN\u00c1N FAVIO",
  "cargo_ejecutivo": false,
  "clase": "Candidato",
  "cod_alianza": "22",
  "cod_categoria": "SEN",
  "cod_lista": "22.22.22",
  "cod_partido": "22.22",
  "codigo": "22.22.22.3414",
  "dni": "20898540",
  "id_candidatura": "22.22.22.3414",
  "id_umv": 1806,
  "imagenes": [
   "22.22.22.3414"
  ],
  "nombre": "PAZ, HERNAN FAVIO",
  "nro_orden": 1,
  "orden_absoluto": [
   23,
   62,
   3,
   2,
   1
  ],
  "secundarios": [

  ],
  "sexo": "M",
  "suplentes": [
   "ESTRADA, VALDEZ FANNY FLAVIA"
  ]
 },
 {
  "asistida": "\u00c1LVAREZ NATALIA DEL VALLE",
  "cargo_ejecutivo": false,
  "clase": "Candidato",
  "cod_alianza": "22",
  "cod_categoria": "DIP",
  "cod_lista": "22.22.22",
  "cod_partido": "22.22",
  "codigo": "22.22.22.3441",
  "dni": "28810069",
  "id_candidatura": "22.22.22.3441",
  "id_umv": 1034,
  "imagenes": [
   "22.22.22.3441",
   "default",
   "default_mujer"
  ],
  "nombre": "ALVAREZ, NATALIA DEL VALLE",
  "nro_orden": 1,
  "orden_absoluto": [
   23,
   62,
   3,
   3,
   1
  ],
  "secundarios": [
   "CENTENO, CRISTIAN ALFREDO",
   "LEON, CINTIA YAMILA"
  ],
  "sexo": "F",
  "suplentes": [
   "MANCILLA VARGAS, JAIME"
  ]
 },
 {
  "asistida": "TogNolini MARCOS",
  "cargo_ejecutivo": true,
  "clase": "Candidato",
  "cod_alianza": "3625",
  "cod_categoria": "GOB",
  "cod_lista": "3625.3625.3625",
  "cod_partido": "3625.3625",
  "codigo": "3625.3625.3625.5312",
  "dni": "29336659",
  "id_candidatura": "3625.3625.3625.5312",
  "id_umv": 1199,
  "imagenes": [
   "3625.3625.3625.5312",
   "default_mujer"
  ],
  "nombre": "TOGNOLINI, MARCOS",
  "nro_orden": 1,
  "orden_absoluto": [
   21,
   43,
   21,
   1,
   1
  ],
  "secundarios": [
   "RAMOS, MIRTA ADRIANA"
  ],
  "sexo": "M",
  "suplentes": [

  ]
 },
 {
  "asistida": "VILLALVA N\u00c1POLES BLADEM\u00cdR",
  "cargo_ejecutivo": true,
  "clase": "Candidato",
  "cod_alianza": "3717",
  "cod_categoria": "INT",
  "cod_lista": "3717.13.13",
  "cod_partido": "3717.13",
  "codigo": "3717.13.13.445",
  "dni": "21606733",
  "id_candidatura": "3717.13.13.445",
  "id_umv": 1239,
  "imagenes": [
   "3717.13.13.445"
  ],
  "nombre": "VILLALVA, \u201cNAPOLES\u201d BLADEMIR",
  "nro_orden": 1,
  "orden_absoluto": [
   6,
   52,
   75,
   4,
   1
  ],
  "secundarios": [

  ],
  "sexo": "M",
  "suplentes": [

  ]
 },
 {
  "asistida": "ARIAS  \"VALDEZ\" ROBERTO",
  "cargo_ejecutivo": false,
  "clase": "Candidato",
  "cod_alianza": "3717",
  "cod_categoria": "CNJ",
  "cod_lista": "3717.13.13",
  "cod_partido": "3717.13",
  "codigo": "3717.13.13.655",
  "dni": "21606899",
  "id_candidatura": "3717.13.13.655",
  "id_umv": 36,
  "imagenes": [
   "3717.13.13.655",
   "default_mujer",
   "default",
   "default_mujer",
   "default",
   "default_mujer",
   "default",
   "default_mujer",
   "default"
  ],
  "nombre": "ARIAS, ROBERTO \u201cVALDEZ\u201d",
  "nro_orden": 1,
  "orden_absoluto": [
   6,
   52,
   75,
   5,
   1
  ],
  "secundarios": [
   "TORREZ, ANA ZULEMA",
   "ARROYO, RAUL",
   "SORAIDE, ANA MARIA",
   "RIOS, MARCOS CESAR IVAN",
   "VARGAS, ROSA CATALINA",
   "CRUZ, OSVALDO GABRIEL",
   "PANIAGUA, SANDRA ELIZABET",
   "PINTO, MARIO EMILIANO"
  ],
  "sexo": "M",
  "suplentes": [
   "ARIAS, MARCELA KARINA",
   "MERIDA, JUAN ALBERTO",
   "ROCHA, MAIRA MARISOL",
   "ROJAS, JUAN JESUS"
  ]
 },
 {
  "asistida": "ESTRADA EMILIANO RAFAEL",
  "cargo_ejecutivo": true,
  "clase": "Candidato",
  "cod_alianza": "3717",
  "cod_categoria": "GOB",
  "cod_lista": "3717.3739.3739",
  "cod_partido": "3717.3739",
  "codigo": "3717.3739.3739.6360",
  "dni": "32165256",
  "id_candidatura": "3717.3739.3739.6360",
  "id_umv": 1200,
  "imagenes": [
   "3717.3739.3739.6360",
   "default"
  ],
  "nombre": "ESTRADA, EMILIANO",
  "nro_orden": 1,
  "orden_absoluto": [
   6,
   17,
   64,
   1,
   1
  ],
  "secundarios": [
   "ZAPATA, CARLOS RAUL"
  ],
  "sexo": "M",
  "suplentes": [

  ]
 },
 {
  "asistida": "R\u00e9stom JORGE MIGUEL",
  "cargo_ejecutivo": false,
  "clase": "Candidato",
  "cod_alianza": "3717",
  "cod_categoria": "SEN",
  "cod_lista": "3717.3739.3739",
  "cod_partido": "3717.3739",
  "codigo": "3717.3739.3739.6378",
  "dni": "16167450",
  "id_candidatura": "3717.3739.3739.6378",
  "id_umv": 1816,
  "imagenes": [
   "3717.3739.3739.6378"
  ],
  "nombre": "RESTOM, JORGE",
  "nro_orden": 1,
  "orden_absoluto": [
   6,
   17,
   64,
   2,
   1
  ],
  "secundarios": [

  ],
  "sexo": "M",
  "suplentes": [
   "CABRAL, NORMA ISABEL"
  ]
 },
 {
  "asistida": "MILER MIRTA Est\u00e9r",
  "cargo_ejecutivo": false,
  "clase": "Candidato",
  "cod_alianza": "3717",
  "cod_categoria": "DIP",
  "cod_lista": "3717.3739.3739",
  "cod_partido": "3717.3739",
  "codigo": "3717.3739.3739.6425",
  "dni": "13230622",
  "id_candidatura": "3717.3739.3739.6425",
  "id_umv": 1051,
  "imagenes": [
   "3717.3739.3739.6425",
   "default",
   "default_mujer"
  ],
  "nombre": "MILLER, MIRTHA",
  "nro_orden": 1,
  "orden_absoluto": [
   6,
   17,
   64,
   3,
   1
  ],
  "secundarios": [
   "MOYANO, SANTIAGO JOSE",
   "FLORES, LILIAN DEL VALLE"
  ],
  "sexo": "F",
  "suplentes": [
   "CARMONA, JOSE FRANCISCO",
   "RUIZ, NIDIA ELIZABETH",
   "GORBAL MITANOS, RUBEN ORLANDO"
  ]
 },
 {
  "asistida": "CORREA FABIANA",
  "cargo_ejecutivo": true,
  "clase": "Candidato",
  "cod_alianza": "3717",
  "cod_categoria": "INT",
  "cod_lista": "3717.3739.3739",
  "cod_partido": "3717.3739",
  "codigo": "3717.3739.3739.6445",
  "dni": "18040037",
  "id_candidatura": "3717.3739.3739.6445",
  "id_umv": 1260,
  "imagenes": [
   "3717.3739.3739.6445"
  ],
  "nombre": "CORREA, FABIANA",
  "nro_orden": 1,
  "orden_absoluto": [
   6,
   17,
   64,
   4,
   1
  ],
  "secundarios": [

  ],
  "sexo": "F",
  "suplentes": [

  ]
 },
 {
  "asistida": "R\u00cdOS LUIS JAVIER",
  "cargo_ejecutivo": false,
  "clase": "Candidato",
  "cod_alianza": "3717",
  "cod_categoria": "CNJ",
  "cod_lista": "3717.3739.3739",
  "cod_partido": "3717.3739",
  "codigo": "3717.3739.3739.6686",
  "dni": "29948400",
  "id_candidatura": "3717.3739.3739.6686",
  "id_umv": 105,
  "imagenes": [
   "3717.3739.3739.6686",
   "default_mujer",
   "default",
   "default_mujer",
   "default",
   "default_mujer",
   "default",
   "default_mujer",
   "default"
  ],
  "nombre": "RIOS, LUIS",
  "nro_orden": 1,
  "orden_absoluto": [
   6,
   17,
   64,
   5,
   1
  ],
  "secundarios": [
   "ANDAVE, ROSANA MARIA DEL PILAR",
   "CUELLAR, SIMON ORLANDO",
   "CUELLAR, SILVERIA",
   "QUINTANA, ROBERTO DARIO",
   "ARROYO, SUSANA ELIZABETH",
   "RAMOS, VICTOR ANDRES",
   "AGUIRRE, CRISTINA VANESA",
   "AGUILAR, RAUL REYNALDO"
  ],
  "sexo": "M",
  "suplentes": [
   "GUZMAN, DAYANA CELESTE",
   "VARGAS, MAURO FABRICIO",
   "RIVAS, SATURNINA",
   "LESCANO, WALTER",
   "CLAROS, MARIA ISABEL",
   "AGUERO, MIGUEL ANGEL"
  ]
 },
 {
  "asistida": "NAVARRO PATRICIO JAVIER",
  "cargo_ejecutivo": false,
  "clase": "Candidato",
  "cod_alianza": "3723",
  "cod_categoria": "CNJ",
  "cod_lista": "3723.12.12",
  "cod_partido": "3723.12",
  "codigo": "3723.12.12.349",
  "dni": "29601884",
  "id_candidatura": "3723.12.12.349",
  "id_umv": 168,
  "imagenes": [
   "3723.12.12.349",
   "default_mujer",
   "default",
   "default_mujer",
   "default",
   "default_mujer",
   "default",
   "default_mujer",
   "default"
  ],
  "nombre": "NAVARRO, PATRICIO JAVIER",
  "nro_orden": 1,
  "orden_absoluto": [
   5,
   57,
   72,
   5,
   1
  ],
  "secundarios": [
   "AGUIRRE, MARIA ISABEL",
   "VERA, JESUS HILARIO",
   "ARGA\u00d1ARAZ, ZULEMA ANTONIA",
   "TORRES, ENRIQUE DEMETRIO",
   "ARAMAYO, GABRIELA MERCEDES",
   "SANCHEZ, CARLOS MARCELO",
   "MENDEZ, MABEL EVANGELINA",
   "MENDEZ, FELIPE"
  ],
  "sexo": "M",
  "suplentes": [

  ]
 },
 {
  "asistida": "W\u00c1YAR GU\u00c1LTER RAUL",
  "cargo_ejecutivo": true,
  "clase": "Candidato",
  "cod_alianza": "3723",
  "cod_categoria": "GOB",
  "cod_lista": "3723.3741.3741",
  "cod_partido": "3723.3741",
  "codigo": "3723.3741.3741.7154",
  "dni": "12220501",
  "id_candidatura": "3723.3741.3741.7154",
  "id_umv": 1201,
  "imagenes": [
   "3723.3741.3741.7154",
   "default"
  ],
  "nombre": "WAYAR, WALTER",
  "nro_orden": 1,
  "orden_absoluto": [
   5,
   14,
   65,
   1,
   1
  ],
  "secundarios": [
   "MIZZAU, IVAN"
  ],
  "sexo": "M",
  "suplentes": [

  ]
 },
 {
  "asistida": "Abreg\u00fa C\u00e9SAR ADOLFO",
  "cargo_ejecutivo": false,
  "clase": "Candidato",
  "cod_alianza": "3723",
  "cod_categoria": "SEN",
  "cod_lista": "3723.3741.3741",
  "cod_partido": "3723.3741",
  "codigo": "3723.3741.3741.7172",
  "dni": "14858585",
  "id_candidatura": "3723.3741.3741.7172",
  "id_umv": 1828,
  "imagenes": [
   "3723.3741.3741.7172"
  ],
  "nombre": "ABREGU, CESAR ADOLFO",
  "nro_orden": 1,
  "orden_absoluto": [
   5,
   14,
   65,
   2,
   1
  ],
  "secundarios": [

  ],
  "sexo": "M",
  "suplentes": [
   "PALAVECINO, LILIAN DEL MILAGRO"
  ]
 },
 {
  "asistida": "ROMERO N\u00e9STOR",
  "cargo_ejecutivo": false,
  "clase": "Candidato",
  "cod_alianza": "3723",
  "cod_categoria": "DIP",
  "cod_lista": "3723.3741.3741",
  "cod_partido": "3723.3741",
  "codigo": "3723.3741.3741.7224",
  "dni": "13893998",
  "id_candidatura": "3723.3741.3741.7224",
  "id_umv": 1064,
  "imagenes": [
   "3723.3741.3741.7224",
   "default_mujer",
   "default"
  ],
  "nombre": "ROMERO, NESTOR",
  "nro_orden": 1,
  "orden_absoluto": [
   5,
   14,
   65,
   3,
   1
  ],
  "secundarios": [
   "QUINTEROS, MARLENE LUCIA",
   "CORIA, GUSTAVO DANIEL FELIPE"
  ],
  "sexo": "M",
  "suplentes": [

  ]
 },
 {
  "asistida": "MORO H\u00c9CTOR OMAR",
  "cargo_ejecutivo": true,
  "clase": "Candidato",
  "cod_alianza": "3723",
  "cod_categoria": "INT",
  "cod_lista": "3723.3741.3741",
  "cod_partido": "3723.3741",
  "codigo": "3723.3741.3741.7239",
  "dni": "13454082",
  "id_candidatura": "3723.3741.3741.7239",
  "id_umv": 1304,
  "imagenes": [
   "3723.3741.3741.7239"
  ],
  "nombre": "MORO, HECTOR OMAR",
  "nro_orden": 1,
  "orden_absoluto": [
   5,
   14,
   65,
   4,
   1
  ],
  "secundarios": [

  ],
  "sexo": "M",
  "suplentes": [

  ]
 },
 {
  "asistida": "GUERRERO RAMIRO ERNESTO",
  "cargo_ejecutivo": false,
  "clase": "Candidato",
  "cod_alianza": "3723",
  "cod_categoria": "CNJ",
  "cod_lista": "3723.3741.3741",
  "cod_partido": "3723.3741",
  "codigo": "3723.3741.3741.7453",
  "dni": "30998995",
  "id_candidatura": "3723.3741.3741.7453",
  "id_umv": 201,
  "imagenes": [
   "3723.3741.3741.7453",
   "default_mujer",
   "default",
   "default_mujer",
   "default",
   "default_mujer",
   "default",
   "default_mujer",
   "default"
  ],
  "nombre": "GUERRERO, RAMIRO ERNESTO",
  "nro_orden": 1,
  "orden_absoluto": [
   5,
   14,
   65,
   5,
   1
  ],
  "secundarios": [
   "RUIZ, TANIA PAMELA",
   "SEGUNDO, JACOB DARIO",
   "ARAMAYO, ISABEL DEL CARMEN",
   "ROMERO, MARCOS ANTONIO",
   "CALDERON, CLAUDIA VERONICA",
   "ROMERO, MANUEL LISANDRO",
   "VALVERDE MARTINEZ, SOFIA",
   "NACUSI, LELION JOSE"
  ],
  "sexo": "M",
  "suplentes": [
   "SEGOVIA, LAURA MARIA",
   "ORTIZ, CRISTIAN RAUL",
   "VILLAFUERTE, LURA VIVIANA",
   "NACUSI, ARION MANUEL",
   "BALBOA, ERIKA FERNANDA",
   "BALBOA, MARCOS ANTONIO",
   "RASPUTIN, SONIA"
  ]
 },
 {
  "asistida": "PAZ POSE LUCIO",
  "cargo_ejecutivo": true,
  "clase": "Candidato",
  "cod_alianza": "3728",
  "cod_categoria": "GOB",
  "cod_lista": "3728.3742.3742",
  "cod_partido": "3728.3742",
  "codigo": "3728.3742.3742.7704",
  "dni": "24875401",
  "id_candidatura": "3728.3742.3742.7704",
  "id_umv": 1202,
  "imagenes": [
   "3728.3742.3742.7704",
   "default_mujer"
  ],
  "nombre": "PAZ POSSE, LUCIO \u201cPINO\u201d",
  "nro_orden": 1,
  "orden_absoluto": [
   9,
   21,
   66,
   1,
   1
  ],
  "secundarios": [
   "FARJAT D\u2019ALESSANDRO, LORENA"
  ],
  "sexo": "M",
  "suplentes": [

  ]
 },
 {
  "asistida": "Cinch\u00f3n AMELIA DEL CARMEN",
  "cargo_ejecutivo": false,
  "clase": "Candidato",
  "cod_alianza": "3728",
  "cod_categoria": "SEN",
  "cod_lista": "3728.3742.3742",
  "cod_partido": "3728.3742",
  "codigo": "3728.3742.3742.7714",
  "dni": "17835641",
  "id_candidatura": "3728.3742.3742.7714",
  "id_umv": 1834,
  "imagenes": [
   "3728.3742.3742.7714"
  ],
  "nombre": "CINCHON, AMELIA DEL CARMEN",
  "nro_orden": 1,
  "orden_absoluto": [
   9,
   21,
   66,
   2,
   1
  ],
  "secundarios": [

  ],
  "sexo": "F",
  "suplentes": [
   "ALBARRACIN, HELIN JULIAN"
  ]
 },
 {
  "asistida": "GUERRERO GABRIELA SOLEDAD",
  "cargo_ejecutivo": false,
  "clase": "Candidato",
  "cod_alianza": "3728",
  "cod_categoria": "DIP",
  "cod_lista": "3728.3742.3742",
  "cod_partido": "3728.3742",
  "codigo": "3728.3742.3742.7756",
  "dni": "34550795",
  "id_candidatura": "3728.3742.3742.7756",
  "id_umv": 1072,
  "imagenes": [
   "3728.3742.3742.7756",
   "default",
   "default_mujer"
  ],
  "nombre": "GUERRERO, GABRIELA SOLEDAD",
  "nro_orden": 1,
  "orden_absoluto": [
   9,
   21,
   66,
   3,
   1
  ],
  "secundarios": [
   "TABORGA, CESAR DARIO",
   "PAZ, ESTELA DEL VALLE"
  ],
  "sexo": "F",
  "suplentes": [
   "CAMPOS, HUGO FERNANDO",
   "VIDAL, MARIA",
   "GUERRERO, JAVIER ARNALDO"
  ]
 },
 {
  "asistida": "IBA\u00d1EZ JIMENA LORENA",
  "cargo_ejecutivo": true,
  "clase": "Candidato",
  "cod_alianza": "3728",
  "cod_categoria": "INT",
  "cod_lista": "3728.3742.3742",
  "cod_partido": "3728.3742",
  "codigo": "3728.3742.3742.7769",
  "dni": "37163838",
  "id_candidatura": "3728.3742.3742.7769",
  "id_umv": 1341,
  "imagenes": [
   "3728.3742.3742.7769"
  ],
  "nombre": "IBA\u00d1EZ, JIMENA LORENA",
  "nro_orden": 1,
  "orden_absoluto": [
   9,
   21,
   66,
   4,
   1
  ],
  "secundarios": [

  ],
  "sexo": "F",
  "suplentes": [

  ]
 },
 {
  "asistida": "GARECA NORMA BEATRIZ",
  "cargo_ejecutivo": false,
  "clase": "Candidato",
  "cod_alianza": "3728",
  "cod_categoria": "CNJ",
  "cod_lista": "3728.3748.3748",
  "cod_partido": "3728.3748",
  "codigo": "3728.3748.3748.9609",
  "dni": "16665042",
  "id_candidatura": "3728.3748.3748.9609",
  "id_umv": 249,
  "imagenes": [
   "3728.3748.3748.9609",
   "default",
   "default_mujer",
   "default",
   "default_mujer",
   "default",
   "default_mujer",
   "default",
   "default_mujer"
  ],
  "nombre": "GARECA, NORMA BEATRIZ",
  "nro_orden": 1,
  "orden_absoluto": [
   9,
   15,
   24,
   5,
   1
  ],
  "secundarios": [
   "PAREDES, IVAN PABLO",
   "MEDRANO, SELVA ROCIO DEL VALLE",
   "LIENDRO, ANDRES CALIXTO BENJAMIN",
   "SEGUNDO, AYDEE",
   "AREQUIPA, RUBEN WILSON",
   "MORENO, NIDIA RAQUEL",
   "HERRERA, VICTOR MANUEL",
   "MORENO, CLARIBEL FERNANDA"
  ],
  "sexo": "F",
  "suplentes": [
   "SORANI, NICOLAS SAID",
   "CARI, BLANCA NIEVES MARIA",
   "GOMEZ, JUAN IGNACIO",
   "FERREYRA, OLGA SILVIA"
  ]
 },
 {
  "asistida": "CAL\u00cdVA L\u00cdA VER\u00d3NICA",
  "cargo_ejecutivo": true,
  "clase": "Candidato",
  "cod_alianza": "3729",
  "cod_categoria": "GOB",
  "cod_lista": "3729.3747.3747",
  "cod_partido": "3729.3747",
  "codigo": "3729.3747.3747.9058",
  "dni": "25624792",
  "id_candidatura": "3729.3747.3747.9058",
  "id_umv": 1203,
  "imagenes": [
   "3729.3747.3747.9058",
   "default"
  ],
  "nombre": "CALIVA, LIA VERONICA",
  "nro_orden": 1,
  "orden_absoluto": [
   24,
   68,
   67,
   1,
   1
  ],
  "secundarios": [
   "GRAVANAGO, CARLOS ALEJANDRO"
  ],
  "sexo": "F",
  "suplentes": [

  ]
 },
 {
  "asistida": "LOPEZ REINA NANCY",
  "cargo_ejecutivo": false,
  "clase": "Candidato",
  "cod_alianza": "3729",
  "cod_categoria": "SEN",
  "cod_lista": "3729.3747.3747",
  "cod_partido": "3729.3747",
  "codigo": "3729.3747.3747.9070",
  "dni": "20126526",
  "id_candidatura": "3729.3747.3747.9070",
  "id_umv": 1842,
  "imagenes": [
   "3729.3747.3747.9070"
  ],
  "nombre": "LOPEZ, REINA NANCY",
  "nro_orden": 1,
  "orden_absoluto": [
   24,
   68,
   67,
   2,
   1
  ],
  "secundarios": [

  ],
  "sexo": "F",
  "suplentes": [
   "FERNANDEZ, ISAIAS"
  ]
 },
 {
  "asistida": "LOPEZ JORGE LUIS",
  "cargo_ejecutivo": false,
  "clase": "Candidato",
  "cod_alianza": "3729",
  "cod_categoria": "DIP",
  "cod_lista": "3729.3747.3747",
  "cod_partido": "3729.3747",
  "codigo": "3729.3747.3747.9104",
  "dni": "34126577",
  "id_candidatura": "3729.3747.3747.9104",
  "id_umv": 1080,
  "imagenes": [
   "3729.3747.3747.9104",
   "default_mujer",
   "default"
  ],
  "nombre": "LOPEZ, JORGE LUIS",
  "nro_orden": 1,
  "orden_absoluto": [
   24,
   68,
   67,
   3,
   1
  ],
  "secundarios": [
   "RODRIGUEZ, ROSA",
   "CUEVAS, JOSE ELIAS"
  ],
  "sexo": "M",
  "suplentes": [
   "SAMBRANA, RUTH SONIA"
  ]
 },
 {
  "asistida": "IBA\u00d1EZ LUC\u00cdA",
  "cargo_ejecutivo": true,
  "clase": "Candidato",
  "cod_alianza": "3729",
  "cod_categoria": "INT",
  "cod_lista": "3729.3747.3747",
  "cod_partido": "3729.3747",
  "codigo": "3729.3747.3747.9122",
  "dni": "18842284",
  "id_candidatura": "3729.3747.3747.9122",
  "id_umv": 1370,
  "imagenes": [
   "3729.3747.3747.9122"
  ],
  "nombre": "IBA\u00d1EZ, LUCIA",
  "nro_orden": 1,
  "orden_absoluto": [
   24,
   68,
   67,
   4,
   1
  ],
  "secundarios": [

  ],
  "sexo": "F",
  "suplentes": [

  ]
 },
 {
  "asistida": "ARCE RAUL ALBERTO",
  "cargo_ejecutivo": false,
  "clase": "Candidato",
  "cod_alianza": "3729",
  "cod_categoria": "CNJ",
  "cod_lista": "3729.3747.3747",
  "cod_partido": "3729.3747",
  "codigo": "3729.3747.3747.9332",
  "dni": "16094574",
  "id_candidatura": "3729.3747.3747.9332",
  "id_umv": 280,
  "imagenes": [
   "3729.3747.3747.9332",
   "default_mujer",
   "default",
   "default_mujer",
   "default",
   "default_mujer",
   "default",
   "default_mujer",
   "default"
  ],
  "nombre": "ARCE, RAUL ALBERTO",
  "nro_orden": 1,
  "orden_absoluto": [
   24,
   68,
   67,
   5,
   1
  ],
  "secundarios": [
   "ZURITA, AMELIA",
   "BALBOA, JUAN MARCELO",
   "GARCIA, BRENDA ANAHI",
   "REJAS, PEDRO ARIEL",
   "IBA\u00d1EZ, LUCIA FERNANDA BELEN",
   "TORRES, JOSE DANIEL",
   "ENCINAS, MELISA GRACIELA",
   "MAMANI, KEVIN EZEQUIEL"
  ],
  "sexo": "M",
  "suplentes": [
   "OVANDO, ROCIO MARIBEL",
   "VARGAS, ENRIQUE LEONARDO",
   "CORBALAN, YANINA JESICA",
   "CHOCALA, SAMUEL OSCAR",
   "ARCE, ROXANA GRACIELA",
   "TORRES, DANIEL JOSE",
   "TORRES, MARIA ELENA"
  ]
 },
 {
  "asistida": "NANNI VALERO MIGUEL",
  "cargo_ejecutivo": true,
  "clase": "Candidato",
  "cod_alianza": "3730",
  "cod_categoria": "GOB",
  "cod_lista": "3730.3746.3746",
  "cod_partido": "3730.3746",
  "codigo": "3730.3746.3746.8614",
  "dni": "25802248",
  "id_candidatura": "3730.3746.3746.8614",
  "id_umv": 1204,
  "imagenes": [
   "3730.3746.3746.8614",
   "default_mujer"
  ],
  "nombre": "NANNI, MIGUEL",
  "nro_orden": 1,
  "orden_absoluto": [
   15,
   32,
   74,
   1,
   1
  ],
  "secundarios": [
   "CORNEJO, VIRGINIA"
  ],
  "sexo": "M",
  "suplentes": [

  ]
 },
 {
  "asistida": "FERNANDEZ VALERIA ALEJANDRA",
  "cargo_ejecutivo": false,
  "clase": "Candidato",
  "cod_alianza": "3730",
  "cod_categoria": "SEN",
  "cod_lista": "3730.3746.3746",
  "cod_partido": "3730.3746",
  "codigo": "3730.3746.3746.8632",
  "dni": "37227112",
  "id_candidatura": "3730.3746.3746.8632",
  "id_umv": 1852,
  "imagenes": [
   "3730.3746.3746.8632"
  ],
  "nombre": "FERNANDEZ, VALERIA ALEJANDRA",
  "nro_orden": 1,
  "orden_absoluto": [
   15,
   32,
   74,
   2,
   1
  ],
  "secundarios": [

  ],
  "sexo": "F",
  "suplentes": [
   "RENFIGES, DANIEL ALEJANDRO"
  ]
 },
 {
  "asistida": "CAPITON FEDERICO AGUSTIN",
  "cargo_ejecutivo": false,
  "clase": "Candidato",
  "cod_alianza": "3730",
  "cod_categoria": "DIP",
  "cod_lista": "3730.3746.3746",
  "cod_partido": "3730.3746",
  "codigo": "3730.3746.3746.8680",
  "dni": "32934391",
  "id_candidatura": "3730.3746.3746.8680",
  "id_umv": 1092,
  "imagenes": [
   "3730.3746.3746.8680",
   "default_mujer",
   "default"
  ],
  "nombre": "CAPITON, FEDERICO AGUSTIN",
  "nro_orden": 1,
  "orden_absoluto": [
   15,
   32,
   74,
   3,
   1
  ],
  "secundarios": [
   "CAZON, MARIA CRISTINA",
   "ROLDAN, NERI OSVALDO"
  ],
  "sexo": "M",
  "suplentes": [
   "RODRIGUEZ, CINTHIA SUSANA"
  ]
 },
 {
  "asistida": "Renfinjes FABI\u00c1N ALBERTO",
  "cargo_ejecutivo": true,
  "clase": "Candidato",
  "cod_alianza": "3730",
  "cod_categoria": "INT",
  "cod_lista": "3730.3746.3746",
  "cod_partido": "3730.3746",
  "codigo": "3730.3746.3746.8697",
  "dni": "33492131",
  "id_candidatura": "3730.3746.3746.8697",
  "id_umv": 1399,
  "imagenes": [
   "3730.3746.3746.8697"
  ],
  "nombre": "RENFIGES, FABIAN ALBERTO",
  "nro_orden": 1,
  "orden_absoluto": [
   15,
   32,
   74,
   4,
   1
  ],
  "secundarios": [

  ],
  "sexo": "M",
  "suplentes": [

  ]
 },
 {
  "asistida": "TARRAGA VEDIA ESTEFANIA MARILIN",
  "cargo_ejecutivo": false,
  "clase": "Candidato",
  "cod_alianza": "3730",
  "cod_categoria": "CNJ",
  "cod_lista": "3730.3746.3746",
  "cod_partido": "3730.3746",
  "codigo": "3730.3746.3746.8910",
  "dni": "41020784",
  "id_candidatura": "3730.3746.3746.8910",
  "id_umv": 311,
  "imagenes": [
   "3730.3746.3746.8910",
   "default",
   "default_mujer",
   "default",
   "default_mujer",
   "default",
   "default_mujer",
   "default",
   "default_mujer"
  ],
  "nombre": "TARRAGA VEDIA, ESTEFANIA MARILIN",
  "nro_orden": 1,
  "orden_absoluto": [
   15,
   32,
   74,
   5,
   1
  ],
  "secundarios": [
   "GALLARDO, LUIS ALBERTO",
   "CHAVEZ, FLORENCIA MAITE",
   "BRITO, RAUL ENRIQUE",
   "YUMBAY, ANA MARLENE",
   "YA\u00d1EZ, HECTOR ALEXIS",
   "MONTA\u00d1O, GABRIELA MARISOL",
   "CASAP, MUSTAFA",
   "ROJAS, DANIELA REBECA"
  ],
  "sexo": "F",
  "suplentes": [
   "LARA HERRERA, LUIS FERNANDO",
   "ALVAREZ, ELSA ROSALIA",
   "HEREDIA, LUIS CARLOS",
   "CAMPO, MARIA CAROLINA",
   "FERRIS, GABRIEL FRANCISCO",
   "MARTINEZ RIVAS, ANA BELEN",
   "RENFIGES, ALBERTO RAMON",
   "ROJAS, DORIS LEONELA"
  ]
 },
 {
  "asistida": "MARTELLI ALFREDO",
  "cargo_ejecutivo": true,
  "clase": "Candidato",
  "cod_alianza": "3731",
  "cod_categoria": "INT",
  "cod_lista": "3731.2566.2566",
  "cod_partido": "3731.2566",
  "codigo": "3731.2566.2566.4023",
  "dni": "26876157",
  "id_candidatura": "3731.2566.2566.4023",
  "id_umv": 1421,
  "imagenes": [
   "3731.2566.2566.4023"
  ],
  "nombre": "MARTELLI, ALFREDO",
  "nro_orden": 1,
  "orden_absoluto": [
   10,
   74,
   58,
   4,
   1
  ],
  "secundarios": [

  ],
  "sexo": "M",
  "suplentes": [

  ]
 },
 {
  "asistida": "SEGUNDO MARCOS",
  "cargo_ejecutivo": false,
  "clase": "Candidato",
  "cod_alianza": "3731",
  "cod_categoria": "CNJ",
  "cod_lista": "3731.2566.2566",
  "cod_partido": "3731.2566",
  "codigo": "3731.2566.2566.4024",
  "dni": "18837184",
  "id_candidatura": "3731.2566.2566.4024",
  "id_umv": 355,
  "imagenes": [
   "3731.2566.2566.4024",
   "default_mujer",
   "default",
   "default_mujer",
   "default",
   "default_mujer",
   "default",
   "default_mujer",
   "default"
  ],
  "nombre": "SEGUNDO, MARCOS",
  "nro_orden": 1,
  "orden_absoluto": [
   10,
   74,
   58,
   5,
   1
  ],
  "secundarios": [
   "CAJAL, CARINA ELIZABET",
   "GARECA, JUAN",
   "OLMEDO, CARLA VERONICA",
   "SEGUNDO, BENJAMIN",
   "ARAMAYO, ROMINA",
   "RAMOS, FERNANDO OSCAR",
   "FIGUEROA, ELIANA ANAHI",
   "FERREYRA, CARLOS ALBERTO"
  ],
  "sexo": "M",
  "suplentes": [
   "VILLAGRAN, BEATRIZ",
   "BAEZ, JOSE MARIA",
   "FERNANDEZ, MIRIAN DAIANA",
   "GONZALEZ, JOSE GABRIEL",
   "ESCALANTE, YUDITH BETSABE",
   "AIREYO, SEBASTIAN ENRIQUE",
   "MENDIOLAR, KARINA ABIGAIL"
  ]
 },
 {
  "asistida": "Sabadini MAURO DIEGO",
  "cargo_ejecutivo": true,
  "clase": "Candidato",
  "cod_alianza": "3731",
  "cod_categoria": "GOB",
  "cod_lista": "3731.3743.3743",
  "cod_partido": "3731.3743",
  "codigo": "3731.3743.3743.7941",
  "dni": "23362242",
  "id_candidatura": "3731.3743.3743.7941",
  "id_umv": 1205,
  "imagenes": [
   "3731.3743.3743.7941",
   "default_mujer"
  ],
  "nombre": "SABBADINI, MAURO DIEGO",
  "nro_orden": 1,
  "orden_absoluto": [
   10,
   22,
   68,
   1,
   1
  ],
  "secundarios": [
   "LOAYZA PACHECO, JIMENA LUCIA"
  ],
  "sexo": "M",
  "suplentes": [

  ]
 },
 {
  "asistida": "LOPEZ ALDO ERNESTO",
  "cargo_ejecutivo": false,
  "clase": "Candidato",
  "cod_alianza": "3731",
  "cod_categoria": "SEN",
  "cod_lista": "3731.3743.3743",
  "cod_partido": "3731.3743",
  "codigo": "3731.3743.3743.7951",
  "dni": "12140030",
  "id_candidatura": "3731.3743.3743.7951",
  "id_umv": 1857,
  "imagenes": [
   "3731.3743.3743.7951"
  ],
  "nombre": "LOPEZ, ALDO ERNESTO",
  "nro_orden": 1,
  "orden_absoluto": [
   10,
   22,
   68,
   2,
   1
  ],
  "secundarios": [

  ],
  "sexo": "M",
  "suplentes": [

  ]
 },
 {
  "asistida": "ACOSTA RAUL EDUARDO \"PIRU\"",
  "cargo_ejecutivo": false,
  "clase": "Candidato",
  "cod_alianza": "3731",
  "cod_categoria": "DIP",
  "cod_lista": "3731.3743.3743",
  "cod_partido": "3731.3743",
  "codigo": "3731.3743.3743.7990",
  "dni": "14747196",
  "id_candidatura": "3731.3743.3743.7990",
  "id_umv": 1101,
  "imagenes": [
   "3731.3743.3743.7990",
   "default_mujer",
   "default"
  ],
  "nombre": "CPN ACOSTA, RAUL EDUARDO \u201cPIRU\u201d",
  "nro_orden": 1,
  "orden_absoluto": [
   10,
   22,
   68,
   3,
   1
  ],
  "secundarios": [
   "GEREZ, MARIA DEL VALLE",
   "FERREYRA, MARIO ANTONIO"
  ],
  "sexo": "M",
  "suplentes": [
   "HURTADO, LAURA EUGENIA",
   "ARACENA ARMOA, HUGO ANDRES",
   "CASTILLO, MARISOL"
  ]
 },
 {
  "asistida": "CU\u00c9LLAR CARLOS EFRA\u00cdN",
  "cargo_ejecutivo": false,
  "clase": "Candidato",
  "cod_alianza": "3731",
  "cod_categoria": "CNJ",
  "cod_lista": "3731.3743.3743",
  "cod_partido": "3731.3743",
  "codigo": "3731.3743.3743.8201",
  "dni": "36556906",
  "id_candidatura": "3731.3743.3743.8201",
  "id_umv": 367,
  "imagenes": [
   "3731.3743.3743.8201",
   "default_mujer",
   "default",
   "default_mujer",
   "default",
   "default_mujer",
   "default",
   "default_mujer",
   "default"
  ],
  "nombre": "CUELLAR, CARLOS EFRAIN",
  "nro_orden": 1,
  "orden_absoluto": [
   10,
   22,
   68,
   5,
   1
  ],
  "secundarios": [
   "GUTIERREZ, BLANCA SILVIA",
   "ARROYO, MAURICIO FABIAN",
   "MOYA, MIRTA DEL VALLE",
   "GONZALEZ FLORES, FRANCISCO ABEL",
   "GALARZA, NATALI ALEJANDRA",
   "ARAMAYO, RUBEN ANTONIO",
   "GONZALEZ, FRANCIS INGRID",
   "CUELLAR, ALVARO ANTONIO"
  ],
  "sexo": "M",
  "suplentes": [
   "CUELLAR, ANTONELLA DEL MILAGRO",
   "LEON TEJERINA, HERNAN",
   "GUTIERREZ, SANDRA JORGELINA",
   "GONZALEZ, EZEQUIEL JESUS ABEL",
   "OYOLA, ARACELI BEATRIZ",
   "GUTIERREZ, FREDI LEONARDO",
   "PE\u00d1ALOZA, JIMENA ALEJANDRA",
   "IRATIMA, JOSE PASCUAL",
   "ROMERO, VENANCIA"
  ]
 },
 {
  "asistida": "DEL PLA CLAUDIO ARIEL",
  "cargo_ejecutivo": true,
  "clase": "Candidato",
  "cod_alianza": "3732",
  "cod_categoria": "GOB",
  "cod_lista": "3732.3740.3740",
  "cod_partido": "3732.3740",
  "codigo": "3732.3740.3740.6916",
  "dni": "13943671",
  "id_candidatura": "3732.3740.3740.6916",
  "id_umv": 1206,
  "imagenes": [
   "3732.3740.3740.6916",
   "default_mujer"
  ],
  "nombre": "DEL PLA, CLAUDIO ARIEL",
  "nro_orden": 1,
  "orden_absoluto": [
   7,
   18,
   73,
   1,
   1
  ],
  "secundarios": [
   "HIDALGO, LORENA VANESA"
  ],
  "sexo": "M",
  "suplentes": [

  ]
 },
 {
  "asistida": "TEJERINA ELSA KARINA",
  "cargo_ejecutivo": false,
  "clase": "Candidato",
  "cod_alianza": "3732",
  "cod_categoria": "SEN",
  "cod_lista": "3732.3740.3740",
  "cod_partido": "3732.3740",
  "codigo": "3732.3740.3740.6923",
  "dni": "25752828",
  "id_candidatura": "3732.3740.3740.6923",
  "id_umv": 1861,
  "imagenes": [
   "3732.3740.3740.6923"
  ],
  "nombre": "TEJERINA, ELSA KARINA",
  "nro_orden": 1,
  "orden_absoluto": [
   7,
   18,
   73,
   2,
   1
  ],
  "secundarios": [

  ],
  "sexo": "F",
  "suplentes": [
   "SIMPLICIO, LEONARDO"
  ]
 },
 {
  "asistida": "QUIROGA Mab\u00e9l RITA",
  "cargo_ejecutivo": false,
  "clase": "Candidato",
  "cod_alianza": "3732",
  "cod_categoria": "DIP",
  "cod_lista": "3732.3740.3740",
  "cod_partido": "3732.3740",
  "codigo": "3732.3740.3740.6956",
  "dni": "17662547",
  "id_candidatura": "3732.3740.3740.6956",
  "id_umv": 1107,
  "imagenes": [
   "3732.3740.3740.6956",
   "default",
   "default_mujer"
  ],
  "nombre": "QUIROGA, MABEL RITA",
  "nro_orden": 1,
  "orden_absoluto": [
   7,
   18,
   73,
   3,
   1
  ],
  "secundarios": [
   "TARRAGA, MAURICIO RAUL",
   "OLMOS, ESTER VALERIA"
  ],
  "sexo": "F",
  "suplentes": [
   "TARRAGA, HECTOR RAUL"
  ]
 },
 {
  "asistida": "Ruberto SAENZ GUSTAVO ADOLFO",
  "cargo_ejecutivo": true,
  "clase": "Candidato",
  "cod_alianza": "3734",
  "cod_categoria": "GOB",
  "cod_lista": "3734.3737.3737",
  "cod_partido": "3734.3737",
  "codigo": "3734.3737.3737.6358",
  "dni": "20609646",
  "id_candidatura": "3734.3737.3737.6358",
  "id_umv": 1207,
  "imagenes": [
   "3734.3737.3737.6358",
   "default"
  ],
  "nombre": "SAENZ, GUSTAVO",
  "nro_orden": 1,
  "orden_absoluto": [
   1,
   5,
   69,
   1,
   1
  ],
  "secundarios": [
   "MAROCCO, ANTONIO \u201cGRINGO\u201d"
  ],
  "sexo": "M",
  "suplentes": [

  ]
 },
 {
  "asistida": "CHAVARR\u00cdA CARMEN DANIELA",
  "cargo_ejecutivo": false,
  "clase": "Candidato",
  "cod_alianza": "3735",
  "cod_categoria": "CNJ",
  "cod_lista": "3735.15.15",
  "cod_partido": "3735.15",
  "codigo": "3735.15.15.1003",
  "dni": "26989298",
  "id_candidatura": "3735.15.15.1003",
  "id_umv": 577,
  "imagenes": [
   "3735.15.15.1003",
   "default",
   "default_mujer",
   "default",
   "default_mujer",
   "default",
   "default_mujer",
   "default",
   "default_mujer"
  ],
  "nombre": "CHAVARRIA, CARMEN DANIELA",
  "nro_orden": 1,
  "orden_absoluto": [
   12,
   59,
   1,
   5,
   1
  ],
  "secundarios": [
   "VERA, RUBEN RICARDO",
   "WARNEZ, MARIA ELIZABETH",
   "BALLESTERO, LUIS ALBERTO",
   "SEGUNDO, SANDRA PATRICIA",
   "LORENZO, JORGE FERNANDO",
   "MEJIA, EDITH ROXANA",
   "CANDIA, FRANCISCO JAVIER",
   "FERNANDEZ, ELIZABETH MIRIAN"
  ],
  "sexo": "F",
  "suplentes": [
   "GUTIERREZ, ANGEL JOEL"
  ]
 },
 {
  "asistida": "CRA\u00daSAZ S\u00c1BHA CRISTIAN",
  "cargo_ejecutivo": false,
  "clase": "Candidato",
  "cod_alianza": "3735",
  "cod_categoria": "CNJ",
  "cod_lista": "3735.1873.1873",
  "cod_partido": "3735.1873",
  "codigo": "3735.1873.1873.2786",
  "dni": "29948439",
  "id_candidatura": "3735.1873.1873.2786",
  "id_umv": 620,
  "imagenes": [
   "3735.1873.1873.2786",
   "default_mujer",
   "default",
   "default_mujer",
   "default",
   "default_mujer",
   "default",
   "default_mujer",
   "default"
  ],
  "nombre": "CRAUSAZ SABHA, CRISTIAN",
  "nro_orden": 1,
  "orden_absoluto": [
   12,
   56,
   80,
   5,
   1
  ],
  "secundarios": [
   "KLUN, NOEMI DEL CARMEN",
   "TRIGO, RENZO EZEQUIEL",
   "CRUZ, CECILIA",
   "BURGOS, EDUARDO",
   "FERNANDEZ, DELIA ELIZABETH",
   "ALTAMIRANO, FREDI CESAR",
   "OLIVERA, FANY",
   "ARROYO, ADRIAN"
  ],
  "sexo": "M",
  "suplentes": [
   "ARTEAGA URIBE, LAIDA",
   "GUZMAN, LUIS GUSTAVO",
   "BARBA, YANINA EVANGELINA",
   "RAMOHA, JOSE SEBASTIAN",
   "ARTEAGA, CARLA GRACIELA",
   "CRUZ, CRISTIAN",
   "CAMACHO, AMANDA MARIBEL"
  ]
 },
 {
  "asistida": "SOR\u00daCO RA\u00daL Am\u00e9rico",
  "cargo_ejecutivo": false,
  "clase": "Candidato",
  "cod_alianza": "3735",
  "cod_categoria": "CNJ",
  "cod_lista": "3735.208.208",
  "cod_partido": "3735.208",
  "codigo": "3735.208.208.3169",
  "dni": "22409120",
  "id_candidatura": "3735.208.208.3169",
  "id_umv": 650,
  "imagenes": [
   "3735.208.208.3169",
   "default_mujer",
   "default",
   "default_mujer",
   "default",
   "default_mujer",
   "default",
   "default_mujer",
   "default"
  ],
  "nombre": "SORUCO, RAUL AMERICO",
  "nro_orden": 1,
  "orden_absoluto": [
   12,
   41,
   7,
   5,
   1
  ],
  "secundarios": [
   "ROJAS, SILVIA ALEJANDRA",
   "OVANDO, DIEGO HORACIO",
   "ABANDILLO, YESICA GIMENA",
   "RAMOS, JAVIER LUIS",
   "WAYAR, PAULA ANDREA",
   "MURGUIA, JAIME",
   "VAZQUEZ, MARIANELA DEL VALLE",
   "MU\u00d1OZ, CESAR ALEXIS"
  ],
  "sexo": "M",
  "suplentes": [
   "PINTO, CARLA CELINA",
   "FLORES, JOSE OSCAR",
   "BEJARANO, CLAUDIA NATIVIDAD",
   "PALACIOS, ALFREDO",
   "SORUCO, SILVANA BLANCA",
   "SANDOVAL, CRISTIAN ANTONIO",
   "BARROSO, YENNY",
   "DURAN, RICARDO JOAQUIN",
   "TORRES, ANGELA BELEN"
  ]
 },
 {
  "asistida": "ALTAMIRANO PAULA GABRIELA",
  "cargo_ejecutivo": false,
  "clase": "Candidato",
  "cod_alianza": "3735",
  "cod_categoria": "CNJ",
  "cod_lista": "3735.2568.2568",
  "cod_partido": "3735.2568",
  "codigo": "3735.2568.2568.4040",
  "dni": "32706915",
  "id_candidatura": "3735.2568.2568.4040",
  "id_umv": 672,
  "imagenes": [
   "3735.2568.2568.4040",
   "default",
   "default_mujer",
   "default",
   "default_mujer",
   "default",
   "default_mujer",
   "default",
   "default_mujer"
  ],
  "nombre": "ALTAMIRANO, PAULA GABRIELA",
  "nro_orden": 1,
  "orden_absoluto": [
   12,
   77,
   59,
   5,
   1
  ],
  "secundarios": [
   "ARGA\u00d1ARAZ, RAMON GERARDO",
   "BARRIENTOS, MERCEDES LOURDES",
   "GARNICA, MARCOS DESIDERIO",
   "MARTINEZ, MAURA",
   "VELAZQUEZ, JONATHAN EZEQUIEL",
   "IBA\u00d1EZ, MAYRA VANINA",
   "ULIAMBRE, MATIAS EZEQUIEL",
   "GONZALEZ, MARIELA EUDOLIA"
  ],
  "sexo": "F",
  "suplentes": [
   "SALVATIERRA, DANIEL ESTEBAN",
   "ARANCIBIA, VIRGINIA EDITH",
   "LIGERON, JULIO FERNANDO",
   "PACHECO, MIRIAN ALEJANDRA",
   "RAMOS, CESAR RAMON",
   "SUBELZA DELGADO, MONICA CAROLINA",
   "TOLAY, ARCANGEL MIGUEL",
   "ZENZANO, OLGA CLARISA",
   "ORTIZ, HECTOR FERNANDO"
  ]
 },
 {
  "asistida": "ROMERO Limbania F\u00e1tima",
  "cargo_ejecutivo": false,
  "clase": "Candidato",
  "cod_alianza": "3735",
  "cod_categoria": "CNJ",
  "cod_lista": "3735.32.32",
  "cod_partido": "3735.32",
  "codigo": "3735.32.32.5114",
  "dni": "19059730",
  "id_candidatura": "3735.32.32.5114",
  "id_umv": 688,
  "imagenes": [
   "3735.32.32.5114",
   "default",
   "default_mujer",
   "default",
   "default_mujer",
   "default",
   "default_mujer",
   "default",
   "default_mujer"
  ],
  "nombre": "ROMERO, \u201cVANI\u201d",
  "nro_orden": 1,
  "orden_absoluto": [
   12,
   46,
   63,
   5,
   1
  ],
  "secundarios": [
   "TEJERINA, ROBERTO",
   "DURAN, ROSANA MARIA INES",
   "SERRUDO, ROBERTO CARLOS",
   "MAIZARES, MARIA GABRIELA",
   "TEJERINA, DIEGO ARMANDO",
   "CALIXTO, AMERICA",
   "CASTRO, CARLOS ALBERTO",
   "ROMERO, ELIZABETH"
  ],
  "sexo": "F",
  "suplentes": [
   "ARROYO, JULIO CESAR",
   "SEGUNDO, EMMA EVANGELINA",
   "CASTRO ROMERO, CARLOS YAEL ALI",
   "ARAMAYO, MARCELINA BEATRIZ",
   "SEGUNDO, CESAR LUIS",
   "TORRES, NARELLA CAMILA ERIKA"
  ]
 },
 {
  "asistida": "SALGADO MARIELA SUSANA",
  "cargo_ejecutivo": false,
  "clase": "Candidato",
  "cod_alianza": "3735",
  "cod_categoria": "CNJ",
  "cod_lista": "3735.3650.3650",
  "cod_partido": "3735.3650",
  "codigo": "3735.3650.3650.5853",
  "dni": "31955571",
  "id_candidatura": "3735.3650.3650.5853",
  "id_umv": 722,
  "imagenes": [
   "3735.3650.3650.5853",
   "default",
   "default_mujer",
   "default",
   "default_mujer",
   "default",
   "default_mujer",
   "default",
   "default_mujer"
  ],
  "nombre": "SALGADO, MARIELA SUSANA",
  "nro_orden": 1,
  "orden_absoluto": [
   12,
   66,
   23,
   5,
   1
  ],
  "secundarios": [
   "RAMIREZ, OSCAR ALFREDO",
   "MARTINEZ, CELIA GABRIELA",
   "LEA\u00d1OS, CRISTOBAL",
   "CRUZ, ROSMERI",
   "GUITIAN, RICARDO EMANUEL",
   "MURILLO, GIMENA ALEJANDRA",
   "RODRIGUEZ, FABIAN ANASTACIO",
   "ROMERO, FABIANA ARACELLI"
  ],
  "sexo": "F",
  "suplentes": [
   "RODRIGUEZ, BRUNO RODRIGO",
   "MERCADO, RAMONA ELIZABET",
   "MIRANDA, ADEMAR",
   "ROMERO, LILIANA NOEMI",
   "RUEDA, JAVIER",
   "ROJAS, ELSA CARMELA",
   "VAZQUEZ, ANTONIO ROBERTO"
  ]
 },
 {
  "asistida": "Pailerr MANUEL Osc\u00e1r",
  "cargo_ejecutivo": false,
  "clase": "Candidato",
  "cod_alianza": "3735",
  "cod_categoria": "SEN",
  "cod_lista": "3735.3745.3745",
  "cod_partido": "3735.3745",
  "codigo": "3735.3745.3745.8558",
  "dni": "10772619",
  "id_candidatura": "3735.3745.3745.8558",
  "id_umv": 1878,
  "imagenes": [
   "3735.3745.3745.8558"
  ],
  "nombre": "PAILLER, MANUEL OSCAR",
  "nro_orden": 1,
  "orden_absoluto": [
   12,
   25,
   70,
   2,
   1
  ],
  "secundarios": [

  ],
  "sexo": "M",
  "suplentes": [
   "TREVISANI VESPA, FRANCISCO"
  ]
 },
 {
  "asistida": "DOM\u00cdNGUEZ \u00c9DGAR GONZALO",
  "cargo_ejecutivo": false,
  "clase": "Candidato",
  "cod_alianza": "3735",
  "cod_categoria": "DIP",
  "cod_lista": "3735.4.4",
  "cod_partido": "3735.4",
  "codigo": "3735.4.4.10022",
  "dni": "34312028",
  "id_candidatura": "3735.4.4.10022",
  "id_umv": 1144,
  "imagenes": [
   "3735.4.4.10022",
   "default_mujer",
   "default"
  ],
  "nombre": "DOMINGUEZ, EDGAR \u201cEDY\u201d",
  "nro_orden": 1,
  "orden_absoluto": [
   12,
   58,
   6,
   3,
   1
  ],
  "secundarios": [
   "CACERES, GRACIELA NOEMY",
   "RUIZ, RAFAEL RICARDO"
  ],
  "sexo": "M",
  "suplentes": [
   "CASAS, CLAUDIA SILVINA",
   "LUNA, JESUS LUIS",
   "ZALAZAR, NORA BEATRIZ"
  ]
 },
 {
  "asistida": "SUB\u00c9LZA DELGADO GUSTAVO EDUARDO",
  "cargo_ejecutivo": true,
  "clase": "Candidato",
  "cod_alianza": "3735",
  "cod_categoria": "INT",
  "cod_lista": "3735.4.4",
  "cod_partido": "3735.4",
  "codigo": "3735.4.4.10039",
  "dni": "28096402",
  "id_candidatura": "3735.4.4.10039",
  "id_umv": 1581,
  "imagenes": [
   "3735.4.4.10039"
  ],
  "nombre": "SUBELZA DELGADO, GUSTAVO EDUARDO",
  "nro_orden": 1,
  "orden_absoluto": [
   12,
   58,
   6,
   4,
   1
  ],
  "secundarios": [

  ],
  "sexo": "M",
  "suplentes": [

  ]
 },
 {
  "asistida": "CABALLERO QUEZADA SERGIO",
  "cargo_ejecutivo": false,
  "clase": "Candidato",
  "cod_alianza": "3735",
  "cod_categoria": "CNJ",
  "cod_lista": "3735.4.4",
  "cod_partido": "3735.4",
  "codigo": "3735.4.4.10299",
  "dni": "31517714",
  "id_candidatura": "3735.4.4.10299",
  "id_umv": 766,
  "imagenes": [
   "3735.4.4.10299",
   "default_mujer",
   "default",
   "default_mujer",
   "default",
   "default_mujer",
   "default",
   "default_mujer",
   "default"
  ],
  "nombre": "CABALLERO QUEZADA, SERGIO",
  "nro_orden": 1,
  "orden_absoluto": [
   12,
   58,
   6,
   5,
   1
  ],
  "secundarios": [
   "GONZALEZ, GLADYS MABEL",
   "TORRES, RICARDO RAUL",
   "FLORES, NANCY PATRICIA",
   "VARGAS CARDOZO, JORGE LUIS",
   "PULO, MAIA GABRIELA",
   "RUIZ, MATEO PRIMITIVO",
   "CRUZ, FABIOLA RAQUEL",
   "FIGUEROA, VALENTIN FABIAN"
  ],
  "sexo": "M",
  "suplentes": [
   "TORRICO, MARTA",
   "PACHADO, ERIBERTO",
   "MIRANDA, MARIELA NOEMI",
   "SILVERA, CESAR RAMON NORMANDO",
   "SALCEDO, NORMA GRACIELA",
   "ROMAN, MARIO FERNANDO",
   "ALEMAN, ROSARIO DEL CARMEN",
   "RODRIGUEZ, RODRIGO IGNACIO",
   "RAMOS DURAN, YESICA GIORGINA"
  ]
 },
 {
  "asistida": "MONTEAGUDO MATIAS",
  "cargo_ejecutivo": false,
  "clase": "Candidato",
  "cod_alianza": "3735",
  "cod_categoria": "DIP",
  "cod_lista": "3735.460.460",
  "cod_partido": "3735.460",
  "codigo": "3735.460.460.11032",
  "dni": "26663666",
  "id_candidatura": "3735.460.460.11032",
  "id_umv": 1148,
  "imagenes": [
   "3735.460.460.11032",
   "default_mujer",
   "default"
  ],
  "nombre": "MONTEAGUDO, MATIAS",
  "nro_orden": 1,
  "orden_absoluto": [
   12,
   23,
   10,
   3,
   1
  ],
  "secundarios": [
   "CORDOBA, ANA LAURA",
   "BRITO, JUAN PABLO"
  ],
  "sexo": "M",
  "suplentes": [
   "BONILLO, MARIA VICTORIA",
   "NIEDDU, SERGIO RAFAEL",
   "PICARDI, DAINA CARLA PAOLA"
  ]
 },
 {
  "asistida": "Pieve MANUEL RICARDO",
  "cargo_ejecutivo": true,
  "clase": "Candidato",
  "cod_alianza": "3735",
  "cod_categoria": "INT",
  "cod_lista": "3735.460.460",
  "cod_partido": "3735.460",
  "codigo": "3735.460.460.11044",
  "dni": "11817500",
  "id_candidatura": "3735.460.460.11044",
  "id_umv": 1607,
  "imagenes": [
   "3735.460.460.11044"
  ],
  "nombre": "PIEVE, MANUEL RICARDO",
  "nro_orden": 1,
  "orden_absoluto": [
   12,
   23,
   10,
   4,
   1
  ],
  "secundarios": [

  ],
  "sexo": "M",
  "suplentes": [

  ]
 },
 {
  "asistida": "OBEID ADRIANA CAROLINA",
  "cargo_ejecutivo": false,
  "clase": "Candidato",
  "cod_alianza": "3735",
  "cod_categoria": "CNJ",
  "cod_lista": "3735.460.460",
  "cod_partido": "3735.460",
  "codigo": "3735.460.460.11300",
  "dni": "28336217",
  "id_candidatura": "3735.460.460.11300",
  "id_umv": 818,
  "imagenes": [
   "3735.460.460.11300",
   "default",
   "default_mujer",
   "default",
   "default_mujer",
   "default",
   "default_mujer",
   "default",
   "default_mujer"
  ],
  "nombre": "OBEID, ADRIANA CAROLINA",
  "nro_orden": 1,
  "orden_absoluto": [
   12,
   23,
   10,
   5,
   1
  ],
  "secundarios": [
   "VILLALBA, CARLOS",
   "ARECO, NORMA BEATRIZ SANTOS",
   "GUTIERREZ, LAZARO ARMANDO",
   "RUIZ, ERMELINDA",
   "OBEID, JOSE ABDO SIMON",
   "ROJAS, LUISA BEATRIZ",
   "MOREYRA, RAUL ESTEBAN",
   "AGUILAR, PAMELA DEBORA"
  ],
  "sexo": "F",
  "suplentes": [
   "SANTO, JOSE ARMANDO",
   "VALLEJOS, IRIS GEORGINA",
   "ALDERETE, VICTOR MANUEL",
   "GUTIERREZ, ANDREA NATALIA",
   "SANTO, JOSE ANTONIO",
   "CORONEL, CARLA CELENA"
  ]
 },
 {
  "asistida": "Escotor\u00edn RAMIRO DANIEL",
  "cargo_ejecutivo": true,
  "clase": "Candidato",
  "cod_alianza": "685",
  "cod_categoria": "GOB",
  "cod_lista": "685.685.685",
  "cod_partido": "685.685",
  "codigo": "685.685.685.12004",
  "dni": "17581303",
  "id_candidatura": "685.685.685.12004",
  "id_umv": 1208,
  "imagenes": [
   "685.685.685.12004",
   "default_mujer"
  ],
  "nombre": "ESCOTORIN, RAMIRO DANIEL",
  "nro_orden": 1,
  "orden_absoluto": [
   14,
   30,
   78,
   1,
   1
  ],
  "secundarios": [
   "CALIVA, PATRICIA DEL VALLE"
  ],
  "sexo": "M",
  "suplentes": [

  ]
 },
 {
  "asistida": "MARQUEZ HERN\u00c1N ABELARDO",
  "cargo_ejecutivo": false,
  "clase": "Candidato",
  "cod_alianza": "685",
  "cod_categoria": "SEN",
  "cod_lista": "685.685.685",
  "cod_partido": "685.685",
  "codigo": "685.685.685.12008",
  "dni": "32706448",
  "id_candidatura": "685.685.685.12008",
  "id_umv": 1886,
  "imagenes": [
   "685.685.685.12008"
  ],
  "nombre": "MARQUEZ, HERNAN ABELARDO",
  "nro_orden": 1,
  "orden_absoluto": [
   14,
   30,
   78,
   2,
   1
  ],
  "secundarios": [

  ],
  "sexo": "M",
  "suplentes": [

  ]
 },
 {
  "asistida": "\u00c1NGEL LUIS ALBERTO",
  "cargo_ejecutivo": false,
  "clase": "Candidato",
  "cod_alianza": "685",
  "cod_categoria": "DIP",
  "cod_lista": "685.685.685",
  "cod_partido": "685.685",
  "codigo": "685.685.685.12029",
  "dni": "22485285",
  "id_candidatura": "685.685.685.12029",
  "id_umv": 1151,
  "imagenes": [
   "685.685.685.12029",
   "default_mujer",
   "default"
  ],
  "nombre": "ANGEL, LUIS ALBERTO",
  "nro_orden": 1,
  "orden_absoluto": [
   14,
   30,
   78,
   3,
   1
  ],
  "secundarios": [
   "ARANDA, ANA MABEL",
   "GARECA, MARIO FABIAN"
  ],
  "sexo": "M",
  "suplentes": [
   "NU\u00d1EZ, MABEL ALEJANDRA DEL VALLE"
  ]
 },
 {
  "asistida": "Voto en BLANCO",
  "cargo_ejecutivo": false,
  "clase": "Blanco",
  "cod_categoria": "CNJ",
  "cod_lista": "",
  "codigo": "BLC",
  "id_candidatura": "BLC",
  "id_umv": 907,
  "imagenes": [
   "BLC"
  ],
  "nombre": "Voto en BLANCO",
  "nro_orden": 5,
  "orden_absoluto": [
   994,
   5
  ],
  "secundarios": [

  ],
  "sexo": null,
  "suplentes": [

  ]
 },
 {
  "asistida": "Voto en BLANCO",
  "cargo_ejecutivo": false,
  "clase": "Blanco",
  "cod_categoria": "DIP",
  "cod_lista": "",
  "codigo": "BLC",
  "id_candidatura": "BLC",
  "id_umv": 1166,
  "imagenes": [
   "BLC"
  ],
  "nombre": "Voto en BLANCO",
  "nro_orden": 3,
  "orden_absoluto": [
   994,
   3
  ],
  "secundarios": [

  ],
  "sexo": null,
  "suplentes": [

  ]
 },
 {
  "asistida": "Voto en BLANCO",
  "cargo_ejecutivo": true,
  "clase": "Blanco",
  "cod_categoria": "GOB",
  "cod_lista": "",
  "codigo": "BLC",
  "id_candidatura": "BLC",
  "id_umv": 1209,
  "imagenes": [
   "BLC"
  ],
  "nombre": "Voto en BLANCO",
  "nro_orden": 1,
  "orden_absoluto": [
   994,
   1
  ],
  "secundarios": [

  ],
  "sexo": null,
  "suplentes": [

  ]
 },
 {
  "asistida": "Voto en BLANCO",
  "cargo_ejecutivo": true,
  "clase": "Blanco",
  "cod_categoria": "INT",
  "cod_lista": "",
  "codigo": "BLC",
  "id_candidatura": "BLC",
  "id_umv": 1681,
  "imagenes": [
   "BLC"
  ],
  "nombre": "Voto en BLANCO",
  "nro_orden": 4,
  "orden_absoluto": [
   994,
   4
  ],
  "secundarios": [

  ],
  "sexo": null,
  "suplentes": [

  ]
 },
 {
  "asistida": "Voto en BLANCO",
  "cargo_ejecutivo": false,
  "clase": "Blanco",
  "cod_categoria": "SEN",
  "cod_lista": "",
  "codigo": "BLC",
  "id_candidatura": "BLC",
  "id_umv": 1896,
  "imagenes": [
   "BLC"
  ],
  "nombre": "Voto en BLANCO",
  "nro_orden": 2,
  "orden_absoluto": [
   994,
   2
  ],
  "secundarios": [

  ],
  "sexo": null,
  "suplentes": [

  ]
 },
 {
  "asistida": "Votos IMPUGNADOS",
  "cargo_ejecutivo": false,
  "clase": "Especial",
  "cod_categoria": "CNJ",
  "cod_lista": "",
  "codigo": "IMP",
  "id_candidatura": "IMP",
  "id_umv": 967,
  "nombre": "Votos IMPUGNADOS",
  "nro_orden": 5,
  "orden_absoluto": [
   995,
   5
  ],
  "secundarios": [

  ],
  "sexo": null,
  "suplentes": [

  ]
 },
 {
  "asistida": "Votos IMPUGNADOS",
  "cargo_ejecutivo": false,
  "clase": "Especial",
  "cod_categoria": "DIP",
  "cod_lista": "",
  "codigo": "IMP",
  "id_candidatura": "IMP",
  "id_umv": 1181,
  "nombre": "Votos IMPUGNADOS",
  "nro_orden": 3,
  "orden_absoluto": [
   995,
   3
  ],
  "secundarios": [

  ],
  "sexo": null,
  "suplentes": [

  ]
 },
 {
  "asistida": "Votos IMPUGNADOS",
  "cargo_ejecutivo": true,
  "clase": "Especial",
  "cod_categoria": "GOB",
  "cod_lista": "",
  "codigo": "IMP",
  "id_candidatura": "IMP",
  "id_umv": 1210,
  "nombre": "Votos IMPUGNADOS",
  "nro_orden": 1,
  "orden_absoluto": [
   995,
   1
  ],
  "secundarios": [

  ],
  "sexo": null,
  "suplentes": [

  ]
 },
 {
  "asistida": "Votos IMPUGNADOS",
  "cargo_ejecutivo": true,
  "clase": "Especial",
  "cod_categoria": "INT",
  "cod_lista": "",
  "codigo": "IMP",
  "id_candidatura": "IMP",
  "id_umv": 1741,
  "nombre": "Votos IMPUGNADOS",
  "nro_orden": 4,
  "orden_absoluto": [
   995,
   4
  ],
  "secundarios": [

  ],
  "sexo": null,
  "suplentes": [

  ]
 },
 {
  "asistida": "Votos IMPUGNADOS",
  "cargo_ejecutivo": false,
  "clase": "Especial",
  "cod_categoria": "SEN",
  "cod_lista": "",
  "codigo": "IMP",
  "id_candidatura": "IMP",
  "id_umv": 1907,
  "nombre": "Votos IMPUGNADOS",
  "nro_orden": 2,
  "orden_absoluto": [
   995,
   2
  ],
  "secundarios": [

  ],
  "sexo": null,
  "suplentes": [

  ]
 },
 {
  "asistida": "Votos OBSERVADOS",
  "cargo_ejecutivo": false,
  "clase": "Especial",
  "cod_categoria": "CNJ",
  "cod_lista": "",
  "codigo": "OBS",
  "id_candidatura": "OBS",
  "id_umv": 1027,
  "nombre": "Votos OBSERVADOS",
  "nro_orden": 5,
  "orden_absoluto": [
   996,
   5
  ],
  "secundarios": [

  ],
  "sexo": null,
  "suplentes": [

  ]
 },
 {
  "asistida": "Votos OBSERVADOS",
  "cargo_ejecutivo": false,
  "clase": "Especial",
  "cod_categoria": "DIP",
  "cod_lista": "",
  "codigo": "OBS",
  "id_candidatura": "OBS",
  "id_umv": 1196,
  "nombre": "Votos OBSERVADOS",
  "nro_orden": 3,
  "orden_absoluto": [
   996,
   3
  ],
  "secundarios": [

  ],
  "sexo": null,
  "suplentes": [

  ]
 },
 {
  "asistida": "Votos OBSERVADOS",
  "cargo_ejecutivo": true,
  "clase": "Especial",
  "cod_categoria": "GOB",
  "cod_lista": "",
  "codigo": "OBS",
  "id_candidatura": "OBS",
  "id_umv": 1211,
  "nombre": "Votos OBSERVADOS",
  "nro_orden": 1,
  "orden_absoluto": [
   996,
   1
  ],
  "secundarios": [

  ],
  "sexo": null,
  "suplentes": [

  ]
 },
 {
  "asistida": "Votos OBSERVADOS",
  "cargo_ejecutivo": true,
  "clase": "Especial",
  "cod_categoria": "INT",
  "cod_lista": "",
  "codigo": "OBS",
  "id_candidatura": "OBS",
  "id_umv": 1801,
  "nombre": "Votos OBSERVADOS",
  "nro_orden": 4,
  "orden_absoluto": [
   996,
   4
  ],
  "secundarios": [

  ],
  "sexo": null,
  "suplentes": [

  ]
 },
 {
  "asistida": "Votos OBSERVADOS",
  "cargo_ejecutivo": false,
  "clase": "Especial",
  "cod_categoria": "SEN",
  "cod_lista": "",
  "codigo": "OBS",
  "id_candidatura": "OBS",
  "id_umv": 1918,
  "nombre": "Votos OBSERVADOS",
  "nro_orden": 2,
  "orden_absoluto": [
   996,
   2
  ],
  "secundarios": [

  ],
  "sexo": null,
  "suplentes": [

  ]
 }
]