[
 {
  "GOB": 1197,
  "agrupacion_municipal": false,
  "codigo": "1863.1863.1863",
  "lista_completa": true
 },
 {
  "GOB": 1198,
  "agrupacion_municipal": false,
  "codigo": "22.22.22",
  "lista_completa": true
 },
 {
  "GOB": 1199,
  "agrupacion_municipal": false,
  "codigo": "3625.3625.3625",
  "lista_completa": true
 },
 {
  "CNJ": 15,
  "INT": 1226,
  "agrupacion_municipal": true,
  "codigo": "3651.3651.3651",
  "lista_completa": true
 },
 {
  "CNJ": 112,
  "DIP": 1042,
  "GOB": 1200,
  "INT": 1269,
  "SEN": 1809,
  "agrupacion_municipal": false,
  "codigo": "3717.3739.3739",
  "lista_completa": true
 },
 {
  "GOB": 1201,
  "agrupacion_municipal": false,
  "codigo": "3723.3741.3741",
  "lista_completa": true
 },
 {
  "GOB": 1202,
  "agrupacion_municipal": false,
  "codigo": "3728.3742.3742",
  "lista_completa": true
 },
 {
  "GOB": 1203,
  "agrupacion_municipal": false,
  "codigo": "3729.3747.3747",
  "lista_completa": true
 },
 {
  "CNJ": 317,
  "DIP": 1083,
  "GOB": 1204,
  "INT": 1406,
  "SEN": 1845,
  "agrupacion_municipal": false,
  "codigo": "3730.3746.3746",
  "lista_completa": true
 },
 {
  "CNJ": 341,
  "DIP": 1083,
  "GOB": 1204,
  "INT": 1406,
  "SEN": 1845,
  "agrupacion_municipal": false,
  "codigo": "3730.461.461",
  "lista_completa": true
 },
 {
  "GOB": 1205,
  "agrupacion_municipal": false,
  "codigo": "3731.3743.3743",
  "lista_completa": true
 },
 {
  "GOB": 1206,
  "agrupacion_municipal": false,
  "codigo": "3732.3740.3740",
  "lista_completa": true
 },
 {
  "GOB": 1207,
  "agrupacion_municipal": false,
  "codigo": "3734.3737.3737",
  "lista_completa": true
 },
 {
  "CNJ": 583,
  "DIP": 1132,
  "GOB": 1207,
  "INT": 1533,
  "SEN": 1874,
  "agrupacion_municipal": false,
  "codigo": "3735.15.15",
  "lista_completa": true
 },
 {
  "CNJ": 627,
  "DIP": 1132,
  "GOB": 1207,
  "INT": 1533,
  "SEN": 1874,
  "agrupacion_municipal": false,
  "codigo": "3735.1873.1873",
  "lista_completa": true
 },
 {
  "CNJ": 658,
  "DIP": 1132,
  "GOB": 1207,
  "INT": 1539,
  "SEN": 1874,
  "agrupacion_municipal": false,
  "codigo": "3735.208.208",
  "lista_completa": true
 },
 {
  "CNJ": 693,
  "DIP": 1132,
  "GOB": 1207,
  "INT": 1588,
  "SEN": 1874,
  "agrupacion_municipal": false,
  "codigo": "3735.32.32",
  "lista_completa": true
 },
 {
  "CNJ": 729,
  "DIP": 1132,
  "GOB": 1207,
  "INT": 1545,
  "SEN": 1874,
  "agrupacion_municipal": false,
  "codigo": "3735.3650.3650",
  "lista_completa": true
 },
 {
  "DIP": 1132,
  "GOB": 1207,
  "SEN": 1874,
  "agrupacion_municipal": false,
  "codigo": "3735.3745.3745",
  "lista_completa": false
 },
 {
  "CNJ": 777,
  "DIP": 1132,
  "GOB": 1207,
  "INT": 1588,
  "SEN": 1874,
  "agrupacion_municipal": false,
  "codigo": "3735.4.4",
  "lista_completa": true
 },
 {
  "CNJ": 826,
  "DIP": 1132,
  "GOB": 1207,
  "INT": 1610,
  "SEN": 1874,
  "agrupacion_municipal": false,
  "codigo": "3735.460.460",
  "lista_completa": true
 },
 {
  "GOB": 1208,
  "agrupacion_municipal": false,
  "codigo": "685.685.685",
  "lista_completa": true
 },
 {
  "CNJ": 860,
  "DIP": 1155,
  "GOB": 1209,
  "INT": 1634,
  "SEN": 1889,
  "agrupacion_municipal": false,
  "codigo": "BLC",
  "lista_completa": true
 }
]