[
 {
  "asistida": "PLANES DANIELA",
  "cargo_ejecutivo": true,
  "clase": "Candidato",
  "cod_alianza": "1863",
  "cod_categoria": "GOB",
  "cod_lista": "1863.1863.1863",
  "cod_partido": "1863.1863",
  "codigo": "1863.1863.1863.2069",
  "dni": "28523544",
  "id_candidatura": "1863.1863.1863.2069",
  "id_umv": 1197,
  "imagenes": [
   "1863.1863.1863.2069",
   "default_mujer"
  ],
  "nombre": "PLANES, DANIELA",
  "nro_orden": 1,
  "orden_absoluto": [
   22,
   53,
   12,
   1,
   1
  ],
  "secundarios": [
   "TEJERINA, VERONICA"
  ],
  "sexo": "F",
  "suplentes": [

  ]
 },
 {
  "asistida": "GIL VIOLETA",
  "cargo_ejecutivo": true,
  "clase": "Candidato",
  "cod_alianza": "22",
  "cod_categoria": "GOB",
  "cod_lista": "22.22.22",
  "cod_partido": "22.22",
  "codigo": "22.22.22.3409",
  "dni": "33984630",
  "id_candidatura": "22.22.22.3409",
  "id_umv": 1198,
  "imagenes": [
   "22.22.22.3409",
   "default"
  ],
  "nombre": "GIL, VIOLETA",
  "nro_orden": 1,
  "orden_absoluto": [
   23,
   62,
   3,
   1,
   1
  ],
  "secundarios": [
   "TOLABA, ANGEL RODOLFO"
  ],
  "sexo": "F",
  "suplentes": [

  ]
 },
 {
  "asistida": "TogNolini MARCOS",
  "cargo_ejecutivo": true,
  "clase": "Candidato",
  "cod_alianza": "3625",
  "cod_categoria": "GOB",
  "cod_lista": "3625.3625.3625",
  "cod_partido": "3625.3625",
  "codigo": "3625.3625.3625.5312",
  "dni": "29336659",
  "id_candidatura": "3625.3625.3625.5312",
  "id_umv": 1199,
  "imagenes": [
   "3625.3625.3625.5312",
   "default_mujer"
  ],
  "nombre": "TOGNOLINI, MARCOS",
  "nro_orden": 1,
  "orden_absoluto": [
   21,
   43,
   21,
   1,
   1
  ],
  "secundarios": [
   "RAMOS, MIRTA ADRIANA"
  ],
  "sexo": "M",
  "suplentes": [

  ]
 },
 {
  "asistida": "CARRERAS RITA SUSANA",
  "cargo_ejecutivo": true,
  "clase": "Candidato",
  "cod_alianza": "3651",
  "cod_categoria": "INT",
  "cod_lista": "3651.3651.3651",
  "cod_partido": "3651.3651",
  "codigo": "3651.3651.3651.6095",
  "dni": "22146180",
  "id_candidatura": "3651.3651.3651.6095",
  "id_umv": 1226,
  "imagenes": [
   "3651.3651.3651.6095"
  ],
  "nombre": "CARRERAS, RITA SUSANA",
  "nro_orden": 1,
  "orden_absoluto": [
   25,
   73,
   44,
   4,
   1
  ],
  "secundarios": [

  ],
  "sexo": "F",
  "suplentes": [

  ]
 },
 {
  "asistida": "CARMELO ENRIQUE RAFAEL",
  "cargo_ejecutivo": false,
  "clase": "Candidato",
  "cod_alianza": "3651",
  "cod_categoria": "CNJ",
  "cod_lista": "3651.3651.3651",
  "cod_partido": "3651.3651",
  "codigo": "3651.3651.3651.6096",
  "dni": "32549094",
  "id_candidatura": "3651.3651.3651.6096",
  "id_umv": 15,
  "imagenes": [
   "3651.3651.3651.6096",
   "default_mujer",
   "default"
  ],
  "nombre": "CARMELO, ENRIQUE RAFAEL",
  "nro_orden": 1,
  "orden_absoluto": [
   25,
   73,
   44,
   5,
   1
  ],
  "secundarios": [
   "VILTE, MARIA EUGENIA",
   "MARTINEZ, LUIS ESTEBAN"
  ],
  "sexo": "M",
  "suplentes": [
   "SEGOVIA, NANCY ELIZABETH",
   "CARRERA, FERNANDO GERARDO",
   "PADILLA, ESTELA KARINA DEL PILAR"
  ]
 },
 {
  "asistida": "ESTRADA EMILIANO RAFAEL",
  "cargo_ejecutivo": true,
  "clase": "Candidato",
  "cod_alianza": "3717",
  "cod_categoria": "GOB",
  "cod_lista": "3717.3739.3739",
  "cod_partido": "3717.3739",
  "codigo": "3717.3739.3739.6360",
  "dni": "32165256",
  "id_candidatura": "3717.3739.3739.6360",
  "id_umv": 1200,
  "imagenes": [
   "3717.3739.3739.6360",
   "default"
  ],
  "nombre": "ESTRADA, EMILIANO",
  "nro_orden": 1,
  "orden_absoluto": [
   6,
   17,
   64,
   1,
   1
  ],
  "secundarios": [
   "ZAPATA, CARLOS RAUL"
  ],
  "sexo": "M",
  "suplentes": [

  ]
 },
 {
  "asistida": "BENAVIDES JORGE MARCELINO",
  "cargo_ejecutivo": false,
  "clase": "Candidato",
  "cod_alianza": "3717",
  "cod_categoria": "SEN",
  "cod_lista": "3717.3739.3739",
  "cod_partido": "3717.3739",
  "codigo": "3717.3739.3739.6364",
  "dni": "16734634",
  "id_candidatura": "3717.3739.3739.6364",
  "id_umv": 1809,
  "imagenes": [
   "3717.3739.3739.6364"
  ],
  "nombre": "BENAVIDES, \u201cMARCELO\u201d",
  "nro_orden": 1,
  "orden_absoluto": [
   6,
   17,
   64,
   2,
   1
  ],
  "secundarios": [

  ],
  "sexo": "M",
  "suplentes": [
   "MEDINA, ALDO JAVIER"
  ]
 },
 {
  "asistida": "LECUONA DE PRAT JOS\u00c9",
  "cargo_ejecutivo": false,
  "clase": "Candidato",
  "cod_alianza": "3717",
  "cod_categoria": "DIP",
  "cod_lista": "3717.3739.3739",
  "cod_partido": "3717.3739",
  "codigo": "3717.3739.3739.6400",
  "dni": "14488709",
  "id_candidatura": "3717.3739.3739.6400",
  "id_umv": 1042,
  "imagenes": [
   "3717.3739.3739.6400"
  ],
  "nombre": "LECUONA, DE PRAT JOSE",
  "nro_orden": 1,
  "orden_absoluto": [
   6,
   17,
   64,
   3,
   1
  ],
  "secundarios": [

  ],
  "sexo": "M",
  "suplentes": [
   "AGUIRRE, ERICA LORENA"
  ]
 },
 {
  "asistida": "Paucari MIGUEL ANGEL",
  "cargo_ejecutivo": true,
  "clase": "Candidato",
  "cod_alianza": "3717",
  "cod_categoria": "INT",
  "cod_lista": "3717.3739.3739",
  "cod_partido": "3717.3739",
  "codigo": "3717.3739.3739.6454",
  "dni": "23638249",
  "id_candidatura": "3717.3739.3739.6454",
  "id_umv": 1269,
  "imagenes": [
   "3717.3739.3739.6454"
  ],
  "nombre": "PAUCARI, MIGUEL ANGEL",
  "nro_orden": 1,
  "orden_absoluto": [
   6,
   17,
   64,
   4,
   1
  ],
  "secundarios": [

  ],
  "sexo": "M",
  "suplentes": [

  ]
 },
 {
  "asistida": "PEREZ JOAQUIN ERNESTO",
  "cargo_ejecutivo": false,
  "clase": "Candidato",
  "cod_alianza": "3717",
  "cod_categoria": "CNJ",
  "cod_lista": "3717.3739.3739",
  "cod_partido": "3717.3739",
  "codigo": "3717.3739.3739.6760",
  "dni": "28475984",
  "id_candidatura": "3717.3739.3739.6760",
  "id_umv": 112,
  "imagenes": [
   "3717.3739.3739.6760",
   "default_mujer",
   "default"
  ],
  "nombre": "PEREZ, JOAQUIN",
  "nro_orden": 1,
  "orden_absoluto": [
   6,
   17,
   64,
   5,
   1
  ],
  "secundarios": [
   "CHOQUE, GABRIELA LEONOR",
   "JUSTINIANO, MIGUEL ALEJANDRO"
  ],
  "sexo": "M",
  "suplentes": [
   "ROLDAN, TANIA ALEJANDRA VERONICA",
   "REYES, CARLOS JAVIER"
  ]
 },
 {
  "asistida": "W\u00c1YAR GU\u00c1LTER RAUL",
  "cargo_ejecutivo": true,
  "clase": "Candidato",
  "cod_alianza": "3723",
  "cod_categoria": "GOB",
  "cod_lista": "3723.3741.3741",
  "cod_partido": "3723.3741",
  "codigo": "3723.3741.3741.7154",
  "dni": "12220501",
  "id_candidatura": "3723.3741.3741.7154",
  "id_umv": 1201,
  "imagenes": [
   "3723.3741.3741.7154",
   "default"
  ],
  "nombre": "WAYAR, WALTER",
  "nro_orden": 1,
  "orden_absoluto": [
   5,
   14,
   65,
   1,
   1
  ],
  "secundarios": [
   "MIZZAU, IVAN"
  ],
  "sexo": "M",
  "suplentes": [

  ]
 },
 {
  "asistida": "PAZ POSE LUCIO",
  "cargo_ejecutivo": true,
  "clase": "Candidato",
  "cod_alianza": "3728",
  "cod_categoria": "GOB",
  "cod_lista": "3728.3742.3742",
  "cod_partido": "3728.3742",
  "codigo": "3728.3742.3742.7704",
  "dni": "24875401",
  "id_candidatura": "3728.3742.3742.7704",
  "id_umv": 1202,
  "imagenes": [
   "3728.3742.3742.7704",
   "default_mujer"
  ],
  "nombre": "PAZ POSSE, LUCIO \u201cPINO\u201d",
  "nro_orden": 1,
  "orden_absoluto": [
   9,
   21,
   66,
   1,
   1
  ],
  "secundarios": [
   "FARJAT D\u2019ALESSANDRO, LORENA"
  ],
  "sexo": "M",
  "suplentes": [

  ]
 },
 {
  "asistida": "CAL\u00cdVA L\u00cdA VER\u00d3NICA",
  "cargo_ejecutivo": true,
  "clase": "Candidato",
  "cod_alianza": "3729",
  "cod_categoria": "GOB",
  "cod_lista": "3729.3747.3747",
  "cod_partido": "3729.3747",
  "codigo": "3729.3747.3747.9058",
  "dni": "25624792",
  "id_candidatura": "3729.3747.3747.9058",
  "id_umv": 1203,
  "imagenes": [
   "3729.3747.3747.9058",
   "default"
  ],
  "nombre": "CALIVA, LIA VERONICA",
  "nro_orden": 1,
  "orden_absoluto": [
   24,
   68,
   67,
   1,
   1
  ],
  "secundarios": [
   "GRAVANAGO, CARLOS ALEJANDRO"
  ],
  "sexo": "F",
  "suplentes": [

  ]
 },
 {
  "asistida": "NANNI VALERO MIGUEL",
  "cargo_ejecutivo": true,
  "clase": "Candidato",
  "cod_alianza": "3730",
  "cod_categoria": "GOB",
  "cod_lista": "3730.3746.3746",
  "cod_partido": "3730.3746",
  "codigo": "3730.3746.3746.8614",
  "dni": "25802248",
  "id_candidatura": "3730.3746.3746.8614",
  "id_umv": 1204,
  "imagenes": [
   "3730.3746.3746.8614",
   "default_mujer"
  ],
  "nombre": "NANNI, MIGUEL",
  "nro_orden": 1,
  "orden_absoluto": [
   15,
   32,
   74,
   1,
   1
  ],
  "secundarios": [
   "CORNEJO, VIRGINIA"
  ],
  "sexo": "M",
  "suplentes": [

  ]
 },
 {
  "asistida": "NU\u00d1EZ SILVINA DEL VALLE",
  "cargo_ejecutivo": false,
  "clase": "Candidato",
  "cod_alianza": "3730",
  "cod_categoria": "SEN",
  "cod_lista": "3730.3746.3746",
  "cod_partido": "3730.3746",
  "codigo": "3730.3746.3746.8618",
  "dni": "17361901",
  "id_candidatura": "3730.3746.3746.8618",
  "id_umv": 1845,
  "imagenes": [
   "3730.3746.3746.8618"
  ],
  "nombre": "NU\u00d1EZ, SILVINA DEL VALLE",
  "nro_orden": 1,
  "orden_absoluto": [
   15,
   32,
   74,
   2,
   1
  ],
  "secundarios": [

  ],
  "sexo": "F",
  "suplentes": [
   "GUZMAN, HECTOR SANTIAGO"
  ]
 },
 {
  "asistida": "CAMPERO HERNANDO PATRICIO",
  "cargo_ejecutivo": false,
  "clase": "Candidato",
  "cod_alianza": "3730",
  "cod_categoria": "DIP",
  "cod_lista": "3730.3746.3746",
  "cod_partido": "3730.3746",
  "codigo": "3730.3746.3746.8654",
  "dni": "30221975",
  "id_candidatura": "3730.3746.3746.8654",
  "id_umv": 1083,
  "imagenes": [
   "3730.3746.3746.8654"
  ],
  "nombre": "CAMPERO, HERNANDO PATRICIO",
  "nro_orden": 1,
  "orden_absoluto": [
   15,
   32,
   74,
   3,
   1
  ],
  "secundarios": [

  ],
  "sexo": "M",
  "suplentes": [
   "ALE, SALMA MILAGRO"
  ]
 },
 {
  "asistida": "CASTRO CRISTIAN DAVID",
  "cargo_ejecutivo": true,
  "clase": "Candidato",
  "cod_alianza": "3730",
  "cod_categoria": "INT",
  "cod_lista": "3730.3746.3746",
  "cod_partido": "3730.3746",
  "codigo": "3730.3746.3746.8704",
  "dni": "24092103",
  "id_candidatura": "3730.3746.3746.8704",
  "id_umv": 1406,
  "imagenes": [
   "3730.3746.3746.8704"
  ],
  "nombre": "CASTRO, CRISTIAN DAVID",
  "nro_orden": 1,
  "orden_absoluto": [
   15,
   32,
   74,
   4,
   1
  ],
  "secundarios": [

  ],
  "sexo": "M",
  "suplentes": [

  ]
 },
 {
  "asistida": "MART\u00cdNEZ RODOLFO \"EL TIO\"",
  "cargo_ejecutivo": false,
  "clase": "Candidato",
  "cod_alianza": "3730",
  "cod_categoria": "CNJ",
  "cod_lista": "3730.3746.3746",
  "cod_partido": "3730.3746",
  "codigo": "3730.3746.3746.8967",
  "dni": "16509214",
  "id_candidatura": "3730.3746.3746.8967",
  "id_umv": 317,
  "imagenes": [
   "3730.3746.3746.8967",
   "default_mujer",
   "default"
  ],
  "nombre": "MARTINEZ, RODOLFO \u2019EL TIO\u2019",
  "nro_orden": 1,
  "orden_absoluto": [
   15,
   32,
   74,
   5,
   1
  ],
  "secundarios": [
   "ARJONA CONTRERAS, ROSA VIOLETA",
   "RAMIREZ, CALIXTO"
  ],
  "sexo": "M",
  "suplentes": [
   "ROJAS, HILDA DELIA",
   "MARTINEZ, OSCAR RENE",
   "LEGUIZAMON, AMIRA LELIES"
  ]
 },
 {
  "asistida": "VILLALBA CLAUDIO ADRIAN",
  "cargo_ejecutivo": false,
  "clase": "Candidato",
  "cod_alianza": "3730",
  "cod_categoria": "CNJ",
  "cod_lista": "3730.461.461",
  "cod_partido": "3730.461",
  "codigo": "3730.461.461.11623",
  "dni": "24657441",
  "id_candidatura": "3730.461.461.11623",
  "id_umv": 341,
  "imagenes": [
   "3730.461.461.11623",
   "default_mujer",
   "default"
  ],
  "nombre": "VILLALBA, CLAUDIO ADRIAN",
  "nro_orden": 1,
  "orden_absoluto": [
   15,
   19,
   11,
   5,
   1
  ],
  "secundarios": [
   "PORTAL GUOTAS, MARIA MERCEDES",
   "MEDINA, SERGIO ALEJANDRO"
  ],
  "sexo": "M",
  "suplentes": [

  ]
 },
 {
  "asistida": "Sabadini MAURO DIEGO",
  "cargo_ejecutivo": true,
  "clase": "Candidato",
  "cod_alianza": "3731",
  "cod_categoria": "GOB",
  "cod_lista": "3731.3743.3743",
  "cod_partido": "3731.3743",
  "codigo": "3731.3743.3743.7941",
  "dni": "23362242",
  "id_candidatura": "3731.3743.3743.7941",
  "id_umv": 1205,
  "imagenes": [
   "3731.3743.3743.7941",
   "default_mujer"
  ],
  "nombre": "SABBADINI, MAURO DIEGO",
  "nro_orden": 1,
  "orden_absoluto": [
   10,
   22,
   68,
   1,
   1
  ],
  "secundarios": [
   "LOAYZA PACHECO, JIMENA LUCIA"
  ],
  "sexo": "M",
  "suplentes": [

  ]
 },
 {
  "asistida": "DEL PLA CLAUDIO ARIEL",
  "cargo_ejecutivo": true,
  "clase": "Candidato",
  "cod_alianza": "3732",
  "cod_categoria": "GOB",
  "cod_lista": "3732.3740.3740",
  "cod_partido": "3732.3740",
  "codigo": "3732.3740.3740.6916",
  "dni": "13943671",
  "id_candidatura": "3732.3740.3740.6916",
  "id_umv": 1206,
  "imagenes": [
   "3732.3740.3740.6916",
   "default_mujer"
  ],
  "nombre": "DEL PLA, CLAUDIO ARIEL",
  "nro_orden": 1,
  "orden_absoluto": [
   7,
   18,
   73,
   1,
   1
  ],
  "secundarios": [
   "HIDALGO, LORENA VANESA"
  ],
  "sexo": "M",
  "suplentes": [

  ]
 },
 {
  "asistida": "Ruberto SAENZ GUSTAVO ADOLFO",
  "cargo_ejecutivo": true,
  "clase": "Candidato",
  "cod_alianza": "3734",
  "cod_categoria": "GOB",
  "cod_lista": "3734.3737.3737",
  "cod_partido": "3734.3737",
  "codigo": "3734.3737.3737.6358",
  "dni": "20609646",
  "id_candidatura": "3734.3737.3737.6358",
  "id_umv": 1207,
  "imagenes": [
   "3734.3737.3737.6358",
   "default"
  ],
  "nombre": "SAENZ, GUSTAVO",
  "nro_orden": 1,
  "orden_absoluto": [
   1,
   5,
   69,
   1,
   1
  ],
  "secundarios": [
   "MAROCCO, ANTONIO \u201cGRINGO\u201d"
  ],
  "sexo": "M",
  "suplentes": [

  ]
 },
 {
  "asistida": "Lagoria GABRIEL ANTONIO",
  "cargo_ejecutivo": false,
  "clase": "Candidato",
  "cod_alianza": "3735",
  "cod_categoria": "CNJ",
  "cod_lista": "3735.15.15",
  "cod_partido": "3735.15",
  "codigo": "3735.15.15.1066",
  "dni": "20683991",
  "id_candidatura": "3735.15.15.1066",
  "id_umv": 583,
  "imagenes": [
   "3735.15.15.1066",
   "default_mujer",
   "default"
  ],
  "nombre": "LAGORIA, \u201cGAVI\u201d",
  "nro_orden": 1,
  "orden_absoluto": [
   12,
   59,
   1,
   5,
   1
  ],
  "secundarios": [
   "ESCUDERO, SILVIA DEL VALLE",
   "CARABAJAL, DAVID MOISES"
  ],
  "sexo": "M",
  "suplentes": [
   "SANTILLAN, VIOLETA DEL VALLE",
   "LOPEZ, LINO",
   "CAIGUARA GUANTAY, DANIELA TAMARA"
  ]
 },
 {
  "asistida": "ARRABAL MARCOS RAFAEL",
  "cargo_ejecutivo": true,
  "clase": "Candidato",
  "cod_alianza": "3735",
  "cod_categoria": "INT",
  "cod_lista": "3735.1873.1873",
  "cod_partido": "3735.1873",
  "codigo": "3735.1873.1873.2522",
  "dni": "22877838",
  "id_candidatura": "3735.1873.1873.2522",
  "id_umv": 1533,
  "imagenes": [
   "3735.1873.1873.2522"
  ],
  "nombre": "ARRABAL, MARCOS RAFAEL",
  "nro_orden": 1,
  "orden_absoluto": [
   12,
   56,
   80,
   4,
   1
  ],
  "secundarios": [

  ],
  "sexo": "M",
  "suplentes": [

  ]
 },
 {
  "asistida": "LOPEZ SERGIO RAFAEL",
  "cargo_ejecutivo": false,
  "clase": "Candidato",
  "cod_alianza": "3735",
  "cod_categoria": "CNJ",
  "cod_lista": "3735.1873.1873",
  "cod_partido": "3735.1873",
  "codigo": "3735.1873.1873.2863",
  "dni": "31074682",
  "id_candidatura": "3735.1873.1873.2863",
  "id_umv": 627,
  "imagenes": [
   "3735.1873.1873.2863",
   "default_mujer",
   "default"
  ],
  "nombre": "LOPEZ, SERGIO \u201cCUSI\u201d",
  "nro_orden": 1,
  "orden_absoluto": [
   12,
   56,
   80,
   5,
   1
  ],
  "secundarios": [
   "REYES, DAIANA NATALIA",
   "ORTEGA, ERNESTO JOAQUIN"
  ],
  "sexo": "M",
  "suplentes": [
   "PALACIOS, ANGELICA",
   "PAEZ, RICARDO HORACIO",
   "TOLABA, JUDITH EDITH"
  ]
 },
 {
  "asistida": "SOTO CARLOS FEDERICO",
  "cargo_ejecutivo": true,
  "clase": "Candidato",
  "cod_alianza": "3735",
  "cod_categoria": "INT",
  "cod_lista": "3735.208.208",
  "cod_partido": "3735.208",
  "codigo": "3735.208.208.3003",
  "dni": "24138264",
  "id_candidatura": "3735.208.208.3003",
  "id_umv": 1539,
  "imagenes": [
   "3735.208.208.3003"
  ],
  "nombre": "SOTO, FEDERICO",
  "nro_orden": 1,
  "orden_absoluto": [
   12,
   41,
   7,
   4,
   1
  ],
  "secundarios": [

  ],
  "sexo": "M",
  "suplentes": [

  ]
 },
 {
  "asistida": "VALDIVIEZO MERCEDES CLELIA",
  "cargo_ejecutivo": false,
  "clase": "Candidato",
  "cod_alianza": "3735",
  "cod_categoria": "CNJ",
  "cod_lista": "3735.208.208",
  "cod_partido": "3735.208",
  "codigo": "3735.208.208.3265",
  "dni": "30508579",
  "id_candidatura": "3735.208.208.3265",
  "id_umv": 658,
  "imagenes": [
   "3735.208.208.3265",
   "default",
   "default_mujer"
  ],
  "nombre": "VALDIVIEZO, MERCEDES",
  "nro_orden": 1,
  "orden_absoluto": [
   12,
   41,
   7,
   5,
   1
  ],
  "secundarios": [
   "GUTIERREZ, DAVID JOSE ALEJANDRO",
   "CHOQUE, ISABELLA BELEN"
  ],
  "sexo": "F",
  "suplentes": [
   "LAGORIA, SERGIO RENATO",
   "SOTO, ABRIL JOSEFINA",
   "BAUTISTA, JESUS MARTIN"
  ]
 },
 {
  "asistida": "\u00c1LVAREZ RAMON RAFAEL",
  "cargo_ejecutivo": false,
  "clase": "Candidato",
  "cod_alianza": "3735",
  "cod_categoria": "CNJ",
  "cod_lista": "3735.32.32",
  "cod_partido": "3735.32",
  "codigo": "3735.32.32.5183",
  "dni": "14708590",
  "id_candidatura": "3735.32.32.5183",
  "id_umv": 693,
  "imagenes": [
   "3735.32.32.5183",
   "default_mujer",
   "default"
  ],
  "nombre": "ALVAREZ, RAMON \u201cANGELITO\u201d",
  "nro_orden": 1,
  "orden_absoluto": [
   12,
   46,
   63,
   5,
   1
  ],
  "secundarios": [
   "CATA, MABEL CRISTINA",
   "TEVES, EDUARDO"
  ],
  "sexo": "M",
  "suplentes": [
   "VALDE, SEBASTIANA FERNANDA",
   "RODRIGUEZ, FRANCO DAVID",
   "GUTIERREZ, CECILIA ELIZABETH"
  ]
 },
 {
  "asistida": "GONZALEZ DIEGO SEBASTI\u00c1N",
  "cargo_ejecutivo": true,
  "clase": "Candidato",
  "cod_alianza": "3735",
  "cod_categoria": "INT",
  "cod_lista": "3735.3650.3650",
  "cod_partido": "3735.3650",
  "codigo": "3735.3650.3650.5609",
  "dni": "29336591",
  "id_candidatura": "3735.3650.3650.5609",
  "id_umv": 1545,
  "imagenes": [
   "3735.3650.3650.5609"
  ],
  "nombre": "GONZALEZ, DIEGO SEBASTIAN",
  "nro_orden": 1,
  "orden_absoluto": [
   12,
   66,
   23,
   4,
   1
  ],
  "secundarios": [

  ],
  "sexo": "M",
  "suplentes": [

  ]
 },
 {
  "asistida": "LI\u00c9NDRO DANTE ANDR\u00c9S",
  "cargo_ejecutivo": false,
  "clase": "Candidato",
  "cod_alianza": "3735",
  "cod_categoria": "CNJ",
  "cod_lista": "3735.3650.3650",
  "cod_partido": "3735.3650",
  "codigo": "3735.3650.3650.5936",
  "dni": "33250153",
  "id_candidatura": "3735.3650.3650.5936",
  "id_umv": 729,
  "imagenes": [
   "3735.3650.3650.5936",
   "default_mujer",
   "default"
  ],
  "nombre": "LIENDRO, DANTE ANDRES",
  "nro_orden": 1,
  "orden_absoluto": [
   12,
   66,
   23,
   5,
   1
  ],
  "secundarios": [
   "AGUIRRE, ADRIANA ELIZABETH",
   "GUERRERO, SIMON NOEL"
  ],
  "sexo": "M",
  "suplentes": [
   "GUOTAS, MARIA EMILIA",
   "GRADIN ROMANO, EMILIO GERMAN"
  ]
 },
 {
  "asistida": "SOTO JORGE PABLO",
  "cargo_ejecutivo": false,
  "clase": "Candidato",
  "cod_alianza": "3735",
  "cod_categoria": "SEN",
  "cod_lista": "3735.3745.3745",
  "cod_partido": "3735.3745",
  "codigo": "3735.3745.3745.8550",
  "dni": "20399454",
  "id_candidatura": "3735.3745.3745.8550",
  "id_umv": 1874,
  "imagenes": [
   "3735.3745.3745.8550"
  ],
  "nombre": "SOTO, JORGE",
  "nro_orden": 1,
  "orden_absoluto": [
   12,
   25,
   70,
   2,
   1
  ],
  "secundarios": [

  ],
  "sexo": "M",
  "suplentes": [
   "FERNANDEZ, CARMEN"
  ]
 },
 {
  "asistida": "AMAT LACROIX ESTEBAN",
  "cargo_ejecutivo": false,
  "clase": "Candidato",
  "cod_alianza": "3735",
  "cod_categoria": "DIP",
  "cod_lista": "3735.3745.3745",
  "cod_partido": "3735.3745",
  "codigo": "3735.3745.3745.8564",
  "dni": "20232398",
  "id_candidatura": "3735.3745.3745.8564",
  "id_umv": 1132,
  "imagenes": [
   "3735.3745.3745.8564"
  ],
  "nombre": "AMAT, \u201cTUTY\u201d",
  "nro_orden": 1,
  "orden_absoluto": [
   12,
   25,
   70,
   3,
   1
  ],
  "secundarios": [

  ],
  "sexo": "M",
  "suplentes": [
   "ESTEVE, RAMON FELIX"
  ]
 },
 {
  "asistida": "CARRASCO OMAR C\u00c9SAR",
  "cargo_ejecutivo": true,
  "clase": "Candidato",
  "cod_alianza": "3735",
  "cod_categoria": "INT",
  "cod_lista": "3735.4.4",
  "cod_partido": "3735.4",
  "codigo": "3735.4.4.10046",
  "dni": "22487331",
  "id_candidatura": "3735.4.4.10046",
  "id_umv": 1588,
  "imagenes": [
   "3735.4.4.10046"
  ],
  "nombre": "CARRASCO, OMAR CESAR",
  "nro_orden": 1,
  "orden_absoluto": [
   12,
   58,
   6,
   4,
   1
  ],
  "secundarios": [

  ],
  "sexo": "M",
  "suplentes": [

  ]
 },
 {
  "asistida": "SALDA\u00d1O NICOL\u00c1S ISMAEL",
  "cargo_ejecutivo": false,
  "clase": "Candidato",
  "cod_alianza": "3735",
  "cod_categoria": "CNJ",
  "cod_lista": "3735.4.4",
  "cod_partido": "3735.4",
  "codigo": "3735.4.4.10404",
  "dni": "38274879",
  "id_candidatura": "3735.4.4.10404",
  "id_umv": 777,
  "imagenes": [
   "3735.4.4.10404",
   "default_mujer",
   "default"
  ],
  "nombre": "SALDA\u00d1O, NICOLAS ISMAEL",
  "nro_orden": 1,
  "orden_absoluto": [
   12,
   58,
   6,
   5,
   1
  ],
  "secundarios": [
   "ALVAREZ, ADRIANA MERCEDES",
   "MOYA, MAXIMILIANO ALEJANDRO"
  ],
  "sexo": "M",
  "suplentes": [
   "SIAREZ PUMPIDO, BRISA ANABEL",
   "ARIAS, LUIS FERNANDO EZEQUIEL",
   "VILTE, MARTA ANAHI"
  ]
 },
 {
  "asistida": "BALLESTEROS GIN\u00c9S FEDERICO",
  "cargo_ejecutivo": true,
  "clase": "Candidato",
  "cod_alianza": "3735",
  "cod_categoria": "INT",
  "cod_lista": "3735.460.460",
  "cod_partido": "3735.460",
  "codigo": "3735.460.460.11047",
  "dni": "14865833",
  "id_candidatura": "3735.460.460.11047",
  "id_umv": 1610,
  "imagenes": [
   "3735.460.460.11047"
  ],
  "nombre": "BALLESTEROS, \u201cGALLEGO\u201d",
  "nro_orden": 1,
  "orden_absoluto": [
   12,
   23,
   10,
   4,
   1
  ],
  "secundarios": [

  ],
  "sexo": "M",
  "suplentes": [

  ]
 },
 {
  "asistida": "CASTILLO DANTE OMAR",
  "cargo_ejecutivo": false,
  "clase": "Candidato",
  "cod_alianza": "3735",
  "cod_categoria": "CNJ",
  "cod_lista": "3735.460.460",
  "cod_partido": "3735.460",
  "codigo": "3735.460.460.11386",
  "dni": "20624006",
  "id_candidatura": "3735.460.460.11386",
  "id_umv": 826,
  "imagenes": [
   "3735.460.460.11386",
   "default_mujer",
   "default"
  ],
  "nombre": "CASTILLO, DANTE OMAR",
  "nro_orden": 1,
  "orden_absoluto": [
   12,
   23,
   10,
   5,
   1
  ],
  "secundarios": [
   "NORIA, DAIRA AZUCENA",
   "AGUILAR, JAVIER EDUARDO"
  ],
  "sexo": "M",
  "suplentes": [
   "ROJAS, RAQUEL ROSANA",
   "BALCEDA OSAN, JOSE ADRIAN",
   "BALVERDI, ALDANA MILAGROS"
  ]
 },
 {
  "asistida": "Escotor\u00edn RAMIRO DANIEL",
  "cargo_ejecutivo": true,
  "clase": "Candidato",
  "cod_alianza": "685",
  "cod_categoria": "GOB",
  "cod_lista": "685.685.685",
  "cod_partido": "685.685",
  "codigo": "685.685.685.12004",
  "dni": "17581303",
  "id_candidatura": "685.685.685.12004",
  "id_umv": 1208,
  "imagenes": [
   "685.685.685.12004",
   "default_mujer"
  ],
  "nombre": "ESCOTORIN, RAMIRO DANIEL",
  "nro_orden": 1,
  "orden_absoluto": [
   14,
   30,
   78,
   1,
   1
  ],
  "secundarios": [
   "CALIVA, PATRICIA DEL VALLE"
  ],
  "sexo": "M",
  "suplentes": [

  ]
 },
 {
  "asistida": "Voto en BLANCO",
  "cargo_ejecutivo": false,
  "clase": "Blanco",
  "cod_categoria": "CNJ",
  "cod_lista": "",
  "codigo": "BLC",
  "id_candidatura": "BLC",
  "id_umv": 860,
  "imagenes": [
   "BLC"
  ],
  "nombre": "Voto en BLANCO",
  "nro_orden": 5,
  "orden_absoluto": [
   994,
   5
  ],
  "secundarios": [

  ],
  "sexo": null,
  "suplentes": [

  ]
 },
 {
  "asistida": "Voto en BLANCO",
  "cargo_ejecutivo": false,
  "clase": "Blanco",
  "cod_categoria": "DIP",
  "cod_lista": "",
  "codigo": "BLC",
  "id_candidatura": "BLC",
  "id_umv": 1155,
  "imagenes": [
   "BLC"
  ],
  "nombre": "Voto en BLANCO",
  "nro_orden": 3,
  "orden_absoluto": [
   994,
   3
  ],
  "secundarios": [

  ],
  "sexo": null,
  "suplentes": [

  ]
 },
 {
  "asistida": "Voto en BLANCO",
  "cargo_ejecutivo": true,
  "clase": "Blanco",
  "cod_categoria": "GOB",
  "cod_lista": "",
  "codigo": "BLC",
  "id_candidatura": "BLC",
  "id_umv": 1209,
  "imagenes": [
   "BLC"
  ],
  "nombre": "Voto en BLANCO",
  "nro_orden": 1,
  "orden_absoluto": [
   994,
   1
  ],
  "secundarios": [

  ],
  "sexo": null,
  "suplentes": [

  ]
 },
 {
  "asistida": "Voto en BLANCO",
  "cargo_ejecutivo": true,
  "clase": "Blanco",
  "cod_categoria": "INT",
  "cod_lista": "",
  "codigo": "BLC",
  "id_candidatura": "BLC",
  "id_umv": 1634,
  "imagenes": [
   "BLC"
  ],
  "nombre": "Voto en BLANCO",
  "nro_orden": 4,
  "orden_absoluto": [
   994,
   4
  ],
  "secundarios": [

  ],
  "sexo": null,
  "suplentes": [

  ]
 },
 {
  "asistida": "Voto en BLANCO",
  "cargo_ejecutivo": false,
  "clase": "Blanco",
  "cod_categoria": "SEN",
  "cod_lista": "",
  "codigo": "BLC",
  "id_candidatura": "BLC",
  "id_umv": 1889,
  "imagenes": [
   "BLC"
  ],
  "nombre": "Voto en BLANCO",
  "nro_orden": 2,
  "orden_absoluto": [
   994,
   2
  ],
  "secundarios": [

  ],
  "sexo": null,
  "suplentes": [

  ]
 },
 {
  "asistida": "Votos IMPUGNADOS",
  "cargo_ejecutivo": false,
  "clase": "Especial",
  "cod_categoria": "CNJ",
  "cod_lista": "",
  "codigo": "IMP",
  "id_candidatura": "IMP",
  "id_umv": 920,
  "nombre": "Votos IMPUGNADOS",
  "nro_orden": 5,
  "orden_absoluto": [
   995,
   5
  ],
  "secundarios": [

  ],
  "sexo": null,
  "suplentes": [

  ]
 },
 {
  "asistida": "Votos IMPUGNADOS",
  "cargo_ejecutivo": false,
  "clase": "Especial",
  "cod_categoria": "DIP",
  "cod_lista": "",
  "codigo": "IMP",
  "id_candidatura": "IMP",
  "id_umv": 1170,
  "nombre": "Votos IMPUGNADOS",
  "nro_orden": 3,
  "orden_absoluto": [
   995,
   3
  ],
  "secundarios": [

  ],
  "sexo": null,
  "suplentes": [

  ]
 },
 {
  "asistida": "Votos IMPUGNADOS",
  "cargo_ejecutivo": true,
  "clase": "Especial",
  "cod_categoria": "GOB",
  "cod_lista": "",
  "codigo": "IMP",
  "id_candidatura": "IMP",
  "id_umv": 1210,
  "nombre": "Votos IMPUGNADOS",
  "nro_orden": 1,
  "orden_absoluto": [
   995,
   1
  ],
  "secundarios": [

  ],
  "sexo": null,
  "suplentes": [

  ]
 },
 {
  "asistida": "Votos IMPUGNADOS",
  "cargo_ejecutivo": true,
  "clase": "Especial",
  "cod_categoria": "INT",
  "cod_lista": "",
  "codigo": "IMP",
  "id_candidatura": "IMP",
  "id_umv": 1694,
  "nombre": "Votos IMPUGNADOS",
  "nro_orden": 4,
  "orden_absoluto": [
   995,
   4
  ],
  "secundarios": [

  ],
  "sexo": null,
  "suplentes": [

  ]
 },
 {
  "asistida": "Votos IMPUGNADOS",
  "cargo_ejecutivo": false,
  "clase": "Especial",
  "cod_categoria": "SEN",
  "cod_lista": "",
  "codigo": "IMP",
  "id_candidatura": "IMP",
  "id_umv": 1900,
  "nombre": "Votos IMPUGNADOS",
  "nro_orden": 2,
  "orden_absoluto": [
   995,
   2
  ],
  "secundarios": [

  ],
  "sexo": null,
  "suplentes": [

  ]
 },
 {
  "asistida": "Votos OBSERVADOS",
  "cargo_ejecutivo": false,
  "clase": "Especial",
  "cod_categoria": "CNJ",
  "cod_lista": "",
  "codigo": "OBS",
  "id_candidatura": "OBS",
  "id_umv": 980,
  "nombre": "Votos OBSERVADOS",
  "nro_orden": 5,
  "orden_absoluto": [
   996,
   5
  ],
  "secundarios": [

  ],
  "sexo": null,
  "suplentes": [

  ]
 },
 {
  "asistida": "Votos OBSERVADOS",
  "cargo_ejecutivo": false,
  "clase": "Especial",
  "cod_categoria": "DIP",
  "cod_lista": "",
  "codigo": "OBS",
  "id_candidatura": "OBS",
  "id_umv": 1185,
  "nombre": "Votos OBSERVADOS",
  "nro_orden": 3,
  "orden_absoluto": [
   996,
   3
  ],
  "secundarios": [

  ],
  "sexo": null,
  "suplentes": [

  ]
 },
 {
  "asistida": "Votos OBSERVADOS",
  "cargo_ejecutivo": true,
  "clase": "Especial",
  "cod_categoria": "GOB",
  "cod_lista": "",
  "codigo": "OBS",
  "id_candidatura": "OBS",
  "id_umv": 1211,
  "nombre": "Votos OBSERVADOS",
  "nro_orden": 1,
  "orden_absoluto": [
   996,
   1
  ],
  "secundarios": [

  ],
  "sexo": null,
  "suplentes": [

  ]
 },
 {
  "asistida": "Votos OBSERVADOS",
  "cargo_ejecutivo": true,
  "clase": "Especial",
  "cod_categoria": "INT",
  "cod_lista": "",
  "codigo": "OBS",
  "id_candidatura": "OBS",
  "id_umv": 1754,
  "nombre": "Votos OBSERVADOS",
  "nro_orden": 4,
  "orden_absoluto": [
   996,
   4
  ],
  "secundarios": [

  ],
  "sexo": null,
  "suplentes": [

  ]
 },
 {
  "asistida": "Votos OBSERVADOS",
  "cargo_ejecutivo": false,
  "clase": "Especial",
  "cod_categoria": "SEN",
  "cod_lista": "",
  "codigo": "OBS",
  "id_candidatura": "OBS",
  "id_umv": 1911,
  "nombre": "Votos OBSERVADOS",
  "nro_orden": 2,
  "orden_absoluto": [
   996,
   2
  ],
  "secundarios": [

  ],
  "sexo": null,
  "suplentes": [

  ]
 }
]