[
 {
  "GOB": 1197,
  "agrupacion_municipal": false,
  "codigo": "1863.1863.1863",
  "lista_completa": true
 },
 {
  "DIP": 1033,
  "GOB": 1198,
  "SEN": 1805,
  "agrupacion_municipal": false,
  "codigo": "22.22.22",
  "lista_completa": true
 },
 {
  "GOB": 1199,
  "agrupacion_municipal": false,
  "codigo": "3625.3625.3625",
  "lista_completa": true
 },
 {
  "CNJ": 17,
  "INT": 1228,
  "agrupacion_municipal": true,
  "codigo": "3707.3707.3707",
  "lista_completa": true
 },
 {
  "CNJ": 26,
  "DIP": 1037,
  "GOB": 1200,
  "INT": 1233,
  "SEN": 1807,
  "agrupacion_municipal": false,
  "codigo": "3717.13.13",
  "lista_completa": true
 },
 {
  "CNJ": 54,
  "DIP": 1037,
  "GOB": 1200,
  "INT": 1233,
  "SEN": 1807,
  "agrupacion_municipal": false,
  "codigo": "3717.2543.2543",
  "lista_completa": true
 },
 {
  "CNJ": 76,
  "DIP": 1037,
  "GOB": 1200,
  "INT": 1233,
  "SEN": 1807,
  "agrupacion_municipal": false,
  "codigo": "3717.2626.2626",
  "lista_completa": true
 },
 {
  "CNJ": 97,
  "DIP": 1050,
  "GOB": 1200,
  "INT": 1253,
  "SEN": 1815,
  "agrupacion_municipal": false,
  "codigo": "3717.3739.3739",
  "lista_completa": true
 },
 {
  "CNJ": 132,
  "DIP": 1037,
  "GOB": 1200,
  "INT": 1233,
  "SEN": 1807,
  "agrupacion_municipal": false,
  "codigo": "3717.443.443",
  "lista_completa": true
 },
 {
  "CNJ": 151,
  "DIP": 1037,
  "GOB": 1200,
  "INT": 1233,
  "SEN": 1807,
  "agrupacion_municipal": false,
  "codigo": "3717.632.632",
  "lista_completa": true
 },
 {
  "CNJ": 165,
  "DIP": 1063,
  "GOB": 1201,
  "INT": 1295,
  "SEN": 1827,
  "agrupacion_municipal": false,
  "codigo": "3723.12.12",
  "lista_completa": true
 },
 {
  "CNJ": 174,
  "DIP": 1063,
  "GOB": 1201,
  "INT": 1295,
  "SEN": 1827,
  "agrupacion_municipal": false,
  "codigo": "3723.1796.1796",
  "lista_completa": true
 },
 {
  "CNJ": 177,
  "DIP": 1063,
  "GOB": 1201,
  "INT": 1295,
  "SEN": 1827,
  "agrupacion_municipal": false,
  "codigo": "3723.1872.1872",
  "lista_completa": true
 },
 {
  "CNJ": 179,
  "DIP": 1063,
  "GOB": 1201,
  "INT": 1295,
  "SEN": 1827,
  "agrupacion_municipal": false,
  "codigo": "3723.3649.3649",
  "lista_completa": true
 },
 {
  "CNJ": 192,
  "DIP": 1063,
  "GOB": 1201,
  "INT": 1295,
  "SEN": 1827,
  "agrupacion_municipal": false,
  "codigo": "3723.3741.3741",
  "lista_completa": true
 },
 {
  "DIP": 1071,
  "GOB": 1202,
  "INT": 1335,
  "SEN": 1833,
  "agrupacion_municipal": false,
  "codigo": "3728.3742.3742",
  "lista_completa": false
 },
 {
  "CNJ": 243,
  "DIP": 1071,
  "GOB": 1202,
  "INT": 1335,
  "SEN": 1833,
  "agrupacion_municipal": false,
  "codigo": "3728.3748.3748",
  "lista_completa": true
 },
 {
  "CNJ": 271,
  "DIP": 1079,
  "GOB": 1203,
  "INT": 1361,
  "SEN": 1841,
  "agrupacion_municipal": false,
  "codigo": "3729.3747.3747",
  "lista_completa": true
 },
 {
  "CNJ": 303,
  "DIP": 1091,
  "GOB": 1204,
  "INT": 1390,
  "SEN": 1851,
  "agrupacion_municipal": false,
  "codigo": "3730.3746.3746",
  "lista_completa": true
 },
 {
  "CNJ": 328,
  "DIP": 1091,
  "GOB": 1204,
  "INT": 1390,
  "SEN": 1851,
  "agrupacion_municipal": false,
  "codigo": "3730.446.446",
  "lista_completa": true
 },
 {
  "CNJ": 336,
  "DIP": 1091,
  "GOB": 1204,
  "INT": 1390,
  "SEN": 1851,
  "agrupacion_municipal": false,
  "codigo": "3730.461.461",
  "lista_completa": true
 },
 {
  "CNJ": 358,
  "DIP": 1100,
  "GOB": 1205,
  "INT": 1424,
  "SEN": 1856,
  "agrupacion_municipal": false,
  "codigo": "3731.3743.3743",
  "lista_completa": true
 },
 {
  "CNJ": 383,
  "DIP": 1106,
  "GOB": 1206,
  "INT": 1448,
  "SEN": 1860,
  "agrupacion_municipal": false,
  "codigo": "3732.3740.3740",
  "lista_completa": true
 },
 {
  "CNJ": 413,
  "DIP": 1124,
  "GOB": 1207,
  "INT": 1494,
  "SEN": 1869,
  "agrupacion_municipal": false,
  "codigo": "3733.10.10",
  "lista_completa": true
 },
 {
  "CNJ": 415,
  "DIP": 1124,
  "GOB": 1207,
  "INT": 1494,
  "SEN": 1869,
  "agrupacion_municipal": false,
  "codigo": "3733.1861.1861",
  "lista_completa": true
 },
 {
  "CNJ": 439,
  "DIP": 1124,
  "GOB": 1207,
  "INT": 1494,
  "SEN": 1869,
  "agrupacion_municipal": false,
  "codigo": "3733.1862.1862",
  "lista_completa": true
 },
 {
  "CNJ": 472,
  "DIP": 1124,
  "GOB": 1207,
  "INT": 1494,
  "SEN": 1869,
  "agrupacion_municipal": false,
  "codigo": "3733.1869.1869",
  "lista_completa": true
 },
 {
  "CNJ": 499,
  "DIP": 1124,
  "GOB": 1207,
  "INT": 1494,
  "SEN": 1869,
  "agrupacion_municipal": false,
  "codigo": "3733.2625.2625",
  "lista_completa": true
 },
 {
  "CNJ": 515,
  "DIP": 1124,
  "GOB": 1207,
  "INT": 1494,
  "SEN": 1869,
  "agrupacion_municipal": false,
  "codigo": "3733.2627.2627",
  "lista_completa": true
 },
 {
  "DIP": 1124,
  "GOB": 1207,
  "INT": 1494,
  "SEN": 1869,
  "agrupacion_municipal": false,
  "codigo": "3733.3744.3744",
  "lista_completa": false
 },
 {
  "CNJ": 560,
  "DIP": 1124,
  "GOB": 1207,
  "INT": 1494,
  "SEN": 1869,
  "agrupacion_municipal": false,
  "codigo": "3733.38.38",
  "lista_completa": true
 },
 {
  "GOB": 1207,
  "agrupacion_municipal": false,
  "codigo": "3734.3737.3737",
  "lista_completa": true
 },
 {
  "CNJ": 595,
  "DIP": 1137,
  "GOB": 1207,
  "INT": 1549,
  "SEN": 1877,
  "agrupacion_municipal": false,
  "codigo": "3735.15.15",
  "lista_completa": true
 },
 {
  "CNJ": 610,
  "DIP": 1137,
  "GOB": 1207,
  "INT": 1549,
  "SEN": 1877,
  "agrupacion_municipal": false,
  "codigo": "3735.1873.1873",
  "lista_completa": true
 },
 {
  "CNJ": 642,
  "DIP": 1137,
  "GOB": 1207,
  "INT": 1549,
  "SEN": 1877,
  "agrupacion_municipal": false,
  "codigo": "3735.208.208",
  "lista_completa": true
 },
 {
  "CNJ": 679,
  "DIP": 1137,
  "GOB": 1207,
  "INT": 1549,
  "SEN": 1877,
  "agrupacion_municipal": false,
  "codigo": "3735.32.32",
  "lista_completa": true
 },
 {
  "CNJ": 712,
  "DIP": 1137,
  "GOB": 1207,
  "INT": 1549,
  "SEN": 1877,
  "agrupacion_municipal": false,
  "codigo": "3735.3650.3650",
  "lista_completa": true
 },
 {
  "DIP": 1137,
  "GOB": 1207,
  "INT": 1549,
  "SEN": 1877,
  "agrupacion_municipal": false,
  "codigo": "3735.3745.3745",
  "lista_completa": false
 },
 {
  "CNJ": 757,
  "DIP": 1137,
  "GOB": 1207,
  "INT": 1549,
  "SEN": 1877,
  "agrupacion_municipal": false,
  "codigo": "3735.4.4",
  "lista_completa": true
 },
 {
  "CNJ": 807,
  "DIP": 1137,
  "GOB": 1207,
  "INT": 1549,
  "SEN": 1877,
  "agrupacion_municipal": false,
  "codigo": "3735.460.460",
  "lista_completa": true
 },
 {
  "GOB": 1208,
  "agrupacion_municipal": false,
  "codigo": "685.685.685",
  "lista_completa": true
 },
 {
  "CNJ": 896,
  "DIP": 1165,
  "GOB": 1209,
  "INT": 1670,
  "SEN": 1895,
  "agrupacion_municipal": false,
  "codigo": "BLC",
  "lista_completa": true
 }
]