[
 {
  "asistida": "PLANES DANIELA",
  "cargo_ejecutivo": true,
  "clase": "Candidato",
  "cod_alianza": "1863",
  "cod_categoria": "GOB",
  "cod_lista": "1863.1863.1863",
  "cod_partido": "1863.1863",
  "codigo": "1863.1863.1863.2069",
  "dni": "28523544",
  "id_candidatura": "1863.1863.1863.2069",
  "id_umv": 1197,
  "imagenes": [
   "1863.1863.1863.2069",
   "default_mujer"
  ],
  "nombre": "PLANES, DANIELA",
  "nro_orden": 1,
  "orden_absoluto": [
   22,
   53,
   12,
   1,
   1
  ],
  "secundarios": [
   "TEJERINA, VERONICA"
  ],
  "sexo": "F",
  "suplentes": [

  ]
 },
 {
  "asistida": "GIL VIOLETA",
  "cargo_ejecutivo": true,
  "clase": "Candidato",
  "cod_alianza": "22",
  "cod_categoria": "GOB",
  "cod_lista": "22.22.22",
  "cod_partido": "22.22",
  "codigo": "22.22.22.3409",
  "dni": "33984630",
  "id_candidatura": "22.22.22.3409",
  "id_umv": 1198,
  "imagenes": [
   "22.22.22.3409",
   "default"
  ],
  "nombre": "GIL, VIOLETA",
  "nro_orden": 1,
  "orden_absoluto": [
   23,
   62,
   3,
   1,
   1
  ],
  "secundarios": [
   "TOLABA, ANGEL RODOLFO"
  ],
  "sexo": "F",
  "suplentes": [

  ]
 },
 {
  "asistida": "MENDOZA CINTIA NOELIA",
  "cargo_ejecutivo": false,
  "clase": "Candidato",
  "cod_alianza": "22",
  "cod_categoria": "SEN",
  "cod_lista": "22.22.22",
  "cod_partido": "22.22",
  "codigo": "22.22.22.3413",
  "dni": "32943159",
  "id_candidatura": "22.22.22.3413",
  "id_umv": 1805,
  "imagenes": [
   "22.22.22.3413"
  ],
  "nombre": "MENDOZA, CINTA NOELIA",
  "nro_orden": 1,
  "orden_absoluto": [
   23,
   62,
   3,
   2,
   1
  ],
  "secundarios": [

  ],
  "sexo": "F",
  "suplentes": [

  ]
 },
 {
  "asistida": "ROMERO GE\u00d3RGIA DEL MILAGRO",
  "cargo_ejecutivo": false,
  "clase": "Candidato",
  "cod_alianza": "22",
  "cod_categoria": "DIP",
  "cod_lista": "22.22.22",
  "cod_partido": "22.22",
  "codigo": "22.22.22.3436",
  "dni": "26637914",
  "id_candidatura": "22.22.22.3436",
  "id_umv": 1033,
  "imagenes": [
   "22.22.22.3436",
   "default",
   "default_mujer"
  ],
  "nombre": "ROMERO, GEORGIA DEL MILAGRO",
  "nro_orden": 1,
  "orden_absoluto": [
   23,
   62,
   3,
   3,
   1
  ],
  "secundarios": [
   "PERACHI, LUIS ORLANDO",
   "VARGAS, MERCEDES YOLANDA"
  ],
  "sexo": "F",
  "suplentes": [
   "SORENSEN, FEDERICO HENRY",
   "DIAZ, NELIDA CRISTINA"
  ]
 },
 {
  "asistida": "TogNolini MARCOS",
  "cargo_ejecutivo": true,
  "clase": "Candidato",
  "cod_alianza": "3625",
  "cod_categoria": "GOB",
  "cod_lista": "3625.3625.3625",
  "cod_partido": "3625.3625",
  "codigo": "3625.3625.3625.5312",
  "dni": "29336659",
  "id_candidatura": "3625.3625.3625.5312",
  "id_umv": 1199,
  "imagenes": [
   "3625.3625.3625.5312",
   "default_mujer"
  ],
  "nombre": "TOGNOLINI, MARCOS",
  "nro_orden": 1,
  "orden_absoluto": [
   21,
   43,
   21,
   1,
   1
  ],
  "secundarios": [
   "RAMOS, MIRTA ADRIANA"
  ],
  "sexo": "M",
  "suplentes": [

  ]
 },
 {
  "asistida": "CARRIZO JOS\u00c9 LEONARDO",
  "cargo_ejecutivo": true,
  "clase": "Candidato",
  "cod_alianza": "3707",
  "cod_categoria": "INT",
  "cod_lista": "3707.3707.3707",
  "cod_partido": "3707.3707",
  "codigo": "3707.3707.3707.6173",
  "dni": "26833544",
  "id_candidatura": "3707.3707.3707.6173",
  "id_umv": 1228,
  "imagenes": [
   "default"
  ],
  "nombre": "CARRIZO, JOSE LEONARDO",
  "nro_orden": 1,
  "orden_absoluto": [
   20,
   42,
   48,
   4,
   1
  ],
  "secundarios": [

  ],
  "sexo": "M",
  "suplentes": [

  ]
 },
 {
  "asistida": "CARDOZO FRANCO IV\u00c1N",
  "cargo_ejecutivo": false,
  "clase": "Candidato",
  "cod_alianza": "3707",
  "cod_categoria": "CNJ",
  "cod_lista": "3707.3707.3707",
  "cod_partido": "3707.3707",
  "codigo": "3707.3707.3707.6174",
  "dni": "36439247",
  "id_candidatura": "3707.3707.3707.6174",
  "id_umv": 17,
  "imagenes": [
   "3707.3707.3707.6174",
   "default_mujer",
   "default",
   "default_mujer",
   "default",
   "default_mujer",
   "default",
   "default_mujer",
   "default",
   "default_mujer",
   "default",
   "default_mujer"
  ],
  "nombre": "CARDOZO, FRANCO",
  "nro_orden": 1,
  "orden_absoluto": [
   20,
   42,
   48,
   5,
   1
  ],
  "secundarios": [
   "ABRAHAM, KARINA FLORA",
   "RODRIGUEZ, JOSE ALEJANDRO",
   "NU\u00d1EZ, MARTA BEATRIZ",
   "JAIME, GABRIEL MOISES",
   "ARECO, SARA DEL CARMEN",
   "SALVATIERRA, JUAN CARLOS",
   "MORENO, NELIDA EMILIANA",
   "BARBOZA, ARTURO RAMON",
   "VACA, CINTIA CARINA",
   "BARRIOS, VICTOR SEBASTIAN",
   "ROMERO, TERESA DEL MILAGRO"
  ],
  "sexo": "M",
  "suplentes": [
   "NARVAEZ, ARGENTINO ELIAZAR",
   "PARISI, CAROLINA FERNANDA",
   "CANCHI, GASTON ADRIAN"
  ]
 },
 {
  "asistida": "ESPER ALEJANDRO JES\u00daS",
  "cargo_ejecutivo": false,
  "clase": "Candidato",
  "cod_alianza": "3717",
  "cod_categoria": "SEN",
  "cod_lista": "3717.13.13",
  "cod_partido": "3717.13",
  "codigo": "3717.13.13.416",
  "dni": "24514169",
  "id_candidatura": "3717.13.13.416",
  "id_umv": 1807,
  "imagenes": [
   "3717.13.13.416"
  ],
  "nombre": "DR. ESPER, ALEJANDRO",
  "nro_orden": 1,
  "orden_absoluto": [
   6,
   52,
   75,
   2,
   1
  ],
  "secundarios": [

  ],
  "sexo": "M",
  "suplentes": [
   "GUITIAN, RITA"
  ]
 },
 {
  "asistida": "JUAREZ JORGELINA \"KOKY\"",
  "cargo_ejecutivo": false,
  "clase": "Candidato",
  "cod_alianza": "3717",
  "cod_categoria": "DIP",
  "cod_lista": "3717.13.13",
  "cod_partido": "3717.13",
  "codigo": "3717.13.13.431",
  "dni": "35134704",
  "id_candidatura": "3717.13.13.431",
  "id_umv": 1037,
  "imagenes": [
   "3717.13.13.431",
   "default",
   "default_mujer"
  ],
  "nombre": "JUAREZ, \u201cKOKY\u201d",
  "nro_orden": 1,
  "orden_absoluto": [
   6,
   52,
   75,
   3,
   1
  ],
  "secundarios": [
   "ERAZO, CARLOS ALBERTO",
   "MOYA, SONIA ELENA"
  ],
  "sexo": "F",
  "suplentes": [
   "DIAZ, MARIO ALBERTO",
   "BLANCO PONS, FLORENCIA",
   "JUAREZ, NERI GUSTAVO"
  ]
 },
 {
  "asistida": "ILLESCA CRISTIAN DAVID",
  "cargo_ejecutivo": true,
  "clase": "Candidato",
  "cod_alianza": "3717",
  "cod_categoria": "INT",
  "cod_lista": "3717.13.13",
  "cod_partido": "3717.13",
  "codigo": "3717.13.13.439",
  "dni": "30190610",
  "id_candidatura": "3717.13.13.439",
  "id_umv": 1233,
  "imagenes": [
   "3717.13.13.439"
  ],
  "nombre": "ILLESCA, CRISTIAN",
  "nro_orden": 1,
  "orden_absoluto": [
   6,
   52,
   75,
   4,
   1
  ],
  "secundarios": [

  ],
  "sexo": "M",
  "suplentes": [

  ]
 },
 {
  "asistida": "HILARIO VER\u00d3NICA NOEM\u00cd",
  "cargo_ejecutivo": false,
  "clase": "Candidato",
  "cod_alianza": "3717",
  "cod_categoria": "CNJ",
  "cod_lista": "3717.13.13",
  "cod_partido": "3717.13",
  "codigo": "3717.13.13.531",
  "dni": "32316819",
  "id_candidatura": "3717.13.13.531",
  "id_umv": 26,
  "imagenes": [
   "3717.13.13.531",
   "default",
   "default_mujer",
   "default",
   "default_mujer",
   "default",
   "default_mujer",
   "default",
   "default_mujer",
   "default",
   "default_mujer",
   "default"
  ],
  "nombre": "HILARIO, VERONICA",
  "nro_orden": 1,
  "orden_absoluto": [
   6,
   52,
   75,
   5,
   1
  ],
  "secundarios": [
   "LEGUIZAMON, FERNANDO VALENTIN",
   "HERRERA, VILMA RAQUEL",
   "OCARANZA, JOAQUIN ALEJANDRO",
   "AVILA, MARTA ELIZABET",
   "INFANTE, AGUSTIN ANIBAL",
   "HUERTAS, CAROLINA GRACIELA",
   "AGUER, JUAN MANUEL",
   "TOLEDO, NORA ELIZABETH",
   "MONTA\u00d1O, JUAN ANGEL DANIEL",
   "MANDARECO, ELIANA SOLEDAD",
   "SARAVIA, RICARDO RAMIRO"
  ],
  "sexo": "F",
  "suplentes": [
   "JUAREZ, NOELIA FERNANDA"
  ]
 },
 {
  "asistida": "BARAC\u00c1TT RUIZ JORGE",
  "cargo_ejecutivo": false,
  "clase": "Candidato",
  "cod_alianza": "3717",
  "cod_categoria": "CNJ",
  "cod_lista": "3717.2543.2543",
  "cod_partido": "3717.2543",
  "codigo": "3717.2543.2543.3696",
  "dni": "29499411",
  "id_candidatura": "3717.2543.2543.3696",
  "id_umv": 54,
  "imagenes": [
   "3717.2543.2543.3696",
   "default_mujer",
   "default",
   "default_mujer",
   "default",
   "default_mujer",
   "default",
   "default_mujer",
   "default",
   "default_mujer",
   "default",
   "default_mujer"
  ],
  "nombre": "BARACATT, JORGE",
  "nro_orden": 1,
  "orden_absoluto": [
   6,
   71,
   17,
   5,
   1
  ],
  "secundarios": [
   "DANIEL, STELLA MARIS",
   "LEIVA, ADAN RODOLFO",
   "AVENDA\u00d1O, ALEJANDRA ELIZABETH",
   "NIGATAKE, MATIAS HUGO",
   "JIMENEZ ZAMORA, TAMARA MARCELA",
   "YSIDORO SINGH, FERNANDO ALBERTO",
   "SORUCO, FLORENCIA AGUSTINA",
   "POSSE NU\u00d1EZ, FEDERICO LUIS",
   "MUTUAN, AILEN NAHIR",
   "JUAREZ, MIGUEL ROLANDO",
   "QUISPE, GRACIELA ABIGAIL"
  ],
  "sexo": "M",
  "suplentes": [
   "GONZALEZ, MATIAS JUAN",
   "MANDARECO, ANDREA JOANA"
  ]
 },
 {
  "asistida": "GARECA JORGELINA VER\u00d3NICA",
  "cargo_ejecutivo": false,
  "clase": "Candidato",
  "cod_alianza": "3717",
  "cod_categoria": "CNJ",
  "cod_lista": "3717.2626.2626",
  "cod_partido": "3717.2626",
  "codigo": "3717.2626.2626.4410",
  "dni": "26215941",
  "id_candidatura": "3717.2626.2626.4410",
  "id_umv": 76,
  "imagenes": [
   "3717.2626.2626.4410",
   "default",
   "default_mujer",
   "default",
   "default_mujer",
   "default",
   "default_mujer",
   "default",
   "default_mujer",
   "default",
   "default_mujer",
   "default"
  ],
  "nombre": "GARECA, JORGELINA",
  "nro_orden": 1,
  "orden_absoluto": [
   6,
   4,
   19,
   5,
   1
  ],
  "secundarios": [
   "MEALLA, GUILLERMO FERNANDO",
   "ROMERO PATO, MAITE GABRIELA",
   "SEGUNDO, JUAN GABRIEL",
   "CONDORI, CLAUDIA PATRICIA",
   "RIVERA, MIGUEL ANGEL",
   "PERALTA, SOLEDAD MARIANA",
   "GIRA, FRANCISCO",
   "RODRIGUEZ, CAREN MARLEN",
   "GUZMAN, OSCAR HUMBERTO",
   "MOLINA, ZULMA DILMA",
   "BRAVO, DANIEL ARMANDO"
  ],
  "sexo": "F",
  "suplentes": [
   "VARELA, GABRIELA ELIZABETH",
   "CONTRERAS, JONATAN KEVIN"
  ]
 },
 {
  "asistida": "ESTRADA EMILIANO RAFAEL",
  "cargo_ejecutivo": true,
  "clase": "Candidato",
  "cod_alianza": "3717",
  "cod_categoria": "GOB",
  "cod_lista": "3717.3739.3739",
  "cod_partido": "3717.3739",
  "codigo": "3717.3739.3739.6360",
  "dni": "32165256",
  "id_candidatura": "3717.3739.3739.6360",
  "id_umv": 1200,
  "imagenes": [
   "3717.3739.3739.6360",
   "default"
  ],
  "nombre": "ESTRADA, EMILIANO",
  "nro_orden": 1,
  "orden_absoluto": [
   6,
   17,
   64,
   1,
   1
  ],
  "secundarios": [
   "ZAPATA, CARLOS RAUL"
  ],
  "sexo": "M",
  "suplentes": [

  ]
 },
 {
  "asistida": "BRUNO NELLY MAB\u00c9L",
  "cargo_ejecutivo": false,
  "clase": "Candidato",
  "cod_alianza": "3717",
  "cod_categoria": "SEN",
  "cod_lista": "3717.3739.3739",
  "cod_partido": "3717.3739",
  "codigo": "3717.3739.3739.6376",
  "dni": "11767710",
  "id_candidatura": "3717.3739.3739.6376",
  "id_umv": 1815,
  "imagenes": [
   "3717.3739.3739.6376"
  ],
  "nombre": "BRUNO, MABEL",
  "nro_orden": 1,
  "orden_absoluto": [
   6,
   17,
   64,
   2,
   1
  ],
  "secundarios": [

  ],
  "sexo": "F",
  "suplentes": [
   "CHEIN, HECTOR GUSTAVO"
  ]
 },
 {
  "asistida": "COBOS PABLO EZEQUIEL",
  "cargo_ejecutivo": false,
  "clase": "Candidato",
  "cod_alianza": "3717",
  "cod_categoria": "DIP",
  "cod_lista": "3717.3739.3739",
  "cod_partido": "3717.3739",
  "codigo": "3717.3739.3739.6420",
  "dni": "32492298",
  "id_candidatura": "3717.3739.3739.6420",
  "id_umv": 1050,
  "imagenes": [
   "3717.3739.3739.6420",
   "default_mujer",
   "default"
  ],
  "nombre": "COBOS, PABLO",
  "nro_orden": 1,
  "orden_absoluto": [
   6,
   17,
   64,
   3,
   1
  ],
  "secundarios": [
   "RIOS, MIRNA DEL CARMEN",
   "ROMERO, JUAN DOMINGO"
  ],
  "sexo": "M",
  "suplentes": [
   "QUIPILDOR, SANDRA PAOLA",
   "RAMON, RICARDO ARIEL"
  ]
 },
 {
  "asistida": "Meri ROBERTO",
  "cargo_ejecutivo": true,
  "clase": "Candidato",
  "cod_alianza": "3717",
  "cod_categoria": "INT",
  "cod_lista": "3717.3739.3739",
  "cod_partido": "3717.3739",
  "codigo": "3717.3739.3739.6438",
  "dni": "7673996",
  "id_candidatura": "3717.3739.3739.6438",
  "id_umv": 1253,
  "imagenes": [
   "3717.3739.3739.6438"
  ],
  "nombre": "MERI, ROBERTO",
  "nro_orden": 1,
  "orden_absoluto": [
   6,
   17,
   64,
   4,
   1
  ],
  "secundarios": [

  ],
  "sexo": "M",
  "suplentes": [

  ]
 },
 {
  "asistida": "COPES MIRTA Ed\u00edt",
  "cargo_ejecutivo": false,
  "clase": "Candidato",
  "cod_alianza": "3717",
  "cod_categoria": "CNJ",
  "cod_lista": "3717.3739.3739",
  "cod_partido": "3717.3739",
  "codigo": "3717.3739.3739.6580",
  "dni": "12701665",
  "id_candidatura": "3717.3739.3739.6580",
  "id_umv": 97,
  "imagenes": [
   "3717.3739.3739.6580",
   "default",
   "default_mujer",
   "default",
   "default_mujer",
   "default",
   "default_mujer",
   "default",
   "default_mujer",
   "default",
   "default_mujer",
   "default"
  ],
  "nombre": "COPES, MIRTA",
  "nro_orden": 1,
  "orden_absoluto": [
   6,
   17,
   64,
   5,
   1
  ],
  "secundarios": [
   "SUAREZ, CARLOS ALBERTO",
   "GOMILA AGUIRRE, SABRINA ADRIANA",
   "AVILA, ROBERTO ALEJANDRO",
   "GUANTAY, ADRIANA CAROLINA",
   "JEREZ, VICTOR HUGO",
   "NAVEDA, ELSA EDITH",
   "DIAZ, SERGIO ROLANDO",
   "VELASQUEZ, LUCILA MARISEL",
   "AGUIRRE, RAMON",
   "SIERRA, IRMA YOLANDA",
   "ARG\u00dcELLO, MARCELO RODOLFO"
  ],
  "sexo": "F",
  "suplentes": [
   "CHAILE, GLADYS ROSANNA",
   "ALDANA, HERIBERTO RICARDO"
  ]
 },
 {
  "asistida": "PEREZ LUIS ERNESTO JAVIER",
  "cargo_ejecutivo": false,
  "clase": "Candidato",
  "cod_alianza": "3717",
  "cod_categoria": "CNJ",
  "cod_lista": "3717.443.443",
  "cod_partido": "3717.443",
  "codigo": "3717.443.443.10677",
  "dni": "39216954",
  "id_candidatura": "3717.443.443.10677",
  "id_umv": 132,
  "imagenes": [
   "3717.443.443.10677",
   "default_mujer",
   "default",
   "default_mujer",
   "default",
   "default_mujer",
   "default",
   "default_mujer",
   "default",
   "default_mujer",
   "default",
   "default_mujer"
  ],
  "nombre": "PEREZ, JAVIER",
  "nro_orden": 1,
  "orden_absoluto": [
   6,
   69,
   9,
   5,
   1
  ],
  "secundarios": [
   "LAZARTE, ALBA ROCIO",
   "LOBO, JESUS ALBERTO",
   "CABANA, BERTA ANALIA",
   "BLANCO PONS, RODRIGO MARTIN",
   "PEREZ, ROSA ELIZABETH",
   "RIOJA, FABRICIO ALEJANDRO",
   "SUAREZ, SILVIA LILIANA",
   "BLANCO, ROBERTO ENRIQUE",
   "SARAVIA, ROCIO FLORENCIA",
   "SEGUNDO, IGNACIO MANUEL GABRIEL",
   "RODRIGUEZ, CRISTINA DEL VALLE"
  ],
  "sexo": "M",
  "suplentes": [
   "DIONISIO, AARON ULISES",
   "PONS, TERESITA DEL MILAGRO"
  ]
 },
 {
  "asistida": "RIVERA PUMA LUIS JAVIER",
  "cargo_ejecutivo": false,
  "clase": "Candidato",
  "cod_alianza": "3717",
  "cod_categoria": "CNJ",
  "cod_lista": "3717.632.632",
  "cod_partido": "3717.632",
  "codigo": "3717.632.632.11838",
  "dni": "33168604",
  "id_candidatura": "3717.632.632.11838",
  "id_umv": 151,
  "imagenes": [
   "3717.632.632.11838",
   "default_mujer",
   "default",
   "default_mujer",
   "default",
   "default_mujer",
   "default",
   "default_mujer",
   "default",
   "default_mujer",
   "default",
   "default_mujer"
  ],
  "nombre": "RIVERA, JAVIER",
  "nro_orden": 1,
  "orden_absoluto": [
   6,
   47,
   8,
   5,
   1
  ],
  "secundarios": [
   "GUZMAN, NADIA GIMENA",
   "CHOQUE, FERNANDO MANUEL",
   "GUZMAN, FLORENCIA DELIZABET",
   "ILLESCA, OSCAR ALEJANDRO",
   "RODRIGUEZ, ELENA ELIZABETH",
   "GUZMAN, VICTOR IGNACIO",
   "LEIVA, RUTH DANIELA",
   "FLORES, RAUL ALBERTO",
   "SALINA, PATRICIA MARCELA",
   "CHASAMPI, MANUEL JOSE",
   "DELGADO, MONICA DEL CARMEN"
  ],
  "sexo": "M",
  "suplentes": [
   "VALENCIA, MANUEL FRANCISCO"
  ]
 },
 {
  "asistida": "NAY\u00c1R SERGIO LEONARDO",
  "cargo_ejecutivo": false,
  "clase": "Candidato",
  "cod_alianza": "3723",
  "cod_categoria": "CNJ",
  "cod_lista": "3723.12.12",
  "cod_partido": "3723.12",
  "codigo": "3723.12.12.311",
  "dni": "24359228",
  "id_candidatura": "3723.12.12.311",
  "id_umv": 165,
  "imagenes": [
   "3723.12.12.311",
   "default_mujer",
   "default",
   "default_mujer",
   "default",
   "default_mujer",
   "default",
   "default_mujer",
   "default",
   "default_mujer",
   "default",
   "default_mujer"
  ],
  "nombre": "NAYAR, SERGIO LEONARDO",
  "nro_orden": 1,
  "orden_absoluto": [
   5,
   57,
   72,
   5,
   1
  ],
  "secundarios": [
   "CARDOZO, LUCIA IRENE",
   "FERNANDEZ ROBLEDO, JULIO",
   "TARAPAYU, MARIA VERONICA",
   "SOSA, FERMIN",
   "GOMEZ, CLAUDIA",
   "CONTRERAS, DIEGO",
   "PRIMERO, RUTH MARIBEL",
   "BARRIOS, MANUEL EDGARDO",
   "QUINTANA, ANGELINA ARIANA",
   "MORALES, ARIEL MAURICIO",
   "VALDEZ, DAIANA MARIA ESTHER"
  ],
  "sexo": "M",
  "suplentes": [
   "GEREZ, DANIEL YAMIL",
   "VALVERDE, JENIFER GUADALUPE",
   "CORBALAN, NICOLAS JONATHAN",
   "VALVERDE, ZULEMA ELIZABETH",
   "CASTRO GOMEZ, EMANUEL",
   "CONTRERAS, ERIKA ALEJANDRA",
   "CORDOBA, CLAUDIO MAXIMILIANO",
   "UGARTE, LUCIA DE JESUS",
   "CONTRERAS, ULISES DIEGO"
  ]
 },
 {
  "asistida": "FIGUEROA JORGE ADRIAN",
  "cargo_ejecutivo": false,
  "clase": "Candidato",
  "cod_alianza": "3723",
  "cod_categoria": "CNJ",
  "cod_lista": "3723.1796.1796",
  "cod_partido": "3723.1796",
  "codigo": "3723.1796.1796.1319",
  "dni": "40709905",
  "id_candidatura": "3723.1796.1796.1319",
  "id_umv": 174,
  "imagenes": [
   "3723.1796.1796.1319",
   "default_mujer",
   "default",
   "default_mujer",
   "default",
   "default_mujer",
   "default",
   "default_mujer",
   "default",
   "default_mujer",
   "default",
   "default_mujer"
  ],
  "nombre": "FIGUEROA, JORGE ADRIAN",
  "nro_orden": 1,
  "orden_absoluto": [
   5,
   60,
   18,
   5,
   1
  ],
  "secundarios": [
   "AG\u00dcERO, SARA NOEMI",
   "GONZALEZ, MATIAS ALEJANDRO",
   "SALAZAR, RINA ESTHER",
   "CRUZ, CIRILO VALENTIN",
   "TEJERINA, MARIA EUGENIA",
   "VALDIVIEZO, HORACIO MARTIN",
   "FLORES, SILVIA RAMONA",
   "LEON, FELIX ARCENIO",
   "MIRANDA, SOFIA RAMONA",
   "CORTEZ, JORGE ERNESTO",
   "AG\u00dcERO, JESICA JUDITH"
  ],
  "sexo": "M",
  "suplentes": [
   "FIGUEROA, NICOLAS AGUSTIN",
   "FIGUEROA, MARIA CAMILA",
   "MIRANDA, MAXIMILIANO ALEX",
   "FIGUEROA, MARIANA ELIZABET",
   "MIRANDA, AXEL FABIAN",
   "CRUZ, ELSA ALBINA",
   "GUTIERREZ, KEVIN BRAIAN",
   "GARCIA, NOELIA DEL ROSARIO",
   "OJEDA, VICTOR EDGARDO",
   "MARTINEZ, ROSALIA VICTORIA"
  ]
 },
 {
  "asistida": "AGUIRRE RICARDO MARCELINO",
  "cargo_ejecutivo": false,
  "clase": "Candidato",
  "cod_alianza": "3723",
  "cod_categoria": "CNJ",
  "cod_lista": "3723.1872.1872",
  "cod_partido": "3723.1872",
  "codigo": "3723.1872.1872.2495",
  "dni": "24864575",
  "id_candidatura": "3723.1872.1872.2495",
  "id_umv": 177,
  "imagenes": [
   "3723.1872.1872.2495",
   "default_mujer",
   "default",
   "default_mujer",
   "default",
   "default_mujer",
   "default",
   "default_mujer",
   "default",
   "default_mujer",
   "default",
   "default_mujer"
  ],
  "nombre": "AGUIRRE, RICARDO MARCELINO",
  "nro_orden": 1,
  "orden_absoluto": [
   5,
   9,
   47,
   5,
   1
  ],
  "secundarios": [
   "RODRIGUEZ, YESICA JANET",
   "CONDORI, HECTOR DANIEL",
   "LUIS, JUDITH PAMELA",
   "VIDAL, JOSE LUIS",
   "CASTRO, MONICA DEL VALLE",
   "VAZQUEZ, JULIO CESAR",
   "GALEANO, MARIA FERNANDA",
   "CUELLO, GONZALO MATIAS",
   "ZUETA, NOELIA ROSAURA",
   "VAZQUEZ, CARLOS ALFREDO",
   "FLORES, SANDRA ISABEL"
  ],
  "sexo": "M",
  "suplentes": [
   "MOLINA, OVIDIO DEMETRIO",
   "ORTEGA, ROMINA ELIZABETH",
   "MAURIZZIO, CARLOS DANIEL",
   "TOLABA, SONIA RAQUEL",
   "FAJURE DIAZ, VICTOR NICOLAS",
   "ORTEGA, SOFIA ADRIANA",
   "SANGUEDOLCE ALEMAN, SALVADOR",
   "LEON SALAS, JULIETA MELISA",
   "TEJERINA, RAMON ALEJANDRO",
   "LEON SALAS, ALICIA NAZARENA",
   "YURQUINA, MARIO WALTER",
   "RODRIGUEZ, REBECA ROSA"
  ]
 },
 {
  "asistida": "CARVAJAL RUB\u00c9N ANTONIO",
  "cargo_ejecutivo": false,
  "clase": "Candidato",
  "cod_alianza": "3723",
  "cod_categoria": "CNJ",
  "cod_lista": "3723.3649.3649",
  "cod_partido": "3723.3649",
  "codigo": "3723.3649.3649.5458",
  "dni": "25324802",
  "id_candidatura": "3723.3649.3649.5458",
  "id_umv": 179,
  "imagenes": [
   "3723.3649.3649.5458",
   "default_mujer",
   "default",
   "default_mujer",
   "default",
   "default_mujer",
   "default",
   "default_mujer",
   "default",
   "default_mujer",
   "default",
   "default_mujer"
  ],
  "nombre": "CARAVAJAL, RUBEN ANTONIO",
  "nro_orden": 1,
  "orden_absoluto": [
   5,
   29,
   22,
   5,
   1
  ],
  "secundarios": [
   "BERMEJO, JIMENA NATALI",
   "CARVAJAL, RENZO WALDO",
   "RIOS, YENIFER DEL MILAGRO",
   "QUISPE, CARLOS JAVIER",
   "LIRA, ANDREA LUJAN",
   "RUIZ, PEDRO DAVID",
   "BERMEJO, ROCIO LISETH",
   "CASTILLO, IVAN LAUTARO",
   "SIBAUTI, FLORENCIA IRINA",
   "TAPIA, GUSTAVO EZEQUIEL",
   "MIRANDA, CYNTIA MACARENA"
  ],
  "sexo": "M",
  "suplentes": [
   "BURT, DANIEL EDUARDO",
   "HENEY BERMEJO, KAREN ABIGAIL",
   "MOLINA, SEBASTIAN ELIAS",
   "BERMEJO, EMILIA SOLEDAD",
   "CARAVAJAL, LUCAS SERGIO",
   "LIRA, KARINA CELESTE",
   "GUTIERREZ, JUAN DAVID",
   "CARVAJAL, MIRTA NINFA",
   "RUIZ, DIEGO FERNANDO",
   "VILCA, VICTORIA MILAGROS",
   "CARVAJAL, RULVER MATIAS AGUSTIN",
   "CANCHI, PATRICIA ELIZABETH"
  ]
 },
 {
  "asistida": "W\u00c1YAR GU\u00c1LTER RAUL",
  "cargo_ejecutivo": true,
  "clase": "Candidato",
  "cod_alianza": "3723",
  "cod_categoria": "GOB",
  "cod_lista": "3723.3741.3741",
  "cod_partido": "3723.3741",
  "codigo": "3723.3741.3741.7154",
  "dni": "12220501",
  "id_candidatura": "3723.3741.3741.7154",
  "id_umv": 1201,
  "imagenes": [
   "3723.3741.3741.7154",
   "default"
  ],
  "nombre": "WAYAR, WALTER",
  "nro_orden": 1,
  "orden_absoluto": [
   5,
   14,
   65,
   1,
   1
  ],
  "secundarios": [
   "MIZZAU, IVAN"
  ],
  "sexo": "M",
  "suplentes": [

  ]
 },
 {
  "asistida": "SAVOY SANTIAGO",
  "cargo_ejecutivo": false,
  "clase": "Candidato",
  "cod_alianza": "3723",
  "cod_categoria": "SEN",
  "cod_lista": "3723.3741.3741",
  "cod_partido": "3723.3741",
  "codigo": "3723.3741.3741.7170",
  "dni": "28050781",
  "id_candidatura": "3723.3741.3741.7170",
  "id_umv": 1827,
  "imagenes": [
   "3723.3741.3741.7170"
  ],
  "nombre": "SAVOY, SANTIAGO",
  "nro_orden": 1,
  "orden_absoluto": [
   5,
   14,
   65,
   2,
   1
  ],
  "secundarios": [

  ],
  "sexo": "M",
  "suplentes": [
   "MARCOS, ROMINA FABIANA"
  ]
 },
 {
  "asistida": "DIAZ GONZALO GABRIEL",
  "cargo_ejecutivo": false,
  "clase": "Candidato",
  "cod_alianza": "3723",
  "cod_categoria": "DIP",
  "cod_lista": "3723.3741.3741",
  "cod_partido": "3723.3741",
  "codigo": "3723.3741.3741.7218",
  "dni": "34960292",
  "id_candidatura": "3723.3741.3741.7218",
  "id_umv": 1063,
  "imagenes": [
   "3723.3741.3741.7218",
   "default_mujer",
   "default"
  ],
  "nombre": "DIAZ, GONZALO \u201cLALO\u201d",
  "nro_orden": 1,
  "orden_absoluto": [
   5,
   14,
   65,
   3,
   1
  ],
  "secundarios": [
   "ISASMENDI, ROSA EUSEBIA",
   "RISSO, MIGUEL ANGEL"
  ],
  "sexo": "M",
  "suplentes": [
   "AGUIRRE, SILVIA ADRIANA ROSSANA",
   "TOLEDO, JULIO EZEQUIEL",
   "NICOLETTI, BARBARA GISELA"
  ]
 },
 {
  "asistida": "GOMILA JORGE GABRIEL",
  "cargo_ejecutivo": true,
  "clase": "Candidato",
  "cod_alianza": "3723",
  "cod_categoria": "INT",
  "cod_lista": "3723.3741.3741",
  "cod_partido": "3723.3741",
  "codigo": "3723.3741.3741.7230",
  "dni": "12321067",
  "id_candidatura": "3723.3741.3741.7230",
  "id_umv": 1295,
  "imagenes": [
   "3723.3741.3741.7230"
  ],
  "nombre": "DR. GOMILA, JORGE",
  "nro_orden": 1,
  "orden_absoluto": [
   5,
   14,
   65,
   4,
   1
  ],
  "secundarios": [

  ],
  "sexo": "M",
  "suplentes": [

  ]
 },
 {
  "asistida": "BURGOS MIGUEL ALBERTO",
  "cargo_ejecutivo": false,
  "clase": "Candidato",
  "cod_alianza": "3723",
  "cod_categoria": "CNJ",
  "cod_lista": "3723.3741.3741",
  "cod_partido": "3723.3741",
  "codigo": "3723.3741.3741.7337",
  "dni": "16686279",
  "id_candidatura": "3723.3741.3741.7337",
  "id_umv": 192,
  "imagenes": [
   "3723.3741.3741.7337",
   "default_mujer",
   "default",
   "default_mujer",
   "default",
   "default_mujer",
   "default",
   "default_mujer",
   "default",
   "default_mujer",
   "default",
   "default_mujer"
  ],
  "nombre": "BURGOS, MIGUEL ALBERTO",
  "nro_orden": 1,
  "orden_absoluto": [
   5,
   14,
   65,
   5,
   1
  ],
  "secundarios": [
   "ORTEGA, CARLA VANESA",
   "NAVAS GIMENEZ, FRANCISCO",
   "LAZARTE, NIDIA MABEL",
   "MONTENEGRO, RAMIRO SEBASTIAN",
   "GONZALEZ, NAZARENA DEL CARMEN",
   "TORRES, MAXIMILIANO ARIEL",
   "PEREIRA, SILVANA MERCEDES LORENA",
   "SIMBA, SAMUEL",
   "MONTENEGRO, GISELLA NATALI",
   "GONZALEZ, JORGE LUIS",
   "NIEVES, PAMELA ROCIO"
  ],
  "sexo": "M",
  "suplentes": [
   "PONCE, JOSE ALEJANDRO",
   "RUIZ, GISELLA ELIZABETH",
   "LIZONDO, IVAN EMANUEL ALEJANDRO",
   "ZUMBAY, SONIA TEODOLINDA",
   "RUIZ, FABIAN EZEQUIEL",
   "RUIZ, MELISA NELIDA DEL VALLE",
   "BURGOS, MIGUEL ALEJANDRO",
   "CAMARGO, MARIANELA ALEJANDRA"
  ]
 },
 {
  "asistida": "PAZ POSE LUCIO",
  "cargo_ejecutivo": true,
  "clase": "Candidato",
  "cod_alianza": "3728",
  "cod_categoria": "GOB",
  "cod_lista": "3728.3742.3742",
  "cod_partido": "3728.3742",
  "codigo": "3728.3742.3742.7704",
  "dni": "24875401",
  "id_candidatura": "3728.3742.3742.7704",
  "id_umv": 1202,
  "imagenes": [
   "3728.3742.3742.7704",
   "default_mujer"
  ],
  "nombre": "PAZ POSSE, LUCIO \u201cPINO\u201d",
  "nro_orden": 1,
  "orden_absoluto": [
   9,
   21,
   66,
   1,
   1
  ],
  "secundarios": [
   "FARJAT D\u2019ALESSANDRO, LORENA"
  ],
  "sexo": "M",
  "suplentes": [

  ]
 },
 {
  "asistida": "VILLAFA\u00d1E CRISTIAN RODOLFO",
  "cargo_ejecutivo": false,
  "clase": "Candidato",
  "cod_alianza": "3728",
  "cod_categoria": "SEN",
  "cod_lista": "3728.3742.3742",
  "cod_partido": "3728.3742",
  "codigo": "3728.3742.3742.7712",
  "dni": "28050472",
  "id_candidatura": "3728.3742.3742.7712",
  "id_umv": 1833,
  "imagenes": [
   "3728.3742.3742.7712"
  ],
  "nombre": "VILLAFA\u00d1E, CRISTIAN RODOLFO",
  "nro_orden": 1,
  "orden_absoluto": [
   9,
   21,
   66,
   2,
   1
  ],
  "secundarios": [

  ],
  "sexo": "M",
  "suplentes": [
   "ROMERO, LAURA MARCELA"
  ]
 },
 {
  "asistida": "SCHULZ ALICIA VILMA",
  "cargo_ejecutivo": false,
  "clase": "Candidato",
  "cod_alianza": "3728",
  "cod_categoria": "DIP",
  "cod_lista": "3728.3742.3742",
  "cod_partido": "3728.3742",
  "codigo": "3728.3742.3742.7750",
  "dni": "26211376",
  "id_candidatura": "3728.3742.3742.7750",
  "id_umv": 1071,
  "imagenes": [
   "3728.3742.3742.7750",
   "default",
   "default_mujer"
  ],
  "nombre": "SCHULZ, ALICIA VILMA",
  "nro_orden": 1,
  "orden_absoluto": [
   9,
   21,
   66,
   3,
   1
  ],
  "secundarios": [
   "BURT, CARLOS MIGUEL",
   "ORTIZ, MARCELA DEL MILAGRO"
  ],
  "sexo": "F",
  "suplentes": [
   "TERCERO, CARLOS MIGUEL",
   "VALENCIA, CECILIA BELEN",
   "CUELLAR, JUAN MANUEL"
  ]
 },
 {
  "asistida": "NIEVAS H\u00c9CTOR ALEJANDRO",
  "cargo_ejecutivo": true,
  "clase": "Candidato",
  "cod_alianza": "3728",
  "cod_categoria": "INT",
  "cod_lista": "3728.3742.3742",
  "cod_partido": "3728.3742",
  "codigo": "3728.3742.3742.7763",
  "dni": "21973572",
  "id_candidatura": "3728.3742.3742.7763",
  "id_umv": 1335,
  "imagenes": [
   "3728.3742.3742.7763"
  ],
  "nombre": "NIEVAS, HECTOR ALEJANDRO",
  "nro_orden": 1,
  "orden_absoluto": [
   9,
   21,
   66,
   4,
   1
  ],
  "secundarios": [

  ],
  "sexo": "M",
  "suplentes": [

  ]
 },
 {
  "asistida": "NIEVAS FERNANDO ALEJANDRO",
  "cargo_ejecutivo": false,
  "clase": "Candidato",
  "cod_alianza": "3728",
  "cod_categoria": "CNJ",
  "cod_lista": "3728.3748.3748",
  "cod_partido": "3728.3748",
  "codigo": "3728.3748.3748.9528",
  "dni": "39398214",
  "id_candidatura": "3728.3748.3748.9528",
  "id_umv": 243,
  "imagenes": [
   "3728.3748.3748.9528",
   "default_mujer",
   "default",
   "default_mujer",
   "default",
   "default_mujer",
   "default",
   "default_mujer",
   "default",
   "default_mujer",
   "default",
   "default_mujer"
  ],
  "nombre": "NIEVAS, FERNANDO ALEJANDRO",
  "nro_orden": 1,
  "orden_absoluto": [
   9,
   15,
   24,
   5,
   1
  ],
  "secundarios": [
   "ZALAZAR, OLGA BEATRIZ",
   "CHAVEZ, CARLOS DANIEL",
   "CARDOZO, AYELEN ALDANA",
   "MENDEZ, DEMETRIO",
   "GUERRERO TARRAGA, LORENA",
   "ZURITA, ALEJANDRO LAZARO",
   "JEREZ, CAMILA JULIETA",
   "RODRIGUEZ, MISAEL HUGO",
   "ROMERO, NOELIA SOLEDAD",
   "TEJERINA, MAURO RUBEN",
   "ARIAS, BELLA ARMINIA"
  ],
  "sexo": "M",
  "suplentes": [
   "VIZCARRA, JOSE LUIS",
   "RIVERO, IRMA SILVIA",
   "VIZCARRA, CELSO SILBESTRE",
   "RIVERO, DIDIN ICAIDA",
   "ROMERO, RAUL OSCAR",
   "GUERRERO TARRAGA, MARIA",
   "ROMERO, OSCAR ORLANDO",
   "ROMERO, NADIA MARIEL"
  ]
 },
 {
  "asistida": "CAL\u00cdVA L\u00cdA VER\u00d3NICA",
  "cargo_ejecutivo": true,
  "clase": "Candidato",
  "cod_alianza": "3729",
  "cod_categoria": "GOB",
  "cod_lista": "3729.3747.3747",
  "cod_partido": "3729.3747",
  "codigo": "3729.3747.3747.9058",
  "dni": "25624792",
  "id_candidatura": "3729.3747.3747.9058",
  "id_umv": 1203,
  "imagenes": [
   "3729.3747.3747.9058",
   "default"
  ],
  "nombre": "CALIVA, LIA VERONICA",
  "nro_orden": 1,
  "orden_absoluto": [
   24,
   68,
   67,
   1,
   1
  ],
  "secundarios": [
   "GRAVANAGO, CARLOS ALEJANDRO"
  ],
  "sexo": "F",
  "suplentes": [

  ]
 },
 {
  "asistida": "FIGUEROA ALCIRA ELSA",
  "cargo_ejecutivo": false,
  "clase": "Candidato",
  "cod_alianza": "3729",
  "cod_categoria": "SEN",
  "cod_lista": "3729.3747.3747",
  "cod_partido": "3729.3747",
  "codigo": "3729.3747.3747.9069",
  "dni": "13383035",
  "id_candidatura": "3729.3747.3747.9069",
  "id_umv": 1841,
  "imagenes": [
   "3729.3747.3747.9069"
  ],
  "nombre": "FIGUEROA, ALCIRA ELSA",
  "nro_orden": 1,
  "orden_absoluto": [
   24,
   68,
   67,
   2,
   1
  ],
  "secundarios": [

  ],
  "sexo": "F",
  "suplentes": [

  ]
 },
 {
  "asistida": "PIZ\u00d3LA MAR\u00cdA JULIA",
  "cargo_ejecutivo": false,
  "clase": "Candidato",
  "cod_alianza": "3729",
  "cod_categoria": "DIP",
  "cod_lista": "3729.3747.3747",
  "cod_partido": "3729.3747",
  "codigo": "3729.3747.3747.9099",
  "dni": "22780545",
  "id_candidatura": "3729.3747.3747.9099",
  "id_umv": 1079,
  "imagenes": [
   "3729.3747.3747.9099",
   "default",
   "default_mujer"
  ],
  "nombre": "PIZOLA, MARIA JULIA",
  "nro_orden": 1,
  "orden_absoluto": [
   24,
   68,
   67,
   3,
   1
  ],
  "secundarios": [
   "RODRIGUEZ, OMAR ERNESTO",
   "MARTINEZ, EVA LUCINDA"
  ],
  "sexo": "F",
  "suplentes": [
   "VILLAGRAN, CHRISTIAN JOSE",
   "ERAZU, LINA VERONICA"
  ]
 },
 {
  "asistida": "NIEVA MARCELO ANTONIO",
  "cargo_ejecutivo": true,
  "clase": "Candidato",
  "cod_alianza": "3729",
  "cod_categoria": "INT",
  "cod_lista": "3729.3747.3747",
  "cod_partido": "3729.3747",
  "codigo": "3729.3747.3747.9113",
  "dni": "18603592",
  "id_candidatura": "3729.3747.3747.9113",
  "id_umv": 1361,
  "imagenes": [
   "3729.3747.3747.9113"
  ],
  "nombre": "NIEVA, MARCELO ANTONIO",
  "nro_orden": 1,
  "orden_absoluto": [
   24,
   68,
   67,
   4,
   1
  ],
  "secundarios": [

  ],
  "sexo": "M",
  "suplentes": [

  ]
 },
 {
  "asistida": "GARC\u00cdA ANAL\u00cdA LORENA",
  "cargo_ejecutivo": false,
  "clase": "Candidato",
  "cod_alianza": "3729",
  "cod_categoria": "CNJ",
  "cod_lista": "3729.3747.3747",
  "cod_partido": "3729.3747",
  "codigo": "3729.3747.3747.9211",
  "dni": "32170736",
  "id_candidatura": "3729.3747.3747.9211",
  "id_umv": 271,
  "imagenes": [
   "3729.3747.3747.9211",
   "default",
   "default_mujer",
   "default",
   "default_mujer",
   "default",
   "default_mujer",
   "default",
   "default_mujer",
   "default",
   "default_mujer",
   "default"
  ],
  "nombre": "GARCIA, ANALIA LORENA",
  "nro_orden": 1,
  "orden_absoluto": [
   24,
   68,
   67,
   5,
   1
  ],
  "secundarios": [
   "IBARRA, JUAN CARLOS",
   "GONZALEZ, CINTIA JUDITH",
   "OCHOA, PABLO FERNANDO",
   "SALOMON, MAIRA ALEJANDRA",
   "ALVAREZ, MAURO ANTONIO",
   "NI\u00d1O CARRIZO, VERONICA ALEJANDRA",
   "FASOLA, HECTOR DANIEL",
   "RUIZ, FERNANDA ISABEL",
   "CALDERON, SERGIO NICOLAS",
   "PIZOLA, MARIA FLORENCIA",
   "PANIAGUA, LUIS ALBERTO"
  ],
  "sexo": "F",
  "suplentes": [
   "MONTENEGRO, NATALIA ANALIA",
   "REYES, LINO JAVIER",
   "BARRIOS, MARIELA FABIANA",
   "MOLINA, ALEJANDRO ROBERTO"
  ]
 },
 {
  "asistida": "NANNI VALERO MIGUEL",
  "cargo_ejecutivo": true,
  "clase": "Candidato",
  "cod_alianza": "3730",
  "cod_categoria": "GOB",
  "cod_lista": "3730.3746.3746",
  "cod_partido": "3730.3746",
  "codigo": "3730.3746.3746.8614",
  "dni": "25802248",
  "id_candidatura": "3730.3746.3746.8614",
  "id_umv": 1204,
  "imagenes": [
   "3730.3746.3746.8614",
   "default_mujer"
  ],
  "nombre": "NANNI, MIGUEL",
  "nro_orden": 1,
  "orden_absoluto": [
   15,
   32,
   74,
   1,
   1
  ],
  "secundarios": [
   "CORNEJO, VIRGINIA"
  ],
  "sexo": "M",
  "suplentes": [

  ]
 },
 {
  "asistida": "POMARES OSVALDO ARIEL",
  "cargo_ejecutivo": false,
  "clase": "Candidato",
  "cod_alianza": "3730",
  "cod_categoria": "SEN",
  "cod_lista": "3730.3746.3746",
  "cod_partido": "3730.3746",
  "codigo": "3730.3746.3746.8630",
  "dni": "23557683",
  "id_candidatura": "3730.3746.3746.8630",
  "id_umv": 1851,
  "imagenes": [
   "3730.3746.3746.8630"
  ],
  "nombre": "POMARES, OSVALDO ARIEL",
  "nro_orden": 1,
  "orden_absoluto": [
   15,
   32,
   74,
   2,
   1
  ],
  "secundarios": [

  ],
  "sexo": "M",
  "suplentes": [
   "BALCEDO, ELDA HORTENCIA"
  ]
 },
 {
  "asistida": "ROBLEDO LUCY ELEUTERIA",
  "cargo_ejecutivo": false,
  "clase": "Candidato",
  "cod_alianza": "3730",
  "cod_categoria": "DIP",
  "cod_lista": "3730.3746.3746",
  "cod_partido": "3730.3746",
  "codigo": "3730.3746.3746.8674",
  "dni": "17549482",
  "id_candidatura": "3730.3746.3746.8674",
  "id_umv": 1091,
  "imagenes": [
   "3730.3746.3746.8674",
   "default",
   "default_mujer"
  ],
  "nombre": "ROBLEDO, LUCY ELEUTERIA",
  "nro_orden": 1,
  "orden_absoluto": [
   15,
   32,
   74,
   3,
   1
  ],
  "secundarios": [
   "SORIA, MARIO",
   "SAAVEDRA, MIRIAN DEL VALLE"
  ],
  "sexo": "F",
  "suplentes": [
   "CONTRERAS GARECA, LUCIO ARIEL",
   "MEILAN, PATRICIA MARIEL",
   "BAZAN SAAVEDRA, JOSE GUILLERMO"
  ]
 },
 {
  "asistida": "RAMON MANZ\u00daR CARLOS \"TUCAN\"",
  "cargo_ejecutivo": true,
  "clase": "Candidato",
  "cod_alianza": "3730",
  "cod_categoria": "INT",
  "cod_lista": "3730.3746.3746",
  "cod_partido": "3730.3746",
  "codigo": "3730.3746.3746.8688",
  "dni": "13594965",
  "id_candidatura": "3730.3746.3746.8688",
  "id_umv": 1390,
  "imagenes": [
   "3730.3746.3746.8688"
  ],
  "nombre": "MANZUR, CARLOS \u201cTUCAN\u201d",
  "nro_orden": 1,
  "orden_absoluto": [
   15,
   32,
   74,
   4,
   1
  ],
  "secundarios": [

  ],
  "sexo": "M",
  "suplentes": [

  ]
 },
 {
  "asistida": "PATO ALEJANDRA JOSEFINA",
  "cargo_ejecutivo": false,
  "clase": "Candidato",
  "cod_alianza": "3730",
  "cod_categoria": "CNJ",
  "cod_lista": "3730.3746.3746",
  "cod_partido": "3730.3746",
  "codigo": "3730.3746.3746.8793",
  "dni": "24864700",
  "id_candidatura": "3730.3746.3746.8793",
  "id_umv": 303,
  "imagenes": [
   "3730.3746.3746.8793",
   "default",
   "default_mujer",
   "default",
   "default_mujer",
   "default",
   "default_mujer",
   "default",
   "default_mujer",
   "default",
   "default_mujer",
   "default"
  ],
  "nombre": "PATO, ALEJANDRA JOSEFINA",
  "nro_orden": 1,
  "orden_absoluto": [
   15,
   32,
   74,
   5,
   1
  ],
  "secundarios": [
   "URDAPILLETA, HECTOR RAMON",
   "SEGOVIA, PATRICIA HONORIA",
   "ZENDRON, CLAUDIO ALEJANDRO",
   "CHOQUE, GRISELDA CAROLINA",
   "ANTELO, HECTOR JAVIER",
   "FARFAN, CYNTHIA BEATRIZ",
   "FERNANDEZ, ESTEBAN JAVIER",
   "VELAZQUEZ, ALEXANDRA PATRICIA",
   "BARRIOS, DAMIAN LUIS",
   "DE LA VEGA PAZ, MARIA ANTONELLA",
   "TAPIA, JONATHAN GABRIEL FEDERICO"
  ],
  "sexo": "F",
  "suplentes": [
   "ROMERO, EVANGELINA GLORIA",
   "BERRONDO, ALEJANDRO FERNANDO",
   "CEBALLOS, ANDREA MAGDALENA",
   "CARRIZO, OSCAR RAUL",
   "DE LA VEGA PAZ, CYNTHIA CAROLINA",
   "RODRIGUEZ, NICOLAS"
  ]
 },
 {
  "asistida": "GARC\u00cdA MART\u00cdN EUGENIA",
  "cargo_ejecutivo": false,
  "clase": "Candidato",
  "cod_alianza": "3730",
  "cod_categoria": "CNJ",
  "cod_lista": "3730.446.446",
  "cod_partido": "3730.446",
  "codigo": "3730.446.446.10844",
  "dni": "10836023",
  "id_candidatura": "3730.446.446.10844",
  "id_umv": 328,
  "imagenes": [
   "3730.446.446.10844",
   "default",
   "default_mujer",
   "default",
   "default_mujer",
   "default",
   "default_mujer",
   "default",
   "default_mujer",
   "default",
   "default_mujer",
   "default"
  ],
  "nombre": "GARCIA, MARTIN EUGENIA",
  "nro_orden": 1,
  "orden_absoluto": [
   15,
   64,
   76,
   5,
   1
  ],
  "secundarios": [
   "GIMENEZ, IGNACIO ALFREDO",
   "PERALTA, DORA",
   "DIAZ, JOSE MATIAS",
   "PERALTA, LIA",
   "DELGADO, FERNANDO ESTEBAN",
   "RAMIREZ, MARIA MERCEDES",
   "MERI, LAUTARO JOSE MARIA",
   "DELGADO, ANGELA ISABEL",
   "MARIANI, CARLOS JAVIER",
   "APARICIO, CLAUDIA PATRICIA",
   "TORRES, CLAUDIO DANIEL"
  ],
  "sexo": "F",
  "suplentes": [
   "TEJERINA, AMANDA DEL CARMEN",
   "JEREZ, NICOLAS ANTONIO",
   "MORENO, MARIA INES",
   "CALATAYU, MARIO ALBERTO",
   "YEBARA, ROXANA PAOLA",
   "VALDEZ, GONZALO ALBERTO",
   "PERALTA, MARIA EUGENIA",
   "SANDALIO, ROBERTO CESAR",
   "ALVAREZ, REINA KAREN",
   "SEGUNDO, LUCAS EMMANUEL ANDRES",
   "SALDIAS, MARIA HAYDEE"
  ]
 },
 {
  "asistida": "QUIROGA Lorgio RAMON ALEJANDRO",
  "cargo_ejecutivo": false,
  "clase": "Candidato",
  "cod_alianza": "3730",
  "cod_categoria": "CNJ",
  "cod_lista": "3730.461.461",
  "cod_partido": "3730.461",
  "codigo": "3730.461.461.11559",
  "dni": "27614752",
  "id_candidatura": "3730.461.461.11559",
  "id_umv": 336,
  "imagenes": [
   "3730.461.461.11559",
   "default_mujer",
   "default",
   "default_mujer",
   "default",
   "default_mujer",
   "default",
   "default_mujer",
   "default",
   "default_mujer",
   "default",
   "default_mujer"
  ],
  "nombre": "QUIROGA, LORGIO RAMON ALEJANDRO",
  "nro_orden": 1,
  "orden_absoluto": [
   15,
   19,
   11,
   5,
   1
  ],
  "secundarios": [
   "ARG\u00dcELLO, LAURA JULIA",
   "PALACIOS, JORGE RUBEN",
   "ALDANA, MARIA DEL CARMEN",
   "CORONEL, HUMBERTO AMADO",
   "AYALA, NANCY PAOLA",
   "GARCIA, OSCAR EDUARDO",
   "OSORES CUESTA, MARIA JIMENA",
   "TOLEDO, LUCIANO NICOLAS",
   "RODRIGUEZ, TAMARA YANET",
   "PAZ, DARIO GUILLERMO",
   "AYALA, BEATRIZ ALEJANDRA"
  ],
  "sexo": "M",
  "suplentes": [
   "TRIGO MIRANDA, JULIO HERNAN",
   "REJIS, LAURA ALEJANDRA",
   "ORIAS, ARIEL NORMANDO"
  ]
 },
 {
  "asistida": "Sabadini MAURO DIEGO",
  "cargo_ejecutivo": true,
  "clase": "Candidato",
  "cod_alianza": "3731",
  "cod_categoria": "GOB",
  "cod_lista": "3731.3743.3743",
  "cod_partido": "3731.3743",
  "codigo": "3731.3743.3743.7941",
  "dni": "23362242",
  "id_candidatura": "3731.3743.3743.7941",
  "id_umv": 1205,
  "imagenes": [
   "3731.3743.3743.7941",
   "default_mujer"
  ],
  "nombre": "SABBADINI, MAURO DIEGO",
  "nro_orden": 1,
  "orden_absoluto": [
   10,
   22,
   68,
   1,
   1
  ],
  "secundarios": [
   "LOAYZA PACHECO, JIMENA LUCIA"
  ],
  "sexo": "M",
  "suplentes": [

  ]
 },
 {
  "asistida": "MOLLO ALBERTO GERARDO",
  "cargo_ejecutivo": false,
  "clase": "Candidato",
  "cod_alianza": "3731",
  "cod_categoria": "SEN",
  "cod_lista": "3731.3743.3743",
  "cod_partido": "3731.3743",
  "codigo": "3731.3743.3743.7949",
  "dni": "23655607",
  "id_candidatura": "3731.3743.3743.7949",
  "id_umv": 1856,
  "imagenes": [
   "3731.3743.3743.7949"
  ],
  "nombre": "DR. MOLLO, ALBERTO GERARDO",
  "nro_orden": 1,
  "orden_absoluto": [
   10,
   22,
   68,
   2,
   1
  ],
  "secundarios": [

  ],
  "sexo": "M",
  "suplentes": [
   "MORENO, SILVIA ROSANA"
  ]
 },
 {
  "asistida": "FELICES NORBERTO CRISTIAN",
  "cargo_ejecutivo": false,
  "clase": "Candidato",
  "cod_alianza": "3731",
  "cod_categoria": "DIP",
  "cod_lista": "3731.3743.3743",
  "cod_partido": "3731.3743",
  "codigo": "3731.3743.3743.7985",
  "dni": "23441755",
  "id_candidatura": "3731.3743.3743.7985",
  "id_umv": 1100,
  "imagenes": [
   "3731.3743.3743.7985",
   "default_mujer",
   "default"
  ],
  "nombre": "FELICES, NORBERTO CHRISTIAN",
  "nro_orden": 1,
  "orden_absoluto": [
   10,
   22,
   68,
   3,
   1
  ],
  "secundarios": [
   "ROMERO, ROSA INES",
   "HARO, FRANCISCO LEANDRO"
  ],
  "sexo": "M",
  "suplentes": [
   "OCHOA, ANGELICA",
   "VILLAZON, SERGIO ARIEL"
  ]
 },
 {
  "asistida": "MENDOZA MATIAS HERIBERTO",
  "cargo_ejecutivo": true,
  "clase": "Candidato",
  "cod_alianza": "3731",
  "cod_categoria": "INT",
  "cod_lista": "3731.3743.3743",
  "cod_partido": "3731.3743",
  "codigo": "3731.3743.3743.7998",
  "dni": "16000230",
  "id_candidatura": "3731.3743.3743.7998",
  "id_umv": 1424,
  "imagenes": [
   "3731.3743.3743.7998"
  ],
  "nombre": "MENDOZA, MATIAS HERIBERTO",
  "nro_orden": 1,
  "orden_absoluto": [
   10,
   22,
   68,
   4,
   1
  ],
  "secundarios": [

  ],
  "sexo": "M",
  "suplentes": [

  ]
 },
 {
  "asistida": "JAIME JULIO",
  "cargo_ejecutivo": false,
  "clase": "Candidato",
  "cod_alianza": "3731",
  "cod_categoria": "CNJ",
  "cod_lista": "3731.3743.3743",
  "cod_partido": "3731.3743",
  "codigo": "3731.3743.3743.8073",
  "dni": "16080342",
  "id_candidatura": "3731.3743.3743.8073",
  "id_umv": 358,
  "imagenes": [
   "3731.3743.3743.8073",
   "default_mujer",
   "default",
   "default_mujer",
   "default",
   "default_mujer",
   "default",
   "default_mujer",
   "default",
   "default_mujer",
   "default",
   "default_mujer"
  ],
  "nombre": "JAIME, JULIO",
  "nro_orden": 1,
  "orden_absoluto": [
   10,
   22,
   68,
   5,
   1
  ],
  "secundarios": [
   "ALURRALDE, MARIA ZULEMA",
   "GODOY, JONATAN VICTOR HUGO",
   "COPA, SILVIA ADELA",
   "LEON, MARCELO ANTONIO",
   "ARIAS, SONIA MABEL",
   "MORENO, OSVALDO ARMANDO",
   "FLORES, SILVIA SUSANA",
   "MURILLO, ANGEL ADOLFO",
   "GONZALEZ, DAIANA JUDITH",
   "MIRANDA, RUBEN NESTOR",
   "GODOY, MERCEDES DOMINGA"
  ],
  "sexo": "M",
  "suplentes": [
   "ROMERO, VICTOR MARCELO",
   "BARRERAS, LIDIA LIBERATA",
   "JAIME, CRISTIAN BENJAMIN",
   "ROJAS, DANIELA MARINA",
   "CANO, CRISTIAN MATIAS",
   "HOYOS, MARTHA VIOLETA",
   "HERRERA, LUCAS FRANCISCO"
  ]
 },
 {
  "asistida": "DEL PLA CLAUDIO ARIEL",
  "cargo_ejecutivo": true,
  "clase": "Candidato",
  "cod_alianza": "3732",
  "cod_categoria": "GOB",
  "cod_lista": "3732.3740.3740",
  "cod_partido": "3732.3740",
  "codigo": "3732.3740.3740.6916",
  "dni": "13943671",
  "id_candidatura": "3732.3740.3740.6916",
  "id_umv": 1206,
  "imagenes": [
   "3732.3740.3740.6916",
   "default_mujer"
  ],
  "nombre": "DEL PLA, CLAUDIO ARIEL",
  "nro_orden": 1,
  "orden_absoluto": [
   7,
   18,
   73,
   1,
   1
  ],
  "secundarios": [
   "HIDALGO, LORENA VANESA"
  ],
  "sexo": "M",
  "suplentes": [

  ]
 },
 {
  "asistida": "RUIZ DARIO BENJAM\u00cdN",
  "cargo_ejecutivo": false,
  "clase": "Candidato",
  "cod_alianza": "3732",
  "cod_categoria": "SEN",
  "cod_lista": "3732.3740.3740",
  "cod_partido": "3732.3740",
  "codigo": "3732.3740.3740.6921",
  "dni": "34615297",
  "id_candidatura": "3732.3740.3740.6921",
  "id_umv": 1860,
  "imagenes": [
   "3732.3740.3740.6921"
  ],
  "nombre": "RUIZ, DARIO BENJAMIN",
  "nro_orden": 1,
  "orden_absoluto": [
   7,
   18,
   73,
   2,
   1
  ],
  "secundarios": [

  ],
  "sexo": "M",
  "suplentes": [
   "ARZAMENDIA, GRACIELA BEATRIZ"
  ]
 },
 {
  "asistida": "HUERGA SAMUEL ANDR\u00c9S",
  "cargo_ejecutivo": false,
  "clase": "Candidato",
  "cod_alianza": "3732",
  "cod_categoria": "DIP",
  "cod_lista": "3732.3740.3740",
  "cod_partido": "3732.3740",
  "codigo": "3732.3740.3740.6950",
  "dni": "24261779",
  "id_candidatura": "3732.3740.3740.6950",
  "id_umv": 1106,
  "imagenes": [
   "3732.3740.3740.6950",
   "default_mujer",
   "default"
  ],
  "nombre": "HUERGA, SAMUEL ANDRES",
  "nro_orden": 1,
  "orden_absoluto": [
   7,
   18,
   73,
   3,
   1
  ],
  "secundarios": [
   "ACOSTA, ALBINA SOLEDAD",
   "VILLA, JOSE MAXIMILIANO"
  ],
  "sexo": "M",
  "suplentes": [
   "SEGUNDO, DELIA DEL CARMEN",
   "GALLEGUILLO, LUCAS DANIEL",
   "TOLEDO, SANDRA VIVIANA"
  ]
 },
 {
  "asistida": "SEGOVIA EDUARDO CALIXTO",
  "cargo_ejecutivo": true,
  "clase": "Candidato",
  "cod_alianza": "3732",
  "cod_categoria": "INT",
  "cod_lista": "3732.3740.3740",
  "cod_partido": "3732.3740",
  "codigo": "3732.3740.3740.6962",
  "dni": "23557276",
  "id_candidatura": "3732.3740.3740.6962",
  "id_umv": 1448,
  "imagenes": [
   "3732.3740.3740.6962"
  ],
  "nombre": "SEGOVIA, EDUARDO CALIXTO",
  "nro_orden": 1,
  "orden_absoluto": [
   7,
   18,
   73,
   4,
   1
  ],
  "secundarios": [

  ],
  "sexo": "M",
  "suplentes": [

  ]
 },
 {
  "asistida": "CARDOZO JOSEFA BEATRIZ",
  "cargo_ejecutivo": false,
  "clase": "Candidato",
  "cod_alianza": "3732",
  "cod_categoria": "CNJ",
  "cod_lista": "3732.3740.3740",
  "cod_partido": "3732.3740",
  "codigo": "3732.3740.3740.7021",
  "dni": "17835120",
  "id_candidatura": "3732.3740.3740.7021",
  "id_umv": 383,
  "imagenes": [
   "3732.3740.3740.7021",
   "default",
   "default_mujer",
   "default",
   "default_mujer",
   "default",
   "default_mujer",
   "default",
   "default_mujer",
   "default",
   "default_mujer",
   "default"
  ],
  "nombre": "CARDOZO, JOSEFA BEATRIZ",
  "nro_orden": 1,
  "orden_absoluto": [
   7,
   18,
   73,
   5,
   1
  ],
  "secundarios": [
   "VELASQUEZ, LUIS ARNALDO",
   "PALACIOS, MARIANA",
   "RAMIREZ, BRUNO MARTIN",
   "AVALOS, SONIA JUDITH",
   "DE LOS RIOS, ELIAS",
   "OCAMPO, GLADYS ALEJANDRA",
   "RODRIGUEZ, ISIDORO FAUSTINO",
   "TORRES, SILVANA MARIA BELEN",
   "ROMERO, ESTEBAN DAVID",
   "CARO, SARA JESUS",
   "PEREZ, CARLOS RUBEN"
  ],
  "sexo": "F",
  "suplentes": [
   "GARECA, MARTA",
   "BENITEZ, JUAN DE LA CRUZ",
   "ORELLANA, JIMENA ESTEFANIA",
   "ACOSTA, CRISTIAN SEBASTIAN",
   "SANGUINO, CELESTE DE LOS ANGELES",
   "LUCEMA, RAMIRO MARCELO",
   "VILLAGRA, MARIA MARGARITA",
   "ANAQUIN, RODRIGO ARIEL",
   "GALLEGUILLO, FLORENCIA ANA SOL"
  ]
 },
 {
  "asistida": "SEGRET\u00cdN DARIO GABRIEL",
  "cargo_ejecutivo": false,
  "clase": "Candidato",
  "cod_alianza": "3733",
  "cod_categoria": "CNJ",
  "cod_lista": "3733.10.10",
  "cod_partido": "3733.10",
  "codigo": "3733.10.10.76",
  "dni": "25831163",
  "id_candidatura": "3733.10.10.76",
  "id_umv": 413,
  "imagenes": [
   "3733.10.10.76",
   "default_mujer",
   "default",
   "default_mujer",
   "default",
   "default_mujer",
   "default",
   "default_mujer",
   "default",
   "default_mujer",
   "default",
   "default_mujer"
  ],
  "nombre": "SEGRETIN, DARIO GABIEL",
  "nro_orden": 1,
  "orden_absoluto": [
   11,
   51,
   4,
   5,
   1
  ],
  "secundarios": [
   "SUBELSA, MERCEDES DEL VALLE",
   "VARGAS, LUIS ALBERTO",
   "SAICA, ROMINA ANTONELLA",
   "OCARANZA, DIEGO FERNANDO",
   "CAMPOS, MIRIAN ESTELA",
   "CARO, RAUL MAURICIO",
   "CARRIZO, CLAUDIA ELIZABETH",
   "CHOQUE, OMAR FABRICIO",
   "LOPEZ, PATRICIA DEL VALLE",
   "CARRIZO, DANIEL ORLANDO",
   "GARZON, LORENA MARIA"
  ],
  "sexo": "M",
  "suplentes": [
   "CHARUBI, MARIO MARCELO",
   "PINO, EVANGELINA DEL VALLE",
   "LUNA, FERNANDO MATIAS",
   "SANCHEZ, PATRICIA ADELINA",
   "MIRANDA, ANDRES EMILIANO",
   "CHAILE, NATALIA LORENA",
   "SIFUENTES, CRISTIAN MAURICIO",
   "VILLAFUERTE, MARIEL SOLEDAD",
   "TORRES, RAMIRO DANIEL",
   "MOLINA, CLAUDIA PATRICIA",
   "CARRASCO, MARCOS DAVID",
   "GARZON, ROMINA ANALIA"
  ]
 },
 {
  "asistida": "FERREYRA JORGE LUIS",
  "cargo_ejecutivo": false,
  "clase": "Candidato",
  "cod_alianza": "3733",
  "cod_categoria": "CNJ",
  "cod_lista": "3733.1861.1861",
  "cod_partido": "3733.1861",
  "codigo": "3733.1861.1861.1398",
  "dni": "29870674",
  "id_candidatura": "3733.1861.1861.1398",
  "id_umv": 415,
  "imagenes": [
   "3733.1861.1861.1398",
   "default_mujer",
   "default",
   "default_mujer",
   "default",
   "default_mujer",
   "default",
   "default_mujer",
   "default",
   "default_mujer",
   "default",
   "default_mujer"
  ],
  "nombre": "FERREYRA, JORGE LUIS",
  "nro_orden": 1,
  "orden_absoluto": [
   11,
   55,
   13,
   5,
   1
  ],
  "secundarios": [
   "BARRIGA, JESICA BELEN",
   "PUCA, MARCOS RAMIRO",
   "MARTINEZ, NATALIA DANIELA",
   "CASALVON, ALEJANDRO FRANCISCO",
   "CARO, IVANA ALEJANDRA",
   "ESCALANTE, LUIS EMMANUEL",
   "IBAJA, ROCIO MARIBEL",
   "AYALA, MAURICIO NICOLAS",
   "MEDINA, ELIDA ELEONORA",
   "MAMANI, DIEGO SEBASTIAN",
   "HERRERA, CECILIA DEL CARMEN"
  ],
  "sexo": "M",
  "suplentes": [
   "CASTRO, ALBERTO ALEJANDRO",
   "SANCHEZ, CAMILA SOLEDAD",
   "HERRERAS, MATIAS DANIEL",
   "FIGUEROA, HILDA",
   "GONZALEZ, HECTOR ADRIAN",
   "GAY, SOFIA NAZARENA",
   "ROMERO, MATIAS ISAAC",
   "ESCALANTE, YESICA AYELEN",
   "YERUTI, JORGE LEONARDO",
   "ROSALES, LUCIANA ANDREA",
   "HERRERA, FERNANDO LUCIANO"
  ]
 },
 {
  "asistida": "SALGUERO NARDA L\u00cdDIA",
  "cargo_ejecutivo": false,
  "clase": "Candidato",
  "cod_alianza": "3733",
  "cod_categoria": "CNJ",
  "cod_lista": "3733.1862.1862",
  "cod_partido": "3733.1862",
  "codigo": "3733.1862.1862.1734",
  "dni": "17549333",
  "id_candidatura": "3733.1862.1862.1734",
  "id_umv": 439,
  "imagenes": [
   "3733.1862.1862.1734",
   "default",
   "default_mujer",
   "default",
   "default_mujer",
   "default",
   "default_mujer",
   "default",
   "default_mujer",
   "default",
   "default_mujer",
   "default"
  ],
  "nombre": "SALGUERO, NARDA LIDIA",
  "nro_orden": 1,
  "orden_absoluto": [
   11,
   63,
   14,
   5,
   1
  ],
  "secundarios": [
   "SARMIENTO, MIGUEL RAMON",
   "PALAVECINO, CLAUDIA MARINA",
   "MONTEROS, CARLOS DANIEL",
   "JIMENEZ, MARIA SOLEDAD",
   "MANZANO, JOAQUIN",
   "SPINELLI, ANDREA IVANA",
   "PAZ, SERGIO MAXIMILIANO",
   "GUTIERREZ, ROMINA GISELA",
   "ACOSTA, MIGUEL JAVIER",
   "PANIQUE, SILVIA BEATRIZ",
   "MEDINA, ENZO RAMON"
  ],
  "sexo": "F",
  "suplentes": [
   "QUIROZ, SILVIA ANGELINA",
   "GERONIMO, ENZO LUIS ENRIQUE",
   "CAPRILES, FERNANDA BELEN",
   "DONAT, NELSON MARTIN",
   "MEDINA, ANTONELLA DE LOS ANGELES",
   "SARMIENTO, JUAN EMANUEL",
   "PANIQUE, LORENA",
   "FRANCO, LUIS ALFREDO",
   "RIVERO, MARIA CAROLINA",
   "BENITEZ, JOSE IGNACIO",
   "FLORES, NATALI VANESA",
   "SARMIENTO, HUGO FERNANDO"
  ]
 },
 {
  "asistida": "BENITEZ EUGENIO LUIS",
  "cargo_ejecutivo": false,
  "clase": "Candidato",
  "cod_alianza": "3733",
  "cod_categoria": "CNJ",
  "cod_lista": "3733.1869.1869",
  "cod_partido": "3733.1869",
  "codigo": "3733.1869.1869.2196",
  "dni": "20487566",
  "id_candidatura": "3733.1869.1869.2196",
  "id_umv": 472,
  "imagenes": [
   "3733.1869.1869.2196",
   "default_mujer",
   "default",
   "default_mujer",
   "default",
   "default_mujer",
   "default",
   "default_mujer",
   "default",
   "default_mujer",
   "default",
   "default_mujer"
  ],
  "nombre": "BENITEZ, EUGENIO LUIS",
  "nro_orden": 1,
  "orden_absoluto": [
   11,
   67,
   15,
   5,
   1
  ],
  "secundarios": [
   "ZURITA, NORMA BEATRIZ",
   "VILLA, IGNACIO",
   "BELLIDO YAZLLE, VALERIA",
   "BLANCO, SERGIO JAVIER",
   "PERALTA MORENO, LOIDA EUNISE",
   "MOLINA, MARCO ANTONIO",
   "SEQUEIRA, SILVINA SOLEDAD",
   "PORCEL, VICENTE",
   "RUIZ, MARTA",
   "VILLARRUBIA, MIGUEL ERNESTO",
   "REYNOSO, MARIA FLORENCIA"
  ],
  "sexo": "M",
  "suplentes": [
   "RAMOS, HECTOR EDUARDO",
   "TOLABA, FERNANDA NOEMI",
   "CARDOZO PE\u00d1A, CRISTIAN ALBERTO",
   "VILLARRUBIA, YAMILE CELESTE",
   "LANDRIEL, UBALDO ISIDRO",
   "VILLA, BRISA ISAURA ISABEL",
   "AUCAPI\u00d1A, GUSTAVO",
   "JAIMES, PAOLA ANDREA",
   "CARRASCO, MIGUEL WENCESLAO",
   "CORDOBA, MARIA FERNANDA",
   "MOLINA, JORGE ANTONIO",
   "QUIROZ, MARIA LUZ"
  ]
 },
 {
  "asistida": "FONTE\u00d1EZ RAFAEL DAR\u00cdO",
  "cargo_ejecutivo": false,
  "clase": "Candidato",
  "cod_alianza": "3733",
  "cod_categoria": "CNJ",
  "cod_lista": "3733.2625.2625",
  "cod_partido": "3733.2625",
  "codigo": "3733.2625.2625.4155",
  "dni": "22150581",
  "id_candidatura": "3733.2625.2625.4155",
  "id_umv": 499,
  "imagenes": [
   "3733.2625.2625.4155",
   "default_mujer",
   "default",
   "default_mujer",
   "default",
   "default_mujer",
   "default",
   "default_mujer",
   "default",
   "default_mujer",
   "default",
   "default_mujer"
  ],
  "nombre": "FONTE\u00d1EZ, RAFAEL DARIO",
  "nro_orden": 1,
  "orden_absoluto": [
   11,
   50,
   62,
   5,
   1
  ],
  "secundarios": [
   "GUERRERO, MARTHA ELENA",
   "CATAN, OSCAR RAUL ANIBAL",
   "SANDOVAL, ABIGAIL ISABEL",
   "CHOPA, MARCOS RUBEN",
   "BARRIENTOS, ZULEMA RUTH",
   "GARCIA, GALO EPIFANIO",
   "LEIVA, SUSANA DEL CARMEN",
   "GIANNOTTI, GERARDO FREDY",
   "PALMA, MONICA FABIANA",
   "AHUMADA, ARISTOBULO DEL VALLE",
   "CABANA, MAGALI ALEJANDRA ROCIO"
  ],
  "sexo": "M",
  "suplentes": [
   "CONDORI, ALEX",
   "RUIZ, FERNANDA SOLEDAD",
   "HERRERA GRIGORIEW, FELIPE ADRIAN",
   "MERI, NATALIA EVANGELINA",
   "VILLAFA\u00d1EZ, MATIAS VICENTE",
   "NIZ, LAURA DEL MILAGRO",
   "LEZCANO, HUGO CRISTIAN ALFREDO",
   "TAPIA, JESICA ELIZABETH",
   "MEDINA, OSCAR LUIS",
   "SALAZAR, GLADYS AZUCENA",
   "OLMO, JORGE ARMANDO",
   "FONTE\u00d1EZ, MERCEDES ANABELLA"
  ]
 },
 {
  "asistida": "AISA JULIO C\u00c9SAR",
  "cargo_ejecutivo": false,
  "clase": "Candidato",
  "cod_alianza": "3733",
  "cod_categoria": "CNJ",
  "cod_lista": "3733.2627.2627",
  "cod_partido": "3733.2627",
  "codigo": "3733.2627.2627.4611",
  "dni": "30674923",
  "id_candidatura": "3733.2627.2627.4611",
  "id_umv": 515,
  "imagenes": [
   "3733.2627.2627.4611",
   "default_mujer",
   "default",
   "default_mujer",
   "default",
   "default_mujer",
   "default",
   "default_mujer",
   "default",
   "default_mujer",
   "default",
   "default_mujer"
  ],
  "nombre": "AISA, JULIO CESAR",
  "nro_orden": 1,
  "orden_absoluto": [
   11,
   72,
   20,
   5,
   1
  ],
  "secundarios": [
   "BA\u00d1AGASTA, ADRIANA DEL VALLE",
   "RIVERA, LUIS GERONIMO",
   "GARECA, EUSEBIA DEOLINDA",
   "PONCE, DARDO GABRIEL",
   "CUEVAS, NANCY MIRIAM",
   "GARECA, ELEUTERIO",
   "LIRA, MARCELA MONICA",
   "COLQUE, CRISTIAN ARMANDO",
   "MORENO, MARIA CRECENCIA",
   "CAMPOS, WALTER ALEJANDRO",
   "MORALES, NATALIA SOLEDAD"
  ],
  "sexo": "M",
  "suplentes": [
   "GARECA, ELOY RAFAEL",
   "GUERRA, MARCELA ALEJANDRA",
   "AISA, MARCELO ALFREDO",
   "GUTIERREZ, AGUSTINA CANDELA",
   "PELOC, HECTOR HUGO MARTIN",
   "CHAVEZ, JESICA GIMENA",
   "ACOSTA, MANUEL AGUSTIN",
   "CRUZ, VIRGINIA SOLEDAD",
   "CAMPOS, ENZO ALEJANDRO",
   "SEVERICH, CECILIA DEL MILAGRO",
   "CAMACHO, LEONEL FERNANDO",
   "INDA, DELFINA MARIANELA DALI"
  ]
 },
 {
  "asistida": "CURA JUAN CRUZ",
  "cargo_ejecutivo": false,
  "clase": "Candidato",
  "cod_alianza": "3733",
  "cod_categoria": "SEN",
  "cod_lista": "3733.3744.3744",
  "cod_partido": "3733.3744",
  "codigo": "3733.3744.3744.8379",
  "dni": "31898364",
  "id_candidatura": "3733.3744.3744.8379",
  "id_umv": 1869,
  "imagenes": [
   "3733.3744.3744.8379"
  ],
  "nombre": "CURA, JUAN CRUZ",
  "nro_orden": 1,
  "orden_absoluto": [
   11,
   24,
   71,
   2,
   1
  ],
  "secundarios": [

  ],
  "sexo": "M",
  "suplentes": [
   "LEMIR, JUAN ANGEL"
  ]
 },
 {
  "asistida": "TARANTO DAVID",
  "cargo_ejecutivo": false,
  "clase": "Candidato",
  "cod_alianza": "3733",
  "cod_categoria": "DIP",
  "cod_lista": "3733.3744.3744",
  "cod_partido": "3733.3744",
  "codigo": "3733.3744.3744.8405",
  "dni": "16080477",
  "id_candidatura": "3733.3744.3744.8405",
  "id_umv": 1124,
  "imagenes": [
   "3733.3744.3744.8405",
   "default_mujer",
   "default"
  ],
  "nombre": "TARANTO, DAVID",
  "nro_orden": 1,
  "orden_absoluto": [
   11,
   24,
   71,
   3,
   1
  ],
  "secundarios": [
   "ACOSTA, AMELIA ELIZABETH",
   "ZAZZARINI GONZALEZ, JUAN ENRIQUE"
  ],
  "sexo": "M",
  "suplentes": [
   "VILLALBA, MONICA",
   "ORTEGA ARGIBAY, JOSE ANDRES",
   "SILVERA ZACHARIA, ANDREA"
  ]
 },
 {
  "asistida": "LARA GROS BALTASAR",
  "cargo_ejecutivo": true,
  "clase": "Candidato",
  "cod_alianza": "3733",
  "cod_categoria": "INT",
  "cod_lista": "3733.3744.3744",
  "cod_partido": "3733.3744",
  "codigo": "3733.3744.3744.8417",
  "dni": "32630931",
  "id_candidatura": "3733.3744.3744.8417",
  "id_umv": 1494,
  "imagenes": [
   "3733.3744.3744.8417"
  ],
  "nombre": "LARA GROS, BALTASAR",
  "nro_orden": 1,
  "orden_absoluto": [
   11,
   24,
   71,
   4,
   1
  ],
  "secundarios": [

  ],
  "sexo": "M",
  "suplentes": [

  ]
 },
 {
  "asistida": "GONZALEZ ALEJANDRO WILFREDO",
  "cargo_ejecutivo": false,
  "clase": "Candidato",
  "cod_alianza": "3733",
  "cod_categoria": "CNJ",
  "cod_lista": "3733.38.38",
  "cod_partido": "3733.38",
  "codigo": "3733.38.38.9789",
  "dni": "28938187",
  "id_candidatura": "3733.38.38.9789",
  "id_umv": 560,
  "imagenes": [
   "3733.38.38.9789",
   "default_mujer",
   "default",
   "default_mujer",
   "default",
   "default_mujer",
   "default",
   "default_mujer",
   "default",
   "default_mujer",
   "default",
   "default_mujer"
  ],
  "nombre": "GONZALEZ, ALEJANDRO WILFREDO",
  "nro_orden": 1,
  "orden_absoluto": [
   11,
   65,
   5,
   5,
   1
  ],
  "secundarios": [
   "LUNA VELASQUEZ, MARIANGEL",
   "AGUERO, VICTOR RENE",
   "CASASOLA, SABRINA MARIANELA",
   "AG\u00dcERO, CESAR ANTONIO",
   "MIRANDA, MARIANELA ROCIO",
   "MASCIETTI, HERNAN",
   "KNUDSEN, NORMA INES",
   "PEREZ, SERGIO DIEGO",
   "LEZCANO, ANDREA ANTONELLA",
   "ZARRA, JUAN PABLO",
   "TAPIA, EMILSE LISANDRA"
  ],
  "sexo": "M",
  "suplentes": [
   "MEDINA, GERARDO ALBERTO",
   "BENITEZ, CAROLINA DE LOS ANGELES",
   "MEDINA, ELIAS",
   "DURAN, MIRTA EVANGELINA",
   "ROJAS, MIGUEL ANTONIO",
   "GONZALEZ, ROSANA JUDITH",
   "NOGUERA, MIGUEL ANGEL",
   "VARGAS RODRIGUEZ, MARIA ROCIO",
   "GONZALEZ, ADRIAN EXEQUIEL",
   "ROMERO, SANDRA ELIZABET"
  ]
 },
 {
  "asistida": "Ruberto SAENZ GUSTAVO ADOLFO",
  "cargo_ejecutivo": true,
  "clase": "Candidato",
  "cod_alianza": "3734",
  "cod_categoria": "GOB",
  "cod_lista": "3734.3737.3737",
  "cod_partido": "3734.3737",
  "codigo": "3734.3737.3737.6358",
  "dni": "20609646",
  "id_candidatura": "3734.3737.3737.6358",
  "id_umv": 1207,
  "imagenes": [
   "3734.3737.3737.6358",
   "default"
  ],
  "nombre": "SAENZ, GUSTAVO",
  "nro_orden": 1,
  "orden_absoluto": [
   1,
   5,
   69,
   1,
   1
  ],
  "secundarios": [
   "MAROCCO, ANTONIO \u201cGRINGO\u201d"
  ],
  "sexo": "M",
  "suplentes": [

  ]
 },
 {
  "asistida": "LEAL JOS\u00c9 MARIO",
  "cargo_ejecutivo": false,
  "clase": "Candidato",
  "cod_alianza": "3735",
  "cod_categoria": "CNJ",
  "cod_lista": "3735.15.15",
  "cod_partido": "3735.15",
  "codigo": "3735.15.15.886",
  "dni": "25122193",
  "id_candidatura": "3735.15.15.886",
  "id_umv": 595,
  "imagenes": [
   "3735.15.15.886",
   "default_mujer",
   "default",
   "default_mujer",
   "default",
   "default_mujer",
   "default",
   "default_mujer",
   "default",
   "default_mujer",
   "default",
   "default_mujer"
  ],
  "nombre": "LEAL, MARIO \u201cCOTE\u201d",
  "nro_orden": 1,
  "orden_absoluto": [
   12,
   59,
   1,
   5,
   1
  ],
  "secundarios": [
   "DEGOY, KARINA ALEJANDRA",
   "RUIZ, RAFAEL EDUARDO",
   "SALAZAR, MARIA INES",
   "CASTILLO, RUBEN JAVIER ALEJANDRO",
   "PALACIOS, MARIA REGINA",
   "LEZCANO, EMANUEL SEBASTIAN",
   "BRAN, ZULMA LUISA",
   "ANZALDO, HUGO ANDRES",
   "GARCIA, GLORIA VIVIANA",
   "DIAZ, RAMON CARLOS",
   "MAMANI, PAOLA FABIANA"
  ],
  "sexo": "M",
  "suplentes": [
   "BLANCO, CESAR LUIS",
   "GEREZ, CINTIA GABRIELA",
   "VACA, ESTEBAN JAVIER",
   "JAQUE, ELIANA EVANGELINA",
   "VACA, ENRIQUE JAVIER",
   "ZARATE, MONICA ISABEL",
   "RUIZ, ROLANDO ROGER",
   "FIGUEROA, ANGELINA DEL MILAGRO",
   "PACHECO SALAZAR, GABRIEL CELSO",
   "GUERRERO, MARIA ESTELA",
   "LEAL, JUAN MANUEL",
   "LOPEZ OYOLA, GABRIELA ALEJANDRA"
  ]
 },
 {
  "asistida": "MORALES BARBER\u00c1 MAR\u00cdA NOELIA",
  "cargo_ejecutivo": false,
  "clase": "Candidato",
  "cod_alianza": "3735",
  "cod_categoria": "CNJ",
  "cod_lista": "3735.1873.1873",
  "cod_partido": "3735.1873",
  "codigo": "3735.1873.1873.2640",
  "dni": "32514778",
  "id_candidatura": "3735.1873.1873.2640",
  "id_umv": 610,
  "imagenes": [
   "3735.1873.1873.2640",
   "default",
   "default_mujer",
   "default",
   "default_mujer",
   "default",
   "default_mujer",
   "default",
   "default_mujer",
   "default",
   "default_mujer",
   "default"
  ],
  "nombre": "MORALES, MARIA \u201cBEBESA\u201d",
  "nro_orden": 1,
  "orden_absoluto": [
   12,
   56,
   80,
   5,
   1
  ],
  "secundarios": [
   "CORIA, JUAN JESUS",
   "CANABIRI, MARIA ISABEL",
   "GARRIDO, FRANCISCO GERARDO",
   "TALAVERA, FLORENCIA ELIZABETH",
   "CHAVEZ, CARLOS EDUARDO",
   "GODOY, MACARENA ELIZABETH",
   "SALAS, NICOLAS EMILIO",
   "MAMANI, ELIZABETH DEISY",
   "SAJAMA, RUMELDO HUGO",
   "ERAZO, CINTIA GRACIELA",
   "NAVARRETE, DARDO RICARDO"
  ],
  "sexo": "F",
  "suplentes": [
   "CUELLAR, ELIANA MARIBEL",
   "MARQUEZ, CRISTIAN SEBASTIAN",
   "RUIZ, SILVINA",
   "CORRO, VICTOR HUGO",
   "MARINO, MELISA NATALIA",
   "MAMANI, HECTOR NORMANDO",
   "CARRIZO, REBECA MACARENA",
   "ZENTENO, ALBERTO RAFAEL",
   "SANTIAGO, LORENA ELIZABETH",
   "ROJAS, DANIEL OSCAR",
   "URBANO, PAULA ARACELI",
   "SALDA\u00d1O, CESAR ALFREDO"
  ]
 },
 {
  "asistida": "LIRA LUIS ALBERTO",
  "cargo_ejecutivo": false,
  "clase": "Candidato",
  "cod_alianza": "3735",
  "cod_categoria": "CNJ",
  "cod_lista": "3735.208.208",
  "cod_partido": "3735.208",
  "codigo": "3735.208.208.3054",
  "dni": "30338929",
  "id_candidatura": "3735.208.208.3054",
  "id_umv": 642,
  "imagenes": [
   "3735.208.208.3054",
   "default_mujer",
   "default",
   "default_mujer",
   "default",
   "default_mujer",
   "default",
   "default_mujer",
   "default",
   "default_mujer",
   "default",
   "default_mujer"
  ],
  "nombre": "LIRA, LUIS \u201cBETO\u201d",
  "nro_orden": 1,
  "orden_absoluto": [
   12,
   41,
   7,
   5,
   1
  ],
  "secundarios": [
   "MORALES, NORMA ELIZABETH",
   "MARTINEZ, AGUSTIN BRIAN",
   "JUAREZ, GLADYS YOLANDA",
   "GIMENEZ, PABLO RAMIRO",
   "MIRANDA, LAURA ISABEL",
   "LAZARTE, SEBASTIAN JOSE MARIA",
   "PEREYRA, BRENDA MARIANELA",
   "MONTERO, RENE ANIBAL",
   "ROMERO, GLADYS MABEL",
   "GARCIA, CARLOS SDEBASTIAN",
   "CORRO, SILVIA DEL VALLE"
  ],
  "sexo": "M",
  "suplentes": [
   "ROMERO, LUIS ALFREDO",
   "ROMERO, VANESA JANET",
   "SUAREZ, LUCAS DANIEL",
   "SALANOVA, SILVINA MARINES",
   "CANASA, CLAUDIO RODRIGO",
   "LOZANO, MARIA DEL CARMEN",
   "FASOLA, ELISEO MARTIN",
   "LIRA, CECILIA ELIZABETH",
   "ESCOBAR, CESAR EDUARDO",
   "ECHAGUE, JANET",
   "JARAMILLO, OMAR AMILCAR",
   "ROJAS, ADRIANA PAOLA"
  ]
 },
 {
  "asistida": "CANO TOM\u00c1S L\u00cdNO",
  "cargo_ejecutivo": false,
  "clase": "Candidato",
  "cod_alianza": "3735",
  "cod_categoria": "CNJ",
  "cod_lista": "3735.32.32",
  "cod_partido": "3735.32",
  "codigo": "3735.32.32.4979",
  "dni": "18671005",
  "id_candidatura": "3735.32.32.4979",
  "id_umv": 679,
  "imagenes": [
   "3735.32.32.4979",
   "default_mujer",
   "default",
   "default_mujer",
   "default",
   "default_mujer",
   "default",
   "default_mujer",
   "default",
   "default_mujer",
   "default",
   "default_mujer"
  ],
  "nombre": "CANO, TOMAS LINO",
  "nro_orden": 1,
  "orden_absoluto": [
   12,
   46,
   63,
   5,
   1
  ],
  "secundarios": [
   "GUZMAN, MARIA CRISTINA",
   "ZIGARAN, JORGE FEDERICO",
   "DIAZ, ARACELI ANTONELLA MARISEL",
   "PACHECO, SEBASTIAN ALFREDO",
   "LIZARRAGA, EUSEBIA",
   "MENDEZ, LEONEL ANTONIO",
   "NORIEGA, ELIANA DE LOS ANGELES",
   "SINCHICAY, CESAR ALBERTO",
   "SIGLER, DORA ELIZABETH",
   "SANCHEZ, FERNANDO EZEQUIEL",
   "SINCHICAY, ROMINA PAOLA"
  ],
  "sexo": "M",
  "suplentes": [
   "CUELLO, CARLOS ANDRES",
   "CORRO, PATRICIA FABIANA",
   "SABAN, HUGO ORLANDO",
   "LAMAS, ANDREA SOLEDAD",
   "CRUZ, CLAUDIO CESAR",
   "BARROS, FABIANA ALEJANDRA",
   "VILCA, DAVID RAMON",
   "FERNANDEZ, ROSAURA",
   "FIGUEROA, CARLOS ALEJANDRO",
   "MARQUEZ, JULIA"
  ]
 },
 {
  "asistida": "ABREG\u00da ELSA MERCEDES",
  "cargo_ejecutivo": false,
  "clase": "Candidato",
  "cod_alianza": "3735",
  "cod_categoria": "CNJ",
  "cod_lista": "3735.3650.3650",
  "cod_partido": "3735.3650",
  "codigo": "3735.3650.3650.5711",
  "dni": "21315651",
  "id_candidatura": "3735.3650.3650.5711",
  "id_umv": 712,
  "imagenes": [
   "3735.3650.3650.5711",
   "default",
   "default_mujer",
   "default",
   "default_mujer",
   "default",
   "default_mujer",
   "default",
   "default_mujer",
   "default",
   "default_mujer",
   "default"
  ],
  "nombre": "ABREGU, MERCEDES \u201cMECHA\u201d",
  "nro_orden": 1,
  "orden_absoluto": [
   12,
   66,
   23,
   5,
   1
  ],
  "secundarios": [
   "QUINTANA HERNANDEZ, JOSE LUIS",
   "MELIAN, JANET MARICEL",
   "TOGNINI, RAMON MARTIN",
   "VACA, VIVIANA VANESA",
   "JUSTINIANO, JAIME",
   "VARGAS, CARINA VALERIA LEONARDA",
   "MOLINA, MIGUEL ANGEL",
   "CASTILLO, JUANA",
   "PIZARRO, RONALDO LUCAS",
   "GAVILAN, PATRICIA SOLEDAD",
   "CARRIZO, DIEGO ANIBAL"
  ],
  "sexo": "F",
  "suplentes": [
   "MIRANDA, GISELLA MONICA",
   "SALINAS, SEBASTIAN ARIEL",
   "MOLINA, CLAUDIA MABEL",
   "PIZARRO, RUBEN",
   "SANCHEZ, SOFIA ALEJANDRA",
   "MIRANDA, RAUL FERNANDO",
   "ATENCIO, KARINA ALEJANDRA",
   "CASTILLO, ALBERTO GERONIMO",
   "ATENCIO, DAIANA VERONICA",
   "FERNANDEZ, OSVALDO RAMON",
   "VIRREYRA, EVA RAMONA",
   "CHAVEZ, ISAAS FERNANDO"
  ]
 },
 {
  "asistida": "SECO CLAUDIA GLORIA",
  "cargo_ejecutivo": false,
  "clase": "Candidato",
  "cod_alianza": "3735",
  "cod_categoria": "SEN",
  "cod_lista": "3735.3745.3745",
  "cod_partido": "3735.3745",
  "codigo": "3735.3745.3745.8556",
  "dni": "21315630",
  "id_candidatura": "3735.3745.3745.8556",
  "id_umv": 1877,
  "imagenes": [
   "3735.3745.3745.8556"
  ],
  "nombre": "SECO, CLAUDIA GLORIA",
  "nro_orden": 1,
  "orden_absoluto": [
   12,
   25,
   70,
   2,
   1
  ],
  "secundarios": [

  ],
  "sexo": "F",
  "suplentes": [
   "BARROSO, CARLOS OSVALDO"
  ]
 },
 {
  "asistida": "Hucena PATRICIA DEL CARMEN",
  "cargo_ejecutivo": false,
  "clase": "Candidato",
  "cod_alianza": "3735",
  "cod_categoria": "DIP",
  "cod_lista": "3735.3745.3745",
  "cod_partido": "3735.3745",
  "codigo": "3735.3745.3745.8578",
  "dni": "23896484",
  "id_candidatura": "3735.3745.3745.8578",
  "id_umv": 1137,
  "imagenes": [
   "3735.3745.3745.8578",
   "default",
   "default_mujer"
  ],
  "nombre": "HUCENA, PATRICIA \u201cPATO\u201d",
  "nro_orden": 1,
  "orden_absoluto": [
   12,
   25,
   70,
   3,
   1
  ],
  "secundarios": [
   "OLIVA, SERGIO GERARDO",
   "MOYANO, LAURA ELIZABETH"
  ],
  "sexo": "F",
  "suplentes": [
   "BRAVO, LUIS ALBERTO",
   "MENDEZ HUCENA, MARIA LUCERO",
   "ROMERO, WILFREDO"
  ]
 },
 {
  "asistida": "GONZ\u00c1LEZ PABLO DAMI\u00c1N",
  "cargo_ejecutivo": true,
  "clase": "Candidato",
  "cod_alianza": "3735",
  "cod_categoria": "INT",
  "cod_lista": "3735.3745.3745",
  "cod_partido": "3735.3745",
  "codigo": "3735.3745.3745.8587",
  "dni": "21061855",
  "id_candidatura": "3735.3745.3745.8587",
  "id_umv": 1549,
  "imagenes": [
   "3735.3745.3745.8587"
  ],
  "nombre": "GONZALEZ, PABLO DAMIAN",
  "nro_orden": 1,
  "orden_absoluto": [
   12,
   25,
   70,
   4,
   1
  ],
  "secundarios": [

  ],
  "sexo": "M",
  "suplentes": [

  ]
 },
 {
  "asistida": "RODR\u00cdGUEZ MANUEL DIEGO FERNANDO",
  "cargo_ejecutivo": false,
  "clase": "Candidato",
  "cod_alianza": "3735",
  "cod_categoria": "CNJ",
  "cod_lista": "3735.4.4",
  "cod_partido": "3735.4",
  "codigo": "3735.4.4.10168",
  "dni": "36135064",
  "id_candidatura": "3735.4.4.10168",
  "id_umv": 757,
  "imagenes": [
   "3735.4.4.10168",
   "default_mujer",
   "default",
   "default_mujer",
   "default",
   "default_mujer",
   "default",
   "default_mujer",
   "default",
   "default_mujer",
   "default",
   "default_mujer"
  ],
  "nombre": "RODRIGUEZ, MANUEL \u201cMANOLO\u201d",
  "nro_orden": 1,
  "orden_absoluto": [
   12,
   58,
   6,
   5,
   1
  ],
  "secundarios": [
   "CHIMA, ZULMA JANET",
   "ALMAZAN, ABEL AGUSTIN",
   "ASTORGA, CINTIA ROMINA",
   "VALDIVIEZO, ANGEL OSCAR",
   "GALVEZ, ALDANA ROCIO",
   "CARRIZO, JUAN EDUARDO JESUS",
   "RIOJA, ERCILIA CRISTINA",
   "VARGAS, GUSTAVO JAVIER",
   "HERRERA, SANDRA BEATRIZ",
   "TABORGA, VICTOR HUGO",
   "LOPEZ, ISABEL NAZARENA"
  ],
  "sexo": "M",
  "suplentes": [
   "CORDOBA, LUIS ALBERTO",
   "MAZA, RAMONA ELISABETH",
   "ALPIRE, HORACIO RAUL",
   "CHIMA, LILIANA INES",
   "MANSILLA, CLAUDIO ARIEL",
   "LAZARTE, TANIA ALDANA MAGALI",
   "ARCE, LUIS ALFREDO",
   "LEON, LILIANA DEL VALLE",
   "RUIZ, GUSTAVO ADRIAN",
   "TEJERINA, MARIA ISABEL",
   "BRAVO, MANUEL ANTONIO"
  ]
 },
 {
  "asistida": "RODR\u00cdGUEZ JOSE ISAURO",
  "cargo_ejecutivo": false,
  "clase": "Candidato",
  "cod_alianza": "3735",
  "cod_categoria": "CNJ",
  "cod_lista": "3735.460.460",
  "cod_partido": "3735.460",
  "codigo": "3735.460.460.11145",
  "dni": "25685325",
  "id_candidatura": "3735.460.460.11145",
  "id_umv": 807,
  "imagenes": [
   "3735.460.460.11145",
   "default_mujer",
   "default",
   "default_mujer",
   "default",
   "default_mujer",
   "default",
   "default_mujer",
   "default",
   "default_mujer",
   "default",
   "default_mujer"
  ],
  "nombre": "RODRIGUEZ, JOSE ISAURO",
  "nro_orden": 1,
  "orden_absoluto": [
   12,
   23,
   10,
   5,
   1
  ],
  "secundarios": [
   "VARGAS, ANGELINA LORENA",
   "YURQUINA RUIZ, GABRIEL SILVESTRE",
   "ALPIRE, MARIA ANGELICA",
   "MONTIAL, LEROUSSE",
   "AGUIRRE, SILVIA ALEJANDRA",
   "VARGAS, MAXIMILIANO SEBASTIAN",
   "ARTEAGA, JESSICA ELIZABETH",
   "SIARE, ARMANDO",
   "GUTIERREZ, VIVIANA",
   "RODRIGUEZ, HUGO ROBERTO",
   "CRUZ AGUIRRE, ARIANA DELFINA"
  ],
  "sexo": "M",
  "suplentes": [
   "RODRIGUEZ, MARIO ANTONIO",
   "MOYA SALTO, IRINA NAHIR",
   "GIMENEZ, JUAN JOSE",
   "TEJERINA MORALES, FELICIDAD",
   "ARIAS, RUBEN DARIO",
   "SEGUNDO, SOLEDAD MARLENE",
   "TORRES, ELIO DAMIAN",
   "AGUIRRE, GISELA ADRIANA",
   "PORTELA, FACUNDO EMANUEL",
   "SALICA, GRACIELA INES",
   "PEREZ, CARLOS ENRIQUE",
   "SALAS, MARIA BELEN"
  ]
 },
 {
  "asistida": "Escotor\u00edn RAMIRO DANIEL",
  "cargo_ejecutivo": true,
  "clase": "Candidato",
  "cod_alianza": "685",
  "cod_categoria": "GOB",
  "cod_lista": "685.685.685",
  "cod_partido": "685.685",
  "codigo": "685.685.685.12004",
  "dni": "17581303",
  "id_candidatura": "685.685.685.12004",
  "id_umv": 1208,
  "imagenes": [
   "685.685.685.12004",
   "default_mujer"
  ],
  "nombre": "ESCOTORIN, RAMIRO DANIEL",
  "nro_orden": 1,
  "orden_absoluto": [
   14,
   30,
   78,
   1,
   1
  ],
  "secundarios": [
   "CALIVA, PATRICIA DEL VALLE"
  ],
  "sexo": "M",
  "suplentes": [

  ]
 },
 {
  "asistida": "Voto en BLANCO",
  "cargo_ejecutivo": false,
  "clase": "Blanco",
  "cod_categoria": "CNJ",
  "cod_lista": "",
  "codigo": "BLC",
  "id_candidatura": "BLC",
  "id_umv": 896,
  "imagenes": [
   "BLC"
  ],
  "nombre": "Voto en BLANCO",
  "nro_orden": 5,
  "orden_absoluto": [
   994,
   5
  ],
  "secundarios": [

  ],
  "sexo": null,
  "suplentes": [

  ]
 },
 {
  "asistida": "Voto en BLANCO",
  "cargo_ejecutivo": false,
  "clase": "Blanco",
  "cod_categoria": "DIP",
  "cod_lista": "",
  "codigo": "BLC",
  "id_candidatura": "BLC",
  "id_umv": 1165,
  "imagenes": [
   "BLC"
  ],
  "nombre": "Voto en BLANCO",
  "nro_orden": 3,
  "orden_absoluto": [
   994,
   3
  ],
  "secundarios": [

  ],
  "sexo": null,
  "suplentes": [

  ]
 },
 {
  "asistida": "Voto en BLANCO",
  "cargo_ejecutivo": true,
  "clase": "Blanco",
  "cod_categoria": "GOB",
  "cod_lista": "",
  "codigo": "BLC",
  "id_candidatura": "BLC",
  "id_umv": 1209,
  "imagenes": [
   "BLC"
  ],
  "nombre": "Voto en BLANCO",
  "nro_orden": 1,
  "orden_absoluto": [
   994,
   1
  ],
  "secundarios": [

  ],
  "sexo": null,
  "suplentes": [

  ]
 },
 {
  "asistida": "Voto en BLANCO",
  "cargo_ejecutivo": true,
  "clase": "Blanco",
  "cod_categoria": "INT",
  "cod_lista": "",
  "codigo": "BLC",
  "id_candidatura": "BLC",
  "id_umv": 1670,
  "imagenes": [
   "BLC"
  ],
  "nombre": "Voto en BLANCO",
  "nro_orden": 4,
  "orden_absoluto": [
   994,
   4
  ],
  "secundarios": [

  ],
  "sexo": null,
  "suplentes": [

  ]
 },
 {
  "asistida": "Voto en BLANCO",
  "cargo_ejecutivo": false,
  "clase": "Blanco",
  "cod_categoria": "SEN",
  "cod_lista": "",
  "codigo": "BLC",
  "id_candidatura": "BLC",
  "id_umv": 1895,
  "imagenes": [
   "BLC"
  ],
  "nombre": "Voto en BLANCO",
  "nro_orden": 2,
  "orden_absoluto": [
   994,
   2
  ],
  "secundarios": [

  ],
  "sexo": null,
  "suplentes": [

  ]
 },
 {
  "asistida": "Votos IMPUGNADOS",
  "cargo_ejecutivo": false,
  "clase": "Especial",
  "cod_categoria": "CNJ",
  "cod_lista": "",
  "codigo": "IMP",
  "id_candidatura": "IMP",
  "id_umv": 956,
  "nombre": "Votos IMPUGNADOS",
  "nro_orden": 5,
  "orden_absoluto": [
   995,
   5
  ],
  "secundarios": [

  ],
  "sexo": null,
  "suplentes": [

  ]
 },
 {
  "asistida": "Votos IMPUGNADOS",
  "cargo_ejecutivo": false,
  "clase": "Especial",
  "cod_categoria": "DIP",
  "cod_lista": "",
  "codigo": "IMP",
  "id_candidatura": "IMP",
  "id_umv": 1180,
  "nombre": "Votos IMPUGNADOS",
  "nro_orden": 3,
  "orden_absoluto": [
   995,
   3
  ],
  "secundarios": [

  ],
  "sexo": null,
  "suplentes": [

  ]
 },
 {
  "asistida": "Votos IMPUGNADOS",
  "cargo_ejecutivo": true,
  "clase": "Especial",
  "cod_categoria": "GOB",
  "cod_lista": "",
  "codigo": "IMP",
  "id_candidatura": "IMP",
  "id_umv": 1210,
  "nombre": "Votos IMPUGNADOS",
  "nro_orden": 1,
  "orden_absoluto": [
   995,
   1
  ],
  "secundarios": [

  ],
  "sexo": null,
  "suplentes": [

  ]
 },
 {
  "asistida": "Votos IMPUGNADOS",
  "cargo_ejecutivo": true,
  "clase": "Especial",
  "cod_categoria": "INT",
  "cod_lista": "",
  "codigo": "IMP",
  "id_candidatura": "IMP",
  "id_umv": 1730,
  "nombre": "Votos IMPUGNADOS",
  "nro_orden": 4,
  "orden_absoluto": [
   995,
   4
  ],
  "secundarios": [

  ],
  "sexo": null,
  "suplentes": [

  ]
 },
 {
  "asistida": "Votos IMPUGNADOS",
  "cargo_ejecutivo": false,
  "clase": "Especial",
  "cod_categoria": "SEN",
  "cod_lista": "",
  "codigo": "IMP",
  "id_candidatura": "IMP",
  "id_umv": 1906,
  "nombre": "Votos IMPUGNADOS",
  "nro_orden": 2,
  "orden_absoluto": [
   995,
   2
  ],
  "secundarios": [

  ],
  "sexo": null,
  "suplentes": [

  ]
 },
 {
  "asistida": "Votos OBSERVADOS",
  "cargo_ejecutivo": false,
  "clase": "Especial",
  "cod_categoria": "CNJ",
  "cod_lista": "",
  "codigo": "OBS",
  "id_candidatura": "OBS",
  "id_umv": 1016,
  "nombre": "Votos OBSERVADOS",
  "nro_orden": 5,
  "orden_absoluto": [
   996,
   5
  ],
  "secundarios": [

  ],
  "sexo": null,
  "suplentes": [

  ]
 },
 {
  "asistida": "Votos OBSERVADOS",
  "cargo_ejecutivo": false,
  "clase": "Especial",
  "cod_categoria": "DIP",
  "cod_lista": "",
  "codigo": "OBS",
  "id_candidatura": "OBS",
  "id_umv": 1195,
  "nombre": "Votos OBSERVADOS",
  "nro_orden": 3,
  "orden_absoluto": [
   996,
   3
  ],
  "secundarios": [

  ],
  "sexo": null,
  "suplentes": [

  ]
 },
 {
  "asistida": "Votos OBSERVADOS",
  "cargo_ejecutivo": true,
  "clase": "Especial",
  "cod_categoria": "GOB",
  "cod_lista": "",
  "codigo": "OBS",
  "id_candidatura": "OBS",
  "id_umv": 1211,
  "nombre": "Votos OBSERVADOS",
  "nro_orden": 1,
  "orden_absoluto": [
   996,
   1
  ],
  "secundarios": [

  ],
  "sexo": null,
  "suplentes": [

  ]
 },
 {
  "asistida": "Votos OBSERVADOS",
  "cargo_ejecutivo": true,
  "clase": "Especial",
  "cod_categoria": "INT",
  "cod_lista": "",
  "codigo": "OBS",
  "id_candidatura": "OBS",
  "id_umv": 1790,
  "nombre": "Votos OBSERVADOS",
  "nro_orden": 4,
  "orden_absoluto": [
   996,
   4
  ],
  "secundarios": [

  ],
  "sexo": null,
  "suplentes": [

  ]
 },
 {
  "asistida": "Votos OBSERVADOS",
  "cargo_ejecutivo": false,
  "clase": "Especial",
  "cod_categoria": "SEN",
  "cod_lista": "",
  "codigo": "OBS",
  "id_candidatura": "OBS",
  "id_umv": 1917,
  "nombre": "Votos OBSERVADOS",
  "nro_orden": 2,
  "orden_absoluto": [
   996,
   2
  ],
  "secundarios": [

  ],
  "sexo": null,
  "suplentes": [

  ]
 }
]