[
 {
  "GOB": 1197,
  "agrupacion_municipal": false,
  "codigo": "1863.1863.1863",
  "lista_completa": true
 },
 {
  "GOB": 1198,
  "agrupacion_municipal": false,
  "codigo": "22.22.22",
  "lista_completa": true
 },
 {
  "GOB": 1199,
  "agrupacion_municipal": false,
  "codigo": "3625.3625.3625",
  "lista_completa": true
 },
 {
  "CNJ": 62,
  "DIP": 1042,
  "GOB": 1200,
  "INT": 1267,
  "SEN": 1809,
  "agrupacion_municipal": false,
  "codigo": "3717.2543.2543",
  "lista_completa": true
 },
 {
  "DIP": 1042,
  "GOB": 1200,
  "INT": 1267,
  "SEN": 1809,
  "agrupacion_municipal": false,
  "codigo": "3717.3739.3739",
  "lista_completa": false
 },
 {
  "CNJ": 136,
  "DIP": 1042,
  "GOB": 1200,
  "INT": 1267,
  "SEN": 1809,
  "agrupacion_municipal": false,
  "codigo": "3717.443.443",
  "lista_completa": true
 },
 {
  "GOB": 1201,
  "agrupacion_municipal": false,
  "codigo": "3723.3741.3741",
  "lista_completa": true
 },
 {
  "GOB": 1202,
  "agrupacion_municipal": false,
  "codigo": "3728.3742.3742",
  "lista_completa": true
 },
 {
  "GOB": 1203,
  "agrupacion_municipal": false,
  "codigo": "3729.3747.3747",
  "lista_completa": true
 },
 {
  "CNJ": 315,
  "DIP": 1083,
  "GOB": 1204,
  "INT": 1404,
  "SEN": 1845,
  "agrupacion_municipal": false,
  "codigo": "3730.3746.3746",
  "lista_completa": true
 },
 {
  "GOB": 1205,
  "agrupacion_municipal": false,
  "codigo": "3731.3743.3743",
  "lista_completa": true
 },
 {
  "GOB": 1206,
  "agrupacion_municipal": false,
  "codigo": "3732.3740.3740",
  "lista_completa": true
 },
 {
  "GOB": 1207,
  "agrupacion_municipal": false,
  "codigo": "3734.3737.3737",
  "lista_completa": true
 },
 {
  "CNJ": 625,
  "DIP": 1132,
  "GOB": 1207,
  "INT": 1609,
  "SEN": 1874,
  "agrupacion_municipal": false,
  "codigo": "3735.1873.1873",
  "lista_completa": true
 },
 {
  "CNJ": 727,
  "DIP": 1132,
  "GOB": 1207,
  "INT": 1587,
  "SEN": 1874,
  "agrupacion_municipal": false,
  "codigo": "3735.3650.3650",
  "lista_completa": true
 },
 {
  "DIP": 1132,
  "GOB": 1207,
  "SEN": 1874,
  "agrupacion_municipal": false,
  "codigo": "3735.3745.3745",
  "lista_completa": false
 },
 {
  "CNJ": 775,
  "DIP": 1132,
  "GOB": 1207,
  "INT": 1587,
  "SEN": 1874,
  "agrupacion_municipal": false,
  "codigo": "3735.4.4",
  "lista_completa": true
 },
 {
  "CNJ": 824,
  "DIP": 1132,
  "GOB": 1207,
  "INT": 1609,
  "SEN": 1874,
  "agrupacion_municipal": false,
  "codigo": "3735.460.460",
  "lista_completa": true
 },
 {
  "GOB": 1208,
  "agrupacion_municipal": false,
  "codigo": "685.685.685",
  "lista_completa": true
 },
 {
  "CNJ": 859,
  "DIP": 1155,
  "GOB": 1209,
  "INT": 1633,
  "SEN": 1889,
  "agrupacion_municipal": false,
  "codigo": "BLC",
  "lista_completa": true
 }
]