[
 {
  "asistida": "S\u00e9bast\u00edan AM\u00c1LIA DEL ROSARIO",
  "cargo_ejecutivo": false,
  "clase": "Candidato",
  "cod_alianza": "3717",
  "cod_categoria": "CNJ",
  "cod_lista": "3717.13.13",
  "cod_partido": "3717.13",
  "codigo": "3717.13.13.745",
  "dni": "12066705",
  "id_candidatura": "3717.13.13.745",
  "id_umv": 44,
  "imagenes": [
   "3717.13.13.745",
   "default",
   "default_mujer",
   "default",
   "default_mujer"
  ],
  "nombre": "SEBASTIAN, \u201cSE\u00d1O\u201d AMALIA",
  "nro_orden": 1,
  "orden_absoluto": [
   6,
   52,
   75,
   5,
   1
  ],
  "secundarios": [
   "SALAZAR, FRANCISCO EMANUEL",
   "FARFAN, ELIANA VANESA",
   "CORONEL, EDGARDO RAFAEL",
   "NU\u00d1EZ, MAYRA NAHIR"
  ],
  "sexo": "F",
  "suplentes": [
   "VERGARA, DARIO SEBASTIAN",
   "TORRES, JULIETA ROSA CECILIA",
   "CORIA, LUIS ORLANDO",
   "ZAMBRANO, MILAGROS XIMENA",
   "QUIPILDOR, LUIS ALFREDO"
  ]
 },
 {
  "asistida": "VILLA SERGIO ORLANDO",
  "cargo_ejecutivo": false,
  "clase": "Candidato",
  "cod_alianza": "3717",
  "cod_categoria": "CNJ",
  "cod_lista": "3717.2543.2543",
  "cod_partido": "3717.2543",
  "codigo": "3717.2543.2543.3860",
  "dni": "29491797",
  "id_candidatura": "3717.2543.2543.3860",
  "id_umv": 67,
  "imagenes": [
   "3717.2543.2543.3860",
   "default_mujer",
   "default",
   "default_mujer",
   "default"
  ],
  "nombre": "PROF. VILLA, SERGIO",
  "nro_orden": 1,
  "orden_absoluto": [
   6,
   71,
   17,
   5,
   1
  ],
  "secundarios": [
   "SANCHEZ, CAMILA ELIZABETH",
   "BAIGORRIA, HUGO ALBERTO",
   "VALDEZ, CLAUDIA DEL VALLE",
   "LAURA SUYO, FRANCISCO"
  ],
  "sexo": "M",
  "suplentes": [
   "MAMANI, VERONICA SOLEDAD",
   "CORDOBA, JOSE DANIEL",
   "MENDEZ, JESICA JIMENA",
   "LEON, LUIS GABRIEL",
   "FRIAS, AIXA MICAELA"
  ]
 },
 {
  "asistida": "CARDOZO PABLO",
  "cargo_ejecutivo": false,
  "clase": "Candidato",
  "cod_alianza": "3717",
  "cod_categoria": "CNJ",
  "cod_lista": "3717.2559.2559",
  "cod_partido": "3717.2559",
  "codigo": "3717.2559.2559.3976",
  "dni": "21912686",
  "id_candidatura": "3717.2559.2559.3976",
  "id_umv": 73,
  "imagenes": [
   "3717.2559.2559.3976",
   "default_mujer",
   "default",
   "default_mujer",
   "default"
  ],
  "nombre": "CARDOZO, \u201cPALI\u201d",
  "nro_orden": 1,
  "orden_absoluto": [
   6,
   6,
   38,
   5,
   1
  ],
  "secundarios": [
   "ALTAMIRANO, FELISA ELENA",
   "VARGAS, MATIAS SALVADOR",
   "VILLA, GLADYS VIRGINIA",
   "GONZALEZ, FRANCO NICOLAS"
  ],
  "sexo": "M",
  "suplentes": [
   "MARTINEZ, LUCRECIA ANDREA",
   "ROJAS, FRANCISCO MARCELO",
   "OVEJERO, MICAELA NICOLE",
   "GIMENEZ, JUAN JOSE",
   "VALOR, JESICA SOLEDAD"
  ]
 },
 {
  "asistida": "GAITAN JORGE LUIS",
  "cargo_ejecutivo": false,
  "clase": "Candidato",
  "cod_alianza": "3717",
  "cod_categoria": "CNJ",
  "cod_lista": "3717.2626.2626",
  "cod_partido": "3717.2626",
  "codigo": "3717.2626.2626.4561",
  "dni": "33233312",
  "id_candidatura": "3717.2626.2626.4561",
  "id_umv": 87,
  "imagenes": [
   "3717.2626.2626.4561",
   "default_mujer",
   "default",
   "default_mujer",
   "default"
  ],
  "nombre": "GAITAN, JORGE LUIS",
  "nro_orden": 1,
  "orden_absoluto": [
   6,
   4,
   19,
   5,
   1
  ],
  "secundarios": [
   "ORMACHEA, JIMENA ALEJANDRA",
   "ROJAS, MARIO ROLANDO",
   "PEDRAZA, ROSA MABEL",
   "MATORRAS, JAIRO ANDRES"
  ],
  "sexo": "M",
  "suplentes": [
   "TORRES, JOANA CELMIRA",
   "LAMAS, LEONEL MAXIMILIANO"
  ]
 },
 {
  "asistida": "Mart\u00ednez Chalub WADI LEONARDO",
  "cargo_ejecutivo": true,
  "clase": "Candidato",
  "cod_alianza": "3717",
  "cod_categoria": "INT",
  "cod_lista": "3717.3739.3739",
  "cod_partido": "3717.3739",
  "codigo": "3717.3739.3739.6467",
  "dni": "25218023",
  "id_candidatura": "3717.3739.3739.6467",
  "id_umv": 1282,
  "imagenes": [
   "3717.3739.3739.6467"
  ],
  "nombre": "MARTINEZ, WADI",
  "nro_orden": 1,
  "orden_absoluto": [
   6,
   17,
   64,
   4,
   1
  ],
  "secundarios": [

  ],
  "sexo": "M",
  "suplentes": [

  ]
 },
 {
  "asistida": "ACOSTA ALICIA LORENA",
  "cargo_ejecutivo": false,
  "clase": "Candidato",
  "cod_alianza": "3717",
  "cod_categoria": "CNJ",
  "cod_lista": "3717.3739.3739",
  "cod_partido": "3717.3739",
  "codigo": "3717.3739.3739.6869",
  "dni": "28339499",
  "id_candidatura": "3717.3739.3739.6869",
  "id_umv": 124,
  "imagenes": [
   "3717.3739.3739.6869",
   "default",
   "default_mujer",
   "default",
   "default_mujer"
  ],
  "nombre": "ACOSTA, LORENA",
  "nro_orden": 1,
  "orden_absoluto": [
   6,
   17,
   64,
   5,
   1
  ],
  "secundarios": [
   "CARRIZO, FRANCISCO",
   "NAVARRETE RUBIO, ROCIO",
   "ROJAS, LEANDRO GABRIEL",
   "ORTIZ, VERONICA ALCIRA"
  ],
  "sexo": "F",
  "suplentes": [
   "REYES, ANGEL DANIEL",
   "ALTAMIRANO, CARMEN SOLEDAD",
   "CONDORI, ENRIQUE ROBERTO"
  ]
 },
 {
  "asistida": "ARCE SUSANA BEATRIZ",
  "cargo_ejecutivo": false,
  "clase": "Candidato",
  "cod_alianza": "3717",
  "cod_categoria": "CNJ",
  "cod_lista": "3717.443.443",
  "cod_partido": "3717.443",
  "codigo": "3717.443.443.10811",
  "dni": "23593261",
  "id_candidatura": "3717.443.443.10811",
  "id_umv": 144,
  "imagenes": [
   "3717.443.443.10811",
   "default",
   "default_mujer",
   "default",
   "default_mujer"
  ],
  "nombre": "ARCE, SUSANA",
  "nro_orden": 1,
  "orden_absoluto": [
   6,
   69,
   9,
   5,
   1
  ],
  "secundarios": [
   "GONZALEZ, FABIAN ARTURO",
   "CAYO, ANA MARIA",
   "ARGOTA, FRANCISCO EYBER",
   "FIGUEROA, SARA ELIZABETH"
  ],
  "sexo": "F",
  "suplentes": [
   "PISANI, NICOLAS ISMAEL",
   "SEGUNDO, GRACIELA",
   "HUMACATA, LORENZO",
   "SANDOBAL, YOLANDA",
   "SEGOVIA, DARIO EMANUEL FERNANDO"
  ]
 },
 {
  "asistida": "L\u00d3PEZ RUB\u00c9N DEL VALLE",
  "cargo_ejecutivo": false,
  "clase": "Candidato",
  "cod_alianza": "3717",
  "cod_categoria": "CNJ",
  "cod_lista": "3717.632.632",
  "cod_partido": "3717.632",
  "codigo": "3717.632.632.11965",
  "dni": "16361696",
  "id_candidatura": "3717.632.632.11965",
  "id_umv": 161,
  "imagenes": [
   "3717.632.632.11965",
   "default_mujer",
   "default",
   "default_mujer",
   "default"
  ],
  "nombre": "LOPEZ, RUBEN DEL VALLE",
  "nro_orden": 1,
  "orden_absoluto": [
   6,
   47,
   8,
   5,
   1
  ],
  "secundarios": [
   "LUNA, GLADIS VALLE",
   "CARPIO, FEDERICO JONATAN",
   "QUINTEROS, ROSANA BEATRIZ",
   "NAVARRETE, RUBEN DARIO"
  ],
  "sexo": "M",
  "suplentes": [
   "MURIENEGA, LAURA MELANI",
   "AVENDA\u00d1O, HECTOR HUGO",
   "ROMERO, GRACIELA JOANA",
   "AVILES CRUZ, BRUNO ENRIQUE"
  ]
 },
 {
  "asistida": "DE CARO ENZO MIGUEL",
  "cargo_ejecutivo": true,
  "clase": "Candidato",
  "cod_alianza": "3723",
  "cod_categoria": "INT",
  "cod_lista": "3723.3741.3741",
  "cod_partido": "3723.3741",
  "codigo": "3723.3741.3741.7263",
  "dni": "34966232",
  "id_candidatura": "3723.3741.3741.7263",
  "id_umv": 1328,
  "imagenes": [
   "3723.3741.3741.7263"
  ],
  "nombre": "DE CARO, ENZO MIGUEL",
  "nro_orden": 1,
  "orden_absoluto": [
   5,
   14,
   65,
   4,
   1
  ],
  "secundarios": [

  ],
  "sexo": "M",
  "suplentes": [

  ]
 },
 {
  "asistida": "VALDIVIEZO SERGIO DANIEL",
  "cargo_ejecutivo": false,
  "clase": "Candidato",
  "cod_alianza": "3723",
  "cod_categoria": "CNJ",
  "cod_lista": "3723.3741.3741",
  "cod_partido": "3723.3741",
  "codigo": "3723.3741.3741.7675",
  "dni": "25981483",
  "id_candidatura": "3723.3741.3741.7675",
  "id_umv": 225,
  "imagenes": [
   "3723.3741.3741.7675",
   "default_mujer",
   "default",
   "default_mujer",
   "default"
  ],
  "nombre": "VALDIVIEZO, SERGIO DANIEL",
  "nro_orden": 1,
  "orden_absoluto": [
   5,
   14,
   65,
   5,
   1
  ],
  "secundarios": [
   "TEJERINA, MARIA DEL PILAR",
   "CEBALLO, CARLOS ALBERTO",
   "GUTIERREZ, MILAGROS",
   "PEREZ, ALDO LUCIO ROGELIO"
  ],
  "sexo": "M",
  "suplentes": [
   "GODOY, CECILIA MAGDALENA",
   "JARA DIAZ, LUIS JOAQUIN",
   "ARIAS, ROSANA ARGENTINA"
  ]
 },
 {
  "asistida": "SAB\u00c1N ESTELA VER\u00d3NICA",
  "cargo_ejecutivo": true,
  "clase": "Candidato",
  "cod_alianza": "3728",
  "cod_categoria": "INT",
  "cod_lista": "3728.3742.3742",
  "cod_partido": "3728.3742",
  "codigo": "3728.3742.3742.7778",
  "dni": "28989749",
  "id_candidatura": "3728.3742.3742.7778",
  "id_umv": 1350,
  "imagenes": [
   "3728.3742.3742.7778"
  ],
  "nombre": "SABAN, ESTELA VERONICA",
  "nro_orden": 1,
  "orden_absoluto": [
   9,
   21,
   66,
   4,
   1
  ],
  "secundarios": [

  ],
  "sexo": "F",
  "suplentes": [

  ]
 },
 {
  "asistida": "Masafro CARLOS ADOLFO",
  "cargo_ejecutivo": false,
  "clase": "Candidato",
  "cod_alianza": "3728",
  "cod_categoria": "CNJ",
  "cod_lista": "3728.3748.3748",
  "cod_partido": "3728.3748",
  "codigo": "3728.3748.3748.9706",
  "dni": "21312647",
  "id_candidatura": "3728.3748.3748.9706",
  "id_umv": 258,
  "imagenes": [
   "3728.3748.3748.9706",
   "default_mujer",
   "default",
   "default_mujer",
   "default"
  ],
  "nombre": "MASSAFRO, CARLOS ADOLFO",
  "nro_orden": 1,
  "orden_absoluto": [
   9,
   15,
   24,
   5,
   1
  ],
  "secundarios": [
   "VALDIVIEZO, RITA ELISABETH",
   "NIEVA, NESTOR NICOLAS",
   "REYES, MARIEL EVELIN",
   "ORDO\u00d1EZ, ALFONSO LAUTARO"
  ],
  "sexo": "M",
  "suplentes": [
   "SARSUR, IVONNE MARCELA",
   "GUZMAN ADARO, WALTER DAMIAN",
   "TORRES, ESTELA DE LOS ANGELE",
   "GONZALEZ, SILVESTRE AGUSTIN"
  ]
 },
 {
  "asistida": "F\u00c9LDER JOSE LUIS",
  "cargo_ejecutivo": true,
  "clase": "Candidato",
  "cod_alianza": "3730",
  "cod_categoria": "INT",
  "cod_lista": "3730.3746.3746",
  "cod_partido": "3730.3746",
  "codigo": "3730.3746.3746.8715",
  "dni": "17610257",
  "id_candidatura": "3730.3746.3746.8715",
  "id_umv": 1417,
  "imagenes": [
   "3730.3746.3746.8715"
  ],
  "nombre": "FELDER, JOSE LUIS",
  "nro_orden": 1,
  "orden_absoluto": [
   15,
   32,
   74,
   4,
   1
  ],
  "secundarios": [

  ],
  "sexo": "M",
  "suplentes": [

  ]
 },
 {
  "asistida": "Causarano MARIO ALEJANDRO",
  "cargo_ejecutivo": false,
  "clase": "Candidato",
  "cod_alianza": "3730",
  "cod_categoria": "CNJ",
  "cod_lista": "3730.3746.3746",
  "cod_partido": "3730.3746",
  "codigo": "3730.3746.3746.9018",
  "dni": "27840119",
  "id_candidatura": "3730.3746.3746.9018",
  "id_umv": 325,
  "imagenes": [
   "3730.3746.3746.9018",
   "default_mujer",
   "default",
   "default_mujer",
   "default"
  ],
  "nombre": "CAUSARANO, MARIO ALEJANDRO",
  "nro_orden": 1,
  "orden_absoluto": [
   15,
   32,
   74,
   5,
   1
  ],
  "secundarios": [
   "TOLEDO, CAMILA NAHIR",
   "AGOLINO, LUIS ALBERTO",
   "BAAR, ADELICIA MARISA",
   "VILCA, FRANCISCO RENE"
  ],
  "sexo": "M",
  "suplentes": [
   "ALVARADO, RITA ANA MARIA",
   "ALAVILA, EDUARDO FRANCO",
   "PALLARES ORTEGA, ANAHI ELVA",
   "JAIME, PABLO BERNARDINO"
  ]
 },
 {
  "asistida": "ACOSTA DIEGO RODRIGO",
  "cargo_ejecutivo": false,
  "clase": "Candidato",
  "cod_alianza": "3730",
  "cod_categoria": "CNJ",
  "cod_lista": "3730.461.461",
  "cod_partido": "3730.461",
  "codigo": "3730.461.461.11670",
  "dni": "33099974",
  "id_candidatura": "3730.461.461.11670",
  "id_umv": 345,
  "imagenes": [
   "3730.461.461.11670",
   "default_mujer",
   "default",
   "default_mujer",
   "default"
  ],
  "nombre": "ACOSTA, DIEGO RODRIGO",
  "nro_orden": 1,
  "orden_absoluto": [
   15,
   19,
   11,
   5,
   1
  ],
  "secundarios": [
   "LAIME, CARINA LILIANA",
   "CHARA, JAVIER EMILIO ALEJANDRO",
   "AGUIRRE, LUISA ANTONIETA",
   "FIGUEROA, MAXIMILIANO JAVIER"
  ],
  "sexo": "M",
  "suplentes": [
   "MENDEZ, SILVIA DE LOS ANGELES",
   "PUCA, MAXIMILIANO JUAN GABRIEL"
  ]
 },
 {
  "asistida": "ZALAZAR GABRIELA CRUZ",
  "cargo_ejecutivo": true,
  "clase": "Candidato",
  "cod_alianza": "3731",
  "cod_categoria": "INT",
  "cod_lista": "3731.3743.3743",
  "cod_partido": "3731.3743",
  "codigo": "3731.3743.3743.8018",
  "dni": "30188002",
  "id_candidatura": "3731.3743.3743.8018",
  "id_umv": 1444,
  "imagenes": [
   "3731.3743.3743.8018"
  ],
  "nombre": "ZALAZAR, GABRIELA CRUZ",
  "nro_orden": 1,
  "orden_absoluto": [
   10,
   22,
   68,
   4,
   1
  ],
  "secundarios": [

  ],
  "sexo": "F",
  "suplentes": [

  ]
 },
 {
  "asistida": "Valdiviezo SERGIO ALFREDO",
  "cargo_ejecutivo": false,
  "clase": "Candidato",
  "cod_alianza": "3731",
  "cod_categoria": "CNJ",
  "cod_lista": "3731.3743.3743",
  "cod_partido": "3731.3743",
  "codigo": "3731.3743.3743.8342",
  "dni": "37719982",
  "id_candidatura": "3731.3743.3743.8342",
  "id_umv": 379,
  "imagenes": [
   "3731.3743.3743.8342",
   "default_mujer",
   "default",
   "default_mujer",
   "default"
  ],
  "nombre": "VALDIBIEZO, SERGIO ALFREDO",
  "nro_orden": 1,
  "orden_absoluto": [
   10,
   22,
   68,
   5,
   1
  ],
  "secundarios": [
   "FALCON, BEATRIZ LILIANA",
   "DEL CONT, GUSTAVO FERNANDO",
   "GUTIERREZ, ELIDA GRISELDA",
   "FALCON, JORGE RAUL"
  ],
  "sexo": "M",
  "suplentes": [
   "FIGUEROA, NORMA BEATRIZ",
   "DEL CONT, ALEJANDRO AGUSTIN",
   "TOLEDO, MILENA ROSA",
   "DIAZ, CRISTIAN RODRIGO",
   "FALCON, ALDANA GIANELLA"
  ]
 },
 {
  "asistida": "DIAZ CINTIA MANUELA DEL ROSARIO",
  "cargo_ejecutivo": true,
  "clase": "Candidato",
  "cod_alianza": "3732",
  "cod_categoria": "INT",
  "cod_lista": "3732.3740.3740",
  "cod_partido": "3732.3740",
  "codigo": "3732.3740.3740.6971",
  "dni": "37163346",
  "id_candidatura": "3732.3740.3740.6971",
  "id_umv": 1457,
  "imagenes": [
   "3732.3740.3740.6971"
  ],
  "nombre": "DIAZ, CINTIA MANUELA DEL ROSARIO",
  "nro_orden": 1,
  "orden_absoluto": [
   7,
   18,
   73,
   4,
   1
  ],
  "secundarios": [

  ],
  "sexo": "F",
  "suplentes": [

  ]
 },
 {
  "asistida": "JUNCOS Os\u00e1n HAYDEE CARINA",
  "cargo_ejecutivo": false,
  "clase": "Candidato",
  "cod_alianza": "3732",
  "cod_categoria": "CNJ",
  "cod_lista": "3732.3740.3740",
  "cod_partido": "3732.3740",
  "codigo": "3732.3740.3740.7116",
  "dni": "20502275",
  "id_candidatura": "3732.3740.3740.7116",
  "id_umv": 392,
  "imagenes": [
   "3732.3740.3740.7116",
   "default",
   "default_mujer",
   "default",
   "default_mujer"
  ],
  "nombre": "JUNCOS OSSAN, HAYDEE CARINA",
  "nro_orden": 1,
  "orden_absoluto": [
   7,
   18,
   73,
   5,
   1
  ],
  "secundarios": [
   "NU\u00d1EZ, LUCAS JAVIER",
   "LIZONDO, JANET BELEN",
   "ARAPA, JOSE MARIA",
   "FIGUEROA, MAITE DEL VALLE"
  ],
  "sexo": "F",
  "suplentes": [
   "LIZONDO, EDUARDO MAXIMILIANO",
   "YURQUINA, SUSANA MACARENA",
   "LIZONDO, CARLOS",
   "TORRES, ALEJANDRA ABIGAIL",
   "LIZONDO, CARLOS EDUARDO"
  ]
 },
 {
  "asistida": "PAZ TOBIAS \u00c1NGEL Is\u00eddro",
  "cargo_ejecutivo": false,
  "clase": "Candidato",
  "cod_alianza": "3733",
  "cod_categoria": "CNJ",
  "cod_lista": "3733.10.10",
  "cod_partido": "3733.10",
  "codigo": "3733.10.10.242",
  "dni": "44400361",
  "id_candidatura": "3733.10.10.242",
  "id_umv": 407,
  "imagenes": [
   "3733.10.10.242",
   "default_mujer",
   "default",
   "default_mujer",
   "default"
  ],
  "nombre": "PAZ, TOBIAS ANGEL ISIDRO",
  "nro_orden": 1,
  "orden_absoluto": [
   11,
   51,
   4,
   5,
   1
  ],
  "secundarios": [
   "SALOMON TROBATTO, ROSARIO",
   "REYNOSO, EDUARDO DANIEL",
   "ALARCON, JENIFER ANAHI",
   "RIOS, NESTOR RAMON"
  ],
  "sexo": "M",
  "suplentes": [
   "VILLEGAS, ANA ROCIO",
   "VASQUEZ, NICOLAS ALEJANDRO",
   "SU\u00d1IGA, KAREN ABIGAIL",
   "REYNOSO, HORACIO MAXIMILIANO",
   "HERRERA, JUANA"
  ]
 },
 {
  "asistida": "ORTEGA JUAN CARLOS",
  "cargo_ejecutivo": false,
  "clase": "Candidato",
  "cod_alianza": "3733",
  "cod_categoria": "CNJ",
  "cod_lista": "3733.1861.1861",
  "cod_partido": "3733.1861",
  "codigo": "3733.1861.1861.1568",
  "dni": "20125807",
  "id_candidatura": "3733.1861.1861.1568",
  "id_umv": 430,
  "imagenes": [
   "3733.1861.1861.1568",
   "default_mujer",
   "default",
   "default_mujer",
   "default"
  ],
  "nombre": "ORTEGA, JUAN CARLOS",
  "nro_orden": 1,
  "orden_absoluto": [
   11,
   55,
   13,
   5,
   1
  ],
  "secundarios": [
   "LAMAS, MARIANA ALEJANDRA",
   "VARGAS, ANDRES MAURICIO",
   "CONDORI, NOELIA ALEJANDRA",
   "CASTA\u00d1O, ROGELIO ANGEL"
  ],
  "sexo": "M",
  "suplentes": [
   "NU\u00d1EZ, GRACIELA OFELIA",
   "CORDOBA, MIGUEL ANGEL",
   "ARROYO, RAMONA CAROLINA",
   "TACHE, OSVALDO DANIEL",
   "FLORES, MABEL ESTELA"
  ]
 },
 {
  "asistida": "TACHE FACUNDO IGNACIO",
  "cargo_ejecutivo": true,
  "clase": "Candidato",
  "cod_alianza": "3733",
  "cod_categoria": "INT",
  "cod_lista": "3733.1862.1862",
  "cod_partido": "3733.1862",
  "codigo": "3733.1862.1862.1625",
  "dni": "38740732",
  "id_candidatura": "3733.1862.1862.1625",
  "id_umv": 1478,
  "imagenes": [
   "3733.1862.1862.1625"
  ],
  "nombre": "TACHE, \u201cTITO\u201d",
  "nro_orden": 1,
  "orden_absoluto": [
   11,
   63,
   14,
   4,
   1
  ],
  "secundarios": [

  ],
  "sexo": "M",
  "suplentes": [

  ]
 },
 {
  "asistida": "RALL\u00c9 ALBERTO DANIEL",
  "cargo_ejecutivo": false,
  "clase": "Candidato",
  "cod_alianza": "3733",
  "cod_categoria": "CNJ",
  "cod_lista": "3733.1862.1862",
  "cod_partido": "3733.1862",
  "codigo": "3733.1862.1862.2024",
  "dni": "20671210",
  "id_candidatura": "3733.1862.1862.2024",
  "id_umv": 465,
  "imagenes": [
   "3733.1862.1862.2024",
   "default_mujer",
   "default",
   "default_mujer",
   "default"
  ],
  "nombre": "RALLE, ALBERTO DANIEL",
  "nro_orden": 1,
  "orden_absoluto": [
   11,
   63,
   14,
   5,
   1
  ],
  "secundarios": [
   "LUNA, MARCELA VIVIANA",
   "CEBALLO, LUIS ARMANDO",
   "LEIVA, NORMA BEATRIZ",
   "ORTEGA, VICTOR ROLANDO"
  ],
  "sexo": "M",
  "suplentes": [
   "SANDOVAL, MELINDA MACARENA",
   "CORIA TORRES, FERNANDO",
   "RUIZ DAGER, MARIA EUGENIA",
   "JAIME, VICTOR HERNAN",
   "ALVAREZ, MARIA CAROLINA"
  ]
 },
 {
  "asistida": "B\u00daRGOS ROCIO CELESTE",
  "cargo_ejecutivo": false,
  "clase": "Candidato",
  "cod_alianza": "3733",
  "cod_categoria": "CNJ",
  "cod_lista": "3733.1869.1869",
  "cod_partido": "3733.1869",
  "codigo": "3733.1869.1869.2438",
  "dni": "36607252",
  "id_candidatura": "3733.1869.1869.2438",
  "id_umv": 493,
  "imagenes": [
   "3733.1869.1869.2438",
   "default",
   "default_mujer",
   "default",
   "default_mujer"
  ],
  "nombre": "BURGOS, ROCIO CELESTE",
  "nro_orden": 1,
  "orden_absoluto": [
   11,
   67,
   15,
   5,
   1
  ],
  "secundarios": [
   "ARAOZ, FERNANDO FRANCISCO",
   "BELIXAN, RITA LUCRECIA",
   "QUIPILDOR, JOSE MIGUEL",
   "TORRES, MARIA RENEE DEL MILAGRO"
  ],
  "sexo": "F",
  "suplentes": [
   "ORELLANA, OSCAR ALFREDO",
   "COPA, MICAELA FERNANDA",
   "CASTILLO, FRANCO LUIS ALEJANDRO"
  ]
 },
 {
  "asistida": "QUIPILD\u00d3R CONSEPCI\u00d3N",
  "cargo_ejecutivo": false,
  "clase": "Candidato",
  "cod_alianza": "3733",
  "cod_categoria": "CNJ",
  "cod_lista": "3733.2625.2625",
  "cod_partido": "3733.2625",
  "codigo": "3733.2625.2625.4315",
  "dni": "24551073",
  "id_candidatura": "3733.2625.2625.4315",
  "id_umv": 511,
  "imagenes": [
   "3733.2625.2625.4315",
   "default_mujer",
   "default",
   "default_mujer",
   "default"
  ],
  "nombre": "QUIPILDOR, CONSEPCION",
  "nro_orden": 1,
  "orden_absoluto": [
   11,
   50,
   62,
   5,
   1
  ],
  "secundarios": [
   "GOMEZ, GABRIELA ELIZABETH",
   "LERA, ARIEL ROGELIO",
   "GARCIA, JULIA GRACIELA",
   "LOPEZ CAUSARANO, EDUARDO JESUS"
  ],
  "sexo": "M",
  "suplentes": [
   "ARROYO, MACARENA DEL PILAR",
   "REYES, CARLOS REYNALDO",
   "JIMENEZ, MARCELA DEL CARMEN",
   "SOSA, JESUS EVARISTO",
   "CARDOZO, CATALINA DE JESUS"
  ]
 },
 {
  "asistida": "FARFAN VICTOR FABI\u00c1N",
  "cargo_ejecutivo": false,
  "clase": "Candidato",
  "cod_alianza": "3733",
  "cod_categoria": "CNJ",
  "cod_lista": "3733.2627.2627",
  "cod_partido": "3733.2627",
  "codigo": "3733.2627.2627.4832",
  "dni": "22752591",
  "id_candidatura": "3733.2627.2627.4832",
  "id_umv": 535,
  "imagenes": [
   "3733.2627.2627.4832",
   "default_mujer",
   "default",
   "default_mujer",
   "default"
  ],
  "nombre": "FARFAN, VICTOR FABIAN",
  "nro_orden": 1,
  "orden_absoluto": [
   11,
   72,
   20,
   5,
   1
  ],
  "secundarios": [
   "CHAILE, JULIA SUSANA",
   "RODRIGUEZ, CLAUDIO MATIAS",
   "LUNA, CLAUDIA BEATRIZ",
   "AVALOS, GUSTAVO ARIEL"
  ],
  "sexo": "M",
  "suplentes": [
   "CARDOZO, TOMASA MARGARITA",
   "TOLABA, CLAUDIO GUILLERMO",
   "ALAVILA, FABIOLA NADIA DE BELEN"
  ]
 },
 {
  "asistida": "TOLEDO ALFREDO FRANCO DARIO",
  "cargo_ejecutivo": false,
  "clase": "Candidato",
  "cod_alianza": "3733",
  "cod_categoria": "CNJ",
  "cod_lista": "3733.38.38",
  "cod_partido": "3733.38",
  "codigo": "3733.38.38.9960",
  "dni": "37719725",
  "id_candidatura": "3733.38.38.9960",
  "id_umv": 573,
  "imagenes": [
   "3733.38.38.9960",
   "default_mujer",
   "default",
   "default_mujer",
   "default"
  ],
  "nombre": "TOLEDO, ALFREDO FRANCO DARIO",
  "nro_orden": 1,
  "orden_absoluto": [
   11,
   65,
   5,
   5,
   1
  ],
  "secundarios": [
   "VERA, ELBA LEONOR",
   "CORTES, CRISTIAN ARIEL",
   "SORIANO, FLAVIA LUJAN",
   "LOPEZ, NICOLAS JESUS"
  ],
  "sexo": "M",
  "suplentes": [
   "LOPEZ, NORMA CECILIA ANABEL",
   "JUAREZ, FACUNDO DARIO",
   "CRUZ, CLARA ANGELICA",
   "TOLEDO, ALVARO SEBASTIAN",
   "CASTA\u00d1O, SANDRA MARIELA"
  ]
 },
 {
  "asistida": "CRUZ MILAGRO DE LOS ANGELES",
  "cargo_ejecutivo": false,
  "clase": "Candidato",
  "cod_alianza": "3735",
  "cod_categoria": "CNJ",
  "cod_lista": "3735.15.15",
  "cod_partido": "3735.15",
  "codigo": "3735.15.15.1136",
  "dni": "37719989",
  "id_candidatura": "3735.15.15.1136",
  "id_umv": 590,
  "imagenes": [
   "3735.15.15.1136",
   "default",
   "default_mujer",
   "default",
   "default_mujer"
  ],
  "nombre": "CRUZ, \u201cMILI\u201d",
  "nro_orden": 1,
  "orden_absoluto": [
   12,
   59,
   1,
   5,
   1
  ],
  "secundarios": [
   "LERA, ANGEL REYNALDO",
   "LOPEZ, GISELL MARIA ESTHER",
   "AREDES, MANUEL FACUNDO DEL VALLE",
   "ZARATE CRUZ, ANAHI ESTEFANIA"
  ],
  "sexo": "F",
  "suplentes": [
   "NARVAEZ, DIEGO MATIAS",
   "JARAMILLO ORTIZ, JESICA DAIANA",
   "CAMPOS, IVAN SANTIAGO NICOLAS",
   "SIAZ, ANDREA FABIANA",
   "NARVAEZ, HUGO ADOLFO"
  ]
 },
 {
  "asistida": "LOPEZ VEGA SEBASTI\u00c1NFEDERICO",
  "cargo_ejecutivo": false,
  "clase": "Candidato",
  "cod_alianza": "3735",
  "cod_categoria": "CNJ",
  "cod_lista": "3735.1873.1873",
  "cod_partido": "3735.1873",
  "codigo": "3735.1873.1873.2941",
  "dni": "27840116",
  "id_candidatura": "3735.1873.1873.2941",
  "id_umv": 636,
  "imagenes": [
   "3735.1873.1873.2941",
   "default_mujer",
   "default",
   "default_mujer",
   "default"
  ],
  "nombre": "LOPEZ, \u201cSEBA\u201d",
  "nro_orden": 1,
  "orden_absoluto": [
   12,
   56,
   80,
   5,
   1
  ],
  "secundarios": [
   "ARIAS, NOELIA SOLEDAD",
   "GONZALEZ, JESUS TEODORO",
   "CHAILE, GABRIELA DEL VALLE",
   "GUTIERREZ, RENE MARCELO"
  ],
  "sexo": "M",
  "suplentes": [
   "COMAN, DAIANA NATALI",
   "DIAZ, DANIEL GUSTAVO",
   "VERON, ZAHIDA ELIANA",
   "PASTRANA, SANTIAGO IVAN"
  ]
 },
 {
  "asistida": "GUTI\u00c9RREZ SILVIA DEL VALLE",
  "cargo_ejecutivo": false,
  "clase": "Candidato",
  "cod_alianza": "3735",
  "cod_categoria": "CNJ",
  "cod_lista": "3735.208.208",
  "cod_partido": "3735.208",
  "codigo": "3735.208.208.3359",
  "dni": "21581115",
  "id_candidatura": "3735.208.208.3359",
  "id_umv": 667,
  "imagenes": [
   "3735.208.208.3359",
   "default",
   "default_mujer",
   "default",
   "default_mujer"
  ],
  "nombre": "GUTIERREZ, \u201cSILVIA\u201d",
  "nro_orden": 1,
  "orden_absoluto": [
   12,
   41,
   7,
   5,
   1
  ],
  "secundarios": [
   "CRUZ, SERGIO RUBEN",
   "RIVERA, LORENA PAULA",
   "FLORES, OSCAR RENE",
   "BASPINEIRO, CLAUDIA ELENA"
  ],
  "sexo": "F",
  "suplentes": [
   "CALDERON, JAIRO FERNANDO",
   "VILCA, GILDA MARISEL",
   "CALDERON, MAURICIO LEONEL",
   "QUISPE, LORENA PAOLA",
   "GUTIERREZ, HECTOR RODOLFO"
  ]
 },
 {
  "asistida": "MIRANDA M\u00e1ri RAQUEL",
  "cargo_ejecutivo": false,
  "clase": "Candidato",
  "cod_alianza": "3735",
  "cod_categoria": "CNJ",
  "cod_lista": "3735.32.32",
  "cod_partido": "3735.32",
  "codigo": "3735.32.32.5267",
  "dni": "23721286",
  "id_candidatura": "3735.32.32.5267",
  "id_umv": 701,
  "imagenes": [
   "3735.32.32.5267",
   "default",
   "default_mujer",
   "default",
   "default_mujer"
  ],
  "nombre": "MIRANDA, \u201cKELLY\u201d",
  "nro_orden": 1,
  "orden_absoluto": [
   12,
   46,
   63,
   5,
   1
  ],
  "secundarios": [
   "CABALLERO DIAS, JUAN MANUEL",
   "REALES, CARMEN ROSA",
   "QUISPE, BLAS DUVAL",
   "FLORES, ANGELICA NORA"
  ],
  "sexo": "F",
  "suplentes": [
   "VEGA, FRANCO AGUSTIN",
   "RUIZ LLANOS, VANESA ALEJANDRA",
   "FRIAS, NICOLAS ALEJANDRO",
   "ZENTENO, MABEL GLADYS"
  ]
 },
 {
  "asistida": "CAMPOS SEVER\u00cdCH AN\u00cdBAL",
  "cargo_ejecutivo": false,
  "clase": "Candidato",
  "cod_alianza": "3735",
  "cod_categoria": "CNJ",
  "cod_lista": "3735.3650.3650",
  "cod_partido": "3735.3650",
  "codigo": "3735.3650.3650.6045",
  "dni": "33099881",
  "id_candidatura": "3735.3650.3650.6045",
  "id_umv": 740,
  "imagenes": [
   "3735.3650.3650.6045",
   "default_mujer",
   "default",
   "default_mujer",
   "default"
  ],
  "nombre": "CAMPOS, \u201cMAXI\u201d",
  "nro_orden": 1,
  "orden_absoluto": [
   12,
   66,
   23,
   5,
   1
  ],
  "secundarios": [
   "ANDRADE, VERONICA LORENA",
   "TROBATO, JORGE DANIEL",
   "DIAS, VIRGINIA EUGENIA",
   "DIAS ADARO, PABLO SEBASTIAN"
  ],
  "sexo": "M",
  "suplentes": [
   "CAMPOS SEVERICH, ROCIO MILENA",
   "CORONA, GUSTAVO FACUNDO",
   "NIEVA, SILVIA BEATRIZ"
  ]
 },
 {
  "asistida": "PASTRANA JOSEFINA HORTENCIA",
  "cargo_ejecutivo": true,
  "clase": "Candidato",
  "cod_alianza": "3735",
  "cod_categoria": "INT",
  "cod_lista": "3735.3745.3745",
  "cod_partido": "3735.3745",
  "codigo": "3735.3745.3745.8603",
  "dni": "20125865",
  "id_candidatura": "3735.3745.3745.8603",
  "id_umv": 1565,
  "imagenes": [
   "3735.3745.3745.8603"
  ],
  "nombre": "PASTRANA, \u2019LA JOSE\u2019",
  "nro_orden": 1,
  "orden_absoluto": [
   12,
   25,
   70,
   4,
   1
  ],
  "secundarios": [

  ],
  "sexo": "F",
  "suplentes": [

  ]
 },
 {
  "asistida": "TERRAZA NORBERTO NICANOR",
  "cargo_ejecutivo": false,
  "clase": "Candidato",
  "cod_alianza": "3735",
  "cod_categoria": "CNJ",
  "cod_lista": "3735.4.4",
  "cod_partido": "3735.4",
  "codigo": "3735.4.4.10574",
  "dni": "11166693",
  "id_candidatura": "3735.4.4.10574",
  "id_umv": 797,
  "imagenes": [
   "3735.4.4.10574",
   "default_mujer",
   "default",
   "default_mujer",
   "default"
  ],
  "nombre": "TERRAZA, \u201cNICA\u201d",
  "nro_orden": 1,
  "orden_absoluto": [
   12,
   58,
   6,
   5,
   1
  ],
  "secundarios": [
   "PASTRANA, ELIANA ANALIA",
   "ALDONATE, SEGUNDO",
   "JEREZ, NORMA FABIANA",
   "REYES, OSCAR RAUL"
  ],
  "sexo": "M",
  "suplentes": [
   "BURGOS, PAULA ZULEMA",
   "GAITAN, IVAN GABRIEL",
   "VARGAS, NORMA BEATRIZ",
   "MEDINA, FACUNDO FRANCISCO",
   "PASTRANA, EVANGELINA DEL VALLE"
  ]
 },
 {
  "asistida": "CARBAJAL ADOLFO ENRIQUE",
  "cargo_ejecutivo": false,
  "clase": "Candidato",
  "cod_alianza": "3735",
  "cod_categoria": "CNJ",
  "cod_lista": "3735.460.460",
  "cod_partido": "3735.460",
  "codigo": "3735.460.460.11496",
  "dni": "13346766",
  "id_candidatura": "3735.460.460.11496",
  "id_umv": 837,
  "imagenes": [
   "3735.460.460.11496",
   "default_mujer",
   "default",
   "default_mujer",
   "default"
  ],
  "nombre": "CARBAJAL, \u201cCOLO\u201d",
  "nro_orden": 1,
  "orden_absoluto": [
   12,
   23,
   10,
   5,
   1
  ],
  "secundarios": [
   "TOLABA, JUDITH ELIANA",
   "FERNANDEZ, ORLANDO TOMAS",
   "ORTEGA, BLANCA JULIANA",
   "ARMEYA, FACUNDO EZEQUIEL"
  ],
  "sexo": "M",
  "suplentes": [
   "PACHECO, NORMA ARGELIA",
   "CORTES, MARIO DANIEL",
   "CRUZ, ELIZABETH JUDITH",
   "NIEVA, JUSTO ESTEBAN",
   "TOLABA, JORGELINA MILAGRO"
  ]
 },
 {
  "asistida": "VASQUEZ LISA CLEOPATRA",
  "cargo_ejecutivo": true,
  "clase": "Candidato",
  "cod_alianza": "685",
  "cod_categoria": "INT",
  "cod_lista": "685.685.685",
  "cod_partido": "685.685",
  "codigo": "685.685.685.12040",
  "dni": "24175493",
  "id_candidatura": "685.685.685.12040",
  "id_umv": 1622,
  "imagenes": [
   "685.685.685.12040"
  ],
  "nombre": "VASQUEZ, LIZA CLEOPATRA",
  "nro_orden": 1,
  "orden_absoluto": [
   14,
   30,
   78,
   4,
   1
  ],
  "secundarios": [

  ],
  "sexo": "F",
  "suplentes": [

  ]
 },
 {
  "asistida": "ROMANO ALEJANDRO JOSE RAMON",
  "cargo_ejecutivo": false,
  "clase": "Candidato",
  "cod_alianza": "685",
  "cod_categoria": "CNJ",
  "cod_lista": "685.685.685",
  "cod_partido": "685.685",
  "codigo": "685.685.685.12155",
  "dni": "44400329",
  "id_candidatura": "685.685.685.12155",
  "id_umv": 848,
  "imagenes": [
   "default",
   "default_mujer",
   "default",
   "default_mujer",
   "default"
  ],
  "nombre": "ROMANO, ALEJANDRO JOSE RAMON",
  "nro_orden": 1,
  "orden_absoluto": [
   14,
   30,
   78,
   5,
   1
  ],
  "secundarios": [
   "ONTIVEROS, NOEMI RAQUEL",
   "BARZOLA, SANTIAGO ANTONIO",
   "BORQUEZ, MARIA JULIA",
   "BARZOLA, SANTIAGO ALEJANDRO"
  ],
  "sexo": "M",
  "suplentes": [
   "GARCIA, MILENA SOLEDAD",
   "BORQUEZ, JUAN ALEJANDRO",
   "ROMANO, SOLEDAD",
   "REYES, ROBERTO OSCAR"
  ]
 },
 {
  "asistida": "Voto en BLANCO",
  "cargo_ejecutivo": false,
  "clase": "Blanco",
  "cod_categoria": "CNJ",
  "cod_lista": "",
  "codigo": "BLC",
  "id_candidatura": "BLC",
  "id_umv": 883,
  "imagenes": [
   "BLC"
  ],
  "nombre": "Voto en BLANCO",
  "nro_orden": 5,
  "orden_absoluto": [
   994,
   5
  ],
  "secundarios": [

  ],
  "sexo": null,
  "suplentes": [

  ]
 },
 {
  "asistida": "Voto en BLANCO",
  "cargo_ejecutivo": true,
  "clase": "Blanco",
  "cod_categoria": "INT",
  "cod_lista": "",
  "codigo": "BLC",
  "id_candidatura": "BLC",
  "id_umv": 1657,
  "imagenes": [
   "BLC"
  ],
  "nombre": "Voto en BLANCO",
  "nro_orden": 4,
  "orden_absoluto": [
   994,
   4
  ],
  "secundarios": [

  ],
  "sexo": null,
  "suplentes": [

  ]
 },
 {
  "asistida": "Votos IMPUGNADOS",
  "cargo_ejecutivo": false,
  "clase": "Especial",
  "cod_categoria": "CNJ",
  "cod_lista": "",
  "codigo": "IMP",
  "id_candidatura": "IMP",
  "id_umv": 943,
  "nombre": "Votos IMPUGNADOS",
  "nro_orden": 5,
  "orden_absoluto": [
   995,
   5
  ],
  "secundarios": [

  ],
  "sexo": null,
  "suplentes": [

  ]
 },
 {
  "asistida": "Votos IMPUGNADOS",
  "cargo_ejecutivo": true,
  "clase": "Especial",
  "cod_categoria": "INT",
  "cod_lista": "",
  "codigo": "IMP",
  "id_candidatura": "IMP",
  "id_umv": 1717,
  "nombre": "Votos IMPUGNADOS",
  "nro_orden": 4,
  "orden_absoluto": [
   995,
   4
  ],
  "secundarios": [

  ],
  "sexo": null,
  "suplentes": [

  ]
 },
 {
  "asistida": "Votos OBSERVADOS",
  "cargo_ejecutivo": false,
  "clase": "Especial",
  "cod_categoria": "CNJ",
  "cod_lista": "",
  "codigo": "OBS",
  "id_candidatura": "OBS",
  "id_umv": 1003,
  "nombre": "Votos OBSERVADOS",
  "nro_orden": 5,
  "orden_absoluto": [
   996,
   5
  ],
  "secundarios": [

  ],
  "sexo": null,
  "suplentes": [

  ]
 },
 {
  "asistida": "Votos OBSERVADOS",
  "cargo_ejecutivo": true,
  "clase": "Especial",
  "cod_categoria": "INT",
  "cod_lista": "",
  "codigo": "OBS",
  "id_candidatura": "OBS",
  "id_umv": 1777,
  "nombre": "Votos OBSERVADOS",
  "nro_orden": 4,
  "orden_absoluto": [
   996,
   4
  ],
  "secundarios": [

  ],
  "sexo": null,
  "suplentes": [

  ]
 }
]