[
 {
  "asistida": "PLANES DANIELA",
  "cargo_ejecutivo": true,
  "clase": "Candidato",
  "cod_alianza": "1863",
  "cod_categoria": "GOB",
  "cod_lista": "1863.1863.1863",
  "cod_partido": "1863.1863",
  "codigo": "1863.1863.1863.2069",
  "dni": "28523544",
  "id_candidatura": "1863.1863.1863.2069",
  "id_umv": 1197,
  "imagenes": [
   "1863.1863.1863.2069",
   "default_mujer"
  ],
  "nombre": "PLANES, DANIELA",
  "nro_orden": 1,
  "orden_absoluto": [
   22,
   53,
   12,
   1,
   1
  ],
  "secundarios": [
   "TEJERINA, VERONICA"
  ],
  "sexo": "F",
  "suplentes": [

  ]
 },
 {
  "asistida": "GIL VIOLETA",
  "cargo_ejecutivo": true,
  "clase": "Candidato",
  "cod_alianza": "22",
  "cod_categoria": "GOB",
  "cod_lista": "22.22.22",
  "cod_partido": "22.22",
  "codigo": "22.22.22.3409",
  "dni": "33984630",
  "id_candidatura": "22.22.22.3409",
  "id_umv": 1198,
  "imagenes": [
   "22.22.22.3409",
   "default"
  ],
  "nombre": "GIL, VIOLETA",
  "nro_orden": 1,
  "orden_absoluto": [
   23,
   62,
   3,
   1,
   1
  ],
  "secundarios": [
   "TOLABA, ANGEL RODOLFO"
  ],
  "sexo": "F",
  "suplentes": [

  ]
 },
 {
  "asistida": "TogNolini MARCOS",
  "cargo_ejecutivo": true,
  "clase": "Candidato",
  "cod_alianza": "3625",
  "cod_categoria": "GOB",
  "cod_lista": "3625.3625.3625",
  "cod_partido": "3625.3625",
  "codigo": "3625.3625.3625.5312",
  "dni": "29336659",
  "id_candidatura": "3625.3625.3625.5312",
  "id_umv": 1199,
  "imagenes": [
   "3625.3625.3625.5312",
   "default_mujer"
  ],
  "nombre": "TOGNOLINI, MARCOS",
  "nro_orden": 1,
  "orden_absoluto": [
   21,
   43,
   21,
   1,
   1
  ],
  "secundarios": [
   "RAMOS, MIRTA ADRIANA"
  ],
  "sexo": "M",
  "suplentes": [

  ]
 },
 {
  "asistida": "GIM\u00c9NEZ MODESTO TEOBALDO",
  "cargo_ejecutivo": false,
  "clase": "Candidato",
  "cod_alianza": "3717",
  "cod_categoria": "CNJ",
  "cod_lista": "3717.13.13",
  "cod_partido": "3717.13",
  "codigo": "3717.13.13.501",
  "dni": "17855419",
  "id_candidatura": "3717.13.13.501",
  "id_umv": 23,
  "imagenes": [
   "3717.13.13.501",
   "default_mujer",
   "default",
   "default_mujer",
   "default"
  ],
  "nombre": "GIMENEZ, TEOBALDO",
  "nro_orden": 1,
  "orden_absoluto": [
   6,
   52,
   75,
   5,
   1
  ],
  "secundarios": [
   "LEMO, CLAUDIA GABRIELA",
   "ARROYO, LORENZO VICTOR",
   "VELAZQUEZ, MARISA JUDITH",
   "ALZOGARAY, ROLANDO NAZARIO"
  ],
  "sexo": "M",
  "suplentes": [
   "MENDEZ, SANDRA MARIELA",
   "DIAZ, SIMON AUDON",
   "GUZMAN, CRISTINA EPIFANIA",
   "RUIZ, CESAR FACUNDO",
   "MATORRAS, NANCY"
  ]
 },
 {
  "asistida": "C\u00d3RDOBA SEBERINO",
  "cargo_ejecutivo": false,
  "clase": "Candidato",
  "cod_alianza": "3717",
  "cod_categoria": "CNJ",
  "cod_lista": "3717.2543.2543",
  "cod_partido": "3717.2543",
  "codigo": "3717.2543.2543.3672",
  "dni": "16404448",
  "id_candidatura": "3717.2543.2543.3672",
  "id_umv": 52,
  "imagenes": [
   "3717.2543.2543.3672",
   "default_mujer",
   "default",
   "default_mujer",
   "default"
  ],
  "nombre": "CORDOBA, SEBERINO",
  "nro_orden": 1,
  "orden_absoluto": [
   6,
   71,
   17,
   5,
   1
  ],
  "secundarios": [
   "ALZOGARAY, GLORIA",
   "APARICIO, ADALBERTO",
   "SAJAMA, ANDREA DEL VALLE",
   "MIRANDA, FEDERICO ROGELIO"
  ],
  "sexo": "M",
  "suplentes": [
   "CORDOBA, ANDREA DEL VALLE",
   "VAZQUEZ, MAXIMILIANO FEDERICO",
   "CORDOBA, ELMINA YANELA",
   "MIRANDA, ALBERTO ARCANGEL",
   "VASQUEZ, ROMINA MABEL"
  ]
 },
 {
  "asistida": "ESTRADA EMILIANO RAFAEL",
  "cargo_ejecutivo": true,
  "clase": "Candidato",
  "cod_alianza": "3717",
  "cod_categoria": "GOB",
  "cod_lista": "3717.3739.3739",
  "cod_partido": "3717.3739",
  "codigo": "3717.3739.3739.6360",
  "dni": "32165256",
  "id_candidatura": "3717.3739.3739.6360",
  "id_umv": 1200,
  "imagenes": [
   "3717.3739.3739.6360",
   "default"
  ],
  "nombre": "ESTRADA, EMILIANO",
  "nro_orden": 1,
  "orden_absoluto": [
   6,
   17,
   64,
   1,
   1
  ],
  "secundarios": [
   "ZAPATA, CARLOS RAUL"
  ],
  "sexo": "M",
  "suplentes": [

  ]
 },
 {
  "asistida": "GASPAR Eliberto",
  "cargo_ejecutivo": false,
  "clase": "Candidato",
  "cod_alianza": "3717",
  "cod_categoria": "SEN",
  "cod_lista": "3717.3739.3739",
  "cod_partido": "3717.3739",
  "codigo": "3717.3739.3739.6374",
  "dni": "12061037",
  "id_candidatura": "3717.3739.3739.6374",
  "id_umv": 1814,
  "imagenes": [
   "3717.3739.3739.6374"
  ],
  "nombre": "GASPAR, ELIBERTO",
  "nro_orden": 1,
  "orden_absoluto": [
   6,
   17,
   64,
   2,
   1
  ],
  "secundarios": [

  ],
  "sexo": "M",
  "suplentes": [
   "TORRES, DAVID"
  ]
 },
 {
  "asistida": "CISNERO CARLOS Osc\u00e1r",
  "cargo_ejecutivo": true,
  "clase": "Candidato",
  "cod_alianza": "3717",
  "cod_categoria": "INT",
  "cod_lista": "3717.3739.3739",
  "cod_partido": "3717.3739",
  "codigo": "3717.3739.3739.6437",
  "dni": "26893300",
  "id_candidatura": "3717.3739.3739.6437",
  "id_umv": 1252,
  "imagenes": [
   "3717.3739.3739.6437"
  ],
  "nombre": "CISNERO, OSCAR",
  "nro_orden": 1,
  "orden_absoluto": [
   6,
   17,
   64,
   4,
   1
  ],
  "secundarios": [

  ],
  "sexo": "M",
  "suplentes": [

  ]
 },
 {
  "asistida": "CH\u00c1ILEE MARICARMEN DEL VALLE",
  "cargo_ejecutivo": false,
  "clase": "Candidato",
  "cod_alianza": "3717",
  "cod_categoria": "CNJ",
  "cod_lista": "3717.443.443",
  "cod_partido": "3717.443",
  "codigo": "3717.443.443.10645",
  "dni": "18583039",
  "id_candidatura": "3717.443.443.10645",
  "id_umv": 129,
  "imagenes": [
   "3717.443.443.10645",
   "default",
   "default_mujer",
   "default",
   "default_mujer"
  ],
  "nombre": "CHAILE, MARICARMEN DEL VALLE",
  "nro_orden": 1,
  "orden_absoluto": [
   6,
   69,
   9,
   5,
   1
  ],
  "secundarios": [
   "MENDEZ, AUDON EDMUNDO",
   "GUERRA, RAMONA",
   "PAZ, MAXIMO EMANUEL",
   "ACOSTA, CINTIA RAFAELA"
  ],
  "sexo": "F",
  "suplentes": [
   "DIAZ, MARCELO DAVID",
   "PUERTAS, MARIA",
   "CORREA, HERNAN HIPOLITO",
   "HERRERA, ROGELIA",
   "ACOSTA, MARINO"
  ]
 },
 {
  "asistida": "CEB\u00c1LLOS TRINIDAD SOLEDAD",
  "cargo_ejecutivo": false,
  "clase": "Candidato",
  "cod_alianza": "3717",
  "cod_categoria": "CNJ",
  "cod_lista": "3717.632.632",
  "cod_partido": "3717.632",
  "codigo": "3717.632.632.11807",
  "dni": "45018917",
  "id_candidatura": "3717.632.632.11807",
  "id_umv": 148,
  "imagenes": [
   "3717.632.632.11807",
   "default",
   "default_mujer",
   "default",
   "default_mujer"
  ],
  "nombre": "CEBALLOS, TRINIDAD",
  "nro_orden": 1,
  "orden_absoluto": [
   6,
   47,
   8,
   5,
   1
  ],
  "secundarios": [
   "RODRIGUEZ, JOSE LUIS",
   "REJAS, MARTINA NOELIA",
   "DIAZ, SAMUEL",
   "PEREYRA, JOANA MICAELA"
  ],
  "sexo": "F",
  "suplentes": [
   "PEREYRA, MIGUEL ANGEL",
   "RODRIGUEZ, LUISA SOLEDAD",
   "SARAVIA, MOISES LUCAS"
  ]
 },
 {
  "asistida": "W\u00c1YAR GU\u00c1LTER RAUL",
  "cargo_ejecutivo": true,
  "clase": "Candidato",
  "cod_alianza": "3723",
  "cod_categoria": "GOB",
  "cod_lista": "3723.3741.3741",
  "cod_partido": "3723.3741",
  "codigo": "3723.3741.3741.7154",
  "dni": "12220501",
  "id_candidatura": "3723.3741.3741.7154",
  "id_umv": 1201,
  "imagenes": [
   "3723.3741.3741.7154",
   "default"
  ],
  "nombre": "WAYAR, WALTER",
  "nro_orden": 1,
  "orden_absoluto": [
   5,
   14,
   65,
   1,
   1
  ],
  "secundarios": [
   "MIZZAU, IVAN"
  ],
  "sexo": "M",
  "suplentes": [

  ]
 },
 {
  "asistida": "GARC\u00cdA ALEJANDRO",
  "cargo_ejecutivo": false,
  "clase": "Candidato",
  "cod_alianza": "3723",
  "cod_categoria": "SEN",
  "cod_lista": "3723.3741.3741",
  "cod_partido": "3723.3741",
  "codigo": "3723.3741.3741.7168",
  "dni": "27695622",
  "id_candidatura": "3723.3741.3741.7168",
  "id_umv": 1826,
  "imagenes": [
   "3723.3741.3741.7168"
  ],
  "nombre": "GARCIA, ALEJANDRO",
  "nro_orden": 1,
  "orden_absoluto": [
   5,
   14,
   65,
   2,
   1
  ],
  "secundarios": [

  ],
  "sexo": "M",
  "suplentes": [
   "CARBASUYO, ROSANA MABEL"
  ]
 },
 {
  "asistida": "PAZ POSE LUCIO",
  "cargo_ejecutivo": true,
  "clase": "Candidato",
  "cod_alianza": "3728",
  "cod_categoria": "GOB",
  "cod_lista": "3728.3742.3742",
  "cod_partido": "3728.3742",
  "codigo": "3728.3742.3742.7704",
  "dni": "24875401",
  "id_candidatura": "3728.3742.3742.7704",
  "id_umv": 1202,
  "imagenes": [
   "3728.3742.3742.7704",
   "default_mujer"
  ],
  "nombre": "PAZ POSSE, LUCIO \u201cPINO\u201d",
  "nro_orden": 1,
  "orden_absoluto": [
   9,
   21,
   66,
   1,
   1
  ],
  "secundarios": [
   "FARJAT D\u2019ALESSANDRO, LORENA"
  ],
  "sexo": "M",
  "suplentes": [

  ]
 },
 {
  "asistida": "CAL\u00cdVA L\u00cdA VER\u00d3NICA",
  "cargo_ejecutivo": true,
  "clase": "Candidato",
  "cod_alianza": "3729",
  "cod_categoria": "GOB",
  "cod_lista": "3729.3747.3747",
  "cod_partido": "3729.3747",
  "codigo": "3729.3747.3747.9058",
  "dni": "25624792",
  "id_candidatura": "3729.3747.3747.9058",
  "id_umv": 1203,
  "imagenes": [
   "3729.3747.3747.9058",
   "default"
  ],
  "nombre": "CALIVA, LIA VERONICA",
  "nro_orden": 1,
  "orden_absoluto": [
   24,
   68,
   67,
   1,
   1
  ],
  "secundarios": [
   "GRAVANAGO, CARLOS ALEJANDRO"
  ],
  "sexo": "F",
  "suplentes": [

  ]
 },
 {
  "asistida": "FERNANDEZ ROST\u00c9LLO RODOLFO",
  "cargo_ejecutivo": false,
  "clase": "Candidato",
  "cod_alianza": "3729",
  "cod_categoria": "SEN",
  "cod_lista": "3729.3747.3747",
  "cod_partido": "3729.3747",
  "codigo": "3729.3747.3747.9068",
  "dni": "16130308",
  "id_candidatura": "3729.3747.3747.9068",
  "id_umv": 1840,
  "imagenes": [
   "3729.3747.3747.9068"
  ],
  "nombre": "FERNANDEZ ROSTELLO, RODOLFO",
  "nro_orden": 1,
  "orden_absoluto": [
   24,
   68,
   67,
   2,
   1
  ],
  "secundarios": [

  ],
  "sexo": "M",
  "suplentes": [

  ]
 },
 {
  "asistida": "NANNI VALERO MIGUEL",
  "cargo_ejecutivo": true,
  "clase": "Candidato",
  "cod_alianza": "3730",
  "cod_categoria": "GOB",
  "cod_lista": "3730.3746.3746",
  "cod_partido": "3730.3746",
  "codigo": "3730.3746.3746.8614",
  "dni": "25802248",
  "id_candidatura": "3730.3746.3746.8614",
  "id_umv": 1204,
  "imagenes": [
   "3730.3746.3746.8614",
   "default_mujer"
  ],
  "nombre": "NANNI, MIGUEL",
  "nro_orden": 1,
  "orden_absoluto": [
   15,
   32,
   74,
   1,
   1
  ],
  "secundarios": [
   "CORNEJO, VIRGINIA"
  ],
  "sexo": "M",
  "suplentes": [

  ]
 },
 {
  "asistida": "TORRES CELEDONIO",
  "cargo_ejecutivo": false,
  "clase": "Candidato",
  "cod_alianza": "3730",
  "cod_categoria": "SEN",
  "cod_lista": "3730.3746.3746",
  "cod_partido": "3730.3746",
  "codigo": "3730.3746.3746.8628",
  "dni": "18675095",
  "id_candidatura": "3730.3746.3746.8628",
  "id_umv": 1850,
  "imagenes": [
   "3730.3746.3746.8628"
  ],
  "nombre": "TORRES, CELEDONIO",
  "nro_orden": 1,
  "orden_absoluto": [
   15,
   32,
   74,
   2,
   1
  ],
  "secundarios": [

  ],
  "sexo": "M",
  "suplentes": [
   "ARAMAYO, MONICA VIVIANA"
  ]
 },
 {
  "asistida": "Sabadini MAURO DIEGO",
  "cargo_ejecutivo": true,
  "clase": "Candidato",
  "cod_alianza": "3731",
  "cod_categoria": "GOB",
  "cod_lista": "3731.3743.3743",
  "cod_partido": "3731.3743",
  "codigo": "3731.3743.3743.7941",
  "dni": "23362242",
  "id_candidatura": "3731.3743.3743.7941",
  "id_umv": 1205,
  "imagenes": [
   "3731.3743.3743.7941",
   "default_mujer"
  ],
  "nombre": "SABBADINI, MAURO DIEGO",
  "nro_orden": 1,
  "orden_absoluto": [
   10,
   22,
   68,
   1,
   1
  ],
  "secundarios": [
   "LOAYZA PACHECO, JIMENA LUCIA"
  ],
  "sexo": "M",
  "suplentes": [

  ]
 },
 {
  "asistida": "DEL PLA CLAUDIO ARIEL",
  "cargo_ejecutivo": true,
  "clase": "Candidato",
  "cod_alianza": "3732",
  "cod_categoria": "GOB",
  "cod_lista": "3732.3740.3740",
  "cod_partido": "3732.3740",
  "codigo": "3732.3740.3740.6916",
  "dni": "13943671",
  "id_candidatura": "3732.3740.3740.6916",
  "id_umv": 1206,
  "imagenes": [
   "3732.3740.3740.6916",
   "default_mujer"
  ],
  "nombre": "DEL PLA, CLAUDIO ARIEL",
  "nro_orden": 1,
  "orden_absoluto": [
   7,
   18,
   73,
   1,
   1
  ],
  "secundarios": [
   "HIDALGO, LORENA VANESA"
  ],
  "sexo": "M",
  "suplentes": [

  ]
 },
 {
  "asistida": "ACOSTA ALBERTO ROLANDO",
  "cargo_ejecutivo": false,
  "clase": "Candidato",
  "cod_alianza": "3733",
  "cod_categoria": "CNJ",
  "cod_lista": "3733.10.10",
  "cod_partido": "3733.10",
  "codigo": "3733.10.10.55",
  "dni": "36666323",
  "id_candidatura": "3733.10.10.55",
  "id_umv": 411,
  "imagenes": [
   "3733.10.10.55",
   "default_mujer",
   "default",
   "default_mujer",
   "default"
  ],
  "nombre": "ACOSTA, ALBERTO ROLANDO",
  "nro_orden": 1,
  "orden_absoluto": [
   11,
   51,
   4,
   5,
   1
  ],
  "secundarios": [
   "ROMERO, MARIA ANGELA",
   "PUERTAS, EULOGIO",
   "ACOSTA, JUANITA",
   "RAMIREZ, RODOLFO"
  ],
  "sexo": "M",
  "suplentes": [
   "VEGA, FABIANA",
   "ACOSTA, ARMANDO"
  ]
 },
 {
  "asistida": "GARC\u00cdA MARCOS",
  "cargo_ejecutivo": false,
  "clase": "Candidato",
  "cod_alianza": "3733",
  "cod_categoria": "SEN",
  "cod_lista": "3733.1862.1862",
  "cod_partido": "3733.1862",
  "codigo": "3733.1862.1862.1596",
  "dni": "26715516",
  "id_candidatura": "3733.1862.1862.1596",
  "id_umv": 1862,
  "imagenes": [
   "3733.1862.1862.1596"
  ],
  "nombre": "GARCIA, MARCOS",
  "nro_orden": 1,
  "orden_absoluto": [
   11,
   63,
   14,
   2,
   1
  ],
  "secundarios": [

  ],
  "sexo": "M",
  "suplentes": [

  ]
 },
 {
  "asistida": "CAMPOS DEMETRIO",
  "cargo_ejecutivo": true,
  "clase": "Candidato",
  "cod_alianza": "3733",
  "cod_categoria": "INT",
  "cod_lista": "3733.1862.1862",
  "cod_partido": "3733.1862",
  "codigo": "3733.1862.1862.1613",
  "dni": "28252161",
  "id_candidatura": "3733.1862.1862.1613",
  "id_umv": 1466,
  "imagenes": [
   "3733.1862.1862.1613"
  ],
  "nombre": "CAMPOS, DEMETRIO",
  "nro_orden": 1,
  "orden_absoluto": [
   11,
   63,
   14,
   4,
   1
  ],
  "secundarios": [

  ],
  "sexo": "M",
  "suplentes": [

  ]
 },
 {
  "asistida": "LOPEZ DAL\u00cdA NANCY",
  "cargo_ejecutivo": false,
  "clase": "Candidato",
  "cod_alianza": "3733",
  "cod_categoria": "CNJ",
  "cod_lista": "3733.1862.1862",
  "cod_partido": "3733.1862",
  "codigo": "3733.1862.1862.1700",
  "dni": "37164203",
  "id_candidatura": "3733.1862.1862.1700",
  "id_umv": 436,
  "imagenes": [
   "3733.1862.1862.1700",
   "default",
   "default_mujer",
   "default",
   "default_mujer"
  ],
  "nombre": "LOPEZ, DALIA NANCY",
  "nro_orden": 1,
  "orden_absoluto": [
   11,
   63,
   14,
   5,
   1
  ],
  "secundarios": [
   "ACOSTA, MARCELO RUBEN",
   "RAMIREZ, LUISA ELIZABETH",
   "PEREYRA, DANIEL ANIBAL",
   "SARAVIA, HILDA ROSANA"
  ],
  "sexo": "F",
  "suplentes": [
   "MENDEZ, WALTER ISAC",
   "CEBALLOS, SILVIA BELEN",
   "ARROYO, CARLOS BENICIO",
   "SARMIENTO, JOHANA"
  ]
 },
 {
  "asistida": "Ruberto SAENZ GUSTAVO ADOLFO",
  "cargo_ejecutivo": true,
  "clase": "Candidato",
  "cod_alianza": "3734",
  "cod_categoria": "GOB",
  "cod_lista": "3734.3737.3737",
  "cod_partido": "3734.3737",
  "codigo": "3734.3737.3737.6358",
  "dni": "20609646",
  "id_candidatura": "3734.3737.3737.6358",
  "id_umv": 1207,
  "imagenes": [
   "3734.3737.3737.6358",
   "default"
  ],
  "nombre": "SAENZ, GUSTAVO",
  "nro_orden": 1,
  "orden_absoluto": [
   1,
   5,
   69,
   1,
   1
  ],
  "secundarios": [
   "MAROCCO, ANTONIO \u201cGRINGO\u201d"
  ],
  "sexo": "M",
  "suplentes": [

  ]
 },
 {
  "asistida": "ROJAS JUAN ANTONIO",
  "cargo_ejecutivo": false,
  "clase": "Candidato",
  "cod_alianza": "3735",
  "cod_categoria": "CNJ",
  "cod_lista": "3735.1873.1873",
  "cod_partido": "3735.1873",
  "codigo": "3735.1873.1873.2602",
  "dni": "26275289",
  "id_candidatura": "3735.1873.1873.2602",
  "id_umv": 607,
  "imagenes": [
   "3735.1873.1873.2602",
   "default_mujer",
   "default",
   "default_mujer",
   "default"
  ],
  "nombre": "ROJAS, JUAN \u2019EL PROFE\u2019",
  "nro_orden": 1,
  "orden_absoluto": [
   12,
   56,
   80,
   5,
   1
  ],
  "secundarios": [
   "MENDOZA, NORALI TRINIDAD",
   "ARIAS, DESIDERIO DENIS",
   "RUIZ, ERIKA ANA LAURA",
   "LEDEZMA, JESUS JOSE MARIANO"
  ],
  "sexo": "M",
  "suplentes": [
   "LOPEZ, IRENE NATALIA",
   "DIAZ, GABRIEL LUCIANO",
   "MENDOZA, ARIANA PAOLA",
   "CRUZ, MARCELO ORLANDO",
   "ROJAS, ROMINA ELIZABETH"
  ]
 },
 {
  "asistida": "RAMIREZ HUGO ORLANDO",
  "cargo_ejecutivo": true,
  "clase": "Candidato",
  "cod_alianza": "3735",
  "cod_categoria": "INT",
  "cod_lista": "3735.208.208",
  "cod_partido": "3735.208",
  "codigo": "3735.208.208.2998",
  "dni": "26989307",
  "id_candidatura": "3735.208.208.2998",
  "id_umv": 1534,
  "imagenes": [
   "3735.208.208.2998"
  ],
  "nombre": "RAMIREZ, HUGO ORLANDO",
  "nro_orden": 1,
  "orden_absoluto": [
   12,
   41,
   7,
   4,
   1
  ],
  "secundarios": [

  ],
  "sexo": "M",
  "suplentes": [

  ]
 },
 {
  "asistida": "D\u00cdAZ OL\u00cdVIA Mab\u00e9l",
  "cargo_ejecutivo": false,
  "clase": "Candidato",
  "cod_alianza": "3735",
  "cod_categoria": "CNJ",
  "cod_lista": "3735.208.208",
  "cod_partido": "3735.208",
  "codigo": "3735.208.208.3016",
  "dni": "24397164",
  "id_candidatura": "3735.208.208.3016",
  "id_umv": 639,
  "imagenes": [
   "3735.208.208.3016",
   "default",
   "default_mujer",
   "default",
   "default_mujer"
  ],
  "nombre": "DIAZ, OLIVIA MABEL",
  "nro_orden": 1,
  "orden_absoluto": [
   12,
   41,
   7,
   5,
   1
  ],
  "secundarios": [
   "CATAN, ESTEBAN ANTOLIN",
   "MATORRAS, BERTA DANIELA",
   "HERRERA, GUSTAVO DENIS",
   "GARECA, NATALIA VANESA"
  ],
  "sexo": "F",
  "suplentes": [
   "SANCHEZ, JONATAN JAIRO",
   "TORRES, SILVIA ANALIA",
   "AGUERO, SANTOS",
   "SALAZAR, MIRTHA DEL VALLE",
   "FRIAS, FERNANDO BALTAZAR"
  ]
 },
 {
  "asistida": "ZABALA MARCELINO",
  "cargo_ejecutivo": false,
  "clase": "Candidato",
  "cod_alianza": "3735",
  "cod_categoria": "CNJ",
  "cod_lista": "3735.32.32",
  "cod_partido": "3735.32",
  "codigo": "3735.32.32.4942",
  "dni": "28252143",
  "id_candidatura": "3735.32.32.4942",
  "id_umv": 676,
  "imagenes": [
   "3735.32.32.4942",
   "default_mujer",
   "default",
   "default_mujer",
   "default"
  ],
  "nombre": "ZABALA, MARCELINO",
  "nro_orden": 1,
  "orden_absoluto": [
   12,
   46,
   63,
   5,
   1
  ],
  "secundarios": [
   "CAMPOS, SILVIA OTILIA",
   "VEGA, SERGIO",
   "OLIVA, REINA MATILDE",
   "ZABALA, HECTOR ANTONIO"
  ],
  "sexo": "M",
  "suplentes": [
   "ALZOGARAY, NIDIA EDITH",
   "BARRIONUEVO, FRANKLIN HERNAN",
   "TORRES, CLAUDIA ROMINA",
   "ROJAS, MARIO ROLANDO"
  ]
 },
 {
  "asistida": "SAB\u00c1N LI\u00d3NSA MARIBEL",
  "cargo_ejecutivo": false,
  "clase": "Candidato",
  "cod_alianza": "3735",
  "cod_categoria": "CNJ",
  "cod_lista": "3735.3650.3650",
  "cod_partido": "3735.3650",
  "codigo": "3735.3650.3650.5688",
  "dni": "17791693",
  "id_candidatura": "3735.3650.3650.5688",
  "id_umv": 710,
  "imagenes": [
   "3735.3650.3650.5688",
   "default",
   "default_mujer",
   "default",
   "default_mujer"
  ],
  "nombre": "SABAN, MARIBEL \u201cMARY\u201d",
  "nro_orden": 1,
  "orden_absoluto": [
   12,
   66,
   23,
   5,
   1
  ],
  "secundarios": [
   "TORRES, MERGIDO",
   "ZABAN, ATILIA MERCEDES",
   "SOSA, MARIO EULOGIO",
   "TORRES, CARMEN CECILIA"
  ],
  "sexo": "F",
  "suplentes": [
   "CUENCA, VICTOR ARMANDO",
   "LOPEZ, MARIELA EVELINA",
   "CISNERO, ARIEL VIDAL",
   "VERA, EUFEMIA",
   "RIOS, MAURO MAURICIO"
  ]
 },
 {
  "asistida": "CUENCA LEOPOLDO",
  "cargo_ejecutivo": true,
  "clase": "Candidato",
  "cod_alianza": "3735",
  "cod_categoria": "INT",
  "cod_lista": "3735.4.4",
  "cod_partido": "3735.4",
  "codigo": "3735.4.4.10033",
  "dni": "21713921",
  "id_candidatura": "3735.4.4.10033",
  "id_umv": 1575,
  "imagenes": [
   "3735.4.4.10033"
  ],
  "nombre": "CUENCA, LEOPOLDO \u201cPOLO\u201d",
  "nro_orden": 1,
  "orden_absoluto": [
   12,
   58,
   6,
   4,
   1
  ],
  "secundarios": [

  ],
  "sexo": "M",
  "suplentes": [

  ]
 },
 {
  "asistida": "FRIAS SILVIO",
  "cargo_ejecutivo": false,
  "clase": "Candidato",
  "cod_alianza": "3735",
  "cod_categoria": "CNJ",
  "cod_lista": "3735.4.4",
  "cod_partido": "3735.4",
  "codigo": "3735.4.4.10130",
  "dni": "16390497",
  "id_candidatura": "3735.4.4.10130",
  "id_umv": 754,
  "imagenes": [
   "3735.4.4.10130",
   "default_mujer",
   "default",
   "default_mujer",
   "default"
  ],
  "nombre": "FRIAS, SILVIO",
  "nro_orden": 1,
  "orden_absoluto": [
   12,
   58,
   6,
   5,
   1
  ],
  "secundarios": [
   "PUERTAS, NILDA ESTHER",
   "SALAZAR, ARNALDO EXEQUIEL",
   "CUETO, ANA MARCELA",
   "MALDONADO, MARCELINO"
  ],
  "sexo": "M",
  "suplentes": [
   "ESCOBAR, NILDA",
   "DIAZ, OLVER CLEMENTE",
   "HERRERA, PATRICIA NOELIA",
   "SARDINA, RAUL FRANCISCO",
   "SOLOZA, CARMEN TERESA"
  ]
 },
 {
  "asistida": "LAP\u00c1D MASH\u00daR",
  "cargo_ejecutivo": false,
  "clase": "Candidato",
  "cod_alianza": "3735",
  "cod_categoria": "SEN",
  "cod_lista": "3735.4.4",
  "cod_partido": "3735.4",
  "codigo": "3735.4.4.9992",
  "dni": "17907937",
  "id_candidatura": "3735.4.4.9992",
  "id_umv": 1882,
  "imagenes": [
   "3735.4.4.9992"
  ],
  "nombre": "LAPAD, MASHUR",
  "nro_orden": 1,
  "orden_absoluto": [
   12,
   58,
   6,
   2,
   1
  ],
  "secundarios": [

  ],
  "sexo": "M",
  "suplentes": [
   "VERA, ZULMA ELIZABETH"
  ]
 },
 {
  "asistida": "TORRES N\u00c9STOR ABEL",
  "cargo_ejecutivo": false,
  "clase": "Candidato",
  "cod_alianza": "3735",
  "cod_categoria": "CNJ",
  "cod_lista": "3735.460.460",
  "cod_partido": "3735.460",
  "codigo": "3735.460.460.11108",
  "dni": "14320598",
  "id_candidatura": "3735.460.460.11108",
  "id_umv": 804,
  "imagenes": [
   "3735.460.460.11108",
   "default_mujer",
   "default",
   "default_mujer",
   "default"
  ],
  "nombre": "TORRES, NESTOR ABEL",
  "nro_orden": 1,
  "orden_absoluto": [
   12,
   23,
   10,
   5,
   1
  ],
  "secundarios": [
   "JUAREZ, VISITACION MONICA",
   "VELASQUEZ, JACINTO MAURICIO",
   "DIAZ, ADRIANA MARINA",
   "CARRAZAN, RUBEN MATIAS"
  ],
  "sexo": "M",
  "suplentes": [
   "SAJAMA, LIDIA ESTER",
   "SAJAMA, CRISTIAN LEONEL",
   "GUERRERO, JUANA MARIBEL",
   "CUENCA, WALTER ARMANDO",
   "TORRES, AIXA JULIETA"
  ]
 },
 {
  "asistida": "Escotor\u00edn RAMIRO DANIEL",
  "cargo_ejecutivo": true,
  "clase": "Candidato",
  "cod_alianza": "685",
  "cod_categoria": "GOB",
  "cod_lista": "685.685.685",
  "cod_partido": "685.685",
  "codigo": "685.685.685.12004",
  "dni": "17581303",
  "id_candidatura": "685.685.685.12004",
  "id_umv": 1208,
  "imagenes": [
   "685.685.685.12004",
   "default_mujer"
  ],
  "nombre": "ESCOTORIN, RAMIRO DANIEL",
  "nro_orden": 1,
  "orden_absoluto": [
   14,
   30,
   78,
   1,
   1
  ],
  "secundarios": [
   "CALIVA, PATRICIA DEL VALLE"
  ],
  "sexo": "M",
  "suplentes": [

  ]
 },
 {
  "asistida": "Voto en BLANCO",
  "cargo_ejecutivo": false,
  "clase": "Blanco",
  "cod_categoria": "CNJ",
  "cod_lista": "",
  "codigo": "BLC",
  "id_candidatura": "BLC",
  "id_umv": 893,
  "imagenes": [
   "BLC"
  ],
  "nombre": "Voto en BLANCO",
  "nro_orden": 5,
  "orden_absoluto": [
   994,
   5
  ],
  "secundarios": [

  ],
  "sexo": null,
  "suplentes": [

  ]
 },
 {
  "asistida": "Voto en BLANCO",
  "cargo_ejecutivo": true,
  "clase": "Blanco",
  "cod_categoria": "GOB",
  "cod_lista": "",
  "codigo": "BLC",
  "id_candidatura": "BLC",
  "id_umv": 1209,
  "imagenes": [
   "BLC"
  ],
  "nombre": "Voto en BLANCO",
  "nro_orden": 1,
  "orden_absoluto": [
   994,
   1
  ],
  "secundarios": [

  ],
  "sexo": null,
  "suplentes": [

  ]
 },
 {
  "asistida": "Voto en BLANCO",
  "cargo_ejecutivo": true,
  "clase": "Blanco",
  "cod_categoria": "INT",
  "cod_lista": "",
  "codigo": "BLC",
  "id_candidatura": "BLC",
  "id_umv": 1667,
  "imagenes": [
   "BLC"
  ],
  "nombre": "Voto en BLANCO",
  "nro_orden": 4,
  "orden_absoluto": [
   994,
   4
  ],
  "secundarios": [

  ],
  "sexo": null,
  "suplentes": [

  ]
 },
 {
  "asistida": "Voto en BLANCO",
  "cargo_ejecutivo": false,
  "clase": "Blanco",
  "cod_categoria": "SEN",
  "cod_lista": "",
  "codigo": "BLC",
  "id_candidatura": "BLC",
  "id_umv": 1894,
  "imagenes": [
   "BLC"
  ],
  "nombre": "Voto en BLANCO",
  "nro_orden": 2,
  "orden_absoluto": [
   994,
   2
  ],
  "secundarios": [

  ],
  "sexo": null,
  "suplentes": [

  ]
 },
 {
  "asistida": "Votos IMPUGNADOS",
  "cargo_ejecutivo": false,
  "clase": "Especial",
  "cod_categoria": "CNJ",
  "cod_lista": "",
  "codigo": "IMP",
  "id_candidatura": "IMP",
  "id_umv": 953,
  "nombre": "Votos IMPUGNADOS",
  "nro_orden": 5,
  "orden_absoluto": [
   995,
   5
  ],
  "secundarios": [

  ],
  "sexo": null,
  "suplentes": [

  ]
 },
 {
  "asistida": "Votos IMPUGNADOS",
  "cargo_ejecutivo": true,
  "clase": "Especial",
  "cod_categoria": "GOB",
  "cod_lista": "",
  "codigo": "IMP",
  "id_candidatura": "IMP",
  "id_umv": 1210,
  "nombre": "Votos IMPUGNADOS",
  "nro_orden": 1,
  "orden_absoluto": [
   995,
   1
  ],
  "secundarios": [

  ],
  "sexo": null,
  "suplentes": [

  ]
 },
 {
  "asistida": "Votos IMPUGNADOS",
  "cargo_ejecutivo": true,
  "clase": "Especial",
  "cod_categoria": "INT",
  "cod_lista": "",
  "codigo": "IMP",
  "id_candidatura": "IMP",
  "id_umv": 1727,
  "nombre": "Votos IMPUGNADOS",
  "nro_orden": 4,
  "orden_absoluto": [
   995,
   4
  ],
  "secundarios": [

  ],
  "sexo": null,
  "suplentes": [

  ]
 },
 {
  "asistida": "Votos IMPUGNADOS",
  "cargo_ejecutivo": false,
  "clase": "Especial",
  "cod_categoria": "SEN",
  "cod_lista": "",
  "codigo": "IMP",
  "id_candidatura": "IMP",
  "id_umv": 1905,
  "nombre": "Votos IMPUGNADOS",
  "nro_orden": 2,
  "orden_absoluto": [
   995,
   2
  ],
  "secundarios": [

  ],
  "sexo": null,
  "suplentes": [

  ]
 },
 {
  "asistida": "Votos OBSERVADOS",
  "cargo_ejecutivo": false,
  "clase": "Especial",
  "cod_categoria": "CNJ",
  "cod_lista": "",
  "codigo": "OBS",
  "id_candidatura": "OBS",
  "id_umv": 1013,
  "nombre": "Votos OBSERVADOS",
  "nro_orden": 5,
  "orden_absoluto": [
   996,
   5
  ],
  "secundarios": [

  ],
  "sexo": null,
  "suplentes": [

  ]
 },
 {
  "asistida": "Votos OBSERVADOS",
  "cargo_ejecutivo": true,
  "clase": "Especial",
  "cod_categoria": "GOB",
  "cod_lista": "",
  "codigo": "OBS",
  "id_candidatura": "OBS",
  "id_umv": 1211,
  "nombre": "Votos OBSERVADOS",
  "nro_orden": 1,
  "orden_absoluto": [
   996,
   1
  ],
  "secundarios": [

  ],
  "sexo": null,
  "suplentes": [

  ]
 },
 {
  "asistida": "Votos OBSERVADOS",
  "cargo_ejecutivo": true,
  "clase": "Especial",
  "cod_categoria": "INT",
  "cod_lista": "",
  "codigo": "OBS",
  "id_candidatura": "OBS",
  "id_umv": 1787,
  "nombre": "Votos OBSERVADOS",
  "nro_orden": 4,
  "orden_absoluto": [
   996,
   4
  ],
  "secundarios": [

  ],
  "sexo": null,
  "suplentes": [

  ]
 },
 {
  "asistida": "Votos OBSERVADOS",
  "cargo_ejecutivo": false,
  "clase": "Especial",
  "cod_categoria": "SEN",
  "cod_lista": "",
  "codigo": "OBS",
  "id_candidatura": "OBS",
  "id_umv": 1916,
  "nombre": "Votos OBSERVADOS",
  "nro_orden": 2,
  "orden_absoluto": [
   996,
   2
  ],
  "secundarios": [

  ],
  "sexo": null,
  "suplentes": [

  ]
 }
]