[
 {
  "GOB": 1197,
  "agrupacion_municipal": false,
  "codigo": "1863.1863.1863",
  "lista_completa": true
 },
 {
  "GOB": 1198,
  "agrupacion_municipal": false,
  "codigo": "22.22.22",
  "lista_completa": true
 },
 {
  "GOB": 1199,
  "agrupacion_municipal": false,
  "codigo": "3625.3625.3625",
  "lista_completa": true
 },
 {
  "GOB": 1200,
  "agrupacion_municipal": false,
  "codigo": "3717.3739.3739",
  "lista_completa": true
 },
 {
  "CNJ": 204,
  "DIP": 1054,
  "GOB": 1201,
  "INT": 1307,
  "SEN": 1820,
  "agrupacion_municipal": false,
  "codigo": "3723.3741.3741",
  "lista_completa": true
 },
 {
  "GOB": 1202,
  "agrupacion_municipal": false,
  "codigo": "3728.3742.3742",
  "lista_completa": true
 },
 {
  "CNJ": 283,
  "DIP": 1074,
  "GOB": 1203,
  "INT": 1373,
  "SEN": 1835,
  "agrupacion_municipal": false,
  "codigo": "3729.3747.3747",
  "lista_completa": true
 },
 {
  "GOB": 1204,
  "agrupacion_municipal": false,
  "codigo": "3730.3746.3746",
  "lista_completa": true
 },
 {
  "GOB": 1205,
  "agrupacion_municipal": false,
  "codigo": "3731.3743.3743",
  "lista_completa": true
 },
 {
  "GOB": 1206,
  "agrupacion_municipal": false,
  "codigo": "3732.3740.3740",
  "lista_completa": true
 },
 {
  "CNJ": 548,
  "DIP": 1115,
  "GOB": 1207,
  "INT": 1498,
  "SEN": 1863,
  "agrupacion_municipal": false,
  "codigo": "3733.3744.3744",
  "lista_completa": true
 },
 {
  "GOB": 1207,
  "agrupacion_municipal": false,
  "codigo": "3734.3737.3737",
  "lista_completa": true
 },
 {
  "CNJ": 578,
  "DIP": 1127,
  "GOB": 1207,
  "INT": 1537,
  "SEN": 1872,
  "agrupacion_municipal": false,
  "codigo": "3735.15.15",
  "lista_completa": true
 },
 {
  "CNJ": 652,
  "DIP": 1127,
  "GOB": 1207,
  "INT": 1537,
  "SEN": 1872,
  "agrupacion_municipal": false,
  "codigo": "3735.208.208",
  "lista_completa": true
 },
 {
  "CNJ": 771,
  "DIP": 1138,
  "GOB": 1207,
  "INT": 1585,
  "SEN": 1879,
  "agrupacion_municipal": false,
  "codigo": "3735.4.4",
  "lista_completa": true
 },
 {
  "GOB": 1208,
  "agrupacion_municipal": false,
  "codigo": "685.685.685",
  "lista_completa": true
 },
 {
  "CNJ": 853,
  "DIP": 1153,
  "GOB": 1209,
  "INT": 1627,
  "SEN": 1887,
  "agrupacion_municipal": false,
  "codigo": "BLC",
  "lista_completa": true
 }
]