[
 {
  "GOB": 1197,
  "agrupacion_municipal": false,
  "codigo": "1863.1863.1863",
  "lista_completa": true
 },
 {
  "GOB": 1198,
  "agrupacion_municipal": false,
  "codigo": "22.22.22",
  "lista_completa": true
 },
 {
  "GOB": 1199,
  "agrupacion_municipal": false,
  "codigo": "3625.3625.3625",
  "lista_completa": true
 },
 {
  "CNJ": 116,
  "DIP": 1044,
  "GOB": 1200,
  "INT": 1274,
  "SEN": 1811,
  "agrupacion_municipal": false,
  "codigo": "3717.3739.3739",
  "lista_completa": true
 },
 {
  "CNJ": 214,
  "DIP": 1057,
  "GOB": 1201,
  "INT": 1317,
  "SEN": 1823,
  "agrupacion_municipal": false,
  "codigo": "3723.3741.3741",
  "lista_completa": true
 },
 {
  "GOB": 1202,
  "agrupacion_municipal": false,
  "codigo": "3728.3742.3742",
  "lista_completa": true
 },
 {
  "GOB": 1203,
  "agrupacion_municipal": false,
  "codigo": "3729.3747.3747",
  "lista_completa": true
 },
 {
  "CNJ": 319,
  "DIP": 1084,
  "GOB": 1204,
  "INT": 1409,
  "SEN": 1847,
  "agrupacion_municipal": false,
  "codigo": "3730.3746.3746",
  "lista_completa": true
 },
 {
  "GOB": 1205,
  "agrupacion_municipal": false,
  "codigo": "3731.3743.3743",
  "lista_completa": true
 },
 {
  "GOB": 1206,
  "agrupacion_municipal": false,
  "codigo": "3732.3740.3740",
  "lista_completa": true
 },
 {
  "CNJ": 551,
  "DIP": 1118,
  "GOB": 1207,
  "INT": 1508,
  "SEN": 1866,
  "agrupacion_municipal": false,
  "codigo": "3733.3744.3744",
  "lista_completa": true
 },
 {
  "GOB": 1207,
  "agrupacion_municipal": false,
  "codigo": "3734.3737.3737",
  "lista_completa": true
 },
 {
  "CNJ": 587,
  "DIP": 1126,
  "GOB": 1207,
  "INT": 1528,
  "SEN": 1871,
  "agrupacion_municipal": false,
  "codigo": "3735.15.15",
  "lista_completa": true
 },
 {
  "CNJ": 630,
  "DIP": 1139,
  "GOB": 1207,
  "INT": 1591,
  "SEN": 1880,
  "agrupacion_municipal": false,
  "codigo": "3735.1873.1873",
  "lista_completa": true
 },
 {
  "CNJ": 695,
  "DIP": 1126,
  "GOB": 1207,
  "INT": 1528,
  "SEN": 1871,
  "agrupacion_municipal": false,
  "codigo": "3735.32.32",
  "lista_completa": true
 },
 {
  "CNJ": 783,
  "DIP": 1139,
  "GOB": 1207,
  "INT": 1591,
  "SEN": 1880,
  "agrupacion_municipal": false,
  "codigo": "3735.4.4",
  "lista_completa": true
 },
 {
  "CNJ": 828,
  "DIP": 1139,
  "GOB": 1207,
  "INT": 1591,
  "SEN": 1880,
  "agrupacion_municipal": false,
  "codigo": "3735.460.460",
  "lista_completa": true
 },
 {
  "GOB": 1208,
  "agrupacion_municipal": false,
  "codigo": "685.685.685",
  "lista_completa": true
 },
 {
  "CNJ": 866,
  "DIP": 1157,
  "GOB": 1209,
  "INT": 1640,
  "SEN": 1891,
  "agrupacion_municipal": false,
  "codigo": "BLC",
  "lista_completa": true
 }
]