[
 {
  "GOB": 1197,
  "agrupacion_municipal": false,
  "codigo": "1863.1863.1863",
  "lista_completa": true
 },
 {
  "GOB": 1198,
  "agrupacion_municipal": false,
  "codigo": "22.22.22",
  "lista_completa": true
 },
 {
  "GOB": 1199,
  "agrupacion_municipal": false,
  "codigo": "3625.3625.3625",
  "lista_completa": true
 },
 {
  "CNJ": 92,
  "GOB": 1200,
  "INT": 1247,
  "SEN": 1813,
  "agrupacion_municipal": false,
  "codigo": "3717.3739.3739",
  "lista_completa": true
 },
 {
  "GOB": 1201,
  "SEN": 1825,
  "agrupacion_municipal": false,
  "codigo": "3723.3741.3741",
  "lista_completa": true
 },
 {
  "GOB": 1202,
  "agrupacion_municipal": false,
  "codigo": "3728.3742.3742",
  "lista_completa": true
 },
 {
  "GOB": 1203,
  "SEN": 1839,
  "agrupacion_municipal": false,
  "codigo": "3729.3747.3747",
  "lista_completa": true
 },
 {
  "GOB": 1204,
  "SEN": 1849,
  "agrupacion_municipal": false,
  "codigo": "3730.3746.3746",
  "lista_completa": true
 },
 {
  "GOB": 1205,
  "SEN": 1855,
  "agrupacion_municipal": false,
  "codigo": "3731.3743.3743",
  "lista_completa": true
 },
 {
  "GOB": 1206,
  "agrupacion_municipal": false,
  "codigo": "3732.3740.3740",
  "lista_completa": true
 },
 {
  "CNJ": 544,
  "GOB": 1207,
  "INT": 1490,
  "SEN": 1868,
  "agrupacion_municipal": false,
  "codigo": "3733.3744.3744",
  "lista_completa": true
 },
 {
  "GOB": 1207,
  "agrupacion_municipal": false,
  "codigo": "3734.3737.3737",
  "lista_completa": true
 },
 {
  "CNJ": 604,
  "GOB": 1207,
  "INT": 1570,
  "SEN": 1881,
  "agrupacion_municipal": false,
  "codigo": "3735.1873.1873",
  "lista_completa": true
 },
 {
  "CNJ": 706,
  "GOB": 1207,
  "INT": 1570,
  "SEN": 1881,
  "agrupacion_municipal": false,
  "codigo": "3735.3650.3650",
  "lista_completa": true
 },
 {
  "CNJ": 749,
  "GOB": 1207,
  "INT": 1570,
  "SEN": 1881,
  "agrupacion_municipal": false,
  "codigo": "3735.4.4",
  "lista_completa": true
 },
 {
  "GOB": 1208,
  "SEN": 1885,
  "agrupacion_municipal": false,
  "codigo": "685.685.685",
  "lista_completa": true
 },
 {
  "CNJ": 888,
  "GOB": 1209,
  "INT": 1662,
  "SEN": 1893,
  "agrupacion_municipal": false,
  "codigo": "BLC",
  "lista_completa": true
 }
]