[
 {
  "CNJ": 43,
  "INT": 1281,
  "agrupacion_municipal": false,
  "codigo": "3717.13.13",
  "lista_completa": true
 },
 {
  "CNJ": 66,
  "INT": 1281,
  "agrupacion_municipal": false,
  "codigo": "3717.2543.2543",
  "lista_completa": true
 },
 {
  "CNJ": 86,
  "INT": 1281,
  "agrupacion_municipal": false,
  "codigo": "3717.2626.2626",
  "lista_completa": true
 },
 {
  "CNJ": 123,
  "INT": 1281,
  "agrupacion_municipal": false,
  "codigo": "3717.3739.3739",
  "lista_completa": true
 },
 {
  "CNJ": 143,
  "INT": 1281,
  "agrupacion_municipal": false,
  "codigo": "3717.443.443",
  "lista_completa": true
 },
 {
  "CNJ": 171,
  "INT": 1326,
  "agrupacion_municipal": false,
  "codigo": "3723.12.12",
  "lista_completa": true
 },
 {
  "CNJ": 175,
  "INT": 1326,
  "agrupacion_municipal": false,
  "codigo": "3723.1796.1796",
  "lista_completa": true
 },
 {
  "CNJ": 187,
  "INT": 1326,
  "agrupacion_municipal": false,
  "codigo": "3723.3649.3649",
  "lista_completa": true
 },
 {
  "CNJ": 223,
  "INT": 1326,
  "agrupacion_municipal": false,
  "codigo": "3723.3741.3741",
  "lista_completa": true
 },
 {
  "CNJ": 232,
  "INT": 1333,
  "agrupacion_municipal": false,
  "codigo": "3728.17.17",
  "lista_completa": true
 },
 {
  "CNJ": 291,
  "INT": 1381,
  "agrupacion_municipal": false,
  "codigo": "3729.3747.3747",
  "lista_completa": true
 },
 {
  "INT": 1415,
  "agrupacion_municipal": false,
  "codigo": "3730.3746.3746",
  "lista_completa": false
 },
 {
  "CNJ": 332,
  "INT": 1420,
  "agrupacion_municipal": false,
  "codigo": "3730.446.446",
  "lista_completa": true
 },
 {
  "CNJ": 344,
  "INT": 1415,
  "agrupacion_municipal": false,
  "codigo": "3730.461.461",
  "lista_completa": true
 },
 {
  "CNJ": 352,
  "INT": 1415,
  "agrupacion_municipal": false,
  "codigo": "3730.5.5",
  "lista_completa": true
 },
 {
  "CNJ": 378,
  "INT": 1443,
  "agrupacion_municipal": false,
  "codigo": "3731.3743.3743",
  "lista_completa": true
 },
 {
  "CNJ": 462,
  "INT": 1517,
  "agrupacion_municipal": false,
  "codigo": "3733.1862.1862",
  "lista_completa": true
 },
 {
  "CNJ": 491,
  "INT": 1517,
  "agrupacion_municipal": false,
  "codigo": "3733.1869.1869",
  "lista_completa": true
 },
 {
  "CNJ": 532,
  "INT": 1517,
  "agrupacion_municipal": false,
  "codigo": "3733.2627.2627",
  "lista_completa": true
 },
 {
  "INT": 1517,
  "agrupacion_municipal": false,
  "codigo": "3733.3744.3744",
  "lista_completa": false
 },
 {
  "CNJ": 572,
  "INT": 1517,
  "agrupacion_municipal": false,
  "codigo": "3733.38.38",
  "lista_completa": true
 },
 {
  "CNJ": 589,
  "INT": 1564,
  "agrupacion_municipal": false,
  "codigo": "3735.15.15",
  "lista_completa": true
 },
 {
  "CNJ": 635,
  "INT": 1564,
  "agrupacion_municipal": false,
  "codigo": "3735.1873.1873",
  "lista_completa": true
 },
 {
  "CNJ": 665,
  "INT": 1564,
  "agrupacion_municipal": false,
  "codigo": "3735.208.208",
  "lista_completa": true
 },
 {
  "CNJ": 700,
  "INT": 1564,
  "agrupacion_municipal": false,
  "codigo": "3735.32.32",
  "lista_completa": true
 },
 {
  "CNJ": 737,
  "INT": 1564,
  "agrupacion_municipal": false,
  "codigo": "3735.3650.3650",
  "lista_completa": true
 },
 {
  "INT": 1564,
  "agrupacion_municipal": false,
  "codigo": "3735.3745.3745",
  "lista_completa": false
 },
 {
  "CNJ": 793,
  "INT": 1564,
  "agrupacion_municipal": false,
  "codigo": "3735.4.4",
  "lista_completa": true
 },
 {
  "CNJ": 835,
  "INT": 1564,
  "agrupacion_municipal": false,
  "codigo": "3735.460.460",
  "lista_completa": true
 },
 {
  "CNJ": 878,
  "INT": 1652,
  "agrupacion_municipal": false,
  "codigo": "BLC",
  "lista_completa": true
 }
]