[
 {
  "asistida": "DOM\u00cdNGUEZ LISANDRO LUIS",
  "cargo_ejecutivo": false,
  "clase": "Candidato",
  "cod_alianza": "3717",
  "cod_categoria": "CNJ",
  "cod_lista": "3717.13.13",
  "cod_partido": "3717.13",
  "codigo": "3717.13.13.735",
  "dni": "31922239",
  "id_candidatura": "3717.13.13.735",
  "id_umv": 43,
  "imagenes": [
   "3717.13.13.735",
   "default_mujer",
   "default",
   "default_mujer",
   "default",
   "default_mujer",
   "default"
  ],
  "nombre": "DOMINGUEZ, LISANDRO \u201cMARZO\u201d",
  "nro_orden": 1,
  "orden_absoluto": [
   6,
   52,
   75,
   5,
   1
  ],
  "secundarios": [
   "CARPANCHAY, GLADYS MIRYAM",
   "PACCE, OMAR JOAQUIN ANTONIO",
   "SILADJI, VALENTINA",
   "SILADJI, CARLOS VALENTIN",
   "AGUILAR, MARIA LUISA",
   "MAMANI, JOSE"
  ],
  "sexo": "M",
  "suplentes": [
   "BARBOZA, LIDIA SILVANA",
   "SUAREZ, ALBERTO",
   "RODRIGUEZ, JORGELINA"
  ]
 },
 {
  "asistida": "ARAMAYO H\u00e9ber ADRIAN",
  "cargo_ejecutivo": false,
  "clase": "Candidato",
  "cod_alianza": "3717",
  "cod_categoria": "CNJ",
  "cod_lista": "3717.2543.2543",
  "cod_partido": "3717.2543",
  "codigo": "3717.2543.2543.3850",
  "dni": "35778212",
  "id_candidatura": "3717.2543.2543.3850",
  "id_umv": 66,
  "imagenes": [
   "3717.2543.2543.3850",
   "default_mujer",
   "default",
   "default_mujer",
   "default",
   "default_mujer",
   "default"
  ],
  "nombre": "ARAMAYO, HEBER",
  "nro_orden": 1,
  "orden_absoluto": [
   6,
   71,
   17,
   5,
   1
  ],
  "secundarios": [
   "LOPEZ BORDON, SILVIA ALEJANDRA",
   "NU\u00d1EZ, LUCIO GUIDO",
   "CASIMIRO, MARCELA ROSALBA",
   "VELARDE, EDUARDO RUBEN",
   "FLORES, NOELIA VALERIA",
   "ARAMAYO, DANIEL ALFREDO"
  ],
  "sexo": "M",
  "suplentes": [
   "NU\u00d1EZ, GLADIS ELVIRA",
   "CRUZ, HECTOR MAXIMILIANO",
   "ALDERETE, ROXANA NOEMI"
  ]
 },
 {
  "asistida": "LOPEZ HECTOR RICARDO",
  "cargo_ejecutivo": false,
  "clase": "Candidato",
  "cod_alianza": "3717",
  "cod_categoria": "CNJ",
  "cod_lista": "3717.2626.2626",
  "cod_partido": "3717.2626",
  "codigo": "3717.2626.2626.4552",
  "dni": "16735083",
  "id_candidatura": "3717.2626.2626.4552",
  "id_umv": 86,
  "imagenes": [
   "3717.2626.2626.4552",
   "default_mujer",
   "default",
   "default_mujer",
   "default",
   "default_mujer",
   "default"
  ],
  "nombre": "LOPEZ, RICARDO \u2019EL PROFE\u2019",
  "nro_orden": 1,
  "orden_absoluto": [
   6,
   4,
   19,
   5,
   1
  ],
  "secundarios": [
   "MAMANI GUTIERREZ, ELIDA DEL",
   "PEREZ, GUSTAVO FERNANDO",
   "ZAMORA BEVACQUA, CINTIA PAMELA",
   "CARDOZO, CRISTIAN ANDRES",
   "BRAVO, JESICA CAROLINA",
   "ZAMORA, ALBERTO LUCIO"
  ],
  "sexo": "M",
  "suplentes": [
   "BRAVO, BENITA CONSTANTINA",
   "GONZALEZ, NICOLAS ALEJANDRO"
  ]
 },
 {
  "asistida": "Yonar ROBERTO",
  "cargo_ejecutivo": true,
  "clase": "Candidato",
  "cod_alianza": "3717",
  "cod_categoria": "INT",
  "cod_lista": "3717.3739.3739",
  "cod_partido": "3717.3739",
  "codigo": "3717.3739.3739.6466",
  "dni": "10973181",
  "id_candidatura": "3717.3739.3739.6466",
  "id_umv": 1281,
  "imagenes": [
   "3717.3739.3739.6466"
  ],
  "nombre": "YONAR, ROBERTO \u201cESCOBITA\u201d",
  "nro_orden": 1,
  "orden_absoluto": [
   6,
   17,
   64,
   4,
   1
  ],
  "secundarios": [

  ],
  "sexo": "M",
  "suplentes": [

  ]
 },
 {
  "asistida": "QUISPE CARLA ESTEFAN\u00cdA",
  "cargo_ejecutivo": false,
  "clase": "Candidato",
  "cod_alianza": "3717",
  "cod_categoria": "CNJ",
  "cod_lista": "3717.3739.3739",
  "cod_partido": "3717.3739",
  "codigo": "3717.3739.3739.6857",
  "dni": "40150331",
  "id_candidatura": "3717.3739.3739.6857",
  "id_umv": 123,
  "imagenes": [
   "3717.3739.3739.6857",
   "default",
   "default_mujer",
   "default",
   "default_mujer",
   "default",
   "default_mujer"
  ],
  "nombre": "QUISPE, CARLA ESTEFANIA",
  "nro_orden": 1,
  "orden_absoluto": [
   6,
   17,
   64,
   5,
   1
  ],
  "secundarios": [
   "GALARZA, IGNACIO NAHUEL",
   "VILLA, CAROL AGUSTINA",
   "TAPIA, ADRIAN GABRIEL FEDERICO",
   "VILCA, MARIANELA ROMINA",
   "MARTINEZ, RODRIGO ALEJANDRO",
   "RIOS, MARIA JULIETA"
  ],
  "sexo": "F",
  "suplentes": [
   "FERRIL, BRIAN CRISTIAN ALEXANDER",
   "CALPANCHAY, SANTAS TERESA",
   "ESPINOZA, JAVIER RICARDO",
   "QUISPE, MARIA ISABEL",
   "VILTE, HECTOR OSCAR"
  ]
 },
 {
  "asistida": "GUTIERREZ SANTIAGO",
  "cargo_ejecutivo": false,
  "clase": "Candidato",
  "cod_alianza": "3717",
  "cod_categoria": "CNJ",
  "cod_lista": "3717.443.443",
  "cod_partido": "3717.443",
  "codigo": "3717.443.443.10802",
  "dni": "25616852",
  "id_candidatura": "3717.443.443.10802",
  "id_umv": 143,
  "imagenes": [
   "3717.443.443.10802",
   "default_mujer",
   "default",
   "default_mujer",
   "default",
   "default_mujer",
   "default"
  ],
  "nombre": "GUTIERREZ, SANTIAGO",
  "nro_orden": 1,
  "orden_absoluto": [
   6,
   69,
   9,
   5,
   1
  ],
  "secundarios": [
   "MAMANI, PATRICIA VIRGINIA",
   "LAMAS, VICENTE",
   "BORJA, GIMENA JANET",
   "BORJA, CARMELO REINALDO",
   "MAMANI, MIRTA SOLEDAD",
   "GUTIERREZ, MAXIMILIANO PANTALEON"
  ],
  "sexo": "M",
  "suplentes": [
   "LAMAS, ALICIA CAROLA",
   "MAMANI, ANTONIO"
  ]
 },
 {
  "asistida": "GARC\u00cdA ANA ROXANA",
  "cargo_ejecutivo": false,
  "clase": "Candidato",
  "cod_alianza": "3723",
  "cod_categoria": "CNJ",
  "cod_lista": "3723.12.12",
  "cod_partido": "3723.12",
  "codigo": "3723.12.12.390",
  "dni": "36339029",
  "id_candidatura": "3723.12.12.390",
  "id_umv": 171,
  "imagenes": [
   "3723.12.12.390",
   "default",
   "default_mujer",
   "default",
   "default_mujer",
   "default",
   "default_mujer"
  ],
  "nombre": "GARCIA, ANA ROXANA",
  "nro_orden": 1,
  "orden_absoluto": [
   5,
   57,
   72,
   5,
   1
  ],
  "secundarios": [
   "QUIPILDOR, ALDO ABEL",
   "BAIMA, EMILCE MARIA DEL VALLE",
   "CAYO, FRANCO EXEQUIEL ROBERTO",
   "CASTILLO, NADYA JOHANA",
   "PERELLO, MARCELO MIGUEL",
   "REYES, SONIA SOLEDAD"
  ],
  "sexo": "F",
  "suplentes": [
   "BORDON, FRANCO MATIAS",
   "COCA ORELLANA, CLAUDIA BEATRIZ",
   "OBANDO, JAVIER RODRIGO",
   "CHOROLQUE, FLAVIA ALEJANDRA",
   "FERNANDEZ, DAVID GUSTAVO",
   "MARTINEZ, JULIANA ARGENTINA",
   "SARAPURA, ARNALDO"
  ]
 },
 {
  "asistida": "CARRAZ\u00c1NO MAR\u00cdA ESTER",
  "cargo_ejecutivo": false,
  "clase": "Candidato",
  "cod_alianza": "3723",
  "cod_categoria": "CNJ",
  "cod_lista": "3723.1796.1796",
  "cod_partido": "3723.1796",
  "codigo": "3723.1796.1796.1341",
  "dni": "33592899",
  "id_candidatura": "3723.1796.1796.1341",
  "id_umv": 175,
  "imagenes": [
   "3723.1796.1796.1341",
   "default",
   "default_mujer",
   "default",
   "default_mujer",
   "default",
   "default_mujer"
  ],
  "nombre": "CARRAZANO, MARIA ESTHER",
  "nro_orden": 1,
  "orden_absoluto": [
   5,
   60,
   18,
   5,
   1
  ],
  "secundarios": [
   "PONZA CALOVINI, GENESIS",
   "RAMOS, MARGARITA SOLEDAD",
   "SARAPURA, PEDRO SAMUEL",
   "MAMANI, JUANA REINA DEL VALLE",
   "RAMOS, MIGUEL AMERICO",
   "VARAS, ARMINDA MARINES"
  ],
  "sexo": "F",
  "suplentes": [
   "SIQUILA, PABLO NICOLAS",
   "RODRIGUEZ, LOURDES MICAELA",
   "VAZQUEZ, RAMIRO E",
   "RAMOS, ANGELA MARGARITA",
   "CORNEJO, MANUEL LUIS",
   "JUNCO, MERCEDES DEL CARMEN",
   "GALLO, LUIS LUCAS"
  ]
 },
 {
  "asistida": "ROSSI YAEL NATAL\u00cd",
  "cargo_ejecutivo": false,
  "clase": "Candidato",
  "cod_alianza": "3723",
  "cod_categoria": "CNJ",
  "cod_lista": "3723.3649.3649",
  "cod_partido": "3723.3649",
  "codigo": "3723.3649.3649.5573",
  "dni": "43551098",
  "id_candidatura": "3723.3649.3649.5573",
  "id_umv": 187,
  "imagenes": [
   "3723.3649.3649.5573",
   "default",
   "default_mujer",
   "default",
   "default_mujer",
   "default",
   "default_mujer"
  ],
  "nombre": "ROSSI, YAEL NATALI",
  "nro_orden": 1,
  "orden_absoluto": [
   5,
   29,
   22,
   5,
   1
  ],
  "secundarios": [
   "FLORES CABRERA, GUSTAVO",
   "ORELLANA, ELDA DEL MILAGRO",
   "GALLARDO, LUCIO EDGARDO",
   "FLORES, DANIELA BELEN",
   "SALVATIERRA, VICTOR ENRIQUE",
   "MALDONADO, ANA MARIELA"
  ],
  "sexo": "F",
  "suplentes": [
   "CAZON, ROY TOME",
   "VILTE, MARIANA CELESTE",
   "HERRERA, MIGUEL ANGEL",
   "ALACA, NADYA AGUSTINA",
   "YELMA, PABLO NICANOR",
   "QUIPILDOR PADILLA, MARIA DEL",
   "ORTEGA, MARCO ANTONIO"
  ]
 },
 {
  "asistida": "CORNEJO MANUEL",
  "cargo_ejecutivo": true,
  "clase": "Candidato",
  "cod_alianza": "3723",
  "cod_categoria": "INT",
  "cod_lista": "3723.3741.3741",
  "cod_partido": "3723.3741",
  "codigo": "3723.3741.3741.7261",
  "dni": "21633471",
  "id_candidatura": "3723.3741.3741.7261",
  "id_umv": 1326,
  "imagenes": [
   "3723.3741.3741.7261"
  ],
  "nombre": "CORNEJO, MANUEL",
  "nro_orden": 1,
  "orden_absoluto": [
   5,
   14,
   65,
   4,
   1
  ],
  "secundarios": [

  ],
  "sexo": "M",
  "suplentes": [

  ]
 },
 {
  "asistida": "DIAZ \u00c1NJEL CLEMENTE",
  "cargo_ejecutivo": false,
  "clase": "Candidato",
  "cod_alianza": "3723",
  "cod_categoria": "CNJ",
  "cod_lista": "3723.3741.3741",
  "cod_partido": "3723.3741",
  "codigo": "3723.3741.3741.7654",
  "dni": "17337650",
  "id_candidatura": "3723.3741.3741.7654",
  "id_umv": 223,
  "imagenes": [
   "3723.3741.3741.7654",
   "default_mujer",
   "default",
   "default_mujer",
   "default",
   "default_mujer",
   "default"
  ],
  "nombre": "DIAZ, ANGEL CLEMENTE",
  "nro_orden": 1,
  "orden_absoluto": [
   5,
   14,
   65,
   5,
   1
  ],
  "secundarios": [
   "ROMERO, MARIA EMILIA",
   "FARIAS, NICOLAS ALEJANDRO",
   "BURGOS OVANDO, EMELI MARLEN",
   "MONTOYA, FREDI PEDRO",
   "CONDORI, MARIA EUGENIA",
   "CANO, SERGIO LUIS"
  ],
  "sexo": "M",
  "suplentes": [
   "BURGOS, MIRTA TERESA",
   "REYES, ALEXIS BENJAMIN",
   "TORRES, ABIGAIL DEL MILAGRO",
   "CARRAZANO, JULIO CESAR",
   "ESPINOZA, FABIANA NOEMI",
   "OLAZO, CARLOS MIGUEL",
   "OLMEDO, NORMA SUSANA"
  ]
 },
 {
  "asistida": "VIVEROS EMANUEL AD\u00c1N",
  "cargo_ejecutivo": true,
  "clase": "Candidato",
  "cod_alianza": "3728",
  "cod_categoria": "INT",
  "cod_lista": "3728.17.17",
  "cod_partido": "3728.17",
  "codigo": "3728.17.17.1166",
  "dni": "38276787",
  "id_candidatura": "3728.17.17.1166",
  "id_umv": 1333,
  "imagenes": [
   "3728.17.17.1166"
  ],
  "nombre": "VIBEROS, EMANUEL ADAN",
  "nro_orden": 1,
  "orden_absoluto": [
   9,
   78,
   2,
   4,
   1
  ],
  "secundarios": [

  ],
  "sexo": "M",
  "suplentes": [

  ]
 },
 {
  "asistida": "MART\u00cdNEZ JULIANA TEODOL\u00cdNDA",
  "cargo_ejecutivo": false,
  "clase": "Candidato",
  "cod_alianza": "3728",
  "cod_categoria": "CNJ",
  "cod_lista": "3728.17.17",
  "cod_partido": "3728.17",
  "codigo": "3728.17.17.1227",
  "dni": "12857888",
  "id_candidatura": "3728.17.17.1227",
  "id_umv": 232,
  "imagenes": [
   "3728.17.17.1227",
   "default",
   "default_mujer",
   "default",
   "default_mujer",
   "default",
   "default_mujer"
  ],
  "nombre": "MARTINEZ, JULIANA TEODOLINDA",
  "nro_orden": 1,
  "orden_absoluto": [
   9,
   78,
   2,
   5,
   1
  ],
  "secundarios": [
   "GERON, HECTOR RODOLFO",
   "MAMANI LAIME, NATALIA CRISTINA",
   "MARTINEZ, ARNALDO LIVIO LEONEL",
   "CARO, BELEN ROCIO",
   "MENDEZ, EDGARDO JAVIER",
   "FERNANDEZ, CAMILA INES"
  ],
  "sexo": "F",
  "suplentes": [
   "QUISPE, JULIAN MARCELO",
   "SIQUILA, DAIANA ARACELI",
   "BARBOZA, RAMIRO EZEQUIEL",
   "MORALES, MABEL",
   "BARBOZA, JULIO CESAR",
   "LAMAS, GABRIELA"
  ]
 },
 {
  "asistida": "ARRIETA CASTRO HUGO DI\u00d3GENES",
  "cargo_ejecutivo": true,
  "clase": "Candidato",
  "cod_alianza": "3729",
  "cod_categoria": "INT",
  "cod_lista": "3729.3747.3747",
  "cod_partido": "3729.3747",
  "codigo": "3729.3747.3747.9133",
  "dni": "16650296",
  "id_candidatura": "3729.3747.3747.9133",
  "id_umv": 1381,
  "imagenes": [
   "3729.3747.3747.9133"
  ],
  "nombre": "ARRIETA CASTRO, HUGO DIOGENES",
  "nro_orden": 1,
  "orden_absoluto": [
   24,
   68,
   67,
   4,
   1
  ],
  "secundarios": [

  ],
  "sexo": "M",
  "suplentes": [

  ]
 },
 {
  "asistida": "MAMAN\u00cd BENITO ADRIAN",
  "cargo_ejecutivo": false,
  "clase": "Candidato",
  "cod_alianza": "3729",
  "cod_categoria": "CNJ",
  "cod_lista": "3729.3747.3747",
  "cod_partido": "3729.3747",
  "codigo": "3729.3747.3747.9445",
  "dni": "38738909",
  "id_candidatura": "3729.3747.3747.9445",
  "id_umv": 291,
  "imagenes": [
   "3729.3747.3747.9445",
   "default_mujer",
   "default",
   "default_mujer",
   "default",
   "default_mujer",
   "default"
  ],
  "nombre": "MAMANI, BENITO ADRIAN",
  "nro_orden": 1,
  "orden_absoluto": [
   24,
   68,
   67,
   5,
   1
  ],
  "secundarios": [
   "FERREYRA, MARIA ESTELA",
   "GUANUCO, CARLOS ROBERTO",
   "TORRES, PAOLA ROMINA",
   "PUCA, SANTIAGO ISMAEL",
   "TEJERINA, NOEMI GRACIELA",
   "COPA, DANIEL ELIAS"
  ],
  "sexo": "M",
  "suplentes": [
   "OYARZU, VIRGINIA LEILA",
   "LAMAS, ALBERTO JESUS",
   "CRUZ, MAIRA MELISA",
   "BONIFACIO, NESTOR EDUARDO",
   "TEJERINA, MARIA DEL CARMEN",
   "CARRERAS RUSSO, CLAUDIO",
   "GUITIAN, BEATRIZ BERNARDA"
  ]
 },
 {
  "asistida": "GALLARDO ANTONIO ARIEL",
  "cargo_ejecutivo": true,
  "clase": "Candidato",
  "cod_alianza": "3730",
  "cod_categoria": "INT",
  "cod_lista": "3730.3746.3746",
  "cod_partido": "3730.3746",
  "codigo": "3730.3746.3746.8713",
  "dni": "25571340",
  "id_candidatura": "3730.3746.3746.8713",
  "id_umv": 1415,
  "imagenes": [
   "3730.3746.3746.8713"
  ],
  "nombre": "GALLARDO, ARIEL",
  "nro_orden": 1,
  "orden_absoluto": [
   15,
   32,
   74,
   4,
   1
  ],
  "secundarios": [

  ],
  "sexo": "M",
  "suplentes": [

  ]
 },
 {
  "asistida": "JOV\u00c1NOVICS MAURICIO",
  "cargo_ejecutivo": true,
  "clase": "Candidato",
  "cod_alianza": "3730",
  "cod_categoria": "INT",
  "cod_lista": "3730.446.446",
  "cod_partido": "3730.446",
  "codigo": "3730.446.446.10843",
  "dni": "28886686",
  "id_candidatura": "3730.446.446.10843",
  "id_umv": 1420,
  "imagenes": [
   "3730.446.446.10843"
  ],
  "nombre": "JOVANOVICS, MAURICIO",
  "nro_orden": 1,
  "orden_absoluto": [
   15,
   64,
   76,
   4,
   1
  ],
  "secundarios": [

  ],
  "sexo": "M",
  "suplentes": [

  ]
 },
 {
  "asistida": "COPA MIRTA YOL\u00c1NDA",
  "cargo_ejecutivo": false,
  "clase": "Candidato",
  "cod_alianza": "3730",
  "cod_categoria": "CNJ",
  "cod_lista": "3730.446.446",
  "cod_partido": "3730.446",
  "codigo": "3730.446.446.10906",
  "dni": "29442164",
  "id_candidatura": "3730.446.446.10906",
  "id_umv": 332,
  "imagenes": [
   "3730.446.446.10906",
   "default",
   "default_mujer",
   "default",
   "default_mujer",
   "default",
   "default_mujer"
  ],
  "nombre": "COPA, MIRTA YOLANDA",
  "nro_orden": 1,
  "orden_absoluto": [
   15,
   64,
   76,
   5,
   1
  ],
  "secundarios": [
   "ZERDA, ANGEL MARIANO",
   "RIVAS OROZCO, ANA PATRICIA",
   "JUNCO, ROBERTO ROMAN",
   "VILTE, RUSTICA VIVIANA",
   "GUITIAN, FELIX RUBEN",
   "MU\u00d1OZ, FERNANDA CAROLINA"
  ],
  "sexo": "F",
  "suplentes": [
   "TORRES LOPEZ, NICOLAS JOSE",
   "COPA, PAULA HELENA",
   "VELARDE POVOLI, ALFREDO",
   "LOPEZ, CARINA SOLEDAD",
   "CORONEL ROMERO, GASTON"
  ]
 },
 {
  "asistida": "Yurato FABIANA DEL CARMEN",
  "cargo_ejecutivo": false,
  "clase": "Candidato",
  "cod_alianza": "3730",
  "cod_categoria": "CNJ",
  "cod_lista": "3730.461.461",
  "cod_partido": "3730.461",
  "codigo": "3730.461.461.11657",
  "dni": "22184111",
  "id_candidatura": "3730.461.461.11657",
  "id_umv": 344,
  "imagenes": [
   "3730.461.461.11657",
   "default",
   "default_mujer",
   "default",
   "default_mujer",
   "default",
   "default_mujer"
  ],
  "nombre": "YURATO, FABIANA",
  "nro_orden": 1,
  "orden_absoluto": [
   15,
   19,
   11,
   5,
   1
  ],
  "secundarios": [
   "CORDOBA, KEVIN ALEJANDRO",
   "PEREZ, MARIA ANGELICA",
   "VELARDE, VICTOR HUGO",
   "QUIPILDOR, ALDANA PAOLA",
   "QUIPILDOR, DANIEL SANTIAGO",
   "CHOCOBAR, ELVA DEL VALLE"
  ],
  "sexo": "F",
  "suplentes": [
   "GALLARDO, VICTOR HUGO",
   "BAUTISTA, MARIA MATILDE",
   "ESPECHE NU\u00d1EZ, ANDRES ISMAEL",
   "JUNCO, ANA BELEN",
   "LOPEZ LACCI, DIEGO DAVID",
   "ZULCA, CAROLINA DEL VALLE"
  ]
 },
 {
  "asistida": "TORRES GLORIA LORENA",
  "cargo_ejecutivo": false,
  "clase": "Candidato",
  "cod_alianza": "3730",
  "cod_categoria": "CNJ",
  "cod_lista": "3730.5.5",
  "cod_partido": "3730.5",
  "codigo": "3730.5.5.11771",
  "dni": "28543932",
  "id_candidatura": "3730.5.5.11771",
  "id_umv": 352,
  "imagenes": [
   "3730.5.5.11771",
   "default",
   "default_mujer",
   "default",
   "default_mujer",
   "default",
   "default_mujer"
  ],
  "nombre": "TORRES, LORENA",
  "nro_orden": 1,
  "orden_absoluto": [
   15,
   76,
   25,
   5,
   1
  ],
  "secundarios": [
   "NOLASCO, MATIAS FERNANDO",
   "MENA, MARIA ELENA",
   "FERNANDEZ, MARIO OSCAR",
   "GUANTAY, ALEJANDRA EMILCE",
   "FERNANDEZ, JONATAN NICOLAS",
   "CASIMIRO, EUGENIA BEATRIZ"
  ],
  "sexo": "F",
  "suplentes": [
   "ESPECHE, WALTER RODOLFO",
   "CEJAS, MARIA DEL VALLE",
   "JUNCO, CRISTIAN HERNAN",
   "HERNANDEZ, ANA MARIA",
   "CHOCOBAR, FRANCO MAURICIO",
   "ESCALANTE, MONICA CAROLINA"
  ]
 },
 {
  "asistida": "SORIANO CRUZ \"NEGRO TEO\"",
  "cargo_ejecutivo": true,
  "clase": "Candidato",
  "cod_alianza": "3731",
  "cod_categoria": "INT",
  "cod_lista": "3731.3743.3743",
  "cod_partido": "3731.3743",
  "codigo": "3731.3743.3743.8017",
  "dni": "23206842",
  "id_candidatura": "3731.3743.3743.8017",
  "id_umv": 1443,
  "imagenes": [
   "3731.3743.3743.8017"
  ],
  "nombre": "SORIANO, CRUZ \u201cTEO\u201d",
  "nro_orden": 1,
  "orden_absoluto": [
   10,
   22,
   68,
   4,
   1
  ],
  "secundarios": [

  ],
  "sexo": "M",
  "suplentes": [

  ]
 },
 {
  "asistida": "Subelza JORGE ANSELMO",
  "cargo_ejecutivo": false,
  "clase": "Candidato",
  "cod_alianza": "3731",
  "cod_categoria": "CNJ",
  "cod_lista": "3731.3743.3743",
  "cod_partido": "3731.3743",
  "codigo": "3731.3743.3743.8328",
  "dni": "35021867",
  "id_candidatura": "3731.3743.3743.8328",
  "id_umv": 378,
  "imagenes": [
   "3731.3743.3743.8328",
   "default_mujer",
   "default",
   "default_mujer",
   "default",
   "default_mujer",
   "default"
  ],
  "nombre": "SUBELZA, JORGE ANSELMO",
  "nro_orden": 1,
  "orden_absoluto": [
   10,
   22,
   68,
   5,
   1
  ],
  "secundarios": [
   "ERAZO, CELINA VANESA",
   "AGUILERA, MIGUEL ANGEL",
   "NASER, LILIA ROSA",
   "MAMANI, DANIEL GUILLERMO",
   "CA\u00d1IZARES, ELIZABET ZULEMA",
   "ZARATE, MAXIMILIANO JOS\u00c8 AGUST\u00ccN"
  ],
  "sexo": "M",
  "suplentes": [
   "GUTIERREZ, CINTIA ANALIA",
   "PALLUCA, PABLO SEBASTIAN",
   "SORIANO, ORTENCIA LUCIA",
   "MIRANDA, ISAAC BELTRAN",
   "GUTIERREZ, NOELIA ESTEFANIA",
   "RAMOS, FRANCISCO ALBERTO",
   "GUTIERREZ, BRISA VIOLETA"
  ]
 },
 {
  "asistida": "OROSCO PABLO MAUR\u00cdCIO",
  "cargo_ejecutivo": false,
  "clase": "Candidato",
  "cod_alianza": "3733",
  "cod_categoria": "CNJ",
  "cod_lista": "3733.1862.1862",
  "cod_partido": "3733.1862",
  "codigo": "3733.1862.1862.1999",
  "dni": "33249987",
  "id_candidatura": "3733.1862.1862.1999",
  "id_umv": 462,
  "imagenes": [
   "3733.1862.1862.1999",
   "default_mujer",
   "default",
   "default_mujer",
   "default",
   "default_mujer",
   "default"
  ],
  "nombre": "OROSCO, PABLO MAURICIO",
  "nro_orden": 1,
  "orden_absoluto": [
   11,
   63,
   14,
   5,
   1
  ],
  "secundarios": [
   "GERON, CRISTINA RAQUEL",
   "AGUILAR, DIEGO LUIS",
   "ARAMAYO, NATALIA FELISA",
   "BARBOZA, EDGAR ALFREDO",
   "CASTRO BONZANO, GUADALUPE",
   "FLORES, NICOLAS DANIEL"
  ],
  "sexo": "M",
  "suplentes": [
   "MU\u00d1OZ AGUILERA, BLANCA",
   "CRUZ, JOSE VICENTE",
   "RIOS, LUCIANA DANIELA",
   "ESTOPI\u00d1AN, JUAN RAMON",
   "COPA, EMILCE CECILIA",
   "ARUQUIPA, AARON SANTIAGO",
   "OROSCO, MARCELA FERNANDA"
  ]
 },
 {
  "asistida": "SU\u00c1REZ N\u00c9STOR PATRICIO",
  "cargo_ejecutivo": false,
  "clase": "Candidato",
  "cod_alianza": "3733",
  "cod_categoria": "CNJ",
  "cod_lista": "3733.1869.1869",
  "cod_partido": "3733.1869",
  "codigo": "3733.1869.1869.2416",
  "dni": "37303240",
  "id_candidatura": "3733.1869.1869.2416",
  "id_umv": 491,
  "imagenes": [
   "3733.1869.1869.2416",
   "default_mujer",
   "default",
   "default_mujer",
   "default",
   "default_mujer",
   "default"
  ],
  "nombre": "SUAREZ, NESTOR PATRICIO",
  "nro_orden": 1,
  "orden_absoluto": [
   11,
   67,
   15,
   5,
   1
  ],
  "secundarios": [
   "TOLABA, NORA VALERIA",
   "SANCHEZ, IVAN JOSE MIGUEL",
   "ACU\u00d1A, ESTELA DEL CARMEN",
   "PADILLA, HECTOR WALDEMAR",
   "TOLABA, SILVIA NOEMI",
   "VILTE, RAMON DARIO"
  ],
  "sexo": "M",
  "suplentes": [
   "CABRERA, MARIA JOSE",
   "MARTINEZ MUSEDA, ARMANDO",
   "FLORES, QUIMEY MALEN",
   "PADILLA, ABEL",
   "LOPEZ AGUIRRE, LUCIANA DE",
   "GERON, ADRIAN ALEJANDRO"
  ]
 },
 {
  "asistida": "T\u00c1RRAGA PATRICIA DEL VALLE",
  "cargo_ejecutivo": false,
  "clase": "Candidato",
  "cod_alianza": "3733",
  "cod_categoria": "CNJ",
  "cod_lista": "3733.2627.2627",
  "cod_partido": "3733.2627",
  "codigo": "3733.2627.2627.4804",
  "dni": "26696765",
  "id_candidatura": "3733.2627.2627.4804",
  "id_umv": 532,
  "imagenes": [
   "3733.2627.2627.4804",
   "default",
   "default_mujer",
   "default",
   "default_mujer",
   "default",
   "default_mujer"
  ],
  "nombre": "TARRAGA, PATRICIA DEL VALLE",
  "nro_orden": 1,
  "orden_absoluto": [
   11,
   72,
   20,
   5,
   1
  ],
  "secundarios": [
   "PEREZ, GASTON NAHUEL",
   "MAMANI, ARACELI ROCIO GISEL",
   "PEREZ, ALEXIS ADRIAN",
   "TEJERINA, VIVIANA MERCEDES",
   "ROJAS, JOSE GABRIEL",
   "MONTA\u00d1ES, MARIA CANDELARIA"
  ],
  "sexo": "F",
  "suplentes": [
   "GUEVARA, EMILIO RAFAEL",
   "ZERPA, CINTIA MARISEL",
   "LOPEZ, WALTER JOSE",
   "GERONIMO, NORMA ELIZABET",
   "GUTIERREZ, JULIO ROBERTO",
   "ALEJO, ESTER ELIZABET",
   "MONZON, ROBERTO ANASTACIO"
  ]
 },
 {
  "asistida": "YONAR LINO FERNANDO",
  "cargo_ejecutivo": true,
  "clase": "Candidato",
  "cod_alianza": "3733",
  "cod_categoria": "INT",
  "cod_lista": "3733.3744.3744",
  "cod_partido": "3733.3744",
  "codigo": "3733.3744.3744.8440",
  "dni": "33141105",
  "id_candidatura": "3733.3744.3744.8440",
  "id_umv": 1517,
  "imagenes": [
   "3733.3744.3744.8440"
  ],
  "nombre": "YONAR, LINO FERNANDO",
  "nro_orden": 1,
  "orden_absoluto": [
   11,
   24,
   71,
   4,
   1
  ],
  "secundarios": [

  ],
  "sexo": "M",
  "suplentes": [

  ]
 },
 {
  "asistida": "ALVARADO MARCOS",
  "cargo_ejecutivo": false,
  "clase": "Candidato",
  "cod_alianza": "3733",
  "cod_categoria": "CNJ",
  "cod_lista": "3733.38.38",
  "cod_partido": "3733.38",
  "codigo": "3733.38.38.9949",
  "dni": "23719607",
  "id_candidatura": "3733.38.38.9949",
  "id_umv": 572,
  "imagenes": [
   "3733.38.38.9949",
   "default_mujer",
   "default",
   "default_mujer",
   "default",
   "default_mujer",
   "default"
  ],
  "nombre": "ALVARADO, MARCOS",
  "nro_orden": 1,
  "orden_absoluto": [
   11,
   65,
   5,
   5,
   1
  ],
  "secundarios": [
   "RIVERO, GABRIELA NOELIA",
   "VELASQUEZ, JUSTO",
   "TOLABA, ANDREA MICAELA",
   "ALVARADO, RODOLFO AGUSTIN",
   "ALANCAY, YANINA MARISOL",
   "LENIS, BITALIO"
  ],
  "sexo": "M",
  "suplentes": [
   "RAMOS, NICOLAZA TOLENTINA",
   "ALVARADO, EVARISTO",
   "ALVARADO, CANDIDA SOLEDAD",
   "LERA, MARIO ALBERTO"
  ]
 },
 {
  "asistida": "ROS\u00c9TO MAIRA ESTEFAN\u00cdA",
  "cargo_ejecutivo": false,
  "clase": "Candidato",
  "cod_alianza": "3735",
  "cod_categoria": "CNJ",
  "cod_lista": "3735.15.15",
  "cod_partido": "3735.15",
  "codigo": "3735.15.15.1123",
  "dni": "36619834",
  "id_candidatura": "3735.15.15.1123",
  "id_umv": 589,
  "imagenes": [
   "3735.15.15.1123",
   "default",
   "default_mujer",
   "default",
   "default_mujer",
   "default",
   "default_mujer"
  ],
  "nombre": "ROSSETO, MAIRA ESTEFANIA",
  "nro_orden": 1,
  "orden_absoluto": [
   12,
   59,
   1,
   5,
   1
  ],
  "secundarios": [
   "REINAGA, OSCAR ALEJANDRO",
   "MOLINA CA\u00d1IZARES, VERONICA",
   "CALDERON GAONA, CARMELO EMMANUEL",
   "REYES, GRACIELA CELEDONIA",
   "RUANO, NICOLAS MARCELO",
   "QUIROGA, FLORENCIA CECILIA"
  ],
  "sexo": "F",
  "suplentes": [
   "VAZQUEZ, ARNALDO FRANCO EMANUEL",
   "CLEMENTE, BELEN ALEJANDRA",
   "FARFAN, JUAN GABRIEL",
   "FLORES, LEILA MARIA BELEN",
   "BONIFACIO, ALBERTO SEBASTIAN",
   "SANCHEZ, ELIZABETH CAROLINA"
  ]
 },
 {
  "asistida": "MONTERO PABLO NICOL\u00c1S",
  "cargo_ejecutivo": false,
  "clase": "Candidato",
  "cod_alianza": "3735",
  "cod_categoria": "CNJ",
  "cod_lista": "3735.1873.1873",
  "cod_partido": "3735.1873",
  "codigo": "3735.1873.1873.2928",
  "dni": "31338655",
  "id_candidatura": "3735.1873.1873.2928",
  "id_umv": 635,
  "imagenes": [
   "3735.1873.1873.2928",
   "default_mujer",
   "default",
   "default_mujer",
   "default",
   "default_mujer",
   "default"
  ],
  "nombre": "MONTERO, \u201cNICO\u201d PABLO NICOLAS",
  "nro_orden": 1,
  "orden_absoluto": [
   12,
   56,
   80,
   5,
   1
  ],
  "secundarios": [
   "LUNA, VERONICA ALEJANDRA",
   "LAZARTE, WALTER ALFREDO",
   "MAMANI, MARIA DEL MILAGRO",
   "QUISPE, SEBASTIAN RODRIGO",
   "ALANJAY, AMALIA EMILIA",
   "SIQUILA, EDUARDO JESUS"
  ],
  "sexo": "M",
  "suplentes": [
   "RAMOS, LORENA ESTEFANIA",
   "PUCA, ALBERTO FERNANDO",
   "MORALES, MARIA VICTORIA",
   "LOPEZ, MARCELO GABRIEL",
   "FABIAN, MARIA CARLA ROCIO",
   "VIVAS, WALTER FERNANDO"
  ]
 },
 {
  "asistida": "GUAIM\u00c1S ADRIAN ALBERTO",
  "cargo_ejecutivo": false,
  "clase": "Candidato",
  "cod_alianza": "3735",
  "cod_categoria": "CNJ",
  "cod_lista": "3735.208.208",
  "cod_partido": "3735.208",
  "codigo": "3735.208.208.3343",
  "dni": "24453636",
  "id_candidatura": "3735.208.208.3343",
  "id_umv": 665,
  "imagenes": [
   "3735.208.208.3343",
   "default_mujer",
   "default",
   "default_mujer",
   "default",
   "default_mujer",
   "default"
  ],
  "nombre": "GUAIMAS, \u201cPIR\u201d ADRIAN ALBERTO",
  "nro_orden": 1,
  "orden_absoluto": [
   12,
   41,
   7,
   5,
   1
  ],
  "secundarios": [
   "ESTOPI\u00d1AN, ARACELLI LUCRECIA",
   "FARFAN, EDMUNDO DEMETRIO",
   "ALVARADO, MARTA OFELIA",
   "DIAZ, CLAUDIO EZEQUIEL",
   "GUTIERREZ, AGUSTINA",
   "GARCIA, HORACIO HUMBERTO"
  ],
  "sexo": "M",
  "suplentes": [
   "CRUZ VALENZUELA, CAMILA AGUSTINA",
   "NOVAS, RAFAEL",
   "CRUZ, EDITH MARIA ALESSANDRA"
  ]
 },
 {
  "asistida": "Cr\u00faz CARLOS ANTONIO",
  "cargo_ejecutivo": false,
  "clase": "Candidato",
  "cod_alianza": "3735",
  "cod_categoria": "CNJ",
  "cod_lista": "3735.32.32",
  "cod_partido": "3735.32",
  "codigo": "3735.32.32.5253",
  "dni": "21896137",
  "id_candidatura": "3735.32.32.5253",
  "id_umv": 700,
  "imagenes": [
   "3735.32.32.5253",
   "default_mujer",
   "default",
   "default_mujer",
   "default",
   "default_mujer",
   "default"
  ],
  "nombre": "CRUZ, \u201cLUPI\u201d CARLOS ANTONIO",
  "nro_orden": 1,
  "orden_absoluto": [
   12,
   46,
   63,
   5,
   1
  ],
  "secundarios": [
   "VIVEROS, CLARA VIRGINIA",
   "LLULL, LUIS FERNANDO",
   "MEDINA, CARMEN MARIA",
   "ZARATE, ALFREDO HUMBERTO",
   "LLAMPA, YAMILA BELEN",
   "CARI, ANTONIO ISMAEL"
  ],
  "sexo": "M",
  "suplentes": [
   "TEYSSIER, DELIA LIZ",
   "DELGADO, VICENTE FABIAN",
   "CRUZ, ELIANA CLAUDIA MARISOL",
   "GARNICA, JOSE MARIA",
   "PACHECO, NANCY BEATRIZ",
   "GERON, MATIAS LEONEL",
   "MAMANI DELGADO, CLARA SILVINA"
  ]
 },
 {
  "asistida": "MAMAN\u00cd FERNANDO DANIEL",
  "cargo_ejecutivo": false,
  "clase": "Candidato",
  "cod_alianza": "3735",
  "cod_categoria": "CNJ",
  "cod_lista": "3735.3650.3650",
  "cod_partido": "3735.3650",
  "codigo": "3735.3650.3650.6019",
  "dni": "29676492",
  "id_candidatura": "3735.3650.3650.6019",
  "id_umv": 737,
  "imagenes": [
   "3735.3650.3650.6019",
   "default_mujer",
   "default",
   "default_mujer",
   "default",
   "default_mujer",
   "default"
  ],
  "nombre": "MAMANI, FERNANDO DANIEL",
  "nro_orden": 1,
  "orden_absoluto": [
   12,
   66,
   23,
   5,
   1
  ],
  "secundarios": [
   "CHOCOBAR, MARIA JOSE",
   "APARICIO, CARLOS HUMBERTO",
   "GARCIA, CAROLINA VERONICA",
   "SORIA, RAFAEL ALBERTO",
   "GUARI, EULALIA YOLANDA",
   "LOPEZ, DIONISIO"
  ],
  "sexo": "M",
  "suplentes": [
   "SANCHEZ, LUNA ANTONELLA",
   "ZAMBRANO, SERGIO EUSTAQUIO",
   "MENA, YANINA DEL ROSARIO",
   "APARICIO, ENZO ARIEL",
   "GUARI, EUGENIA DEL VALLE",
   "BURGOS, HECTOR RAMON"
  ]
 },
 {
  "asistida": "Foloni CARLOS H\u00c9CTOR",
  "cargo_ejecutivo": true,
  "clase": "Candidato",
  "cod_alianza": "3735",
  "cod_categoria": "INT",
  "cod_lista": "3735.3745.3745",
  "cod_partido": "3735.3745",
  "codigo": "3735.3745.3745.8602",
  "dni": "28259750",
  "id_candidatura": "3735.3745.3745.8602",
  "id_umv": 1564,
  "imagenes": [
   "3735.3745.3745.8602"
  ],
  "nombre": "FOLLONI, CARLOS",
  "nro_orden": 1,
  "orden_absoluto": [
   12,
   25,
   70,
   4,
   1
  ],
  "secundarios": [

  ],
  "sexo": "M",
  "suplentes": [

  ]
 },
 {
  "asistida": "CRUZ H\u00c9CTOR MAURICIO",
  "cargo_ejecutivo": false,
  "clase": "Candidato",
  "cod_alianza": "3735",
  "cod_categoria": "CNJ",
  "cod_lista": "3735.4.4",
  "cod_partido": "3735.4",
  "codigo": "3735.4.4.10539",
  "dni": "26131859",
  "id_candidatura": "3735.4.4.10539",
  "id_umv": 793,
  "imagenes": [
   "3735.4.4.10539",
   "default_mujer",
   "default",
   "default_mujer",
   "default",
   "default_mujer",
   "default"
  ],
  "nombre": "CRUZ, \u2019PIO EL CARTERO\u2019",
  "nro_orden": 1,
  "orden_absoluto": [
   12,
   58,
   6,
   5,
   1
  ],
  "secundarios": [
   "VILTE, BEATRIZ DEL VALLE",
   "QUIROGA LOPEZ CROSS, HORACIO",
   "BEAS, MARIA CIELO",
   "SOTO, GONZALO JOSE",
   "SUAREZ, LILIANA",
   "DIAZ, MIGUEL ANGEL"
  ],
  "sexo": "M",
  "suplentes": [
   "MARTINEZ, CARINA BEATRIZ",
   "CRUZ, VICTOR ENRIQUE",
   "SANCHEZ, KARINA ROSANA",
   "SOTO, ANTONIO GASTON",
   "ALEJO, SONIA LAURA",
   "CRUZ, JUAN CARLOS DARIO",
   "BAUTISTA, SABINA NIEVE"
  ]
 },
 {
  "asistida": "MOLINA ROCIO F\u00c1TIMA",
  "cargo_ejecutivo": false,
  "clase": "Candidato",
  "cod_alianza": "3735",
  "cod_categoria": "CNJ",
  "cod_lista": "3735.460.460",
  "cod_partido": "3735.460",
  "codigo": "3735.460.460.11474",
  "dni": "33674533",
  "id_candidatura": "3735.460.460.11474",
  "id_umv": 835,
  "imagenes": [
   "3735.460.460.11474",
   "default",
   "default_mujer",
   "default",
   "default_mujer",
   "default",
   "default_mujer"
  ],
  "nombre": "MOLINA, ROCIO FATIMA",
  "nro_orden": 1,
  "orden_absoluto": [
   12,
   23,
   10,
   5,
   1
  ],
  "secundarios": [
   "GERONIMO FLORES, AXEL BENJAMIN",
   "VILLANUEVA, MARIA LAURA",
   "ABADIA VELARDE, LUCIANO NICOLAS",
   "GUTIERREZ, ALEJANDRA ANALIA CAR",
   "ALANCAY, ROMAN",
   "BARBOZA, ARACELI AGOSTINA"
  ],
  "sexo": "F",
  "suplentes": [
   "QUIROGA, ROSENDO MANUEL",
   "BORJAS, MARINA SOLEDAD",
   "CARI, MARIO ALBERTO",
   "CRUZ, FELISA MARTA",
   "CARDOZO, RAFAEL EDUARDO",
   "ESTOPI\u00d1AN, JESICA MELISA",
   "QUIPILDOR, LUIS ALBERTO"
  ]
 },
 {
  "asistida": "Voto en BLANCO",
  "cargo_ejecutivo": false,
  "clase": "Blanco",
  "cod_categoria": "CNJ",
  "cod_lista": "",
  "codigo": "BLC",
  "id_candidatura": "BLC",
  "id_umv": 878,
  "imagenes": [
   "BLC"
  ],
  "nombre": "Voto en BLANCO",
  "nro_orden": 5,
  "orden_absoluto": [
   994,
   5
  ],
  "secundarios": [

  ],
  "sexo": null,
  "suplentes": [

  ]
 },
 {
  "asistida": "Voto en BLANCO",
  "cargo_ejecutivo": true,
  "clase": "Blanco",
  "cod_categoria": "INT",
  "cod_lista": "",
  "codigo": "BLC",
  "id_candidatura": "BLC",
  "id_umv": 1652,
  "imagenes": [
   "BLC"
  ],
  "nombre": "Voto en BLANCO",
  "nro_orden": 4,
  "orden_absoluto": [
   994,
   4
  ],
  "secundarios": [

  ],
  "sexo": null,
  "suplentes": [

  ]
 },
 {
  "asistida": "Votos IMPUGNADOS",
  "cargo_ejecutivo": false,
  "clase": "Especial",
  "cod_categoria": "CNJ",
  "cod_lista": "",
  "codigo": "IMP",
  "id_candidatura": "IMP",
  "id_umv": 938,
  "nombre": "Votos IMPUGNADOS",
  "nro_orden": 5,
  "orden_absoluto": [
   995,
   5
  ],
  "secundarios": [

  ],
  "sexo": null,
  "suplentes": [

  ]
 },
 {
  "asistida": "Votos IMPUGNADOS",
  "cargo_ejecutivo": true,
  "clase": "Especial",
  "cod_categoria": "INT",
  "cod_lista": "",
  "codigo": "IMP",
  "id_candidatura": "IMP",
  "id_umv": 1712,
  "nombre": "Votos IMPUGNADOS",
  "nro_orden": 4,
  "orden_absoluto": [
   995,
   4
  ],
  "secundarios": [

  ],
  "sexo": null,
  "suplentes": [

  ]
 },
 {
  "asistida": "Votos OBSERVADOS",
  "cargo_ejecutivo": false,
  "clase": "Especial",
  "cod_categoria": "CNJ",
  "cod_lista": "",
  "codigo": "OBS",
  "id_candidatura": "OBS",
  "id_umv": 998,
  "nombre": "Votos OBSERVADOS",
  "nro_orden": 5,
  "orden_absoluto": [
   996,
   5
  ],
  "secundarios": [

  ],
  "sexo": null,
  "suplentes": [

  ]
 },
 {
  "asistida": "Votos OBSERVADOS",
  "cargo_ejecutivo": true,
  "clase": "Especial",
  "cod_categoria": "INT",
  "cod_lista": "",
  "codigo": "OBS",
  "id_candidatura": "OBS",
  "id_umv": 1772,
  "nombre": "Votos OBSERVADOS",
  "nro_orden": 4,
  "orden_absoluto": [
   996,
   4
  ],
  "secundarios": [

  ],
  "sexo": null,
  "suplentes": [

  ]
 }
]