[
 {
  "GOB": 1197,
  "agrupacion_municipal": false,
  "codigo": "1863.1863.1863",
  "lista_completa": true
 },
 {
  "DIP": 1032,
  "GOB": 1198,
  "agrupacion_municipal": false,
  "codigo": "22.22.22",
  "lista_completa": true
 },
 {
  "GOB": 1199,
  "agrupacion_municipal": false,
  "codigo": "3625.3625.3625",
  "lista_completa": true
 },
 {
  "CNJ": 43,
  "DIP": 1048,
  "GOB": 1200,
  "INT": 1281,
  "agrupacion_municipal": false,
  "codigo": "3717.13.13",
  "lista_completa": true
 },
 {
  "CNJ": 66,
  "DIP": 1048,
  "GOB": 1200,
  "INT": 1281,
  "agrupacion_municipal": false,
  "codigo": "3717.2543.2543",
  "lista_completa": true
 },
 {
  "CNJ": 86,
  "DIP": 1048,
  "GOB": 1200,
  "INT": 1281,
  "agrupacion_municipal": false,
  "codigo": "3717.2626.2626",
  "lista_completa": true
 },
 {
  "CNJ": 123,
  "DIP": 1048,
  "GOB": 1200,
  "INT": 1281,
  "agrupacion_municipal": false,
  "codigo": "3717.3739.3739",
  "lista_completa": true
 },
 {
  "CNJ": 143,
  "DIP": 1048,
  "GOB": 1200,
  "INT": 1281,
  "agrupacion_municipal": false,
  "codigo": "3717.443.443",
  "lista_completa": true
 },
 {
  "CNJ": 171,
  "DIP": 1060,
  "GOB": 1201,
  "INT": 1326,
  "agrupacion_municipal": false,
  "codigo": "3723.12.12",
  "lista_completa": true
 },
 {
  "CNJ": 175,
  "DIP": 1060,
  "GOB": 1201,
  "INT": 1326,
  "agrupacion_municipal": false,
  "codigo": "3723.1796.1796",
  "lista_completa": true
 },
 {
  "CNJ": 187,
  "DIP": 1060,
  "GOB": 1201,
  "INT": 1326,
  "agrupacion_municipal": false,
  "codigo": "3723.3649.3649",
  "lista_completa": true
 },
 {
  "CNJ": 223,
  "DIP": 1060,
  "GOB": 1201,
  "INT": 1326,
  "agrupacion_municipal": false,
  "codigo": "3723.3741.3741",
  "lista_completa": true
 },
 {
  "CNJ": 232,
  "DIP": 1069,
  "GOB": 1202,
  "INT": 1333,
  "agrupacion_municipal": false,
  "codigo": "3728.17.17",
  "lista_completa": true
 },
 {
  "DIP": 1069,
  "GOB": 1202,
  "agrupacion_municipal": false,
  "codigo": "3728.3742.3742",
  "lista_completa": false
 },
 {
  "CNJ": 291,
  "DIP": 1077,
  "GOB": 1203,
  "INT": 1381,
  "agrupacion_municipal": false,
  "codigo": "3729.3747.3747",
  "lista_completa": true
 },
 {
  "DIP": 1088,
  "GOB": 1204,
  "INT": 1415,
  "agrupacion_municipal": false,
  "codigo": "3730.3746.3746",
  "lista_completa": false
 },
 {
  "CNJ": 332,
  "DIP": 1093,
  "GOB": 1204,
  "INT": 1420,
  "agrupacion_municipal": false,
  "codigo": "3730.446.446",
  "lista_completa": true
 },
 {
  "CNJ": 344,
  "DIP": 1088,
  "GOB": 1204,
  "INT": 1415,
  "agrupacion_municipal": false,
  "codigo": "3730.461.461",
  "lista_completa": true
 },
 {
  "CNJ": 352,
  "DIP": 1088,
  "GOB": 1204,
  "INT": 1415,
  "agrupacion_municipal": false,
  "codigo": "3730.5.5",
  "lista_completa": true
 },
 {
  "CNJ": 378,
  "DIP": 1098,
  "GOB": 1205,
  "INT": 1443,
  "agrupacion_municipal": false,
  "codigo": "3731.3743.3743",
  "lista_completa": true
 },
 {
  "DIP": 1104,
  "GOB": 1206,
  "agrupacion_municipal": false,
  "codigo": "3732.3740.3740",
  "lista_completa": true
 },
 {
  "CNJ": 462,
  "DIP": 1121,
  "GOB": 1207,
  "INT": 1517,
  "agrupacion_municipal": false,
  "codigo": "3733.1862.1862",
  "lista_completa": true
 },
 {
  "CNJ": 491,
  "DIP": 1121,
  "GOB": 1207,
  "INT": 1517,
  "agrupacion_municipal": false,
  "codigo": "3733.1869.1869",
  "lista_completa": true
 },
 {
  "CNJ": 532,
  "DIP": 1121,
  "GOB": 1207,
  "INT": 1517,
  "agrupacion_municipal": false,
  "codigo": "3733.2627.2627",
  "lista_completa": true
 },
 {
  "DIP": 1121,
  "GOB": 1207,
  "INT": 1517,
  "agrupacion_municipal": false,
  "codigo": "3733.3744.3744",
  "lista_completa": false
 },
 {
  "CNJ": 572,
  "DIP": 1121,
  "GOB": 1207,
  "INT": 1517,
  "agrupacion_municipal": false,
  "codigo": "3733.38.38",
  "lista_completa": true
 },
 {
  "GOB": 1207,
  "agrupacion_municipal": false,
  "codigo": "3734.3737.3737",
  "lista_completa": true
 },
 {
  "CNJ": 589,
  "DIP": 1135,
  "GOB": 1207,
  "INT": 1564,
  "agrupacion_municipal": false,
  "codigo": "3735.15.15",
  "lista_completa": true
 },
 {
  "CNJ": 635,
  "DIP": 1135,
  "GOB": 1207,
  "INT": 1564,
  "agrupacion_municipal": false,
  "codigo": "3735.1873.1873",
  "lista_completa": true
 },
 {
  "CNJ": 665,
  "DIP": 1135,
  "GOB": 1207,
  "INT": 1564,
  "agrupacion_municipal": false,
  "codigo": "3735.208.208",
  "lista_completa": true
 },
 {
  "CNJ": 700,
  "DIP": 1135,
  "GOB": 1207,
  "INT": 1564,
  "agrupacion_municipal": false,
  "codigo": "3735.32.32",
  "lista_completa": true
 },
 {
  "CNJ": 737,
  "DIP": 1135,
  "GOB": 1207,
  "INT": 1564,
  "agrupacion_municipal": false,
  "codigo": "3735.3650.3650",
  "lista_completa": true
 },
 {
  "DIP": 1135,
  "GOB": 1207,
  "INT": 1564,
  "agrupacion_municipal": false,
  "codigo": "3735.3745.3745",
  "lista_completa": false
 },
 {
  "CNJ": 793,
  "DIP": 1135,
  "GOB": 1207,
  "INT": 1564,
  "agrupacion_municipal": false,
  "codigo": "3735.4.4",
  "lista_completa": true
 },
 {
  "CNJ": 835,
  "DIP": 1135,
  "GOB": 1207,
  "INT": 1564,
  "agrupacion_municipal": false,
  "codigo": "3735.460.460",
  "lista_completa": true
 },
 {
  "GOB": 1208,
  "agrupacion_municipal": false,
  "codigo": "685.685.685",
  "lista_completa": true
 },
 {
  "CNJ": 878,
  "DIP": 1161,
  "GOB": 1209,
  "INT": 1652,
  "agrupacion_municipal": false,
  "codigo": "BLC",
  "lista_completa": true
 }
]