[
 {
  "asistida": "RAMIREZ GU\u00c1LTER BENICIO",
  "cargo_ejecutivo": true,
  "clase": "Candidato",
  "cod_alianza": "3723",
  "cod_categoria": "INT",
  "cod_lista": "3723.3741.3741",
  "cod_partido": "3723.3741",
  "codigo": "3723.3741.3741.7242",
  "dni": "12731956",
  "id_candidatura": "3723.3741.3741.7242",
  "id_umv": 1307,
  "imagenes": [
   "3723.3741.3741.7242"
  ],
  "nombre": "RAMIREZ, WALTER BENICIO",
  "nro_orden": 1,
  "orden_absoluto": [
   5,
   14,
   65,
   4,
   1
  ],
  "secundarios": [

  ],
  "sexo": "M",
  "suplentes": [

  ]
 },
 {
  "asistida": "ESPINOZA NANCY TATIANA",
  "cargo_ejecutivo": false,
  "clase": "Candidato",
  "cod_alianza": "3723",
  "cod_categoria": "CNJ",
  "cod_lista": "3723.3741.3741",
  "cod_partido": "3723.3741",
  "codigo": "3723.3741.3741.7485",
  "dni": "32442892",
  "id_candidatura": "3723.3741.3741.7485",
  "id_umv": 204,
  "imagenes": [
   "default_mujer",
   "default",
   "default_mujer"
  ],
  "nombre": "ESPINOZA, NANCY TATIANA",
  "nro_orden": 1,
  "orden_absoluto": [
   5,
   14,
   65,
   5,
   1
  ],
  "secundarios": [
   "VEGA, ALEJANDRO SEBASTIAN",
   "ACOSTA, GENOVEVA"
  ],
  "sexo": "F",
  "suplentes": [

  ]
 },
 {
  "asistida": "ACOSTA LILIA ERLINDA",
  "cargo_ejecutivo": true,
  "clase": "Candidato",
  "cod_alianza": "3729",
  "cod_categoria": "INT",
  "cod_lista": "3729.3747.3747",
  "cod_partido": "3729.3747",
  "codigo": "3729.3747.3747.9125",
  "dni": "39539925",
  "id_candidatura": "3729.3747.3747.9125",
  "id_umv": 1373,
  "imagenes": [
   "3729.3747.3747.9125"
  ],
  "nombre": "ACOSTA, LILIA ERLINDA",
  "nro_orden": 1,
  "orden_absoluto": [
   24,
   68,
   67,
   4,
   1
  ],
  "secundarios": [

  ],
  "sexo": "F",
  "suplentes": [

  ]
 },
 {
  "asistida": "ACOSTA GILDA MAGAL\u00cd",
  "cargo_ejecutivo": false,
  "clase": "Candidato",
  "cod_alianza": "3729",
  "cod_categoria": "CNJ",
  "cod_lista": "3729.3747.3747",
  "cod_partido": "3729.3747",
  "codigo": "3729.3747.3747.9355",
  "dni": "42897355",
  "id_candidatura": "3729.3747.3747.9355",
  "id_umv": 283,
  "imagenes": [
   "3729.3747.3747.9355",
   "default",
   "default_mujer"
  ],
  "nombre": "ACOSTA, GILDA MAGALI",
  "nro_orden": 1,
  "orden_absoluto": [
   24,
   68,
   67,
   5,
   1
  ],
  "secundarios": [
   "GARECA, ADO GLODOVEO",
   "ACOSTA, VILMA ELVIRA"
  ],
  "sexo": "F",
  "suplentes": [

  ]
 },
 {
  "asistida": "RAMIREZ JOS\u00c9 LUIS",
  "cargo_ejecutivo": true,
  "clase": "Candidato",
  "cod_alianza": "3733",
  "cod_categoria": "INT",
  "cod_lista": "3733.3744.3744",
  "cod_partido": "3733.3744",
  "codigo": "3733.3744.3744.8421",
  "dni": "20508083",
  "id_candidatura": "3733.3744.3744.8421",
  "id_umv": 1498,
  "imagenes": [
   "3733.3744.3744.8421"
  ],
  "nombre": "RAMIREZ, JOSE LUIS",
  "nro_orden": 1,
  "orden_absoluto": [
   11,
   24,
   71,
   4,
   1
  ],
  "secundarios": [

  ],
  "sexo": "M",
  "suplentes": [

  ]
 },
 {
  "asistida": "VACA ANDR\u00c9S ADRIAN",
  "cargo_ejecutivo": false,
  "clase": "Candidato",
  "cod_alianza": "3733",
  "cod_categoria": "CNJ",
  "cod_lista": "3733.3744.3744",
  "cod_partido": "3733.3744",
  "codigo": "3733.3744.3744.8490",
  "dni": "42897385",
  "id_candidatura": "3733.3744.3744.8490",
  "id_umv": 548,
  "imagenes": [
   "3733.3744.3744.8490",
   "default_mujer",
   "default"
  ],
  "nombre": "VACA, ANDRES ADRIAN",
  "nro_orden": 1,
  "orden_absoluto": [
   11,
   24,
   71,
   5,
   1
  ],
  "secundarios": [
   "GARECA, FABIOLA LORENA",
   "GARECA, MACIEL"
  ],
  "sexo": "M",
  "suplentes": [
   "SANCHEZ, ROSALIA",
   "QUIROGA, ATILIO",
   "LOPEZ, GIANELLA MILBA YADIRA"
  ]
 },
 {
  "asistida": "GARECA MAIDA MERCEDES",
  "cargo_ejecutivo": false,
  "clase": "Candidato",
  "cod_alianza": "3735",
  "cod_categoria": "CNJ",
  "cod_lista": "3735.15.15",
  "cod_partido": "3735.15",
  "codigo": "3735.15.15.1013",
  "dni": "35929562",
  "id_candidatura": "3735.15.15.1013",
  "id_umv": 578,
  "imagenes": [
   "3735.15.15.1013",
   "default",
   "default_mujer"
  ],
  "nombre": "GARECA, MAIDA MERCEDES",
  "nro_orden": 1,
  "orden_absoluto": [
   12,
   59,
   1,
   5,
   1
  ],
  "secundarios": [
   "ESPINOZA, JOSE PEDRO",
   "CRUZ, DANIELA JORGELINA"
  ],
  "sexo": "F",
  "suplentes": [
   "KNEZ, JULIO AMERICO",
   "FLORES, MARITA EDITH",
   "VACA, PEPE"
  ]
 },
 {
  "asistida": "QUIROGA ROBERTO CARLOS",
  "cargo_ejecutivo": true,
  "clase": "Candidato",
  "cod_alianza": "3735",
  "cod_categoria": "INT",
  "cod_lista": "3735.208.208",
  "cod_partido": "3735.208",
  "codigo": "3735.208.208.3001",
  "dni": "25341954",
  "id_candidatura": "3735.208.208.3001",
  "id_umv": 1537,
  "imagenes": [
   "3735.208.208.3001"
  ],
  "nombre": "QUIROGA, ROBERTO CARLOS",
  "nro_orden": 1,
  "orden_absoluto": [
   12,
   41,
   7,
   4,
   1
  ],
  "secundarios": [

  ],
  "sexo": "M",
  "suplentes": [

  ]
 },
 {
  "asistida": "RU\u00cdZ M\u00cdRIAN CRISTINA",
  "cargo_ejecutivo": false,
  "clase": "Candidato",
  "cod_alianza": "3735",
  "cod_categoria": "CNJ",
  "cod_lista": "3735.208.208",
  "cod_partido": "3735.208",
  "codigo": "3735.208.208.3197",
  "dni": "24744919",
  "id_candidatura": "3735.208.208.3197",
  "id_umv": 652,
  "imagenes": [
   "3735.208.208.3197",
   "default",
   "default_mujer"
  ],
  "nombre": "RUIZ, MIRIAN CRISTINA",
  "nro_orden": 1,
  "orden_absoluto": [
   12,
   41,
   7,
   5,
   1
  ],
  "secundarios": [
   "YDIARTE, ELEUDORO",
   "GARECA, ALEJANDRA"
  ],
  "sexo": "F",
  "suplentes": [
   "RAMIREZ, VEIMAR OSCAR",
   "LAIME, SIXTA",
   "RAMIREZ, JULIAN"
  ]
 },
 {
  "asistida": "MEND\u00d3ZA VIRGILIO ZOILO",
  "cargo_ejecutivo": true,
  "clase": "Candidato",
  "cod_alianza": "3735",
  "cod_categoria": "INT",
  "cod_lista": "3735.4.4",
  "cod_partido": "3735.4",
  "codigo": "3735.4.4.10043",
  "dni": "22122431",
  "id_candidatura": "3735.4.4.10043",
  "id_umv": 1585,
  "imagenes": [
   "3735.4.4.10043"
  ],
  "nombre": "MENDOZA, VIRGILIO ZOILO",
  "nro_orden": 1,
  "orden_absoluto": [
   12,
   58,
   6,
   4,
   1
  ],
  "secundarios": [

  ],
  "sexo": "M",
  "suplentes": [

  ]
 },
 {
  "asistida": "VARGAS GL\u00d3RIA",
  "cargo_ejecutivo": false,
  "clase": "Candidato",
  "cod_alianza": "3735",
  "cod_categoria": "CNJ",
  "cod_lista": "3735.4.4",
  "cod_partido": "3735.4",
  "codigo": "3735.4.4.10345",
  "dni": "31998763",
  "id_candidatura": "3735.4.4.10345",
  "id_umv": 771,
  "imagenes": [
   "3735.4.4.10345",
   "default",
   "default_mujer"
  ],
  "nombre": "VARGAS, GLORIA",
  "nro_orden": 1,
  "orden_absoluto": [
   12,
   58,
   6,
   5,
   1
  ],
  "secundarios": [
   "BURGOS, HIPOLITO BENJAMIN",
   "VACA, EBE DEL VALLE"
  ],
  "sexo": "F",
  "suplentes": [
   "CA\u00d1IZARES, ELOY MARTIN",
   "FUERTES, ROSAURA",
   "BURGOS, LUCIANO"
  ]
 },
 {
  "asistida": "Voto en BLANCO",
  "cargo_ejecutivo": false,
  "clase": "Blanco",
  "cod_categoria": "CNJ",
  "cod_lista": "",
  "codigo": "BLC",
  "id_candidatura": "BLC",
  "id_umv": 853,
  "imagenes": [
   "BLC"
  ],
  "nombre": "Voto en BLANCO",
  "nro_orden": 5,
  "orden_absoluto": [
   994,
   5
  ],
  "secundarios": [

  ],
  "sexo": null,
  "suplentes": [

  ]
 },
 {
  "asistida": "Voto en BLANCO",
  "cargo_ejecutivo": true,
  "clase": "Blanco",
  "cod_categoria": "INT",
  "cod_lista": "",
  "codigo": "BLC",
  "id_candidatura": "BLC",
  "id_umv": 1627,
  "imagenes": [
   "BLC"
  ],
  "nombre": "Voto en BLANCO",
  "nro_orden": 4,
  "orden_absoluto": [
   994,
   4
  ],
  "secundarios": [

  ],
  "sexo": null,
  "suplentes": [

  ]
 },
 {
  "asistida": "Votos IMPUGNADOS",
  "cargo_ejecutivo": false,
  "clase": "Especial",
  "cod_categoria": "CNJ",
  "cod_lista": "",
  "codigo": "IMP",
  "id_candidatura": "IMP",
  "id_umv": 913,
  "nombre": "Votos IMPUGNADOS",
  "nro_orden": 5,
  "orden_absoluto": [
   995,
   5
  ],
  "secundarios": [

  ],
  "sexo": null,
  "suplentes": [

  ]
 },
 {
  "asistida": "Votos IMPUGNADOS",
  "cargo_ejecutivo": true,
  "clase": "Especial",
  "cod_categoria": "INT",
  "cod_lista": "",
  "codigo": "IMP",
  "id_candidatura": "IMP",
  "id_umv": 1687,
  "nombre": "Votos IMPUGNADOS",
  "nro_orden": 4,
  "orden_absoluto": [
   995,
   4
  ],
  "secundarios": [

  ],
  "sexo": null,
  "suplentes": [

  ]
 },
 {
  "asistida": "Votos OBSERVADOS",
  "cargo_ejecutivo": false,
  "clase": "Especial",
  "cod_categoria": "CNJ",
  "cod_lista": "",
  "codigo": "OBS",
  "id_candidatura": "OBS",
  "id_umv": 973,
  "nombre": "Votos OBSERVADOS",
  "nro_orden": 5,
  "orden_absoluto": [
   996,
   5
  ],
  "secundarios": [

  ],
  "sexo": null,
  "suplentes": [

  ]
 },
 {
  "asistida": "Votos OBSERVADOS",
  "cargo_ejecutivo": true,
  "clase": "Especial",
  "cod_categoria": "INT",
  "cod_lista": "",
  "codigo": "OBS",
  "id_candidatura": "OBS",
  "id_umv": 1747,
  "nombre": "Votos OBSERVADOS",
  "nro_orden": 4,
  "orden_absoluto": [
   996,
   4
  ],
  "secundarios": [

  ],
  "sexo": null,
  "suplentes": [

  ]
 }
]