[
 {
  "asistida": "BONO PAEZ NANCY FERNANDA",
  "cargo_ejecutivo": true,
  "clase": "Candidato",
  "cod_alianza": "22",
  "cod_categoria": "INT",
  "cod_lista": "22.22.22",
  "cod_partido": "22.22",
  "codigo": "22.22.22.3450",
  "dni": "30103950",
  "id_candidatura": "22.22.22.3450",
  "id_umv": 1219,
  "imagenes": [
   "22.22.22.3450"
  ],
  "nombre": "BONO PAEZ, NANCY FERNANDA",
  "nro_orden": 1,
  "orden_absoluto": [
   23,
   62,
   3,
   4,
   1
  ],
  "secundarios": [

  ],
  "sexo": "F",
  "suplentes": [

  ]
 },
 {
  "asistida": "ARIAS CLAUDIO RICARDO",
  "cargo_ejecutivo": false,
  "clase": "Candidato",
  "cod_alianza": "22",
  "cod_categoria": "CNJ",
  "cod_lista": "22.22.22",
  "cod_partido": "22.22",
  "codigo": "22.22.22.3542",
  "dni": "36377927",
  "id_candidatura": "22.22.22.3542",
  "id_umv": 8,
  "imagenes": [
   "22.22.22.3542",
   "default_mujer",
   "default",
   "default_mujer",
   "default",
   "default_mujer",
   "default",
   "default_mujer",
   "default"
  ],
  "nombre": "ARIAS, CLAUDIO RICARDO",
  "nro_orden": 1,
  "orden_absoluto": [
   23,
   62,
   3,
   5,
   1
  ],
  "secundarios": [
   "MAIDANA, JIMENA BALBINA",
   "TESEYRA, SALVADOR JACOBO",
   "ARIAS, GLADYS CAROLINA",
   "BARBOZA, PAUL RICHART",
   "TESEYRA, CAROLINA DEL VALLE",
   "MAIDANA, JULIO OSCAR",
   "JIMENEZ, EVA JUANA",
   "CASIMIRO, JORGE ADALBERTO"
  ],
  "sexo": "M",
  "suplentes": [

  ]
 },
 {
  "asistida": "CORONEL LUISA ASUNCION",
  "cargo_ejecutivo": true,
  "clase": "Candidato",
  "cod_alianza": "2558",
  "cod_categoria": "INT",
  "cod_lista": "2558.2558.2558",
  "cod_partido": "2558.2558",
  "codigo": "2558.2558.2558.3965",
  "dni": "17337687",
  "id_candidatura": "2558.2558.2558.3965",
  "id_umv": 1221,
  "imagenes": [
   "default_mujer"
  ],
  "nombre": "CORONEL, LUISA ASUNCION",
  "nro_orden": 1,
  "orden_absoluto": [
   3,
   8,
   52,
   4,
   1
  ],
  "secundarios": [

  ],
  "sexo": "F",
  "suplentes": [

  ]
 },
 {
  "asistida": "RUSSO ENZO MARIANO",
  "cargo_ejecutivo": false,
  "clase": "Candidato",
  "cod_alianza": "2558",
  "cod_categoria": "CNJ",
  "cod_lista": "2558.2558.2558",
  "cod_partido": "2558.2558",
  "codigo": "2558.2558.2558.3966",
  "dni": "42520520",
  "id_candidatura": "2558.2558.2558.3966",
  "id_umv": 10,
  "imagenes": [
   "2558.2558.2558.3966",
   "default_mujer",
   "default",
   "default_mujer",
   "default",
   "default_mujer",
   "default",
   "default_mujer",
   "default"
  ],
  "nombre": "RUSSO, ENZO MARIANO",
  "nro_orden": 1,
  "orden_absoluto": [
   3,
   8,
   52,
   5,
   1
  ],
  "secundarios": [
   "DI PAULI, CARLA LUCIA",
   "CORONEL, LUCAS MANUEL",
   "MELIAN FERRIL, TERESITA LORENA",
   "DI PAULI, OSVALDO EZEQUIEL",
   "GONZALEZ, ANAHI SOLEDAD",
   "TORRES, FACUNDO BENJAMIN",
   "ESCALANTE, MARIA LUISA",
   "ROMERO CARRAL, LUIS ALBERTO"
  ],
  "sexo": "M",
  "suplentes": [
   "SANDOVAL, JOHANA NICOLE"
  ]
 },
 {
  "asistida": "BURGOS DAVID H\u00c9CTOR",
  "cargo_ejecutivo": true,
  "clase": "Candidato",
  "cod_alianza": "2562",
  "cod_categoria": "INT",
  "cod_lista": "2562.2562.2562",
  "cod_partido": "2562.2562",
  "codigo": "2562.2562.2562.4004",
  "dni": "23638202",
  "id_candidatura": "2562.2562.2562.4004",
  "id_umv": 1222,
  "imagenes": [
   "2562.2562.2562.4004"
  ],
  "nombre": "BURGOS, DAVID HECTOR",
  "nro_orden": 1,
  "orden_absoluto": [
   26,
   80,
   54,
   4,
   1
  ],
  "secundarios": [

  ],
  "sexo": "M",
  "suplentes": [

  ]
 },
 {
  "asistida": "REYES ADRIANA DEL VALLE",
  "cargo_ejecutivo": false,
  "clase": "Candidato",
  "cod_alianza": "2562",
  "cod_categoria": "CNJ",
  "cod_lista": "2562.2562.2562",
  "cod_partido": "2562.2562",
  "codigo": "2562.2562.2562.4005",
  "dni": "24651875",
  "id_candidatura": "2562.2562.2562.4005",
  "id_umv": 11,
  "imagenes": [
   "2562.2562.2562.4005",
   "default",
   "default_mujer",
   "default",
   "default_mujer",
   "default",
   "default_mujer",
   "default",
   "default_mujer"
  ],
  "nombre": "REYES, ADRIANA DEL VALLE",
  "nro_orden": 1,
  "orden_absoluto": [
   26,
   80,
   54,
   5,
   1
  ],
  "secundarios": [
   "ARAMAYO, ALFONSO",
   "LAMAS, ARIELA SOFIA",
   "CONDORI, JORGE ENRIQUE",
   "AMADOR, PATRICIA MARCELINA",
   "ROBLES, FRANCISCO LEONEL",
   "GUITIAN, PAOLA ALEJANDRA",
   "LAMAS, BRIAN MAURO FERNANDO",
   "CONDORI, GLADYS ESTHER"
  ],
  "sexo": "F",
  "suplentes": [
   "CONDORI, JORGE EXEQUIEL",
   "LAMAS, MIRTA MERCEDES",
   "LAIME, CRISTIAN GABRIEL",
   "LAMAS, JESICA JOANA",
   "LAMAS, FELIX VALERIANO",
   "CATAN, GENOVEVA",
   "QUISPE, JESUS MATIAS",
   "LAMAS, NORMA NELIDA",
   "LLAMPA, MAURO MIGUEL GONZALO"
  ]
 },
 {
  "asistida": "TAPIA MAR\u00cdA DELICIA",
  "cargo_ejecutivo": true,
  "clase": "Candidato",
  "cod_alianza": "3714",
  "cod_categoria": "INT",
  "cod_lista": "3714.3714.3714",
  "cod_partido": "3714.3714",
  "codigo": "3714.3714.3714.6289",
  "dni": "12661006",
  "id_candidatura": "3714.3714.3714.6289",
  "id_umv": 1230,
  "imagenes": [
   "default_mujer"
  ],
  "nombre": "TAPIA, MARIA DELICIA",
  "nro_orden": 1,
  "orden_absoluto": [
   19,
   39,
   53,
   4,
   1
  ],
  "secundarios": [

  ],
  "sexo": "F",
  "suplentes": [

  ]
 },
 {
  "asistida": "CASIMIRO PEDRO AMADO",
  "cargo_ejecutivo": false,
  "clase": "Candidato",
  "cod_alianza": "3714",
  "cod_categoria": "CNJ",
  "cod_lista": "3714.3714.3714",
  "cod_partido": "3714.3714",
  "codigo": "3714.3714.3714.6290",
  "dni": "20260731",
  "id_candidatura": "3714.3714.3714.6290",
  "id_umv": 19,
  "imagenes": [
   "3714.3714.3714.6290",
   "default_mujer",
   "default",
   "default_mujer",
   "default",
   "default_mujer",
   "default",
   "default_mujer",
   "default"
  ],
  "nombre": "CASIMIRO, PEDRO AMADO",
  "nro_orden": 1,
  "orden_absoluto": [
   19,
   39,
   53,
   5,
   1
  ],
  "secundarios": [
   "CONDORI, MARIA REINA",
   "BURGOS, DIEGO ESTEBAN",
   "CASIMIRO, LIDIA NOEMI",
   "ARJONA, MIGUEL ANGEL",
   "LIENDRO, ANGELES JORGELINA",
   "ARAMAYO, RAUL ARIEL",
   "BAUTISTA, PAULA INES",
   "COCA, RAMON JOSE"
  ],
  "sexo": "M",
  "suplentes": [
   "PISTAN, CLAUDIA ALEJANDRA",
   "CAICONTE, AMALIO RENE",
   "CASIMIRO, RITA CORINA",
   "LIENDRO, JESUS HUGO",
   "FABIAN, YENINA NAHIR",
   "AVELDA\u00d1O, JUAN CARLOS",
   "LLAVERA, CLAUDIA DEL CARMEN",
   "DIAZ, SERGIO ALFREDO"
  ]
 },
 {
  "asistida": "PRIETO EDUARDO JUAN",
  "cargo_ejecutivo": false,
  "clase": "Candidato",
  "cod_alianza": "3717",
  "cod_categoria": "CNJ",
  "cod_lista": "3717.13.13",
  "cod_partido": "3717.13",
  "codigo": "3717.13.13.719",
  "dni": "18197123",
  "id_candidatura": "3717.13.13.719",
  "id_umv": 42,
  "imagenes": [
   "3717.13.13.719",
   "default_mujer",
   "default",
   "default_mujer",
   "default",
   "default_mujer",
   "default",
   "default_mujer",
   "default"
  ],
  "nombre": "PRIETO, JUAN",
  "nro_orden": 1,
  "orden_absoluto": [
   6,
   52,
   75,
   5,
   1
  ],
  "secundarios": [
   "RIOS, NOELIA SOLEDAD",
   "GUAYMAS, ROBERTO GONZALO",
   "LARA, SONIA ISABEL",
   "VILTE, RICARDO EXEQUIEL",
   "CATAN, BARBARA GISELA",
   "TORRES, JOSE ROGELIO",
   "PONCE, NOELIA ROSARIO",
   "CASTILLO, LUIS HORACIO"
  ],
  "sexo": "M",
  "suplentes": [
   "CALPANCHAY, BELEN ALDANA TALIA",
   "RIOS, ERNESTO JOAQUIN",
   "VILLCA, HAYDEE PATRICIA",
   "HERRERA DIAZ, RAMON ALEJANDRO",
   "RIOS, BRISA PAMELA",
   "SALVA, IGNACIO RAUL",
   "ZARATE, ZULMA YANINA"
  ]
 },
 {
  "asistida": "SANTANDER ELISEO TOM\u00c1S",
  "cargo_ejecutivo": false,
  "clase": "Candidato",
  "cod_alianza": "3717",
  "cod_categoria": "CNJ",
  "cod_lista": "3717.2543.2543",
  "cod_partido": "3717.2543",
  "codigo": "3717.2543.2543.3832",
  "dni": "33843842",
  "id_candidatura": "3717.2543.2543.3832",
  "id_umv": 65,
  "imagenes": [
   "3717.2543.2543.3832",
   "default_mujer",
   "default",
   "default_mujer",
   "default",
   "default_mujer",
   "default",
   "default_mujer",
   "default"
  ],
  "nombre": "PROF. SANTANDER, TOMAS",
  "nro_orden": 1,
  "orden_absoluto": [
   6,
   71,
   17,
   5,
   1
  ],
  "secundarios": [
   "YAPURA, MONICA",
   "TAPIA, FRANCO LUCAS",
   "ALANIS, LORENA NATALIA",
   "VALDEZ, JUAN PABLO",
   "ALCALA, NOELIA SOLEDAD",
   "IBA\u00d1EZ, FACUNDO ELIAS",
   "ORTEGA, MARIA SILVINA",
   "LIENDRO, HUGO ENRIQUE"
  ],
  "sexo": "M",
  "suplentes": [
   "CRUZ, SANDRA EVELIA",
   "RODRIGUEZ, DIEGO OSCAR",
   "ORTEGA, ELIANA GISEL",
   "PALACIOS, ADRIAN RAMON",
   "CARDOZO, MIRTA CRISTINA",
   "FLORES, RAUL RICARDO",
   "ORTEGA, JESICA ILIANA",
   "BURGOS, LEANDRO MATIAS",
   "RODRIGUEZ, FLORENCIA JAZMIN"
  ]
 },
 {
  "asistida": "PEREZ TORRES ESTEBAN SALVADOR",
  "cargo_ejecutivo": false,
  "clase": "Candidato",
  "cod_alianza": "3717",
  "cod_categoria": "CNJ",
  "cod_lista": "3717.2626.2626",
  "cod_partido": "3717.2626",
  "codigo": "3717.2626.2626.4534",
  "dni": "36448754",
  "id_candidatura": "3717.2626.2626.4534",
  "id_umv": 85,
  "imagenes": [
   "3717.2626.2626.4534",
   "default_mujer",
   "default",
   "default_mujer",
   "default",
   "default_mujer",
   "default",
   "default_mujer",
   "default"
  ],
  "nombre": "PEREZ TORRES, ESTEBAN",
  "nro_orden": 1,
  "orden_absoluto": [
   6,
   4,
   19,
   5,
   1
  ],
  "secundarios": [
   "ACIN, ZAIRA YANINA",
   "BARBOZA, PEDRO MATIAS",
   "ESPINOZA, ALDANA DOLORES",
   "CANCINOS, FACUNDO ISMAEL",
   "MAMANI, NATALIA ADRIANA",
   "NU\u00d1EZ RIOS, CRISTIAN EZEQUIEL",
   "ESPINOZA, LILIANA KARINA",
   "GONZA, MARCOS NICOLAS"
  ],
  "sexo": "M",
  "suplentes": [
   "GUTIERREZ, INES RAQUEL",
   "TAPIA MACIEL, MAURO TOMAS",
   "CASIMIRO, MARIA DEL MILAGRO",
   "BARRIOS, CLAUDIO ALEJANDRO",
   "AVILA, ROMINA LILIANA",
   "BARRIOS, JUAN EDUARDO",
   "CHOCOBAR, VIOLETA DE LOS ANGELES",
   "VELASQUEZ, DANIEL JUSTINO",
   "CANAVIDES, MARIA ESTELA"
  ]
 },
 {
  "asistida": "JORGE CLAUDIO ARIEL",
  "cargo_ejecutivo": true,
  "clase": "Candidato",
  "cod_alianza": "3717",
  "cod_categoria": "INT",
  "cod_lista": "3717.3739.3739",
  "cod_partido": "3717.3739",
  "codigo": "3717.3739.3739.6465",
  "dni": "24697952",
  "id_candidatura": "3717.3739.3739.6465",
  "id_umv": 1280,
  "imagenes": [
   "3717.3739.3739.6465"
  ],
  "nombre": "JORGE, ARIEL \u201cMARANGA\u201d",
  "nro_orden": 1,
  "orden_absoluto": [
   6,
   17,
   64,
   4,
   1
  ],
  "secundarios": [

  ],
  "sexo": "M",
  "suplentes": [

  ]
 },
 {
  "asistida": "OLARTE V\u00edCTOR CIRO",
  "cargo_ejecutivo": false,
  "clase": "Candidato",
  "cod_alianza": "3717",
  "cod_categoria": "CNJ",
  "cod_lista": "3717.3739.3739",
  "cod_partido": "3717.3739",
  "codigo": "3717.3739.3739.6839",
  "dni": "28902726",
  "id_candidatura": "3717.3739.3739.6839",
  "id_umv": 122,
  "imagenes": [
   "3717.3739.3739.6839",
   "default_mujer",
   "default",
   "default_mujer",
   "default",
   "default_mujer",
   "default",
   "default_mujer",
   "default"
  ],
  "nombre": "OLARTE, CIRO",
  "nro_orden": 1,
  "orden_absoluto": [
   6,
   17,
   64,
   5,
   1
  ],
  "secundarios": [
   "FABIAN, MONICA ALEJANDRA",
   "GONZA, MOISES NAHUEL",
   "LIENDRO, FLORENCIA GUADALUPE",
   "MAMANI, JUAN PEDRO",
   "SOTO, MARIA",
   "NINO, EMILIANO EXEQUIEL",
   "VILTE, YENHY SABINA AYELEN",
   "VILTE, SANTIAGO JOSE"
  ],
  "sexo": "M",
  "suplentes": [
   "CONDORI, MARIA ESTELA",
   "CHOCOBAR, OSCAR ARMANDO MANUEL",
   "FABIAN, JIMENA MARISEL ALEJANDRA",
   "CORDOBA, ROBERTO RENE",
   "TOCONAS, MARIELA NIMIA",
   "LOPEZ, CRISTIAN FABIAN",
   "RODRIGUEZ, AZUCENA VALLE VANESA",
   "CASIMIRO, ROGER MIGUEL",
   "RIOS, NADIA CELESTE DEL MILAGRO"
  ]
 },
 {
  "asistida": "GALLEGUILLOS CARLOS GUILLERMO",
  "cargo_ejecutivo": false,
  "clase": "Candidato",
  "cod_alianza": "3717",
  "cod_categoria": "CNJ",
  "cod_lista": "3717.443.443",
  "cod_partido": "3717.443",
  "codigo": "3717.443.443.10784",
  "dni": "29251588",
  "id_candidatura": "3717.443.443.10784",
  "id_umv": 142,
  "imagenes": [
   "3717.443.443.10784",
   "default_mujer",
   "default",
   "default_mujer",
   "default",
   "default_mujer",
   "default",
   "default_mujer",
   "default"
  ],
  "nombre": "GALLEGUILLOS, GUILLERMO",
  "nro_orden": 1,
  "orden_absoluto": [
   6,
   69,
   9,
   5,
   1
  ],
  "secundarios": [
   "PISTAN, ROMINA AMELIA",
   "PUESCAS CASIMIRO, MARTIN MIGUEL",
   "VILTE, VIRGINIA MARIA LUJAN",
   "NERI CANAVIDES, NORBERTO",
   "FLORES, LISI DAMARIS",
   "GARECA, MARCO ANTONIO",
   "CHAVARRIA, NORMA HAYDEE",
   "COLOMBRES, LUCIANO ALEJANDRO"
  ],
  "sexo": "M",
  "suplentes": [
   "VILTE, TAMARA ANTONELLA",
   "ROMERO, FREDY EMMANUEL",
   "FRIAS, ANGELA VIRGINIA",
   "VELASQUEZ, LUIS SANTIAGO",
   "PUCA, ANTONELLA GISELLE",
   "VILTE, SERGIO DANIEL SANTIAGO",
   "FLORES, MIRTA LEONOR",
   "FLORES, RICARDO MARIANO",
   "ADIA, KAREN MAGALI"
  ]
 },
 {
  "asistida": "ACU\u00d1A CLAUDIO MARCELO",
  "cargo_ejecutivo": false,
  "clase": "Candidato",
  "cod_alianza": "3717",
  "cod_categoria": "CNJ",
  "cod_lista": "3717.632.632",
  "cod_partido": "3717.632",
  "codigo": "3717.632.632.11953",
  "dni": "23243798",
  "id_candidatura": "3717.632.632.11953",
  "id_umv": 160,
  "imagenes": [
   "3717.632.632.11953",
   "default_mujer",
   "default",
   "default_mujer",
   "default",
   "default_mujer",
   "default",
   "default_mujer",
   "default"
  ],
  "nombre": "ACU\u00d1A, CLAUDIO",
  "nro_orden": 1,
  "orden_absoluto": [
   6,
   47,
   8,
   5,
   1
  ],
  "secundarios": [
   "VAY, VALERIA SOLEDAD",
   "TORRES, LEONEL VICENTE",
   "GARCIA, MELANI GISEL",
   "AGUIRRES, EDUARDO GABRIEL",
   "CRUZ, SANDRA PATRICIA",
   "TOLEDO, EMMANUEL ORLANDO",
   "MAMANI, EUTAQUIA",
   "BAUTISTA, RUBEN DAVID"
  ],
  "sexo": "M",
  "suplentes": [
   "CARDOZO, CINTIA PAOLA",
   "TOCONAS, JOSE LUIS",
   "VILTE, YESICA BELEN"
  ]
 },
 {
  "asistida": "TAPIA PEREZ GONZALO MATIAS",
  "cargo_ejecutivo": false,
  "clase": "Candidato",
  "cod_alianza": "3723",
  "cod_categoria": "CNJ",
  "cod_lista": "3723.12.12",
  "cod_partido": "3723.12",
  "codigo": "3723.12.12.376",
  "dni": "32910616",
  "id_candidatura": "3723.12.12.376",
  "id_umv": 170,
  "imagenes": [
   "3723.12.12.376",
   "default_mujer",
   "default",
   "default_mujer",
   "default",
   "default_mujer",
   "default",
   "default_mujer",
   "default"
  ],
  "nombre": "TAPIA, GONZALO \u201cTELIA\u201d",
  "nro_orden": 1,
  "orden_absoluto": [
   5,
   57,
   72,
   5,
   1
  ],
  "secundarios": [
   "BEJARANO, MARGARITA",
   "PASTRANA, WALTER MAXIMILIANO",
   "TORRES, LORENA EDITH",
   "GUAYMAS, HERNAN RUBEN",
   "JULIAN, SILVIA ROSA",
   "ALCALA, FRANCISCO ARIEL",
   "FLORES, VALERIA ANGELA",
   "GARCIA, TOMAS EMANUEL"
  ],
  "sexo": "M",
  "suplentes": [
   "CARRIZO, NILDA ALEJANDRA",
   "WEBER GALLO, ADOLFO FEDERICO",
   "CARO, CINTIA LORENA",
   "ACU\u00d1A, DONATO RUFINO",
   "PRIETO, MARIA EUGENIA"
  ]
 },
 {
  "asistida": "AVELDA\u00d1O VICENTE CEFERINO",
  "cargo_ejecutivo": false,
  "clase": "Candidato",
  "cod_alianza": "3723",
  "cod_categoria": "CNJ",
  "cod_lista": "3723.3649.3649",
  "cod_partido": "3723.3649",
  "codigo": "3723.3649.3649.5555",
  "dni": "17986782",
  "id_candidatura": "3723.3649.3649.5555",
  "id_umv": 186,
  "imagenes": [
   "3723.3649.3649.5555",
   "default_mujer",
   "default",
   "default_mujer",
   "default",
   "default_mujer",
   "default",
   "default_mujer",
   "default"
  ],
  "nombre": "AVELDA\u00d1O, VICENTE \u201cGRINGO\u201d",
  "nro_orden": 1,
  "orden_absoluto": [
   5,
   29,
   22,
   5,
   1
  ],
  "secundarios": [
   "CARDOZO, PAULA ALEJANDRA",
   "AVELDA\u00d1O, JESUS NICOLAS",
   "BARBOZA, KARINA GABRIELA",
   "GEREZ, JOSE FEDERICO",
   "OBANDO, IRENE",
   "MEDINA, LUIS DOMINGO",
   "RUIZ, ELIANA CRISTINA",
   "GARCIA, CARLOS ENRIQUE"
  ],
  "sexo": "M",
  "suplentes": [
   "MORILLO DURAND, MARIA XIMENA",
   "GEREZ, PEDRO FEDERICO",
   "RAMIREZ, MARIA EVA",
   "GUAYMAS, SANTOS JOAQUIN",
   "TAPIA, TATIANA TALIA",
   "GONZALEZ CRUZ, LUCIANO NICOLAS",
   "SARAPURA, YAMILA SOLEDAD",
   "ANZE, LAUTARO DANIEL",
   "LUNA, GELOMENA"
  ]
 },
 {
  "asistida": "CORONEL MANUEL PIO",
  "cargo_ejecutivo": true,
  "clase": "Candidato",
  "cod_alianza": "3723",
  "cod_categoria": "INT",
  "cod_lista": "3723.3741.3741",
  "cod_partido": "3723.3741",
  "codigo": "3723.3741.3741.7260",
  "dni": "18197064",
  "id_candidatura": "3723.3741.3741.7260",
  "id_umv": 1325,
  "imagenes": [
   "3723.3741.3741.7260"
  ],
  "nombre": "CORONEL, MANUEL PIO",
  "nro_orden": 1,
  "orden_absoluto": [
   5,
   14,
   65,
   4,
   1
  ],
  "secundarios": [

  ],
  "sexo": "M",
  "suplentes": [

  ]
 },
 {
  "asistida": "Kalovini ANDREA ROXANA",
  "cargo_ejecutivo": false,
  "clase": "Candidato",
  "cod_alianza": "3723",
  "cod_categoria": "CNJ",
  "cod_lista": "3723.3741.3741",
  "cod_partido": "3723.3741",
  "codigo": "3723.3741.3741.7636",
  "dni": "20397485",
  "id_candidatura": "3723.3741.3741.7636",
  "id_umv": 222,
  "imagenes": [
   "3723.3741.3741.7636",
   "default",
   "default_mujer",
   "default",
   "default_mujer",
   "default",
   "default_mujer",
   "default",
   "default_mujer"
  ],
  "nombre": "CALOVINI, ANDREA ROXANA",
  "nro_orden": 1,
  "orden_absoluto": [
   5,
   14,
   65,
   5,
   1
  ],
  "secundarios": [
   "GEREZ, MARTIN GUILLERMO",
   "VANETA ALEMAN, NORA EMILSEN",
   "WEBER GALLO, ERNESTO ARTURO",
   "PONZA CALOVINI, ABI LIHUEN",
   "MAITA, BENITO ARISTIDES",
   "BURGOS, YAMILA SOLEDAD",
   "MAMANI, ALAN EMANUEL",
   "CARO, GIMENA SOLEDAD SOLANGE"
  ],
  "sexo": "F",
  "suplentes": [
   "DI PAULI, OSVALDO JUAN",
   "MENENDEZ, NATALIA CAROLINA",
   "TORRES, CARLOS ANTONIO NAHUEL",
   "GUAYMAS, CRISTINA DEL VALLE",
   "COLQUE, CARLOS ALBERTO",
   "SINCHES, ELIZABETH ADRIANA",
   "GUTIERREZ, GABRIEL ALEJANDRO",
   "MARTINEZ, ELIZABETH VIRGINIA",
   "FLORES, FEDERICO RAUL"
  ]
 },
 {
  "asistida": "CAP\u00c1LBI MARIO ALFREDO",
  "cargo_ejecutivo": true,
  "clase": "Candidato",
  "cod_alianza": "3728",
  "cod_categoria": "INT",
  "cod_lista": "3728.17.17",
  "cod_partido": "3728.17",
  "codigo": "3728.17.17.1165",
  "dni": "32462847",
  "id_candidatura": "3728.17.17.1165",
  "id_umv": 1332,
  "imagenes": [
   "3728.17.17.1165"
  ],
  "nombre": "CAPALBI, MARIO ALFREDO",
  "nro_orden": 1,
  "orden_absoluto": [
   9,
   78,
   2,
   4,
   1
  ],
  "secundarios": [

  ],
  "sexo": "M",
  "suplentes": [

  ]
 },
 {
  "asistida": "CASTELLANOS AMANDA MERCEDES",
  "cargo_ejecutivo": false,
  "clase": "Candidato",
  "cod_alianza": "3728",
  "cod_categoria": "CNJ",
  "cod_lista": "3728.17.17",
  "cod_partido": "3728.17",
  "codigo": "3728.17.17.1213",
  "dni": "16797302",
  "id_candidatura": "3728.17.17.1213",
  "id_umv": 231,
  "imagenes": [
   "3728.17.17.1213",
   "default",
   "default_mujer",
   "default",
   "default_mujer",
   "default",
   "default_mujer",
   "default",
   "default_mujer"
  ],
  "nombre": "CASTELLANOS, AMANDA MERCEDES",
  "nro_orden": 1,
  "orden_absoluto": [
   9,
   78,
   2,
   5,
   1
  ],
  "secundarios": [
   "ARIAS OVIEDO, CARLOS ESTEBAN",
   "PASTRANA, REINA IVANA",
   "FUNES, OSCAR ALFREDO",
   "FLORES, RAMONA ANGELA",
   "BAZAN, ANDRES MAXIMILIANO",
   "CASTELLANOS, GLADYS LEONOR",
   "MIRAVAL, GASTON ERIC",
   "GUANCA, MATILDE ROXANA"
  ],
  "sexo": "F",
  "suplentes": [
   "FLORES, RICARDO",
   "DELGADO, PATRICIA ALEJANDRA",
   "BARRAZA, JAVIER OSCAR",
   "ARAMAYO, MARIA LUISA",
   "QUIPILDOR, LUCAS JOSE MARIA"
  ]
 },
 {
  "asistida": "LOPEZ JORGE ARMANDO",
  "cargo_ejecutivo": true,
  "clase": "Candidato",
  "cod_alianza": "3728",
  "cod_categoria": "INT",
  "cod_lista": "3728.3742.3742",
  "cod_partido": "3728.3742",
  "codigo": "3728.3742.3742.7777",
  "dni": "17337668",
  "id_candidatura": "3728.3742.3742.7777",
  "id_umv": 1349,
  "imagenes": [
   "3728.3742.3742.7777"
  ],
  "nombre": "LOPEZ, JORGE ARMANDO",
  "nro_orden": 1,
  "orden_absoluto": [
   9,
   21,
   66,
   4,
   1
  ],
  "secundarios": [

  ],
  "sexo": "M",
  "suplentes": [

  ]
 },
 {
  "asistida": "VARGAS JUAN BAUTISTA",
  "cargo_ejecutivo": false,
  "clase": "Candidato",
  "cod_alianza": "3728",
  "cod_categoria": "CNJ",
  "cod_lista": "3728.3742.3742",
  "cod_partido": "3728.3742",
  "codigo": "3728.3742.3742.7908",
  "dni": "27481005",
  "id_candidatura": "3728.3742.3742.7908",
  "id_umv": 240,
  "imagenes": [
   "3728.3742.3742.7908",
   "default_mujer",
   "default",
   "default_mujer",
   "default",
   "default_mujer",
   "default",
   "default_mujer",
   "default"
  ],
  "nombre": "VARGAS, JUAN BAUTISTA",
  "nro_orden": 1,
  "orden_absoluto": [
   9,
   21,
   66,
   5,
   1
  ],
  "secundarios": [
   "LOPEZ, ROSSANA DEL CARMEN",
   "TORRES, JOSE MARIA",
   "BURGOS, ROMINA NAHIR",
   "GONZALEZ, FREDY ISAAC",
   "TORRES, SANDRA ELIZABETH",
   "LAIME, PATRICIO DE LA CRUZ",
   "ARIAS, VANINA NOEMI",
   "CAYAMPI, LUIS ALBERTO"
  ],
  "sexo": "M",
  "suplentes": [
   "TAPIA, LUISA TOMASA",
   "LIENDRO, MARCELO GUSTAVO",
   "PISTAN, ANTONELLA MILAGROS",
   "SOLIS, ANGEL GABRIEL",
   "LOPEZ, JESICA MABEL",
   "POSPOS, LUIS ROQUE",
   "RIOS, IRMA LILIANA",
   "PALAVECINO, LEANDRO EXEQUIEL"
  ]
 },
 {
  "asistida": "Quipildor ESTER DEL VALLE",
  "cargo_ejecutivo": false,
  "clase": "Candidato",
  "cod_alianza": "3728",
  "cod_categoria": "CNJ",
  "cod_lista": "3728.3748.3748",
  "cod_partido": "3728.3748",
  "codigo": "3728.3748.3748.9694",
  "dni": "24088643",
  "id_candidatura": "3728.3748.3748.9694",
  "id_umv": 257,
  "imagenes": [
   "default_mujer",
   "default",
   "default_mujer",
   "default",
   "default_mujer",
   "default",
   "default_mujer",
   "default",
   "default_mujer"
  ],
  "nombre": "QUIPILDOR, ESTHER DEL VALLE",
  "nro_orden": 1,
  "orden_absoluto": [
   9,
   15,
   24,
   5,
   1
  ],
  "secundarios": [
   "GUZMAN, KAREN NOELIA",
   "GUAYMAS, JULIA PATRICIA",
   "MOLINA, JOSE WALTER",
   "CAYAMPI, CLAUDIA DEL VALLE",
   "GUZMAN, JONATHAN JAVIER",
   "GUANUCO, CEFERINA",
   "PORTUGUEZ, WALTER ERMINDO",
   "CARDOZO, PAULA ALEJANDRA"
  ],
  "sexo": "F",
  "suplentes": [
   "ALDERETE, GUSTAVO ALEXIS",
   "PASTRANA, VALENTINA ESTHER",
   "PASTRANA, WALTER ALBERTO DANIEL"
  ]
 },
 {
  "asistida": "ALAN\u00cdS FEDERICO JAVIER",
  "cargo_ejecutivo": false,
  "clase": "Candidato",
  "cod_alianza": "3729",
  "cod_categoria": "CNJ",
  "cod_lista": "3729.179.179",
  "cod_partido": "3729.179",
  "codigo": "3729.179.179.1287",
  "dni": "25218716",
  "id_candidatura": "3729.179.179.1287",
  "id_umv": 265,
  "imagenes": [
   "3729.179.179.1287",
   "default_mujer",
   "default",
   "default_mujer",
   "default",
   "default_mujer",
   "default",
   "default_mujer",
   "default"
  ],
  "nombre": "ALANIS, FEDERICO JAVIER",
  "nro_orden": 1,
  "orden_absoluto": [
   24,
   54,
   79,
   5,
   1
  ],
  "secundarios": [
   "RAMOS, JANETH LUJAN",
   "ESTOPI\u00d1AN, EDUARDO ESTEBAN",
   "LOPEZ, ETELVINA",
   "COLQUE BARBOZA, ENZO GABRIEL",
   "ZAPANA, CLAUDIA FLORENCIA",
   "GUZMAN, MIGUEL ALEXIS",
   "MARTINEZ, ANA ROSA",
   "GUTIERREZ, EMANUEL MAXIMILIANO"
  ],
  "sexo": "M",
  "suplentes": [
   "CRUZ, TERESA BENITA",
   "SUMBAY, MOISES NAZARENO",
   "COPA, REINA ISABEL",
   "MENDOZA, RUBEN ALBERTO",
   "MARTINEZ, LORENA ELIZABETH"
  ]
 },
 {
  "asistida": "AMADOR LUIS ANDR\u00c9S",
  "cargo_ejecutivo": true,
  "clase": "Candidato",
  "cod_alianza": "3729",
  "cod_categoria": "INT",
  "cod_lista": "3729.3747.3747",
  "cod_partido": "3729.3747",
  "codigo": "3729.3747.3747.9132",
  "dni": "17986871",
  "id_candidatura": "3729.3747.3747.9132",
  "id_umv": 1380,
  "imagenes": [
   "3729.3747.3747.9132"
  ],
  "nombre": "AMADOR, LUIS ANDRES",
  "nro_orden": 1,
  "orden_absoluto": [
   24,
   68,
   67,
   4,
   1
  ],
  "secundarios": [

  ],
  "sexo": "M",
  "suplentes": [

  ]
 },
 {
  "asistida": "VIVEROS VANINA ELIZABETH",
  "cargo_ejecutivo": false,
  "clase": "Candidato",
  "cod_alianza": "3729",
  "cod_categoria": "CNJ",
  "cod_lista": "3729.3747.3747",
  "cod_partido": "3729.3747",
  "codigo": "3729.3747.3747.9428",
  "dni": "45767516",
  "id_candidatura": "3729.3747.3747.9428",
  "id_umv": 290,
  "imagenes": [
   "3729.3747.3747.9428",
   "default",
   "default_mujer",
   "default",
   "default_mujer",
   "default",
   "default_mujer",
   "default",
   "default_mujer"
  ],
  "nombre": "VIVEROS, VANINA ELIZABETH",
  "nro_orden": 1,
  "orden_absoluto": [
   24,
   68,
   67,
   5,
   1
  ],
  "secundarios": [
   "HOYOS, RENO IVO",
   "SANTANDER, VICTORIA GUADALUPE",
   "MOLLO CALANI, LUCAS ESTEBAN",
   "MOYA, VIRGINIA BEATRIZ",
   "GARCIA, DIEGO ARMANDO",
   "SUAREZ, MARIANA DEL VALLE",
   "REARTES, LUIS JAVIER",
   "MOYA, ANA PETRONILA"
  ],
  "sexo": "F",
  "suplentes": [
   "BURGOS, CARLOS RENEE",
   "CORIA, MARISOL BALBINA",
   "BARVOZA, PABLO NAHUEL",
   "YONAR, AGUSTINA BELEN",
   "RODRIGUEZ, EMILIO ADRIAN",
   "YAPURA, MARIANA MABEL",
   "SANCHEZ SULCA, RAUL ALEXANDER",
   "TOLABA, ANA YOLANDA"
  ]
 },
 {
  "asistida": "Lonaco C\u00c9SAR HUGO",
  "cargo_ejecutivo": false,
  "clase": "Candidato",
  "cod_alianza": "3729",
  "cod_categoria": "CNJ",
  "cod_lista": "3729.459.459",
  "cod_partido": "3729.459",
  "codigo": "3729.459.459.10999",
  "dni": "16465419",
  "id_candidatura": "3729.459.459.10999",
  "id_umv": 298,
  "imagenes": [
   "3729.459.459.10999",
   "default_mujer",
   "default",
   "default_mujer",
   "default",
   "default_mujer",
   "default",
   "default_mujer",
   "default"
  ],
  "nombre": "LONACO, CESAR HUGO",
  "nro_orden": 1,
  "orden_absoluto": [
   24,
   35,
   77,
   5,
   1
  ],
  "secundarios": [
   "MARTINEZ, ISABEL",
   "LIENDRO, JONATAN EMANUEL",
   "TORRES, YAMILA BELEN",
   "ABALOS, MATEO ROSENDO",
   "LONACO, GABRIELA LUCRECIA",
   "BORDON, DAVID MAXIMILIANO",
   "SANHUEZA, LORENA DE LOS ANGELES",
   "MAMANI, MIGUEL ANGEL"
  ],
  "sexo": "M",
  "suplentes": [
   "AVENDA\u00d1O, AYELEN MARIANGELES",
   "MARTINEZ, RAMON REINALDO",
   "HOYOS, DANIZA AUDREY",
   "CHOCOBAR, HECTOR IGNACIO",
   "AVELDA\u00d1O, ALDANA PAOLA",
   "TITO, PABLO EZEQUIEL",
   "RUEDA, MONICA ALEJANDRA"
  ]
 },
 {
  "asistida": "GARC\u00cdA JUAN CARLOS",
  "cargo_ejecutivo": true,
  "clase": "Candidato",
  "cod_alianza": "3730",
  "cod_categoria": "INT",
  "cod_lista": "3730.3746.3746",
  "cod_partido": "3730.3746",
  "codigo": "3730.3746.3746.8712",
  "dni": "24246971",
  "id_candidatura": "3730.3746.3746.8712",
  "id_umv": 1414,
  "imagenes": [
   "3730.3746.3746.8712"
  ],
  "nombre": "GARCIA, \u201cJUANCA\u201d",
  "nro_orden": 1,
  "orden_absoluto": [
   15,
   32,
   74,
   4,
   1
  ],
  "secundarios": [

  ],
  "sexo": "M",
  "suplentes": [

  ]
 },
 {
  "asistida": "ESPINDOLA MARCELINO SIXTO",
  "cargo_ejecutivo": false,
  "clase": "Candidato",
  "cod_alianza": "3730",
  "cod_categoria": "CNJ",
  "cod_lista": "3730.461.461",
  "cod_partido": "3730.461",
  "codigo": "3730.461.461.11640",
  "dni": "14396245",
  "id_candidatura": "3730.461.461.11640",
  "id_umv": 343,
  "imagenes": [
   "3730.461.461.11640",
   "default_mujer",
   "default",
   "default_mujer",
   "default",
   "default_mujer",
   "default",
   "default_mujer",
   "default"
  ],
  "nombre": "ESPINDOLA, SIXTO",
  "nro_orden": 1,
  "orden_absoluto": [
   15,
   19,
   11,
   5,
   1
  ],
  "secundarios": [
   "CARDOZO, PATRICIA DEL CARMEN",
   "CHOQUE, IGNACIO NICOLAS",
   "TAPIA, MARGARITA SUSANA",
   "GUAYMAS, HECTOR HUGO",
   "TAPIA, PATRICIA DEL CARMEN",
   "ESPINDOLA, ANDRES LEONEL",
   "TAPIA, ANDREA VERONICA",
   "LOPEZ, JUAN BAUTISTA"
  ],
  "sexo": "M",
  "suplentes": [
   "CARDOZO, ROXANA ELIZABETH",
   "TARIFA, LUCIANO PAUL RUBEN",
   "RUEDA, MARIA LUCIANA",
   "CHOCOBAR, CRISTIAN MARCELO",
   "MORALES, FELISA DEMETRIA",
   "SANDON, GERARDO JOSE",
   "LOPEZ, ANGELICA SILVINA",
   "CHOCOBAR, FACUNDO CRISTIAN"
  ]
 },
 {
  "asistida": "SIAREZ ZOE",
  "cargo_ejecutivo": false,
  "clase": "Candidato",
  "cod_alianza": "3730",
  "cod_categoria": "CNJ",
  "cod_lista": "3730.5.5",
  "cod_partido": "3730.5",
  "codigo": "3730.5.5.11754",
  "dni": "34443252",
  "id_candidatura": "3730.5.5.11754",
  "id_umv": 351,
  "imagenes": [
   "3730.5.5.11754",
   "default_mujer",
   "default",
   "default_mujer",
   "default",
   "default_mujer",
   "default",
   "default_mujer",
   "default"
  ],
  "nombre": "SIAREZ, ZOE",
  "nro_orden": 1,
  "orden_absoluto": [
   15,
   76,
   25,
   5,
   1
  ],
  "secundarios": [
   "ALTAMIRANDA, REINA",
   "LOPEZ, VICTOR HUGO",
   "FLORES, MARIA LAURA LUJAN",
   "JAIME, CRISTIAN JAVIER",
   "SIAREZ, MARISOL DANIELA",
   "ALVAREZ, PEDRO RAFAEL",
   "MAISARES, MARIA DEL SOCORRO",
   "SUAREZ, MATIAS DAVID"
  ],
  "sexo": "X",
  "suplentes": [
   "CHOCOBAR, DEBORA AGUSTINA",
   "SIAREZ, LINO FABIAN",
   "PASTRANA, ANGELA LUCIANA",
   "VILTE, ANGEL DAMIAN",
   "YONAR, JUANA DE LOS REMEDIO",
   "SIAREZ, FRANCO ROBERTO",
   "CHOCOBAR, CARMEN ROSA",
   "VILTE, JESUS MARTIN"
  ]
 },
 {
  "asistida": "Alancay FERNANDO MARCOS",
  "cargo_ejecutivo": true,
  "clase": "Candidato",
  "cod_alianza": "3731",
  "cod_categoria": "INT",
  "cod_lista": "3731.3743.3743",
  "cod_partido": "3731.3743",
  "codigo": "3731.3743.3743.8016",
  "dni": "25761459",
  "id_candidatura": "3731.3743.3743.8016",
  "id_umv": 1442,
  "imagenes": [
   "3731.3743.3743.8016"
  ],
  "nombre": "ALANCAY, FERNANDO MARCOS",
  "nro_orden": 1,
  "orden_absoluto": [
   10,
   22,
   68,
   4,
   1
  ],
  "secundarios": [

  ],
  "sexo": "M",
  "suplentes": [

  ]
 },
 {
  "asistida": "Yavera V\u00cdCTOR VICENTE",
  "cargo_ejecutivo": false,
  "clase": "Candidato",
  "cod_alianza": "3731",
  "cod_categoria": "CNJ",
  "cod_lista": "3731.3743.3743",
  "cod_partido": "3731.3743",
  "codigo": "3731.3743.3743.8310",
  "dni": "21515473",
  "id_candidatura": "3731.3743.3743.8310",
  "id_umv": 377,
  "imagenes": [
   "3731.3743.3743.8310",
   "default_mujer",
   "default",
   "default_mujer",
   "default",
   "default_mujer",
   "default",
   "default_mujer",
   "default"
  ],
  "nombre": "LLAVERA, VICTOR VICENTE",
  "nro_orden": 1,
  "orden_absoluto": [
   10,
   22,
   68,
   5,
   1
  ],
  "secundarios": [
   "CHAUQUI, NATALIA ALICIA",
   "JURADO ZALAZAR, CRISTIAN GABRIEL",
   "GUERRA, GRISELDA DEL ROSARIO",
   "GUTIERREZ, ROBERTO VIVIANO",
   "FIRME, LILIANA ISABEL",
   "LIENDRO, JESUS MAXIMILIANO",
   "ANGELITO, BRISA CAROLINA",
   "FARFAN, GONZALO NICOLAS"
  ],
  "sexo": "M",
  "suplentes": [
   "TOLABA, MACARENA CAROLINA",
   "ARAMAYO TORRES, JOSE ALEJANDRO",
   "YAMPA, ALEJANDRA BARBARA",
   "DIAZ, JOSE HERNAN",
   "LLAVERA, ERMELINDA MONICA",
   "FARFAN, JONATAN AGUSTIN",
   "ALANCAY CORIA, DALINA SABRINA",
   "ALANCAY, SABINO DOMINGO",
   "GUAYMAS, MARIA ELODIA"
  ]
 },
 {
  "asistida": "Calpanchay ARIAS MICHAEL ANDR\u00c9S",
  "cargo_ejecutivo": true,
  "clase": "Candidato",
  "cod_alianza": "3732",
  "cod_categoria": "INT",
  "cod_lista": "3732.3740.3740",
  "cod_partido": "3732.3740",
  "codigo": "3732.3740.3740.6970",
  "dni": "41233354",
  "id_candidatura": "3732.3740.3740.6970",
  "id_umv": 1456,
  "imagenes": [
   "3732.3740.3740.6970"
  ],
  "nombre": "CALPANCHAY ARIAS, MICHAEL ANDRES",
  "nro_orden": 1,
  "orden_absoluto": [
   7,
   18,
   73,
   4,
   1
  ],
  "secundarios": [

  ],
  "sexo": "M",
  "suplentes": [

  ]
 },
 {
  "asistida": "CRUZ CARINA Mab\u00e9l",
  "cargo_ejecutivo": false,
  "clase": "Candidato",
  "cod_alianza": "3732",
  "cod_categoria": "CNJ",
  "cod_lista": "3732.3740.3740",
  "cod_partido": "3732.3740",
  "codigo": "3732.3740.3740.7106",
  "dni": "33350871",
  "id_candidatura": "3732.3740.3740.7106",
  "id_umv": 391,
  "imagenes": [
   "3732.3740.3740.7106",
   "default",
   "default_mujer",
   "default",
   "default_mujer",
   "default",
   "default_mujer",
   "default",
   "default_mujer"
  ],
  "nombre": "CRUZ, CARINA MABEL",
  "nro_orden": 1,
  "orden_absoluto": [
   7,
   18,
   73,
   5,
   1
  ],
  "secundarios": [
   "SUBELZA, LORENZO",
   "CALLO YONAR, ALBA ROCIO",
   "PRIMERO, JESUS NATAEL",
   "PRIMERO, ADRIANA IRENE",
   "SUBELZA, ENZO FELIPE EZEQUIEL",
   "CALLO, NATALIA SILVINA",
   "AGUIRRE, FRANCISCO DANIEL",
   "LAIME, DELIA CLARIBEL"
  ],
  "sexo": "F",
  "suplentes": [
   "RODRIGUEZ, JULIO RICHAR"
  ]
 },
 {
  "asistida": "FERNANDEZ RAMON ALFREDO",
  "cargo_ejecutivo": false,
  "clase": "Candidato",
  "cod_alianza": "3733",
  "cod_categoria": "CNJ",
  "cod_lista": "3733.10.10",
  "cod_partido": "3733.10",
  "codigo": "3733.10.10.217",
  "dni": "29174631",
  "id_candidatura": "3733.10.10.217",
  "id_umv": 405,
  "imagenes": [
   "3733.10.10.217",
   "default_mujer",
   "default",
   "default_mujer",
   "default",
   "default_mujer",
   "default",
   "default_mujer",
   "default"
  ],
  "nombre": "FERNANDEZ, \u201cTRIBY\u201d RAMON ALFREDO",
  "nro_orden": 1,
  "orden_absoluto": [
   11,
   51,
   4,
   5,
   1
  ],
  "secundarios": [
   "RIOS, GENOVEVA GABRIELA",
   "NERI CANAVIDES, MARIO ALBERTO",
   "YUCRA ORTUSTE, JANET ELIANA",
   "CIARES, JONATHAN EZEQUIEL",
   "FERNANDEZ, MARIA EUGENIA",
   "VILTE, JAVIER HUMBERTO",
   "CADENA, YESICA ALEJANDRA",
   "ARAMAYO, EDGAR ARTURO"
  ],
  "sexo": "M",
  "suplentes": [
   "GUAIMAS, FLORENCIA DAIANA",
   "CARRAZANO, LEONARDO DAVID",
   "VILLARREAL, GLORIA ELENA",
   "CORDOBA, CARLOS ANTONIO",
   "SALVA, MELISA NATIVIDAD",
   "ALBORNOZ, MIGUEL ANGEL",
   "ROBLES, ANDREA STELLA MARIS",
   "MORALES, RAMON RAFAEL",
   "CRUZ, LUCIANA GABRIELA"
  ]
 },
 {
  "asistida": "GUTIERREZ LEONARDO SEVERIANO",
  "cargo_ejecutivo": false,
  "clase": "Candidato",
  "cod_alianza": "3733",
  "cod_categoria": "CNJ",
  "cod_lista": "3733.1861.1861",
  "cod_partido": "3733.1861",
  "codigo": "3733.1861.1861.1552",
  "dni": "20608608",
  "id_candidatura": "3733.1861.1861.1552",
  "id_umv": 429,
  "imagenes": [
   "3733.1861.1861.1552",
   "default_mujer",
   "default",
   "default_mujer",
   "default",
   "default_mujer",
   "default",
   "default_mujer",
   "default"
  ],
  "nombre": "PROF. GUTIERREZ, \u201cYHONNY\u201d LEONARDO",
  "nro_orden": 1,
  "orden_absoluto": [
   11,
   55,
   13,
   5,
   1
  ],
  "secundarios": [
   "GUERRERO, DEBORA PAMELA",
   "LENZ, DANIEL ORLANDO",
   "CUTIPA, NORMA ELIZABETH",
   "CRUZ, JOSE DALMACIO",
   "PADILLA, MARISOL DEL ROSARIO",
   "BERON GUTIERREZ, MARCOS ANTONIO",
   "BUSTILLO, ROSANA MICAELA",
   "TOLAVA, JUSTINO OSCAR"
  ],
  "sexo": "M",
  "suplentes": [
   "GARCIA, NANCY SOLEDAD",
   "JERES, MATIAS MARCELO NAHUEL",
   "MARTINEZ, CINTIA LILIANA",
   "CABRAL, JOSE MATIAS",
   "CARABAJAL, LIDIA ESTELA",
   "ILLESCAS, HECTOR RAMON",
   "VAZQUEZ, JACQUELINE NICOLE"
  ]
 },
 {
  "asistida": "GIM\u00c9NEZ VIVIANA ELIZAB\u00c9TH",
  "cargo_ejecutivo": false,
  "clase": "Candidato",
  "cod_alianza": "3733",
  "cod_categoria": "CNJ",
  "cod_lista": "3733.1862.1862",
  "cod_partido": "3733.1862",
  "codigo": "3733.1862.1862.1982",
  "dni": "17549465",
  "id_candidatura": "3733.1862.1862.1982",
  "id_umv": 461,
  "imagenes": [
   "3733.1862.1862.1982",
   "default",
   "default_mujer",
   "default",
   "default_mujer",
   "default",
   "default_mujer",
   "default",
   "default_mujer"
  ],
  "nombre": "GIMENEZ, \u201cSE\u00d1O\u201d VIVIANA ELIZABET",
  "nro_orden": 1,
  "orden_absoluto": [
   11,
   63,
   14,
   5,
   1
  ],
  "secundarios": [
   "POSPOS, LEOPOLDO GUSTAVO",
   "GARCIA, GABRIELA DE LOS ANGELES",
   "GARCIA, JORGE DANIEL",
   "SANTANDER DORADO, PRISCILA",
   "MAIDANA, NATAN ISMAEL",
   "LOPEZ RIVERA, STELLA MARIS",
   "MAIDANA, OLEGARIO ALFREDO",
   "GAVIA, NADIA NOELIA"
  ],
  "sexo": "F",
  "suplentes": [
   "LAFUENTE, EDGARDO RODRIGO",
   "CISNSEROS, PATRICIA SOLEDAD",
   "CASTRO, LUCAS MAXIMILIANO",
   "CORDOBA, ELVA MARINA",
   "CASTRO, PABLO JOAQUIN",
   "SAJAMA, SILVIA AZUCENA",
   "PISTAN, NORBERTO RENE",
   "PASTRANA, DEBORA CECILIA"
  ]
 },
 {
  "asistida": "BERA LAURA MARISOL",
  "cargo_ejecutivo": false,
  "clase": "Candidato",
  "cod_alianza": "3733",
  "cod_categoria": "CNJ",
  "cod_lista": "3733.1869.1869",
  "cod_partido": "3733.1869",
  "codigo": "3733.1869.1869.2402",
  "dni": "25892848",
  "id_candidatura": "3733.1869.1869.2402",
  "id_umv": 490,
  "imagenes": [
   "3733.1869.1869.2402",
   "default",
   "default_mujer",
   "default",
   "default_mujer",
   "default",
   "default_mujer",
   "default",
   "default_mujer"
  ],
  "nombre": "VERA, \u2019LA PROFE\u2019 LAURA MARIZOL",
  "nro_orden": 1,
  "orden_absoluto": [
   11,
   67,
   15,
   5,
   1
  ],
  "secundarios": [
   "GARCIA, WILLIANS MIGUEL",
   "CHOQUE, ELIANA ROMINA",
   "CASALE, LUCAS MAXIMILIANO",
   "LOPEZ, MARIA FATIMA",
   "RAMOS, CRISTIAN NICOLAS",
   "CARRIZO, ADRIANA DANIELA",
   "YUMBAY, JOAQUIN MATIAS",
   "TOLABA, GIMENA ELIZABETH"
  ],
  "sexo": "F",
  "suplentes": [
   "VALDIVIEZO, IGNACIO BENJAMIN",
   "MORALEZ, NOELIA DEL VALLE",
   "ALCOBA, PABLO JAVIER",
   "ABAN, LEONOR DEL MILAGRO",
   "MENDEZ, VICTOR BENJAMIN"
  ]
 },
 {
  "asistida": "R\u00cdOS Osc\u00e1r EDGARDO",
  "cargo_ejecutivo": false,
  "clase": "Candidato",
  "cod_alianza": "3733",
  "cod_categoria": "CNJ",
  "cod_lista": "3733.2625.2625",
  "cod_partido": "3733.2625",
  "codigo": "3733.2625.2625.4297",
  "dni": "20262003",
  "id_candidatura": "3733.2625.2625.4297",
  "id_umv": 510,
  "imagenes": [
   "3733.2625.2625.4297",
   "default_mujer",
   "default",
   "default_mujer",
   "default",
   "default_mujer",
   "default",
   "default_mujer",
   "default"
  ],
  "nombre": "RIOS, OSCAR EDGARDO",
  "nro_orden": 1,
  "orden_absoluto": [
   11,
   50,
   62,
   5,
   1
  ],
  "secundarios": [
   "MEDINA, MIRIAM MABEL",
   "GONZALEZ, ANTENOR QUINTIN",
   "NERI, CAMILA ANTONELLA",
   "CHOCOBAR, VICTOR DANIEL",
   "PUCA, ESTELA ROSALIA",
   "RODRIGUEZ, FRANCO EZEQUIEL",
   "FLORES, LAURA FERNANDA",
   "MORALES, FABIO ALEJANDRO"
  ],
  "sexo": "M",
  "suplentes": [
   "LIENDRO, JESICA ANABEL",
   "LLAMPA, ISMAEL WALTER ORLANDO",
   "ERAZO, ROXANA MARCELA",
   "CHOCOBAR, JONATAN GABRIEL",
   "COLLAR, ROCIO CATERINA",
   "MORENO, MARCOS NEMECIO",
   "CANAVIDES, EVELYN ELIZABETH",
   "ARANDA, CARLOS ARNALDO",
   "ARIAS, FERNANDA GABRIELA"
  ]
 },
 {
  "asistida": "MIRANDA RODR\u00cdGUEZ DA\u00cdANA NOEL\u00cd",
  "cargo_ejecutivo": false,
  "clase": "Candidato",
  "cod_alianza": "3733",
  "cod_categoria": "CNJ",
  "cod_lista": "3733.2627.2627",
  "cod_partido": "3733.2627",
  "codigo": "3733.2627.2627.4786",
  "dni": "33843839",
  "id_candidatura": "3733.2627.2627.4786",
  "id_umv": 531,
  "imagenes": [
   "3733.2627.2627.4786",
   "default",
   "default_mujer",
   "default",
   "default_mujer",
   "default",
   "default_mujer",
   "default",
   "default_mujer"
  ],
  "nombre": "MIRANDA, \u2019LA PROFE DAHY\u2019",
  "nro_orden": 1,
  "orden_absoluto": [
   11,
   72,
   20,
   5,
   1
  ],
  "secundarios": [
   "MORALES, ALVARO MAURICIO",
   "GONZA, ELEONORA DEL MILAGRO",
   "GUTIERREZ, JOSE MARIA",
   "CRUZ, MABEL SOLEDAD",
   "ZARATE, FRANCO GUILLERMO",
   "LOPEZ, DALMA GABRIELA RITA",
   "CASIMIRO, EMILIANO AGUSTIN",
   "PASTRANA, EMILIA ROSA"
  ],
  "sexo": "F",
  "suplentes": [
   "TORRES, GUSTAVO EDUARDO",
   "CRUZ, ELIZABETH NELIDA",
   "COLQUE, DANIEL ALEJANDRO",
   "LOPES MIRANDA, ERIKA SELENA",
   "CRUZ, ARCANGEL SANTIAGO",
   "LERA, ANA MELINA",
   "MENDEZ, CARLOS EDGARDO",
   "ESCOBAR, CLAUDIA NOEMI",
   "MIRANDA RODRIGUEZ, LUCAS OMAR"
  ]
 },
 {
  "asistida": "MART\u00cdNEZ MEDINA ENRIQUE NICOL\u00c1S",
  "cargo_ejecutivo": true,
  "clase": "Candidato",
  "cod_alianza": "3733",
  "cod_categoria": "INT",
  "cod_lista": "3733.3744.3744",
  "cod_partido": "3733.3744",
  "codigo": "3733.3744.3744.8439",
  "dni": "25800572",
  "id_candidatura": "3733.3744.3744.8439",
  "id_umv": 1516,
  "imagenes": [
   "3733.3744.3744.8439"
  ],
  "nombre": "MARTINEZ MEDINA, ENRIQUE NICOLAS",
  "nro_orden": 1,
  "orden_absoluto": [
   11,
   24,
   71,
   4,
   1
  ],
  "secundarios": [

  ],
  "sexo": "M",
  "suplentes": [

  ]
 },
 {
  "asistida": "CARDOZO SANDRA MARCELA",
  "cargo_ejecutivo": false,
  "clase": "Candidato",
  "cod_alianza": "3733",
  "cod_categoria": "CNJ",
  "cod_lista": "3733.38.38",
  "cod_partido": "3733.38",
  "codigo": "3733.38.38.9931",
  "dni": "20127976",
  "id_candidatura": "3733.38.38.9931",
  "id_umv": 571,
  "imagenes": [
   "3733.38.38.9931",
   "default",
   "default_mujer",
   "default",
   "default_mujer",
   "default",
   "default_mujer",
   "default",
   "default_mujer"
  ],
  "nombre": "CARDOZO, SANDRA MARCELA",
  "nro_orden": 1,
  "orden_absoluto": [
   11,
   65,
   5,
   5,
   1
  ],
  "secundarios": [
   "BEJARANO, JOSE MARIA",
   "REALES, NANCY DEL VALLE",
   "BEJARANO, JORGE DANIEL",
   "GONZALEZ, MIRTA SOLEDAD",
   "CARDOZO, CARLOS AMADEO",
   "MARIN, NANCY JANET",
   "GUAYMAS, ENRIQUE DONATO",
   "AMARELO, ANALIA"
  ],
  "sexo": "F",
  "suplentes": [
   "SANTOS, YON WILSON ALEXANDER",
   "GUAYMAS, CLAUDIA",
   "LOPEZ, MARCELO GUSTAVO",
   "PISTAN, MIRTA ROSSANA",
   "MENDOZA, HECTOR HERNAN",
   "ALANCAY, GABRIELA FATIMA",
   "MARIN, MIGUEL FERNANDO",
   "REINOSO, NOELIA AYELEN",
   "SALVATIERRA, GERMAN ALVARO"
  ]
 },
 {
  "asistida": "TOL\u00c1BA IV\u00c1NNA DEL VALLE",
  "cargo_ejecutivo": false,
  "clase": "Candidato",
  "cod_alianza": "3735",
  "cod_categoria": "CNJ",
  "cod_lista": "3735.15.15",
  "cod_partido": "3735.15",
  "codigo": "3735.15.15.1107",
  "dni": "33843795",
  "id_candidatura": "3735.15.15.1107",
  "id_umv": 588,
  "imagenes": [
   "3735.15.15.1107",
   "default",
   "default_mujer",
   "default",
   "default_mujer",
   "default",
   "default_mujer",
   "default",
   "default_mujer"
  ],
  "nombre": "TOLABA, IVANNA DEL VALLE",
  "nro_orden": 1,
  "orden_absoluto": [
   12,
   59,
   1,
   5,
   1
  ],
  "secundarios": [
   "RODRIGUEZ, DANIEL ALEJANDRO",
   "BARRETO, MARINA HAYDEE",
   "GONZALEZ, MARCOS HUGO",
   "VILTE, TELMA IRIS",
   "ACORIA PRIETO, JORGE ISMAEL",
   "VILLCA, CAROLINA ELIZABETH",
   "LIENDRO, CRISTIAN DANIEL",
   "HURTADO, LILIANA LIS"
  ],
  "sexo": "F",
  "suplentes": [
   "TARITOLAY, CARLOS SEBASTIAN",
   "PISTAN, CINTIA MELISA",
   "TOLABA, JAVIER FERNANDO",
   "CARRAZANO ROJAS, GABRIELA SUSANA",
   "REARTEZ, PEDRO NESTOR",
   "SOSA, NOEMI ROCIO",
   "CASIMIRO, ALVARO EMANUEL"
  ]
 },
 {
  "asistida": "CAPALB\u00cd JAVIER ALFREDO",
  "cargo_ejecutivo": true,
  "clase": "Candidato",
  "cod_alianza": "3735",
  "cod_categoria": "INT",
  "cod_lista": "3735.15.15",
  "cod_partido": "3735.15",
  "codigo": "3735.15.15.818",
  "dni": "24883830",
  "id_candidatura": "3735.15.15.818",
  "id_umv": 1529,
  "imagenes": [
   "3735.15.15.818"
  ],
  "nombre": "CAPALBI, JAVIER ALFREDO",
  "nro_orden": 1,
  "orden_absoluto": [
   12,
   59,
   1,
   4,
   1
  ],
  "secundarios": [

  ],
  "sexo": "M",
  "suplentes": [

  ]
 },
 {
  "asistida": "PEREYRA MORALES HUGO ALEJANDRO",
  "cargo_ejecutivo": false,
  "clase": "Candidato",
  "cod_alianza": "3735",
  "cod_categoria": "CNJ",
  "cod_lista": "3735.1873.1873",
  "cod_partido": "3735.1873",
  "codigo": "3735.1873.1873.2916",
  "dni": "16933034",
  "id_candidatura": "3735.1873.1873.2916",
  "id_umv": 634,
  "imagenes": [
   "3735.1873.1873.2916",
   "default_mujer",
   "default",
   "default_mujer",
   "default",
   "default_mujer",
   "default",
   "default_mujer",
   "default"
  ],
  "nombre": "DR. PEREYRA, HUGO",
  "nro_orden": 1,
  "orden_absoluto": [
   12,
   56,
   80,
   5,
   1
  ],
  "secundarios": [
   "PEREYRA, NATALIA",
   "SANTANDER, LUCAS JONATAN",
   "LAZARTE, MAGDALENA NATALI",
   "FIRME, ELIAS ANSELMO",
   "GUITIAN, ROSANA ELINA",
   "ALBORNOZ ROCA, JOSE MARIA",
   "LOPEZ, SILVANA ALEJANDRA",
   "GASIS, RICARDO MIGUEL ANGEL"
  ],
  "sexo": "M",
  "suplentes": [
   "DORADO MENDEZ JUAREZ, GRACIELA",
   "ALBORNOZ, JORGE ARTURO",
   "REALES, SILVIA AZUCENA"
  ]
 },
 {
  "asistida": "Ramos S\u00e9rgio Om\u00e1r",
  "cargo_ejecutivo": true,
  "clase": "Candidato",
  "cod_alianza": "3735",
  "cod_categoria": "INT",
  "cod_lista": "3735.208.208",
  "cod_partido": "3735.208",
  "codigo": "3735.208.208.3004",
  "dni": "14295667",
  "id_candidatura": "3735.208.208.3004",
  "id_umv": 1540,
  "imagenes": [
   "3735.208.208.3004"
  ],
  "nombre": "RAMOS, \u201cTOPO\u201d",
  "nro_orden": 1,
  "orden_absoluto": [
   12,
   41,
   7,
   4,
   1
  ],
  "secundarios": [

  ],
  "sexo": "M",
  "suplentes": [

  ]
 },
 {
  "asistida": "C\u00f3rdoba Mar\u00eda Aurelia",
  "cargo_ejecutivo": false,
  "clase": "Candidato",
  "cod_alianza": "3735",
  "cod_categoria": "CNJ",
  "cod_lista": "3735.208.208",
  "cod_partido": "3735.208",
  "codigo": "3735.208.208.3325",
  "dni": "37746457",
  "id_candidatura": "3735.208.208.3325",
  "id_umv": 664,
  "imagenes": [
   "3735.208.208.3325",
   "default",
   "default_mujer",
   "default",
   "default_mujer",
   "default",
   "default_mujer",
   "default",
   "default_mujer"
  ],
  "nombre": "CORDOBA, AURELIA",
  "nro_orden": 1,
  "orden_absoluto": [
   12,
   41,
   7,
   5,
   1
  ],
  "secundarios": [
   "CRUZ ORELLANA, JORGE MATIAS",
   "KUJARCHIK, DEBORA IRINA",
   "YONAR, MARCELO HUMBERTO",
   "RICO, CLARA ANA LIA",
   "AGUIERRE, JONATAN EMMANUEL",
   "ACEBO, MIRIAM NIEVES",
   "SARAPURA, DANIEL CANDIDO",
   "TARIFA, NOELIA CARINA"
  ],
  "sexo": "F",
  "suplentes": [
   "VASQUEZ, JUAN DAVID",
   "COLQUE, CAROLINA DE LOS ANGELES",
   "CORDOBA CABEZAS, PABLO RAMIRO",
   "RUEDA, XIMENA LEONOR",
   "OCAMPO, RAUL FRANCISCO",
   "ACOSTA, GRACIELA FERNANDA",
   "CABEZAS, NELSON ADRIAN",
   "MONTA\u00d1O, MARISOL MALENA",
   "CERVANTES, FERNANDO JOSE"
  ]
 },
 {
  "asistida": "PADILLA JU\u00c1N GABRIEL",
  "cargo_ejecutivo": false,
  "clase": "Candidato",
  "cod_alianza": "3735",
  "cod_categoria": "CNJ",
  "cod_lista": "3735.32.32",
  "cod_partido": "3735.32",
  "codigo": "3735.32.32.5235",
  "dni": "33250932",
  "id_candidatura": "3735.32.32.5235",
  "id_umv": 699,
  "imagenes": [
   "3735.32.32.5235",
   "default_mujer",
   "default",
   "default_mujer",
   "default",
   "default_mujer",
   "default",
   "default_mujer",
   "default"
  ],
  "nombre": "PADILLA, JUAN GABRIEL",
  "nro_orden": 1,
  "orden_absoluto": [
   12,
   46,
   63,
   5,
   1
  ],
  "secundarios": [
   "LOPEZ, VERONICA VALERIA",
   "HUARANCA PAUCARA, RUBEN JESUS",
   "LIENDRO, MARCELA VALERIA",
   "DONAIRE, JONATHAN JUAN MANUEL",
   "LAIME, VERONICA GABRIELA",
   "POSPOS, ENZO RAUL",
   "PADILLA, MARIA LUJAN",
   "MENDEZ, LUIS VICTOR"
  ],
  "sexo": "M",
  "suplentes": [
   "TORRES, BLANCA GISELA",
   "BURGOS, HERNAN EDGARDO",
   "CARRAL, SANDRA EVANGELINA",
   "ARAPA, AXEL GASTON",
   "COLQUE, AMERICA DEL VALLE",
   "PADILLA, MATIAS GABRIEL",
   "MORALES, MICAELA MARICEL",
   "PADILLA, ELIO ALEJANDRO",
   "HUARANCA, ESTEFANIS ELIZABETH"
  ]
 },
 {
  "asistida": "TORRES DIEGO MART\u00cdN",
  "cargo_ejecutivo": false,
  "clase": "Candidato",
  "cod_alianza": "3735",
  "cod_categoria": "CNJ",
  "cod_lista": "3735.3650.3650",
  "cod_partido": "3735.3650",
  "codigo": "3735.3650.3650.6003",
  "dni": "37678730",
  "id_candidatura": "3735.3650.3650.6003",
  "id_umv": 736,
  "imagenes": [
   "3735.3650.3650.6003",
   "default_mujer",
   "default",
   "default_mujer",
   "default",
   "default_mujer",
   "default",
   "default_mujer",
   "default"
  ],
  "nombre": "TORRES, DIEGO MARTIN",
  "nro_orden": 1,
  "orden_absoluto": [
   12,
   66,
   23,
   5,
   1
  ],
  "secundarios": [
   "BAUTISTA, BEATRIZ YOLANDA",
   "LIENDRO, FERNANDO SEBASTIAN",
   "MADRID, SILVIA DEL VALLE",
   "MORALES TORRES, RODRIGO EMMANUEL",
   "FLORES, CINTIA MICAELA",
   "CASTILLO, SANTIAGO JESUS",
   "COLQUE, MARIA NAZARENA ELIZABETH",
   "PADILLA, HORACIO ALFREDO"
  ],
  "sexo": "M",
  "suplentes": [
   "TORRES, MARIA ELENA",
   "MORALES, ALBERTO GUSTAVO",
   "BAUTISTA, GLADYS ISABEL",
   "TORRES, SATURNINO HECTOR",
   "CA\u00d1ARI, MARGARITA MABEL",
   "TORRES, NILSON LEONARDO",
   "LIENDRO, ARIANA DEBORA JAZMIN"
  ]
 },
 {
  "asistida": "PIRIZ NEBREDA PABLO RODRIGO",
  "cargo_ejecutivo": false,
  "clase": "Candidato",
  "cod_alianza": "3735",
  "cod_categoria": "CNJ",
  "cod_lista": "3735.4.4",
  "cod_partido": "3735.4",
  "codigo": "3735.4.4.10521",
  "dni": "28153401",
  "id_candidatura": "3735.4.4.10521",
  "id_umv": 792,
  "imagenes": [
   "3735.4.4.10521",
   "default_mujer",
   "default",
   "default_mujer",
   "default",
   "default_mujer",
   "default",
   "default_mujer",
   "default"
  ],
  "nombre": "NEBREDA, \u201cPABLITO\u201d",
  "nro_orden": 1,
  "orden_absoluto": [
   12,
   58,
   6,
   5,
   1
  ],
  "secundarios": [
   "RIOS, MARIA VICTORIA",
   "TINTE, RAUL CESAR",
   "GUAYMAS, ELIZABETH ALEJANDRINA",
   "CORIA, JUAN JOSE",
   "MAGNANI, YULIANA LUDNILA",
   "BARBOZA, PABLO ERICK EZEQUIEL",
   "TOLAVA, TANIA ROSARIO",
   "YAPURA, JOEL JAVIER"
  ],
  "sexo": "M",
  "suplentes": [
   "ABALOS, ABIGAIL MICAELA",
   "AYBAR, MATIAS ISMAEL",
   "MENDEZ, ROSA DEL CARMEN",
   "RUEDA, SEBASTIAN NAHUEL",
   "SIGLER, DANIELA SOLEDAD",
   "OSSANDON NEBREDA, AUGUSTO MARTIN",
   "ZU\u00d1IGA, CARMEN YANELA",
   "MARTINEZ, DIEGO GONZALO",
   "NEBREDA, MARIA ALICIA"
  ]
 },
 {
  "asistida": "Dom\u00ednguez SUSANA MALVINA",
  "cargo_ejecutivo": false,
  "clase": "Candidato",
  "cod_alianza": "3735",
  "cod_categoria": "CNJ",
  "cod_lista": "3735.460.460",
  "cod_partido": "3735.460",
  "codigo": "3735.460.460.11458",
  "dni": "28611737",
  "id_candidatura": "3735.460.460.11458",
  "id_umv": 834,
  "imagenes": [
   "3735.460.460.11458",
   "default",
   "default_mujer",
   "default",
   "default_mujer",
   "default",
   "default_mujer",
   "default",
   "default_mujer"
  ],
  "nombre": "DOMINGUEZ, SUSANA MALVINA",
  "nro_orden": 1,
  "orden_absoluto": [
   12,
   23,
   10,
   5,
   1
  ],
  "secundarios": [
   "FLORES, \u201cSAVIOLA\u201d RAMIRO RAMON",
   "VILLEGAS, OLGA SUSANA",
   "HURTADO, HERNAN FEDERICO",
   "CORDOBA, MIRYAM PATROCINIA",
   "CORIA, DANIEL GUIDO OSCAR",
   "FLORES, ANDREA MARIANELA",
   "TEMER, SERGIO DANIEL",
   "GONZA, MARILINA DELICIA"
  ],
  "sexo": "F",
  "suplentes": [
   "PE\u00d1ALVA, JUAN JOSE",
   "RIOS, AIDA ESTER",
   "LAMAS, JORGE EDUARDO",
   "FLORES, PAOLA DEL VALLE",
   "VISCARRA, PABLO RENE",
   "ZARATE, STEFANIA SOLEDAD",
   "CRUZ, FERNANDO AUGUSTO"
  ]
 },
 {
  "asistida": "Voto en BLANCO",
  "cargo_ejecutivo": false,
  "clase": "Blanco",
  "cod_categoria": "CNJ",
  "cod_lista": "",
  "codigo": "BLC",
  "id_candidatura": "BLC",
  "id_umv": 877,
  "imagenes": [
   "BLC"
  ],
  "nombre": "Voto en BLANCO",
  "nro_orden": 5,
  "orden_absoluto": [
   994,
   5
  ],
  "secundarios": [

  ],
  "sexo": null,
  "suplentes": [

  ]
 },
 {
  "asistida": "Voto en BLANCO",
  "cargo_ejecutivo": true,
  "clase": "Blanco",
  "cod_categoria": "INT",
  "cod_lista": "",
  "codigo": "BLC",
  "id_candidatura": "BLC",
  "id_umv": 1651,
  "imagenes": [
   "BLC"
  ],
  "nombre": "Voto en BLANCO",
  "nro_orden": 4,
  "orden_absoluto": [
   994,
   4
  ],
  "secundarios": [

  ],
  "sexo": null,
  "suplentes": [

  ]
 },
 {
  "asistida": "Votos IMPUGNADOS",
  "cargo_ejecutivo": false,
  "clase": "Especial",
  "cod_categoria": "CNJ",
  "cod_lista": "",
  "codigo": "IMP",
  "id_candidatura": "IMP",
  "id_umv": 937,
  "nombre": "Votos IMPUGNADOS",
  "nro_orden": 5,
  "orden_absoluto": [
   995,
   5
  ],
  "secundarios": [

  ],
  "sexo": null,
  "suplentes": [

  ]
 },
 {
  "asistida": "Votos IMPUGNADOS",
  "cargo_ejecutivo": true,
  "clase": "Especial",
  "cod_categoria": "INT",
  "cod_lista": "",
  "codigo": "IMP",
  "id_candidatura": "IMP",
  "id_umv": 1711,
  "nombre": "Votos IMPUGNADOS",
  "nro_orden": 4,
  "orden_absoluto": [
   995,
   4
  ],
  "secundarios": [

  ],
  "sexo": null,
  "suplentes": [

  ]
 },
 {
  "asistida": "Votos OBSERVADOS",
  "cargo_ejecutivo": false,
  "clase": "Especial",
  "cod_categoria": "CNJ",
  "cod_lista": "",
  "codigo": "OBS",
  "id_candidatura": "OBS",
  "id_umv": 997,
  "nombre": "Votos OBSERVADOS",
  "nro_orden": 5,
  "orden_absoluto": [
   996,
   5
  ],
  "secundarios": [

  ],
  "sexo": null,
  "suplentes": [

  ]
 },
 {
  "asistida": "Votos OBSERVADOS",
  "cargo_ejecutivo": true,
  "clase": "Especial",
  "cod_categoria": "INT",
  "cod_lista": "",
  "codigo": "OBS",
  "id_candidatura": "OBS",
  "id_umv": 1771,
  "nombre": "Votos OBSERVADOS",
  "nro_orden": 4,
  "orden_absoluto": [
   996,
   4
  ],
  "secundarios": [

  ],
  "sexo": null,
  "suplentes": [

  ]
 }
]