[
 {
  "CNJ": 28,
  "INT": 1234,
  "agrupacion_municipal": false,
  "codigo": "3717.13.13",
  "lista_completa": true
 },
 {
  "CNJ": 56,
  "INT": 1234,
  "agrupacion_municipal": false,
  "codigo": "3717.2543.2543",
  "lista_completa": true
 },
 {
  "CNJ": 78,
  "INT": 1245,
  "agrupacion_municipal": false,
  "codigo": "3717.2626.2626",
  "lista_completa": true
 },
 {
  "CNJ": 99,
  "INT": 1255,
  "agrupacion_municipal": false,
  "codigo": "3717.3739.3739",
  "lista_completa": true
 },
 {
  "CNJ": 176,
  "INT": 1297,
  "agrupacion_municipal": false,
  "codigo": "3723.1870.1870",
  "lista_completa": true
 },
 {
  "CNJ": 194,
  "INT": 1297,
  "agrupacion_municipal": false,
  "codigo": "3723.3741.3741",
  "lista_completa": true
 },
 {
  "INT": 1337,
  "agrupacion_municipal": false,
  "codigo": "3728.3742.3742",
  "lista_completa": false
 },
 {
  "CNJ": 245,
  "INT": 1337,
  "agrupacion_municipal": false,
  "codigo": "3728.3748.3748",
  "lista_completa": true
 },
 {
  "CNJ": 273,
  "INT": 1363,
  "agrupacion_municipal": false,
  "codigo": "3729.3747.3747",
  "lista_completa": true
 },
 {
  "CNJ": 360,
  "INT": 1426,
  "agrupacion_municipal": false,
  "codigo": "3731.3743.3743",
  "lista_completa": true
 },
 {
  "CNJ": 385,
  "INT": 1450,
  "agrupacion_municipal": false,
  "codigo": "3732.3740.3740",
  "lista_completa": true
 },
 {
  "CNJ": 396,
  "INT": 1484,
  "agrupacion_municipal": false,
  "codigo": "3733.10.10",
  "lista_completa": true
 },
 {
  "CNJ": 416,
  "INT": 1484,
  "agrupacion_municipal": false,
  "codigo": "3733.1861.1861",
  "lista_completa": true
 },
 {
  "CNJ": 441,
  "INT": 1470,
  "agrupacion_municipal": false,
  "codigo": "3733.1862.1862",
  "lista_completa": true
 },
 {
  "CNJ": 474,
  "INT": 1470,
  "agrupacion_municipal": false,
  "codigo": "3733.1869.1869",
  "lista_completa": true
 },
 {
  "CNJ": 500,
  "INT": 1484,
  "agrupacion_municipal": false,
  "codigo": "3733.2625.2625",
  "lista_completa": true
 },
 {
  "CNJ": 516,
  "INT": 1470,
  "agrupacion_municipal": false,
  "codigo": "3733.2627.2627",
  "lista_completa": true
 },
 {
  "CNJ": 561,
  "INT": 1470,
  "agrupacion_municipal": false,
  "codigo": "3733.38.38",
  "lista_completa": true
 },
 {
  "CNJ": 597,
  "INT": 1577,
  "agrupacion_municipal": false,
  "codigo": "3735.15.15",
  "lista_completa": true
 },
 {
  "CNJ": 612,
  "INT": 1577,
  "agrupacion_municipal": false,
  "codigo": "3735.1873.1873",
  "lista_completa": true
 },
 {
  "CNJ": 643,
  "INT": 1577,
  "agrupacion_municipal": false,
  "codigo": "3735.208.208",
  "lista_completa": true
 },
 {
  "CNJ": 681,
  "INT": 1577,
  "agrupacion_municipal": false,
  "codigo": "3735.32.32",
  "lista_completa": true
 },
 {
  "CNJ": 713,
  "INT": 1543,
  "agrupacion_municipal": false,
  "codigo": "3735.3650.3650",
  "lista_completa": true
 },
 {
  "CNJ": 758,
  "INT": 1577,
  "agrupacion_municipal": false,
  "codigo": "3735.4.4",
  "lista_completa": true
 },
 {
  "CNJ": 809,
  "INT": 1543,
  "agrupacion_municipal": false,
  "codigo": "3735.460.460",
  "lista_completa": true
 },
 {
  "CNJ": 897,
  "INT": 1671,
  "agrupacion_municipal": false,
  "codigo": "BLC",
  "lista_completa": true
 }
]