[
 {
  "asistida": "CORONEL PROF.M\u00e1ri\" MAR\u00cdA",
  "cargo_ejecutivo": true,
  "clase": "Candidato",
  "cod_alianza": "3717",
  "cod_categoria": "INT",
  "cod_lista": "3717.13.13",
  "cod_partido": "3717.13",
  "codigo": "3717.13.13.440",
  "dni": "16663948",
  "id_candidatura": "3717.13.13.440",
  "id_umv": 1234,
  "imagenes": [
   "3717.13.13.440"
  ],
  "nombre": "PROF. CORONEL, \u201cMARY\u201d",
  "nro_orden": 1,
  "orden_absoluto": [
   6,
   52,
   75,
   4,
   1
  ],
  "secundarios": [

  ],
  "sexo": "F",
  "suplentes": [

  ]
 },
 {
  "asistida": "SEGUNDO SILVIA ESTER",
  "cargo_ejecutivo": false,
  "clase": "Candidato",
  "cod_alianza": "3717",
  "cod_categoria": "CNJ",
  "cod_lista": "3717.13.13",
  "cod_partido": "3717.13",
  "codigo": "3717.13.13.556",
  "dni": "26881586",
  "id_candidatura": "3717.13.13.556",
  "id_umv": 28,
  "imagenes": [
   "3717.13.13.556",
   "default",
   "default_mujer",
   "default",
   "default_mujer",
   "default",
   "default_mujer"
  ],
  "nombre": "SEGUNDO, SILVIA ESTER",
  "nro_orden": 1,
  "orden_absoluto": [
   6,
   52,
   75,
   5,
   1
  ],
  "secundarios": [
   "ALCOBA, FRANCISCO",
   "RASARO, NOEMI MODESTA",
   "DELGADO, JESUS ALBERTO",
   "VALDEZ, CLARA SILVIA",
   "ZAPANA, BRAIAN VICTOR ALEJANDRO",
   "MONTERO, NORMA MARIA"
  ],
  "sexo": "F",
  "suplentes": [
   "BALBOA, FEDERICO",
   "RODAS, KAREN CANDELA NICOLE",
   "BAYON, ALFREDO HORACIO",
   "RODRIGUEZ, ISABEL",
   "BARONI, JONATAN YAEL"
  ]
 },
 {
  "asistida": "LEA\u00d1O CRISTIAN LORENZO",
  "cargo_ejecutivo": false,
  "clase": "Candidato",
  "cod_alianza": "3717",
  "cod_categoria": "CNJ",
  "cod_lista": "3717.2543.2543",
  "cod_partido": "3717.2543",
  "codigo": "3717.2543.2543.3723",
  "dni": "27868804",
  "id_candidatura": "3717.2543.2543.3723",
  "id_umv": 56,
  "imagenes": [
   "3717.2543.2543.3723",
   "default_mujer",
   "default",
   "default_mujer",
   "default",
   "default_mujer",
   "default"
  ],
  "nombre": "LEA\u00d1O, CRISTIAN",
  "nro_orden": 1,
  "orden_absoluto": [
   6,
   71,
   17,
   5,
   1
  ],
  "secundarios": [
   "CASTILLO, MARCIA GLADYS",
   "DEL VALLE, RAMON ROSA",
   "LUJAN, SILVANNA ELIZABETH",
   "CRUZ CARO, IVAN EDUARDO",
   "VILLAFUERTE MACIAS, MERCEDES",
   "TERCERO, FELIX MANUEL"
  ],
  "sexo": "M",
  "suplentes": [
   "GUZMAN, EDDY NATALIA",
   "MARTINEZ, RODRIGO RAMIRO",
   "ZALAZAR, CLAUDIA LUCIA",
   "ALMARAZ, FERNANDO FRANCISCO",
   "ORRILLO, MARTA INES"
  ]
 },
 {
  "asistida": "BULACIO GUILLERMO ALEJANDRO",
  "cargo_ejecutivo": true,
  "clase": "Candidato",
  "cod_alianza": "3717",
  "cod_categoria": "INT",
  "cod_lista": "3717.2626.2626",
  "cod_partido": "3717.2626",
  "codigo": "3717.2626.2626.4373",
  "dni": "21853610",
  "id_candidatura": "3717.2626.2626.4373",
  "id_umv": 1245,
  "imagenes": [
   "3717.2626.2626.4373"
  ],
  "nombre": "BULACIO, \u201cYIYO\u201d",
  "nro_orden": 1,
  "orden_absoluto": [
   6,
   4,
   19,
   4,
   1
  ],
  "secundarios": [

  ],
  "sexo": "M",
  "suplentes": [

  ]
 },
 {
  "asistida": "CISNERO NICOL\u00c1S JERM\u00c1N",
  "cargo_ejecutivo": false,
  "clase": "Candidato",
  "cod_alianza": "3717",
  "cod_categoria": "CNJ",
  "cod_lista": "3717.2626.2626",
  "cod_partido": "3717.2626",
  "codigo": "3717.2626.2626.4436",
  "dni": "35909272",
  "id_candidatura": "3717.2626.2626.4436",
  "id_umv": 78,
  "imagenes": [
   "3717.2626.2626.4436",
   "default_mujer",
   "default",
   "default_mujer",
   "default",
   "default_mujer",
   "default"
  ],
  "nombre": "CISNERO, NICOLAS",
  "nro_orden": 1,
  "orden_absoluto": [
   6,
   4,
   19,
   5,
   1
  ],
  "secundarios": [
   "ERAZO, ERCILIA ROSA",
   "AGUIRRE, SERGIO EZEQUIEL",
   "GONZALEZ, REBECA RAQUEL",
   "YA\u00d1EZ LIENDRO, DIEGO RAMON",
   "VAZQUEZ, PATRICIA EDITH",
   "PAREDES, CARLOS FLORENCIO"
  ],
  "sexo": "M",
  "suplentes": [
   "OROSCO, NOEMI VICTORIA",
   "OLIVERA, JUAN JOSE",
   "CORTEZ, MIRTA ANDREA",
   "BORDA, JUAN CARLOS",
   "CORTEZ, MARIA ROSA",
   "GUEVARA, CARLOS GUSTAVO MIGUEL"
  ]
 },
 {
  "asistida": "VILLALBA V\u00edCTOR HUGO",
  "cargo_ejecutivo": true,
  "clase": "Candidato",
  "cod_alianza": "3717",
  "cod_categoria": "INT",
  "cod_lista": "3717.3739.3739",
  "cod_partido": "3717.3739",
  "codigo": "3717.3739.3739.6440",
  "dni": "28698242",
  "id_candidatura": "3717.3739.3739.6440",
  "id_umv": 1255,
  "imagenes": [
   "3717.3739.3739.6440"
  ],
  "nombre": "VILLALBA, HUGO",
  "nro_orden": 1,
  "orden_absoluto": [
   6,
   17,
   64,
   4,
   1
  ],
  "secundarios": [

  ],
  "sexo": "M",
  "suplentes": [

  ]
 },
 {
  "asistida": "VILLALBA DAVID EDGARDO",
  "cargo_ejecutivo": false,
  "clase": "Candidato",
  "cod_alianza": "3717",
  "cod_categoria": "CNJ",
  "cod_lista": "3717.3739.3739",
  "cod_partido": "3717.3739",
  "codigo": "3717.3739.3739.6608",
  "dni": "28066345",
  "id_candidatura": "3717.3739.3739.6608",
  "id_umv": 99,
  "imagenes": [
   "3717.3739.3739.6608",
   "default_mujer",
   "default",
   "default_mujer",
   "default",
   "default_mujer",
   "default"
  ],
  "nombre": "VILLALBA, DAVID",
  "nro_orden": 1,
  "orden_absoluto": [
   6,
   17,
   64,
   5,
   1
  ],
  "secundarios": [
   "NIEVA, LUCIANA DANIELA ANABEL",
   "JUSTINIANO, JULIO ANTONIO",
   "GIL, VIRGINIA LORENA",
   "RODRIGUEZ, GONZALO DAVID",
   "PAREDES, CLARA",
   "RAMIREZ, JESUS BLADIMIR"
  ],
  "sexo": "M",
  "suplentes": [
   "ERAZO, OLGA MARCELA",
   "HERRERA, ESTEBAN MATIAS",
   "GASPAR, REINA BELEN",
   "DOMINGUEZ, JESUS RAFAEL",
   "VILLALVA, ANGELA MARLENE",
   "VALDIVIEZO, ENZO HERNAN"
  ]
 },
 {
  "asistida": "RUEDA YOGUI RAMON ROBERTO",
  "cargo_ejecutivo": false,
  "clase": "Candidato",
  "cod_alianza": "3723",
  "cod_categoria": "CNJ",
  "cod_lista": "3723.1870.1870",
  "cod_partido": "3723.1870",
  "codigo": "3723.1870.1870.2482",
  "dni": "20627235",
  "id_candidatura": "3723.1870.1870.2482",
  "id_umv": 176,
  "imagenes": [
   "3723.1870.1870.2482",
   "default_mujer",
   "default",
   "default_mujer",
   "default",
   "default_mujer",
   "default"
  ],
  "nombre": "RUEDA, \u201cYOGUI\u201d RAMON ROBERTO",
  "nro_orden": 1,
  "orden_absoluto": [
   5,
   10,
   46,
   5,
   1
  ],
  "secundarios": [
   "VELEIZAN, \u201cLUPITA\u201d GUADALUPE",
   "CAMPOS ZABALA, FABIO GERARDO",
   "BOLIVAR, FABIANA MABEL",
   "JUAREZ, ANGEL NAHUEL",
   "SOTO, MARTA CINTIA",
   "BORDA, JAVIER ALEJANDRO"
  ],
  "sexo": "M",
  "suplentes": [
   "CADIMA, MYRNA LORENA",
   "GALARZA, JORGE LUIS",
   "GARECA, MARCELA ELIZABETH",
   "MONTES, SERGIO RICARDO",
   "MANUEL, MARIA INES",
   "MARTINEZ, JORGE ROLANDO"
  ]
 },
 {
  "asistida": "SUAREZ H\u00c9CTOR IGNACIO",
  "cargo_ejecutivo": true,
  "clase": "Candidato",
  "cod_alianza": "3723",
  "cod_categoria": "INT",
  "cod_lista": "3723.3741.3741",
  "cod_partido": "3723.3741",
  "codigo": "3723.3741.3741.7232",
  "dni": "23385544",
  "id_candidatura": "3723.3741.3741.7232",
  "id_umv": 1297,
  "imagenes": [
   "3723.3741.3741.7232"
  ],
  "nombre": "SUAREZ, HECTOR IGNACIO",
  "nro_orden": 1,
  "orden_absoluto": [
   5,
   14,
   65,
   4,
   1
  ],
  "secundarios": [

  ],
  "sexo": "M",
  "suplentes": [

  ]
 },
 {
  "asistida": "SILVETI MAR\u00cdA DEL HUERTO",
  "cargo_ejecutivo": false,
  "clase": "Candidato",
  "cod_alianza": "3723",
  "cod_categoria": "CNJ",
  "cod_lista": "3723.3741.3741",
  "cod_partido": "3723.3741",
  "codigo": "3723.3741.3741.7370",
  "dni": "21853780",
  "id_candidatura": "3723.3741.3741.7370",
  "id_umv": 194,
  "imagenes": [
   "3723.3741.3741.7370",
   "default",
   "default_mujer",
   "default",
   "default_mujer",
   "default",
   "default_mujer"
  ],
  "nombre": "SILVETTI, MARIA DEL HUERTO",
  "nro_orden": 1,
  "orden_absoluto": [
   5,
   14,
   65,
   5,
   1
  ],
  "secundarios": [
   "RUEJAS, JOSE RUBEN",
   "JUAREZ, PAULA PATRICIA",
   "PAREDES, JOSE MARIA",
   "BARRIENTOS, ELINA ELVIA",
   "CRUZ, ELBIO ROLANDO",
   "MALDONADO, DANIELA ESTER"
  ],
  "sexo": "F",
  "suplentes": [
   "LOPEZ, GREGORIO MARCIAL",
   "CHESAROTTE, NADIA LORENA",
   "MARTINEZ, RICARDO CESAR",
   "ERAZO, MARLENI ELIZABET",
   "QUIPILDOR, JUAN RAMON",
   "GUEVARA, PATRICIA DE LOS ANGELES",
   "MARTINEZ, JORGE NAHUEL"
  ]
 },
 {
  "asistida": "DONAT ANITA MARCELA",
  "cargo_ejecutivo": true,
  "clase": "Candidato",
  "cod_alianza": "3728",
  "cod_categoria": "INT",
  "cod_lista": "3728.3742.3742",
  "cod_partido": "3728.3742",
  "codigo": "3728.3742.3742.7765",
  "dni": "21315684",
  "id_candidatura": "3728.3742.3742.7765",
  "id_umv": 1337,
  "imagenes": [
   "3728.3742.3742.7765"
  ],
  "nombre": "DONAT, ANITA MARCELA",
  "nro_orden": 1,
  "orden_absoluto": [
   9,
   21,
   66,
   4,
   1
  ],
  "secundarios": [

  ],
  "sexo": "F",
  "suplentes": [

  ]
 },
 {
  "asistida": "GUZMAN MANUEL MARIANO NICOL\u00c1S",
  "cargo_ejecutivo": false,
  "clase": "Candidato",
  "cod_alianza": "3728",
  "cod_categoria": "CNJ",
  "cod_lista": "3728.3748.3748",
  "cod_partido": "3728.3748",
  "codigo": "3728.3748.3748.9559",
  "dni": "35280686",
  "id_candidatura": "3728.3748.3748.9559",
  "id_umv": 245,
  "imagenes": [
   "3728.3748.3748.9559",
   "default_mujer",
   "default",
   "default_mujer",
   "default",
   "default_mujer",
   "default"
  ],
  "nombre": "GUZMAN MANUEL, MARIANO NICOLAS",
  "nro_orden": 1,
  "orden_absoluto": [
   9,
   15,
   24,
   5,
   1
  ],
  "secundarios": [
   "FERNANDEZ CORTES, ORIANA MORENA",
   "DONAT, JOSE ENRIQUE",
   "GATABRIA RIOS, LUZ MARIA",
   "ALVAREZ, ELIAS NAHUEL",
   "VALDIVIEZO, IARA BELEN",
   "GARCIA, RODRIGO ALEJANDRO"
  ],
  "sexo": "M",
  "suplentes": [
   "AVILA CARO, FLORENCIA ESTEFANIA"
  ]
 },
 {
  "asistida": "OLIVERA MART\u00cdN FEDERICO",
  "cargo_ejecutivo": true,
  "clase": "Candidato",
  "cod_alianza": "3729",
  "cod_categoria": "INT",
  "cod_lista": "3729.3747.3747",
  "cod_partido": "3729.3747",
  "codigo": "3729.3747.3747.9115",
  "dni": "24864749",
  "id_candidatura": "3729.3747.3747.9115",
  "id_umv": 1363,
  "imagenes": [
   "3729.3747.3747.9115"
  ],
  "nombre": "OLIVERA, MARTIN FEDERICO",
  "nro_orden": 1,
  "orden_absoluto": [
   24,
   68,
   67,
   4,
   1
  ],
  "secundarios": [

  ],
  "sexo": "M",
  "suplentes": [

  ]
 },
 {
  "asistida": "ZABALA ADRIAN ROSENDO",
  "cargo_ejecutivo": false,
  "clase": "Candidato",
  "cod_alianza": "3729",
  "cod_categoria": "CNJ",
  "cod_lista": "3729.3747.3747",
  "cod_partido": "3729.3747",
  "codigo": "3729.3747.3747.9237",
  "dni": "30683025",
  "id_candidatura": "3729.3747.3747.9237",
  "id_umv": 273,
  "imagenes": [
   "3729.3747.3747.9237",
   "default_mujer",
   "default",
   "default_mujer",
   "default",
   "default_mujer",
   "default"
  ],
  "nombre": "ZABALA, ADRIAN ROSENDO",
  "nro_orden": 1,
  "orden_absoluto": [
   24,
   68,
   67,
   5,
   1
  ],
  "secundarios": [
   "CONRADO, NORMA AVELINA",
   "MOLINA, RUBEN ALEJANDRO",
   "JUAREZ, ROSANA ELIZABETH",
   "OLIVERA, PEDRO MARTIN",
   "SAID, KARINA ELIZABETH",
   "CORTEZ, MARIO FELIX"
  ],
  "sexo": "M",
  "suplentes": [
   "MACIAS ARIAS, LOURDES VERONICA",
   "CELESTINO, AMERICO",
   "CHAVARRIA, BLANCA AZUCENA",
   "GALARZA, DIEGO ALFREDO",
   "JUAREZ, CARINA MARISOL DEL"
  ]
 },
 {
  "asistida": "Taritolay BETI",
  "cargo_ejecutivo": true,
  "clase": "Candidato",
  "cod_alianza": "3731",
  "cod_categoria": "INT",
  "cod_lista": "3731.3743.3743",
  "cod_partido": "3731.3743",
  "codigo": "3731.3743.3743.8000",
  "dni": "18647245",
  "id_candidatura": "3731.3743.3743.8000",
  "id_umv": 1426,
  "imagenes": [
   "3731.3743.3743.8000"
  ],
  "nombre": "TARITOLAY, \u201cBETY\u201d",
  "nro_orden": 1,
  "orden_absoluto": [
   10,
   22,
   68,
   4,
   1
  ],
  "secundarios": [

  ],
  "sexo": "F",
  "suplentes": [

  ]
 },
 {
  "asistida": "CU\u00c9LLAR KARINA DE LOS ANGELES",
  "cargo_ejecutivo": false,
  "clase": "Candidato",
  "cod_alianza": "3731",
  "cod_categoria": "CNJ",
  "cod_lista": "3731.3743.3743",
  "cod_partido": "3731.3743",
  "codigo": "3731.3743.3743.8106",
  "dni": "26401155",
  "id_candidatura": "3731.3743.3743.8106",
  "id_umv": 360,
  "imagenes": [
   "3731.3743.3743.8106",
   "default",
   "default_mujer",
   "default",
   "default_mujer",
   "default",
   "default_mujer"
  ],
  "nombre": "CUELLAR, KARINA DE LOS ANGELES",
  "nro_orden": 1,
  "orden_absoluto": [
   10,
   22,
   68,
   5,
   1
  ],
  "secundarios": [
   "LUNA, JORGE ALEJANDRO",
   "NICOLOPULOS, MARIA EUGENIA",
   "SANCHEZ, JULIO VICTOR",
   "RUIZ, IVANA ANDREA",
   "APAZA, JUAN FREDDY",
   "RAMIREZ, VIVIANA DEL ROSARIO"
  ],
  "sexo": "F",
  "suplentes": [
   "BRAVO, PABLO LEONARDO ALEJANDRO",
   "TARITOLAY, SOFIA AYLEN",
   "LEDESMA, RENE GUSTAVO",
   "JAIME, ERIKA NATALI",
   "TORO, BRIAN MAXIMILIANO",
   "MOLINA, JOANA CANDELA"
  ]
 },
 {
  "asistida": "CORRO El\u00edzabet LUC\u00cdA",
  "cargo_ejecutivo": true,
  "clase": "Candidato",
  "cod_alianza": "3732",
  "cod_categoria": "INT",
  "cod_lista": "3732.3740.3740",
  "cod_partido": "3732.3740",
  "codigo": "3732.3740.3740.6964",
  "dni": "25322295",
  "id_candidatura": "3732.3740.3740.6964",
  "id_umv": 1450,
  "imagenes": [
   "3732.3740.3740.6964"
  ],
  "nombre": "CORRO, ELIZABETH LUCIA",
  "nro_orden": 1,
  "orden_absoluto": [
   7,
   18,
   73,
   4,
   1
  ],
  "secundarios": [

  ],
  "sexo": "F",
  "suplentes": [

  ]
 },
 {
  "asistida": "Bol\u00edvar ANAL\u00cdA DEL ROSARIO",
  "cargo_ejecutivo": false,
  "clase": "Candidato",
  "cod_alianza": "3732",
  "cod_categoria": "CNJ",
  "cod_lista": "3732.3740.3740",
  "cod_partido": "3732.3740",
  "codigo": "3732.3740.3740.7049",
  "dni": "28066331",
  "id_candidatura": "3732.3740.3740.7049",
  "id_umv": 385,
  "imagenes": [
   "3732.3740.3740.7049",
   "default",
   "default_mujer",
   "default",
   "default_mujer",
   "default",
   "default_mujer"
  ],
  "nombre": "BOLIVAR, ANALIA DEL ROSARIO",
  "nro_orden": 1,
  "orden_absoluto": [
   7,
   18,
   73,
   5,
   1
  ],
  "secundarios": [
   "RUIZ, ISAAC ALDO ELIO",
   "CABALLERO, CINTIA NADIA",
   "CASTILLO, JORGE ALFREDO",
   "TOLABA, GRISELDA",
   "TOLABA, CARLOS MARCELO",
   "SEGUNDO, ROSA ESTEFANIA"
  ],
  "sexo": "F",
  "suplentes": [
   "COLINA, GONZALO HERNAN",
   "RISSO, MARIA EUGENIA",
   "CABALLERO, MARIO REINALDO"
  ]
 },
 {
  "asistida": "ROMERO ANA Isab\u00e9l",
  "cargo_ejecutivo": false,
  "clase": "Candidato",
  "cod_alianza": "3733",
  "cod_categoria": "CNJ",
  "cod_lista": "3733.10.10",
  "cod_partido": "3733.10",
  "codigo": "3733.10.10.106",
  "dni": "22304592",
  "id_candidatura": "3733.10.10.106",
  "id_umv": 396,
  "imagenes": [
   "3733.10.10.106",
   "default",
   "default_mujer",
   "default",
   "default_mujer",
   "default",
   "default_mujer"
  ],
  "nombre": "ROMERO, ANA ISABEL",
  "nro_orden": 1,
  "orden_absoluto": [
   11,
   51,
   4,
   5,
   1
  ],
  "secundarios": [
   "HERRERA, JOSE LUIS",
   "BERTOZZI, IRMA LILIANA",
   "SIVILA, JUAN CARLOS",
   "RIOS LUNA, IVANA YANINA",
   "ALTAMIRANDA, JAVIER ALEJANDRO",
   "CASTRO, ROSANA DE LOS ANGELE"
  ],
  "sexo": "F",
  "suplentes": [
   "CABRERA, CARLOS ARIEL",
   "RUIZ, PASTORA EUGENIA",
   "ECHAZU, MARCOS ANTONIO",
   "CANO, XIMENA DAIANA",
   "FRANCO, HUGO LEONARDO",
   "HERRERA CORRO, JULIETA SOFIA"
  ]
 },
 {
  "asistida": "CASASOLA ROBERTO EMANUEL",
  "cargo_ejecutivo": false,
  "clase": "Candidato",
  "cod_alianza": "3733",
  "cod_categoria": "CNJ",
  "cod_lista": "3733.1861.1861",
  "cod_partido": "3733.1861",
  "codigo": "3733.1861.1861.1421",
  "dni": "31275220",
  "id_candidatura": "3733.1861.1861.1421",
  "id_umv": 416,
  "imagenes": [
   "3733.1861.1861.1421",
   "default_mujer",
   "default",
   "default_mujer",
   "default",
   "default_mujer",
   "default"
  ],
  "nombre": "CASASOLA, ROBERTO EMANUEL",
  "nro_orden": 1,
  "orden_absoluto": [
   11,
   55,
   13,
   5,
   1
  ],
  "secundarios": [
   "MEDINA, AVELINA PATRICIA",
   "CARO, GUILLERMO HIPOLITO",
   "LEDESMA, ELIZABET CONCEPCION",
   "MONTEROS, SERGIO DANIEL",
   "RUEDA, SONIA ESTHER",
   "ARROYO, JUAN CANCIO"
  ],
  "sexo": "M",
  "suplentes": [
   "VILLAFA\u00d1E, MARIA EUGENIA",
   "ABAN, HUGO ORLANDO",
   "PARRA, MARIA BELEN",
   "PORCEL, EDGARDO FABIAN",
   "SUAREZ, CINTIA CECILIA",
   "LUNA, CARLOS ANTONIO",
   "JIMENEZ, LUANA ABIGAIL"
  ]
 },
 {
  "asistida": "GALL\u00c1RDO JORGE ANTONIO",
  "cargo_ejecutivo": true,
  "clase": "Candidato",
  "cod_alianza": "3733",
  "cod_categoria": "INT",
  "cod_lista": "3733.1862.1862",
  "cod_partido": "3733.1862",
  "codigo": "3733.1862.1862.1617",
  "dni": "12417909",
  "id_candidatura": "3733.1862.1862.1617",
  "id_umv": 1470,
  "imagenes": [
   "3733.1862.1862.1617"
  ],
  "nombre": "GALLARDO, JORGE ANTONIO",
  "nro_orden": 1,
  "orden_absoluto": [
   11,
   63,
   14,
   4,
   1
  ],
  "secundarios": [

  ],
  "sexo": "M",
  "suplentes": [

  ]
 },
 {
  "asistida": "PASTRANA ALDO RUB\u00c9N",
  "cargo_ejecutivo": false,
  "clase": "Candidato",
  "cod_alianza": "3733",
  "cod_categoria": "CNJ",
  "cod_lista": "3733.1862.1862",
  "cod_partido": "3733.1862",
  "codigo": "3733.1862.1862.1772",
  "dni": "11834737",
  "id_candidatura": "3733.1862.1862.1772",
  "id_umv": 441,
  "imagenes": [
   "3733.1862.1862.1772",
   "default_mujer",
   "default",
   "default_mujer",
   "default",
   "default_mujer",
   "default"
  ],
  "nombre": "PASTRANA, ALDO RUBEN",
  "nro_orden": 1,
  "orden_absoluto": [
   11,
   63,
   14,
   5,
   1
  ],
  "secundarios": [
   "CISNEROS, CECILIA BEATRIZ",
   "RODRIGUEZ, CLAUDIO DOMINGO",
   "VILLAGRA LUNA, MARION AYELEN",
   "TORRES, ALAIN MAXIMILIANO",
   "ARIAS, MIRTA SUSANA",
   "CRUZ, HUGO CORNELIO"
  ],
  "sexo": "M",
  "suplentes": [
   "ALVARADO, NOELIA ANA MARIA",
   "ROMERO, RAMIRO MAXIMILIANO",
   "URO, MARIA STELLA MARIS",
   "TEJERINA, CARLOS ENRIQUE",
   "MELCHO, SUSANA VICTORIA",
   "ARIAS, SERGIO AMADEO",
   "DIAZ, ANTONIA MARIANA"
  ]
 },
 {
  "asistida": "GONZALEZ CRIST\u00cdNA GLADYS",
  "cargo_ejecutivo": false,
  "clase": "Candidato",
  "cod_alianza": "3733",
  "cod_categoria": "CNJ",
  "cod_lista": "3733.1869.1869",
  "cod_partido": "3733.1869",
  "codigo": "3733.1869.1869.2230",
  "dni": "28050162",
  "id_candidatura": "3733.1869.1869.2230",
  "id_umv": 474,
  "imagenes": [
   "3733.1869.1869.2230",
   "default",
   "default_mujer",
   "default",
   "default_mujer",
   "default",
   "default_mujer"
  ],
  "nombre": "GONZALEZ, CRISTINA GLADYS",
  "nro_orden": 1,
  "orden_absoluto": [
   11,
   67,
   15,
   5,
   1
  ],
  "secundarios": [
   "SALVATIERRA, ALBERTO RAFAEL",
   "COLINA, NOELIA VERONICA",
   "AYLAN, FERNANDO AGUSTIN",
   "AGUIRRE, CINTIA VERONICA",
   "GARECA, GERARDO ELIAS",
   "JUAREZ, PAULA ANDREA"
  ],
  "sexo": "F",
  "suplentes": [
   "GOMEZ, CLEMENTE ISAIAS",
   "ARAMAYO, CLAUDIA MARCELA",
   "ROMERO, SERGIO DANIEL",
   "LAGORIA, CAMILA NAHIR",
   "OLIVAREZ, FELIPE ANTONIO",
   "RAMIREZ, FLORENCIA AGUSTINA",
   "ENRIQUEZ ACOSTA, CARLOS FABRICIO"
  ]
 },
 {
  "asistida": "CABRERA MAR\u00cdA SOLEDAD",
  "cargo_ejecutivo": true,
  "clase": "Candidato",
  "cod_alianza": "3733",
  "cod_categoria": "INT",
  "cod_lista": "3733.2625.2625",
  "cod_partido": "3733.2625",
  "codigo": "3733.2625.2625.4118",
  "dni": "28698331",
  "id_candidatura": "3733.2625.2625.4118",
  "id_umv": 1484,
  "imagenes": [
   "3733.2625.2625.4118"
  ],
  "nombre": "CABRERA, MARIA SOLEDAD",
  "nro_orden": 1,
  "orden_absoluto": [
   11,
   50,
   62,
   4,
   1
  ],
  "secundarios": [

  ],
  "sexo": "F",
  "suplentes": [

  ]
 },
 {
  "asistida": "MERCADO FAUSTINO MARCELO",
  "cargo_ejecutivo": false,
  "clase": "Candidato",
  "cod_alianza": "3733",
  "cod_categoria": "CNJ",
  "cod_lista": "3733.2625.2625",
  "cod_partido": "3733.2625",
  "codigo": "3733.2625.2625.4179",
  "dni": "24180000",
  "id_candidatura": "3733.2625.2625.4179",
  "id_umv": 500,
  "imagenes": [
   "3733.2625.2625.4179",
   "default_mujer",
   "default",
   "default_mujer",
   "default",
   "default_mujer",
   "default"
  ],
  "nombre": "MERCADO, FAUSTINO MARCELO",
  "nro_orden": 1,
  "orden_absoluto": [
   11,
   50,
   62,
   5,
   1
  ],
  "secundarios": [
   "YECEROTTE, EUGENIA ALEJANDRA",
   "RIOS, SEBASTIAN RAMIRO",
   "VEGA, ISABEL LORENA",
   "ALTAMIRANDA, SEBASTIAN FERNANDO",
   "RIOS, MELISA CRISTINA",
   "HERRERA, JUAN CARLOS"
  ],
  "sexo": "M",
  "suplentes": [
   "BRZEZINSKI, ADRIANA MARGOT",
   "PE\u00d1A, JOSE MIGUEL",
   "MEDINA, BRENDA JORGELINA",
   "LARAS, EDUARDO JOSE MANUEL",
   "HERRERA, MARA SOLEDAD",
   "GUERRERO, CARLOS ALEJANDRO",
   "RUIZ, MARIA LORENA"
  ]
 },
 {
  "asistida": "VEGA DANIEL GUSTAVO",
  "cargo_ejecutivo": false,
  "clase": "Candidato",
  "cod_alianza": "3733",
  "cod_categoria": "CNJ",
  "cod_lista": "3733.2627.2627",
  "cod_partido": "3733.2627",
  "codigo": "3733.2627.2627.4635",
  "dni": "23385555",
  "id_candidatura": "3733.2627.2627.4635",
  "id_umv": 516,
  "imagenes": [
   "3733.2627.2627.4635",
   "default_mujer",
   "default",
   "default_mujer",
   "default",
   "default_mujer",
   "default"
  ],
  "nombre": "VEGA, DANIEL GUSTAVO",
  "nro_orden": 1,
  "orden_absoluto": [
   11,
   72,
   20,
   5,
   1
  ],
  "secundarios": [
   "IBA\u00d1EZ, MARIA BELEN",
   "RUEDA, CLAUDIO MARCELO",
   "CHOCOBAR, FLORENCIA ROCIO",
   "GALLARDO, PEDRO SEBASTIAN",
   "GUERRERO, FABIANA ELISABETH",
   "RUEDA, ARIEL ANGEL"
  ],
  "sexo": "M",
  "suplentes": [
   "GUERRERO, ALICIA ALEJANDRA",
   "QUINTANA, CAROL BERNARDO",
   "IBA\u00d1EZ, ALEJANDRA GUADALUPE",
   "GUERRERO, GUILLERMO ENRIQUE"
  ]
 },
 {
  "asistida": "MORALES JORGE ALBERTO",
  "cargo_ejecutivo": false,
  "clase": "Candidato",
  "cod_alianza": "3733",
  "cod_categoria": "CNJ",
  "cod_lista": "3733.38.38",
  "cod_partido": "3733.38",
  "codigo": "3733.38.38.9811",
  "dni": "17914365",
  "id_candidatura": "3733.38.38.9811",
  "id_umv": 561,
  "imagenes": [
   "3733.38.38.9811",
   "default_mujer",
   "default",
   "default_mujer",
   "default",
   "default_mujer",
   "default"
  ],
  "nombre": "MORALES, JORGE ALBERTO",
  "nro_orden": 1,
  "orden_absoluto": [
   11,
   65,
   5,
   5,
   1
  ],
  "secundarios": [
   "CANCINO, YONI FLORENCIA",
   "SOUTO, HECTOR ANDRES",
   "MORALES, CAROLINA JOANA",
   "MERCADO, LUIS ROBERTO",
   "MOYA, MARIA SONIA",
   "DIAZ, JUAN MARCELO"
  ],
  "sexo": "M",
  "suplentes": [
   "ROMERO, MARIA DEL VALLE",
   "MEDINA, JOSE HECTOR",
   "FLORES, CAROLINA",
   "MARTINEZ, RAMON GUILLERMO",
   "ARAGON, LIDIA FLORENCIA",
   "VILLAGRA, ESTANISLAO BRUNO",
   "ARIAS, IRMA"
  ]
 },
 {
  "asistida": "JU\u00c1REZ CLAUDIO JAVIER",
  "cargo_ejecutivo": false,
  "clase": "Candidato",
  "cod_alianza": "3735",
  "cod_categoria": "CNJ",
  "cod_lista": "3735.15.15",
  "cod_partido": "3735.15",
  "codigo": "3735.15.15.923",
  "dni": "25451027",
  "id_candidatura": "3735.15.15.923",
  "id_umv": 597,
  "imagenes": [
   "3735.15.15.923",
   "default_mujer",
   "default",
   "default_mujer",
   "default",
   "default_mujer",
   "default"
  ],
  "nombre": "JUAREZ, \u201cSAPITO\u201d",
  "nro_orden": 1,
  "orden_absoluto": [
   12,
   59,
   1,
   5,
   1
  ],
  "secundarios": [
   "SALINAS, SILVINA ANALIA",
   "SALAZAR, ERNESTO DANIEL",
   "RUIZ, CINTIA CARINA",
   "CUELLAR, LUIS CARLOS",
   "CHAVARRIA, MARGARITA GABRIELA",
   "RUIZ, UBALDO HUMBERTO DEL VALLE"
  ],
  "sexo": "M",
  "suplentes": [
   "DECIMA, FLORENCIA ABIGAIL",
   "TOLABA, NESTOR RENE",
   "TOLABA, SANDRA",
   "JUAREZ, JULIO CESAR",
   "ALVAREZ, ANA LORENA"
  ]
 },
 {
  "asistida": "CARRIZO MARIBEL YANINA",
  "cargo_ejecutivo": false,
  "clase": "Candidato",
  "cod_alianza": "3735",
  "cod_categoria": "CNJ",
  "cod_lista": "3735.1873.1873",
  "cod_partido": "3735.1873",
  "codigo": "3735.1873.1873.2676",
  "dni": "35909358",
  "id_candidatura": "3735.1873.1873.2676",
  "id_umv": 612,
  "imagenes": [
   "3735.1873.1873.2676",
   "default",
   "default_mujer",
   "default",
   "default_mujer",
   "default",
   "default_mujer"
  ],
  "nombre": "CARRIZO, MARIBEL YANINA",
  "nro_orden": 1,
  "orden_absoluto": [
   12,
   56,
   80,
   5,
   1
  ],
  "secundarios": [
   "RENFIGIO, CLAUDIO ARIEL",
   "ROBLE, MARIA DE LOS ANGELES",
   "OLARTE, JUAN MANUEL",
   "QUISPE, ROSA",
   "BARRIENTOS, LUCAS MATIAS",
   "JUAREZ, ADRIANA SOLEDAD"
  ],
  "sexo": "F",
  "suplentes": [
   "ENRIQUEZ REYES, CARLOS IGNACIO",
   "CARDOZO, CAMILA DE LOS ANGELES",
   "CURI, CRISTIAN MARIANO SAID",
   "ZABALA, DANIELA MERCEDES",
   "YAPURA, NAHUEL JOEL MARTIN"
  ]
 },
 {
  "asistida": "Guant\u00e1y EDUARDO DANIEL",
  "cargo_ejecutivo": false,
  "clase": "Candidato",
  "cod_alianza": "3735",
  "cod_categoria": "CNJ",
  "cod_lista": "3735.208.208",
  "cod_partido": "3735.208",
  "codigo": "3735.208.208.3078",
  "dni": "21896500",
  "id_candidatura": "3735.208.208.3078",
  "id_umv": 643,
  "imagenes": [
   "3735.208.208.3078",
   "default_mujer",
   "default",
   "default_mujer",
   "default",
   "default_mujer",
   "default"
  ],
  "nombre": "GUANTAY, DANIEL",
  "nro_orden": 1,
  "orden_absoluto": [
   12,
   41,
   7,
   5,
   1
  ],
  "secundarios": [
   "ABARZA, SILVIA AMANDA",
   "LLANES, JOSE RENE",
   "MEDINA, CLAUDIA MARCELA",
   "TEJEDA, JORGE LUIS",
   "ZALAZAR, MIRTA DEL CARMEN",
   "ROJAS, DAMIAN EZEQUIEL"
  ],
  "sexo": "M",
  "suplentes": [
   "GARNICA, VERONICA LUISA",
   "CARRASCO, VICTOR MANUEL",
   "FRANCO, CLAUDIA LORENA",
   "SALAZAR, CESAR GUSTAVO",
   "SALAZAR, LILA BELEN",
   "FARFAN, PACIFICO NILO",
   "MARTINEZ, CECILIA ESTHER"
  ]
 },
 {
  "asistida": "Rodr\u00edguez ROSARIO",
  "cargo_ejecutivo": false,
  "clase": "Candidato",
  "cod_alianza": "3735",
  "cod_categoria": "CNJ",
  "cod_lista": "3735.32.32",
  "cod_partido": "3735.32",
  "codigo": "3735.32.32.5013",
  "dni": "25324924",
  "id_candidatura": "3735.32.32.5013",
  "id_umv": 681,
  "imagenes": [
   "3735.32.32.5013",
   "default",
   "default_mujer",
   "default",
   "default_mujer",
   "default",
   "default_mujer"
  ],
  "nombre": "RODRIGUEZ, ROSARIO",
  "nro_orden": 1,
  "orden_absoluto": [
   12,
   46,
   63,
   5,
   1
  ],
  "secundarios": [
   "CA\u00d1ANIMA, MARCOS BERNARDO",
   "MURUA, KARINA DEL VALLE",
   "CURI, HECTOR JORGE",
   "LOPEZ, TEODOLINA",
   "CHACON, JOSE RUBEN",
   "HERRERA, BLANCA CATALINA"
  ],
  "sexo": "F",
  "suplentes": [
   "RODRIGUEZ, FRANCISCO BENITO",
   "DELGADO, MAIRA ALEJANDRA",
   "FIGUEROA, JESUS ENZO EMANUEL",
   "GUZMAN, RUTH GUADALUPE",
   "MONTERO, SERGIO DANIEL"
  ]
 },
 {
  "asistida": "ROJAS LUC\u00cdA DEL VALLE",
  "cargo_ejecutivo": true,
  "clase": "Candidato",
  "cod_alianza": "3735",
  "cod_categoria": "INT",
  "cod_lista": "3735.3650.3650",
  "cod_partido": "3735.3650",
  "codigo": "3735.3650.3650.5607",
  "dni": "33922228",
  "id_candidatura": "3735.3650.3650.5607",
  "id_umv": 1543,
  "imagenes": [
   "3735.3650.3650.5607"
  ],
  "nombre": "ROJAS, LUCIA DEL VALLE",
  "nro_orden": 1,
  "orden_absoluto": [
   12,
   66,
   23,
   4,
   1
  ],
  "secundarios": [

  ],
  "sexo": "F",
  "suplentes": [

  ]
 },
 {
  "asistida": "DEL CASTA\u00d1O GEREZ SUSANA",
  "cargo_ejecutivo": false,
  "clase": "Candidato",
  "cod_alianza": "3735",
  "cod_categoria": "CNJ",
  "cod_lista": "3735.3650.3650",
  "cod_partido": "3735.3650",
  "codigo": "3735.3650.3650.5735",
  "dni": "26962738",
  "id_candidatura": "3735.3650.3650.5735",
  "id_umv": 713,
  "imagenes": [
   "3735.3650.3650.5735",
   "default",
   "default_mujer",
   "default",
   "default_mujer",
   "default",
   "default_mujer"
  ],
  "nombre": "DEL CASTA\u00d1O, GABRIELA",
  "nro_orden": 1,
  "orden_absoluto": [
   12,
   66,
   23,
   5,
   1
  ],
  "secundarios": [
   "OTAIZA, \u201cGULA\u201d ARIEL",
   "JOTAYAN, ANTONIA MARIA SOLEDA",
   "PEREA, MARCELO GABRIEL",
   "ROMERO, NATALIA GUADALUPE",
   "GOMEZ, NESTOR BENITO",
   "LOPEZ, CINTIA SOLEDAD VANESA"
  ],
  "sexo": "F",
  "suplentes": [
   "DELGADO, GUSTAVO ALEJANDRO",
   "TORRES, CORINA DEL CARMEN",
   "FERNANDO NIEVA, CARLOS DANTE",
   "OROSCO, FANY NOEMI",
   "ORTIZ, PABLO NICOLAS",
   "PRINCICH SANCHEZ, MONICA AURORA"
  ]
 },
 {
  "asistida": "SOSA ALFREDO",
  "cargo_ejecutivo": true,
  "clase": "Candidato",
  "cod_alianza": "3735",
  "cod_categoria": "INT",
  "cod_lista": "3735.4.4",
  "cod_partido": "3735.4",
  "codigo": "3735.4.4.10035",
  "dni": "17183342",
  "id_candidatura": "3735.4.4.10035",
  "id_umv": 1577,
  "imagenes": [
   "3735.4.4.10035"
  ],
  "nombre": "SOSA, ALFREDO",
  "nro_orden": 1,
  "orden_absoluto": [
   12,
   58,
   6,
   4,
   1
  ],
  "secundarios": [

  ],
  "sexo": "M",
  "suplentes": [

  ]
 },
 {
  "asistida": "CARO M\u00c1RI VIVIANA",
  "cargo_ejecutivo": false,
  "clase": "Candidato",
  "cod_alianza": "3735",
  "cod_categoria": "CNJ",
  "cod_lista": "3735.4.4",
  "cod_partido": "3735.4",
  "codigo": "3735.4.4.10191",
  "dni": "17914340",
  "id_candidatura": "3735.4.4.10191",
  "id_umv": 758,
  "imagenes": [
   "3735.4.4.10191",
   "default",
   "default_mujer",
   "default",
   "default_mujer",
   "default",
   "default_mujer"
  ],
  "nombre": "CARO, MARY VIVIANA",
  "nro_orden": 1,
  "orden_absoluto": [
   12,
   58,
   6,
   5,
   1
  ],
  "secundarios": [
   "CISNERO, RICARDO RAMON",
   "SANCHO, ROCIO BELEN",
   "MU\u00d1OZ, JAVIER HORACIO",
   "BALDERRAMA, NERY VILMA",
   "RUIZ, RENE JAVIER",
   "SALAZAR, SONIA LIA"
  ],
  "sexo": "F",
  "suplentes": [
   "GUEVARA, GUSTAVO FERMIN",
   "CEBALLOS, RAQUEL ANDREA",
   "CHAMBI, SERGIO ALDO"
  ]
 },
 {
  "asistida": "ALMIR\u00d3N \u00c1LVARO RODRIGO",
  "cargo_ejecutivo": false,
  "clase": "Candidato",
  "cod_alianza": "3735",
  "cod_categoria": "CNJ",
  "cod_lista": "3735.460.460",
  "cod_partido": "3735.460",
  "codigo": "3735.460.460.11183",
  "dni": "29870728",
  "id_candidatura": "3735.460.460.11183",
  "id_umv": 809,
  "imagenes": [
   "3735.460.460.11183",
   "default_mujer",
   "default",
   "default_mujer",
   "default",
   "default_mujer",
   "default"
  ],
  "nombre": "ALMIRON, ALVARO RODRIGO",
  "nro_orden": 1,
  "orden_absoluto": [
   12,
   23,
   10,
   5,
   1
  ],
  "secundarios": [
   "ROMERO, DINA RUTH",
   "OLIVERA, PATRICIO MIGUEL",
   "ORELLANA, CARLA ANDREA",
   "DIAZ, HUGO ORLANDO",
   "FRIAS, GRACIELA MICAELA",
   "LEIVA, ANDRES EMILIANO"
  ],
  "sexo": "M",
  "suplentes": [
   "MORALES, YESICA PAOLA",
   "ALMIRON, AGUSTIN ALEJANDRO",
   "GALARZA TAPIA, MARIANA ELIZABETH",
   "CHARCAS, MARCO ANTONIO",
   "MOYA, TERESA DEL VALLE",
   "BOLIVAR, FRANCISCO IVAN"
  ]
 },
 {
  "asistida": "Voto en BLANCO",
  "cargo_ejecutivo": false,
  "clase": "Blanco",
  "cod_categoria": "CNJ",
  "cod_lista": "",
  "codigo": "BLC",
  "id_candidatura": "BLC",
  "id_umv": 897,
  "imagenes": [
   "BLC"
  ],
  "nombre": "Voto en BLANCO",
  "nro_orden": 5,
  "orden_absoluto": [
   994,
   5
  ],
  "secundarios": [

  ],
  "sexo": null,
  "suplentes": [

  ]
 },
 {
  "asistida": "Voto en BLANCO",
  "cargo_ejecutivo": true,
  "clase": "Blanco",
  "cod_categoria": "INT",
  "cod_lista": "",
  "codigo": "BLC",
  "id_candidatura": "BLC",
  "id_umv": 1671,
  "imagenes": [
   "BLC"
  ],
  "nombre": "Voto en BLANCO",
  "nro_orden": 4,
  "orden_absoluto": [
   994,
   4
  ],
  "secundarios": [

  ],
  "sexo": null,
  "suplentes": [

  ]
 },
 {
  "asistida": "Votos IMPUGNADOS",
  "cargo_ejecutivo": false,
  "clase": "Especial",
  "cod_categoria": "CNJ",
  "cod_lista": "",
  "codigo": "IMP",
  "id_candidatura": "IMP",
  "id_umv": 957,
  "nombre": "Votos IMPUGNADOS",
  "nro_orden": 5,
  "orden_absoluto": [
   995,
   5
  ],
  "secundarios": [

  ],
  "sexo": null,
  "suplentes": [

  ]
 },
 {
  "asistida": "Votos IMPUGNADOS",
  "cargo_ejecutivo": true,
  "clase": "Especial",
  "cod_categoria": "INT",
  "cod_lista": "",
  "codigo": "IMP",
  "id_candidatura": "IMP",
  "id_umv": 1731,
  "nombre": "Votos IMPUGNADOS",
  "nro_orden": 4,
  "orden_absoluto": [
   995,
   4
  ],
  "secundarios": [

  ],
  "sexo": null,
  "suplentes": [

  ]
 },
 {
  "asistida": "Votos OBSERVADOS",
  "cargo_ejecutivo": false,
  "clase": "Especial",
  "cod_categoria": "CNJ",
  "cod_lista": "",
  "codigo": "OBS",
  "id_candidatura": "OBS",
  "id_umv": 1017,
  "nombre": "Votos OBSERVADOS",
  "nro_orden": 5,
  "orden_absoluto": [
   996,
   5
  ],
  "secundarios": [

  ],
  "sexo": null,
  "suplentes": [

  ]
 },
 {
  "asistida": "Votos OBSERVADOS",
  "cargo_ejecutivo": true,
  "clase": "Especial",
  "cod_categoria": "INT",
  "cod_lista": "",
  "codigo": "OBS",
  "id_candidatura": "OBS",
  "id_umv": 1791,
  "nombre": "Votos OBSERVADOS",
  "nro_orden": 4,
  "orden_absoluto": [
   996,
   4
  ],
  "secundarios": [

  ],
  "sexo": null,
  "suplentes": [

  ]
 }
]