[
 {
  "CNJ": 16,
  "INT": 1227,
  "agrupacion_municipal": false,
  "codigo": "3657.3657.3657",
  "lista_completa": true
 },
 {
  "CNJ": 41,
  "INT": 1277,
  "agrupacion_municipal": false,
  "codigo": "3717.13.13",
  "lista_completa": true
 },
 {
  "CNJ": 119,
  "INT": 1277,
  "agrupacion_municipal": false,
  "codigo": "3717.3739.3739",
  "lista_completa": true
 },
 {
  "CNJ": 141,
  "INT": 1277,
  "agrupacion_municipal": false,
  "codigo": "3717.443.443",
  "lista_completa": true
 },
 {
  "CNJ": 218,
  "INT": 1321,
  "agrupacion_municipal": false,
  "codigo": "3723.3741.3741",
  "lista_completa": true
 },
 {
  "CNJ": 239,
  "INT": 1348,
  "agrupacion_municipal": false,
  "codigo": "3728.3742.3742",
  "lista_completa": true
 },
 {
  "CNJ": 256,
  "INT": 1348,
  "agrupacion_municipal": false,
  "codigo": "3728.3748.3748",
  "lista_completa": true
 },
 {
  "CNJ": 376,
  "INT": 1441,
  "agrupacion_municipal": false,
  "codigo": "3731.3743.3743",
  "lista_completa": true
 },
 {
  "CNJ": 404,
  "INT": 1477,
  "agrupacion_municipal": false,
  "codigo": "3733.10.10",
  "lista_completa": true
 },
 {
  "CNJ": 427,
  "INT": 1477,
  "agrupacion_municipal": false,
  "codigo": "3733.1861.1861",
  "lista_completa": true
 },
 {
  "CNJ": 458,
  "INT": 1477,
  "agrupacion_municipal": false,
  "codigo": "3733.1862.1862",
  "lista_completa": true
 },
 {
  "CNJ": 488,
  "INT": 1477,
  "agrupacion_municipal": false,
  "codigo": "3733.1869.1869",
  "lista_completa": true
 },
 {
  "CNJ": 509,
  "INT": 1477,
  "agrupacion_municipal": false,
  "codigo": "3733.2625.2625",
  "lista_completa": true
 },
 {
  "CNJ": 529,
  "INT": 1477,
  "agrupacion_municipal": false,
  "codigo": "3733.2627.2627",
  "lista_completa": true
 },
 {
  "CNJ": 569,
  "INT": 1477,
  "agrupacion_municipal": false,
  "codigo": "3733.38.38",
  "lista_completa": true
 },
 {
  "CNJ": 662,
  "INT": 1561,
  "agrupacion_municipal": false,
  "codigo": "3735.208.208",
  "lista_completa": true
 },
 {
  "CNJ": 697,
  "INT": 1561,
  "agrupacion_municipal": false,
  "codigo": "3735.32.32",
  "lista_completa": true
 },
 {
  "CNJ": 733,
  "INT": 1561,
  "agrupacion_municipal": false,
  "codigo": "3735.3650.3650",
  "lista_completa": true
 },
 {
  "INT": 1561,
  "agrupacion_municipal": false,
  "codigo": "3735.3745.3745",
  "lista_completa": false
 },
 {
  "CNJ": 787,
  "INT": 1561,
  "agrupacion_municipal": false,
  "codigo": "3735.4.4",
  "lista_completa": true
 },
 {
  "CNJ": 832,
  "INT": 1561,
  "agrupacion_municipal": false,
  "codigo": "3735.460.460",
  "lista_completa": true
 },
 {
  "CNJ": 847,
  "INT": 1621,
  "agrupacion_municipal": false,
  "codigo": "685.685.685",
  "lista_completa": true
 },
 {
  "CNJ": 882,
  "INT": 1656,
  "agrupacion_municipal": false,
  "codigo": "BLC",
  "lista_completa": true
 }
]