[
 {
  "asistida": "Mazone JUAN ROSARIO",
  "cargo_ejecutivo": true,
  "clase": "Candidato",
  "cod_alianza": "3657",
  "cod_categoria": "INT",
  "cod_lista": "3657.3657.3657",
  "cod_partido": "3657.3657",
  "codigo": "3657.3657.3657.6162",
  "dni": "10007516",
  "id_candidatura": "3657.3657.3657.6162",
  "id_umv": 1227,
  "imagenes": [
   "3657.3657.3657.6162"
  ],
  "nombre": "MAZZONE, JUAN ROSARIO \u201cCHICHO\u201d",
  "nro_orden": 1,
  "orden_absoluto": [
   2,
   7,
   39,
   4,
   1
  ],
  "secundarios": [

  ],
  "sexo": "M",
  "suplentes": [

  ]
 },
 {
  "asistida": "BERMUDEZ SOLEDAD DE LOS ANGELES",
  "cargo_ejecutivo": false,
  "clase": "Candidato",
  "cod_alianza": "3657",
  "cod_categoria": "CNJ",
  "cod_lista": "3657.3657.3657",
  "cod_partido": "3657.3657",
  "codigo": "3657.3657.3657.6163",
  "dni": "30031941",
  "id_candidatura": "3657.3657.3657.6163",
  "id_umv": 16,
  "imagenes": [
   "3657.3657.3657.6163",
   "default",
   "default_mujer",
   "default",
   "default_mujer"
  ],
  "nombre": "BERMUDEZ, SOLEDAD DE LOS ANGELES",
  "nro_orden": 1,
  "orden_absoluto": [
   2,
   7,
   39,
   5,
   1
  ],
  "secundarios": [
   "PORTAL, ERIC JONATAN DOUGLAS",
   "VILLACORTA, JESICA JANET",
   "LOPEZ, MARCOS GABRIEL",
   "FERREYRA, YENINA CAROLINA"
  ],
  "sexo": "F",
  "suplentes": [
   "PEREZ, FELIX MARTIN",
   "SANDOVAL, ADRIANA ELIZABETH",
   "ALZOGARAY, FERNANDO EXEQUIEL",
   "CARRAZANA, MARIANA JANETH",
   "ROCHA, MARIO ROLANDO"
  ]
 },
 {
  "asistida": "ROJAS ROBERTA",
  "cargo_ejecutivo": false,
  "clase": "Candidato",
  "cod_alianza": "3717",
  "cod_categoria": "CNJ",
  "cod_lista": "3717.13.13",
  "cod_partido": "3717.13",
  "codigo": "3717.13.13.710",
  "dni": "33046008",
  "id_candidatura": "3717.13.13.710",
  "id_umv": 41,
  "imagenes": [
   "3717.13.13.710",
   "default",
   "default_mujer",
   "default",
   "default_mujer"
  ],
  "nombre": "ROJAS, ROBERTA",
  "nro_orden": 1,
  "orden_absoluto": [
   6,
   52,
   75,
   5,
   1
  ],
  "secundarios": [
   "MAMANI, HECTOR FRANCISCO",
   "CABANA, CLELIA",
   "BELLIDO, GERARDO JOSE TELMO",
   "PACHECO, VICTORIA ESTEFANIA"
  ],
  "sexo": "F",
  "suplentes": [
   "VILLAGRAN, VICTOR GERARDO",
   "BELLIDO, BELLA ARACELLI SELVA",
   "QUIPILDOR, ADOLFO",
   "VILLAGRAN, PAOLA NOEMI"
  ]
 },
 {
  "asistida": "CARI JORGE BRUNO",
  "cargo_ejecutivo": true,
  "clase": "Candidato",
  "cod_alianza": "3717",
  "cod_categoria": "INT",
  "cod_lista": "3717.3739.3739",
  "cod_partido": "3717.3739",
  "codigo": "3717.3739.3739.6462",
  "dni": "24761326",
  "id_candidatura": "3717.3739.3739.6462",
  "id_umv": 1277,
  "imagenes": [
   "3717.3739.3739.6462"
  ],
  "nombre": "CARI, JORGE",
  "nro_orden": 1,
  "orden_absoluto": [
   6,
   17,
   64,
   4,
   1
  ],
  "secundarios": [

  ],
  "sexo": "M",
  "suplentes": [

  ]
 },
 {
  "asistida": "PACHECO CEFERINO GU\u00c1LTER",
  "cargo_ejecutivo": false,
  "clase": "Candidato",
  "cod_alianza": "3717",
  "cod_categoria": "CNJ",
  "cod_lista": "3717.3739.3739",
  "cod_partido": "3717.3739",
  "codigo": "3717.3739.3739.6818",
  "dni": "24246558",
  "id_candidatura": "3717.3739.3739.6818",
  "id_umv": 119,
  "imagenes": [
   "3717.3739.3739.6818",
   "default_mujer",
   "default",
   "default_mujer",
   "default"
  ],
  "nombre": "PACHECO, CEFERINO WALTER",
  "nro_orden": 1,
  "orden_absoluto": [
   6,
   17,
   64,
   5,
   1
  ],
  "secundarios": [
   "CORDOBA, SILVANA GREGORIA",
   "PACHECO, RODRIGO ABEL FRANCO",
   "CARI, VALERIA DEL CARMEN",
   "ORTEGA, ANTONIO RAMON"
  ],
  "sexo": "M",
  "suplentes": [
   "REYES, DANIELA GISEL LOS ANGELES",
   "BRITO, RICARDO DAVID SEBASTIAN",
   "GONZALEZ, LORENA ELISABETH",
   "VERA, FERNANDO ALEJANDRO",
   "LOZANO, RAMONA ALICIA"
  ]
 },
 {
  "asistida": "PADILLA FRANCISCO GABRIEL",
  "cargo_ejecutivo": false,
  "clase": "Candidato",
  "cod_alianza": "3717",
  "cod_categoria": "CNJ",
  "cod_lista": "3717.443.443",
  "cod_partido": "3717.443",
  "codigo": "3717.443.443.10774",
  "dni": "25377238",
  "id_candidatura": "3717.443.443.10774",
  "id_umv": 141,
  "imagenes": [
   "3717.443.443.10774",
   "default_mujer",
   "default",
   "default_mujer",
   "default"
  ],
  "nombre": "PADILLA, FRANCISCO GABRIEL",
  "nro_orden": 1,
  "orden_absoluto": [
   6,
   69,
   9,
   5,
   1
  ],
  "secundarios": [
   "MURILLO, SABRINA RUTH",
   "VALDIVIEZO, FAUSTO EDUARDO",
   "BELLIDO, MARIA EUGENIA",
   "LUNA, AGUSTIN EMILIANO"
  ],
  "sexo": "M",
  "suplentes": [
   "COLMENARES, DORA ESTELA",
   "GUSTAMANTE, ALBERTO ELOY",
   "COLMENARES, BETIANA PAOLA",
   "ALVAREZ, JULIO ARGENTINO",
   "OSUNA, NATALIA VANINA"
  ]
 },
 {
  "asistida": "LEIVA NELY MERCEDES",
  "cargo_ejecutivo": true,
  "clase": "Candidato",
  "cod_alianza": "3723",
  "cod_categoria": "INT",
  "cod_lista": "3723.3741.3741",
  "cod_partido": "3723.3741",
  "codigo": "3723.3741.3741.7256",
  "dni": "13829370",
  "id_candidatura": "3723.3741.3741.7256",
  "id_umv": 1321,
  "imagenes": [
   "3723.3741.3741.7256"
  ],
  "nombre": "LEIVA, NELLY MERCEDES",
  "nro_orden": 1,
  "orden_absoluto": [
   5,
   14,
   65,
   4,
   1
  ],
  "secundarios": [

  ],
  "sexo": "F",
  "suplentes": [

  ]
 },
 {
  "asistida": "VALDEZ A\u00cdDA MARISA",
  "cargo_ejecutivo": false,
  "clase": "Candidato",
  "cod_alianza": "3723",
  "cod_categoria": "CNJ",
  "cod_lista": "3723.3741.3741",
  "cod_partido": "3723.3741",
  "codigo": "3723.3741.3741.7610",
  "dni": "25158886",
  "id_candidatura": "3723.3741.3741.7610",
  "id_umv": 218,
  "imagenes": [
   "3723.3741.3741.7610",
   "default",
   "default_mujer",
   "default",
   "default_mujer"
  ],
  "nombre": "VALDEZ, \u201cMARISA\u201d",
  "nro_orden": 1,
  "orden_absoluto": [
   5,
   14,
   65,
   5,
   1
  ],
  "secundarios": [
   "SALVA, RAUL ERNESTO",
   "ARIAS, CRISTINA NOEMI",
   "SOTO, LEONARDO RODOLFO",
   "CISNERO, NATALIA YESICA"
  ],
  "sexo": "F",
  "suplentes": [
   "CARDOZO, CARLOS ALBERTO",
   "LIENDRO, GLADYS ELISA",
   "VARGAS, LEONARDO JESUS"
  ]
 },
 {
  "asistida": "PUCA JOS\u00c9 HIP\u00d3LITO",
  "cargo_ejecutivo": true,
  "clase": "Candidato",
  "cod_alianza": "3728",
  "cod_categoria": "INT",
  "cod_lista": "3728.3742.3742",
  "cod_partido": "3728.3742",
  "codigo": "3728.3742.3742.7776",
  "dni": "21581133",
  "id_candidatura": "3728.3742.3742.7776",
  "id_umv": 1348,
  "imagenes": [
   "3728.3742.3742.7776"
  ],
  "nombre": "PUCA, JOSE HIPOLITO",
  "nro_orden": 1,
  "orden_absoluto": [
   9,
   21,
   66,
   4,
   1
  ],
  "secundarios": [

  ],
  "sexo": "M",
  "suplentes": [

  ]
 },
 {
  "asistida": "MOLINA ANAGUA JOANA GRISELDA",
  "cargo_ejecutivo": false,
  "clase": "Candidato",
  "cod_alianza": "3728",
  "cod_categoria": "CNJ",
  "cod_lista": "3728.3742.3742",
  "cod_partido": "3728.3742",
  "codigo": "3728.3742.3742.7900",
  "dni": "35837584",
  "id_candidatura": "3728.3742.3742.7900",
  "id_umv": 239,
  "imagenes": [
   "3728.3742.3742.7900",
   "default",
   "default_mujer",
   "default",
   "default_mujer"
  ],
  "nombre": "MOLINA ANAGUA, JOHANA GRISELDA",
  "nro_orden": 1,
  "orden_absoluto": [
   9,
   21,
   66,
   5,
   1
  ],
  "secundarios": [
   "REALES, JOSE LUIS",
   "PERALTA, IVANA MANUELA",
   "SANTO, PEDRO RICARDO",
   "ZALAZAR, NORMA EVANGELINA"
  ],
  "sexo": "F",
  "suplentes": [
   "TEJERINA, JUAN CARLOS",
   "MENDOZA, GRACIELA OLGA",
   "ALMARAZ, NESTOR DANIEL"
  ]
 },
 {
  "asistida": "PORTUGU\u00c9S FREDY MARCOS",
  "cargo_ejecutivo": false,
  "clase": "Candidato",
  "cod_alianza": "3728",
  "cod_categoria": "CNJ",
  "cod_lista": "3728.3748.3748",
  "cod_partido": "3728.3748",
  "codigo": "3728.3748.3748.9686",
  "dni": "14781557",
  "id_candidatura": "3728.3748.3748.9686",
  "id_umv": 256,
  "imagenes": [
   "3728.3748.3748.9686",
   "default_mujer",
   "default",
   "default_mujer",
   "default"
  ],
  "nombre": "PORTUGUES, FREDY MARCOS",
  "nro_orden": 1,
  "orden_absoluto": [
   9,
   15,
   24,
   5,
   1
  ],
  "secundarios": [
   "BARRIOS, KARINA",
   "JAIMEZ, NELSON ROQUE",
   "ISASMENDI, NORMA VIVIANA",
   "ARIAS, EMILIO ALBINO"
  ],
  "sexo": "M",
  "suplentes": [
   "TEJERINA, JESICA CARINA",
   "ABRAHAN, CRISTIAN NADIR",
   "SANCHEZ, YANINA ROSANA"
  ]
 },
 {
  "asistida": "ARROYO Ilda TERESA",
  "cargo_ejecutivo": true,
  "clase": "Candidato",
  "cod_alianza": "3731",
  "cod_categoria": "INT",
  "cod_lista": "3731.3743.3743",
  "cod_partido": "3731.3743",
  "codigo": "3731.3743.3743.8015",
  "dni": "13829357",
  "id_candidatura": "3731.3743.3743.8015",
  "id_umv": 1441,
  "imagenes": [
   "3731.3743.3743.8015"
  ],
  "nombre": "ARROYO, HILDA TERESA",
  "nro_orden": 1,
  "orden_absoluto": [
   10,
   22,
   68,
   4,
   1
  ],
  "secundarios": [

  ],
  "sexo": "F",
  "suplentes": [

  ]
 },
 {
  "asistida": "ESPEJO FRANCO KEVIN",
  "cargo_ejecutivo": false,
  "clase": "Candidato",
  "cod_alianza": "3731",
  "cod_categoria": "CNJ",
  "cod_lista": "3731.3743.3743",
  "cod_partido": "3731.3743",
  "codigo": "3731.3743.3743.8300",
  "dni": "38471728",
  "id_candidatura": "3731.3743.3743.8300",
  "id_umv": 376,
  "imagenes": [
   "3731.3743.3743.8300",
   "default_mujer",
   "default",
   "default_mujer",
   "default"
  ],
  "nombre": "ESPEJO, FRANCO KEVIN",
  "nro_orden": 1,
  "orden_absoluto": [
   10,
   22,
   68,
   5,
   1
  ],
  "secundarios": [
   "ZULLCA, GERONIMA ROSALIA",
   "RODRIGUEZ, MIGUEL ANGEL ABRAHAM",
   "ZULLCA, CARLA ANAHI",
   "HERRERA, ARAON LEONEL"
  ],
  "sexo": "M",
  "suplentes": [
   "VACA, KARINA ALEJANDRA",
   "SERRANO, JONATAN JOEL",
   "LIENDRO, MICAELA ALEJANDRA",
   "SERRANO, CARLOS ANTONIO",
   "DIAZ, GRACIELA OLGA"
  ]
 },
 {
  "asistida": "\u00c1LVAREZ MAR\u00cdA FERNANDA",
  "cargo_ejecutivo": false,
  "clase": "Candidato",
  "cod_alianza": "3733",
  "cod_categoria": "CNJ",
  "cod_lista": "3733.10.10",
  "cod_partido": "3733.10",
  "codigo": "3733.10.10.207",
  "dni": "21318535",
  "id_candidatura": "3733.10.10.207",
  "id_umv": 404,
  "imagenes": [
   "3733.10.10.207",
   "default",
   "default_mujer",
   "default",
   "default_mujer"
  ],
  "nombre": "ALVAREZ, MARIA FERNANDA",
  "nro_orden": 1,
  "orden_absoluto": [
   11,
   51,
   4,
   5,
   1
  ],
  "secundarios": [
   "SARCAY, HECTOR MAXIMILIANO",
   "SANCHEZ, MAGDALENA BEATRIZ",
   "VAZQUEZ, NESTOR CLAUDIO",
   "REYES, ANGELA GABRIELA"
  ],
  "sexo": "F",
  "suplentes": [
   "RIOS, GUSTAVO DANIEL",
   "CHOCOBAR, LORENA ELISABETH",
   "FUENSALIDA, SAUL ANTONIO",
   "BERMUDEZ, VANESA STELLA MARIS",
   "ROLDAN, ERIC JONATHAN"
  ]
 },
 {
  "asistida": "Lagoria V\u00cdCTOR FERNANDO",
  "cargo_ejecutivo": false,
  "clase": "Candidato",
  "cod_alianza": "3733",
  "cod_categoria": "CNJ",
  "cod_lista": "3733.1861.1861",
  "cod_partido": "3733.1861",
  "codigo": "3733.1861.1861.1538",
  "dni": "23721163",
  "id_candidatura": "3733.1861.1861.1538",
  "id_umv": 427,
  "imagenes": [
   "3733.1861.1861.1538",
   "default_mujer",
   "default",
   "default_mujer",
   "default"
  ],
  "nombre": "LAGORIA, VICTOR FERNANDO",
  "nro_orden": 1,
  "orden_absoluto": [
   11,
   55,
   13,
   5,
   1
  ],
  "secundarios": [
   "SOSA, SILVIA GLORIA",
   "CASTRO, NESTOR RICARDO",
   "GUZMAN, NATALIA SOLEDAD",
   "QUIPILDOR, FELICIANO"
  ],
  "sexo": "M",
  "suplentes": [
   "DELGADO, ESTEFANIA ELENA",
   "SANTILLAN, NELSON DANIEL",
   "RUIZ, MARIA ESTHER",
   "VARGAS, RODOLFO MAXIMILIANO"
  ]
 },
 {
  "asistida": "COPA SERGIO ALEJANDRO",
  "cargo_ejecutivo": true,
  "clase": "Candidato",
  "cod_alianza": "3733",
  "cod_categoria": "INT",
  "cod_lista": "3733.1862.1862",
  "cod_partido": "3733.1862",
  "codigo": "3733.1862.1862.1624",
  "dni": "25624610",
  "id_candidatura": "3733.1862.1862.1624",
  "id_umv": 1477,
  "imagenes": [
   "3733.1862.1862.1624"
  ],
  "nombre": "COPA, SERGIO \u201cCHUNCHO\u201d",
  "nro_orden": 1,
  "orden_absoluto": [
   11,
   63,
   14,
   4,
   1
  ],
  "secundarios": [

  ],
  "sexo": "M",
  "suplentes": [

  ]
 },
 {
  "asistida": "MONTES MIRTA BEATR\u00cdZ",
  "cargo_ejecutivo": false,
  "clase": "Candidato",
  "cod_alianza": "3733",
  "cod_categoria": "CNJ",
  "cod_lista": "3733.1862.1862",
  "cod_partido": "3733.1862",
  "codigo": "3733.1862.1862.1956",
  "dni": "26067193",
  "id_candidatura": "3733.1862.1862.1956",
  "id_umv": 458,
  "imagenes": [
   "3733.1862.1862.1956",
   "default",
   "default_mujer",
   "default",
   "default_mujer"
  ],
  "nombre": "MONTES, MIRTA BEATRIZ",
  "nro_orden": 1,
  "orden_absoluto": [
   11,
   63,
   14,
   5,
   1
  ],
  "secundarios": [
   "FLORENTINO, JORGE FERNANDO",
   "ALEMAN, MARINA ISABEL",
   "CORTES BEJARANO, IGNACIO MARTIN",
   "VARGAS, MARISEL DEL CARMEN"
  ],
  "sexo": "F",
  "suplentes": [
   "ARAMAYO, JOSE MANUEL RICARDO",
   "CRUZ, GABRIELA MABEL",
   "ROMERO, MIGUEL ANGEL OSCAR",
   "CASTRO, OLGA CARINA",
   "LOPEZ, NORBERTO JOSE"
  ]
 },
 {
  "asistida": "SULCA \u00c9RIC LEONEL",
  "cargo_ejecutivo": false,
  "clase": "Candidato",
  "cod_alianza": "3733",
  "cod_categoria": "CNJ",
  "cod_lista": "3733.1869.1869",
  "cod_partido": "3733.1869",
  "codigo": "3733.1869.1869.2382",
  "dni": "33099880",
  "id_candidatura": "3733.1869.1869.2382",
  "id_umv": 488,
  "imagenes": [
   "3733.1869.1869.2382",
   "default_mujer",
   "default",
   "default_mujer",
   "default"
  ],
  "nombre": "SULCA, \u201cGRINGO\u201d",
  "nro_orden": 1,
  "orden_absoluto": [
   11,
   67,
   15,
   5,
   1
  ],
  "secundarios": [
   "LOZANO, MALVINA GRISELDA",
   "FLORES, MAURO ROBERTO ADOLFO",
   "VILLAGRAN, LILIANA ALEJANDRA",
   "SANCHEZ, PABLO ARNALDO"
  ],
  "sexo": "M",
  "suplentes": [
   "CARBAJAL, ANAHI MARIEL",
   "VILLAGRAN, RAMON MARCELO",
   "LOPEZ, NANCY ALDANA DEL ROSARIO",
   "SOTO, JOSE ALBERTO BARTOLO",
   "MAMANI, VERONICA MARIA BELEN"
  ]
 },
 {
  "asistida": "PASTRANA GUILLERMO FERNANDO",
  "cargo_ejecutivo": false,
  "clase": "Candidato",
  "cod_alianza": "3733",
  "cod_categoria": "CNJ",
  "cod_lista": "3733.2625.2625",
  "cod_partido": "3733.2625",
  "codigo": "3733.2625.2625.4287",
  "dni": "39004763",
  "id_candidatura": "3733.2625.2625.4287",
  "id_umv": 509,
  "imagenes": [
   "3733.2625.2625.4287",
   "default_mujer",
   "default",
   "default_mujer",
   "default"
  ],
  "nombre": "PASTRANA, GUILLERMO FERNANDO",
  "nro_orden": 1,
  "orden_absoluto": [
   11,
   50,
   62,
   5,
   1
  ],
  "secundarios": [
   "TAPIA COLQUE, ESTER NOELIA",
   "GUIAMET, EZEQUIEL DOMINGO",
   "MARAZ, CELIA JUDITH",
   "CHAVEZ, SERGIO JAVIER"
  ],
  "sexo": "M",
  "suplentes": [
   "PASTRANA, MARIANELA BELEN",
   "ALANIZ, ROBERTO MARTIN",
   "CARDOZO, LAURA ROMINA",
   "JUAREZ SOSA, HERNAN LUIS",
   "PEREZ, ESTER DEL VALLE"
  ]
 },
 {
  "asistida": "MAMAN\u00cd VICENTE",
  "cargo_ejecutivo": false,
  "clase": "Candidato",
  "cod_alianza": "3733",
  "cod_categoria": "CNJ",
  "cod_lista": "3733.2627.2627",
  "cod_partido": "3733.2627",
  "codigo": "3733.2627.2627.4772",
  "dni": "27176312",
  "id_candidatura": "3733.2627.2627.4772",
  "id_umv": 529,
  "imagenes": [
   "3733.2627.2627.4772",
   "default_mujer",
   "default",
   "default_mujer",
   "default"
  ],
  "nombre": "MAMANI, VICENTE",
  "nro_orden": 1,
  "orden_absoluto": [
   11,
   72,
   20,
   5,
   1
  ],
  "secundarios": [
   "LOZANO, JANINA DEL VALLE",
   "ZAMORANO, JOSE ANTONIO",
   "BRAVO, ALEJANDRA VIVIANA",
   "CENTENO, ROBERTO CARLOS"
  ],
  "sexo": "M",
  "suplentes": [
   "VILLACORTA, LAURA ELIZABETH",
   "TORRES, IVAN MATIAS",
   "MORENO, CINTIA VANESA",
   "AGUERO, JULIO SEBASTIAN",
   "FLORES, VALERIA VANESA"
  ]
 },
 {
  "asistida": "PERALES CASERES JUAN HIP\u00d3LITO",
  "cargo_ejecutivo": false,
  "clase": "Candidato",
  "cod_alianza": "3733",
  "cod_categoria": "CNJ",
  "cod_lista": "3733.38.38",
  "cod_partido": "3733.38",
  "codigo": "3733.38.38.9911",
  "dni": "44446319",
  "id_candidatura": "3733.38.38.9911",
  "id_umv": 569,
  "imagenes": [
   "3733.38.38.9911",
   "default_mujer",
   "default",
   "default_mujer",
   "default"
  ],
  "nombre": "PERALES CASERES, JUAN HIPOLITO",
  "nro_orden": 1,
  "orden_absoluto": [
   11,
   65,
   5,
   5,
   1
  ],
  "secundarios": [
   "APAZA, BEATRIZ VIRGINIA",
   "FLORES, ROBERTO CARLOS",
   "GUERRERO, DANIELA FLORENCIA",
   "FLORES, PEDRO GONZALO"
  ],
  "sexo": "M",
  "suplentes": [
   "BORRE, RUTH AIBAIL",
   "CARDOZO, OSVALDO FRANCISCO",
   "CHAILE, NADIA CRISTINA EDITH",
   "SILVA, RAMON FERNANDO",
   "PERALTA, FATIMA YANINA ELISABETH"
  ]
 },
 {
  "asistida": "RUIZ YOEL ARON",
  "cargo_ejecutivo": false,
  "clase": "Candidato",
  "cod_alianza": "3735",
  "cod_categoria": "CNJ",
  "cod_lista": "3735.208.208",
  "cod_partido": "3735.208",
  "codigo": "3735.208.208.3305",
  "dni": "46056226",
  "id_candidatura": "3735.208.208.3305",
  "id_umv": 662,
  "imagenes": [
   "3735.208.208.3305",
   "default_mujer",
   "default",
   "default_mujer",
   "default"
  ],
  "nombre": "RUIZ, JOHEL ARON",
  "nro_orden": 1,
  "orden_absoluto": [
   12,
   41,
   7,
   5,
   1
  ],
  "secundarios": [
   "CANCHI, DALILA FERNANDA",
   "PERALTA, RAMON SEGUNDO DARIL",
   "PERALTA, BEATRIZ VERONICA",
   "CASERES, JOSE DANIEL"
  ],
  "sexo": "M",
  "suplentes": [
   "CARRIZO TEMER, MARIA JULIETA",
   "SANTILLAN, ROQUE JOSE ALEXANDER",
   "RUIZ, ROMINA DAMARIS",
   "CARRIZO TEMER, FABRICIO TUFIK",
   "MORENO, MARIA ADRIANA"
  ]
 },
 {
  "asistida": "PALMA ARIEL",
  "cargo_ejecutivo": false,
  "clase": "Candidato",
  "cod_alianza": "3735",
  "cod_categoria": "CNJ",
  "cod_lista": "3735.32.32",
  "cod_partido": "3735.32",
  "codigo": "3735.32.32.5219",
  "dni": "27567305",
  "id_candidatura": "3735.32.32.5219",
  "id_umv": 697,
  "imagenes": [
   "3735.32.32.5219",
   "default_mujer",
   "default",
   "default_mujer",
   "default"
  ],
  "nombre": "PALMA, ARIEL",
  "nro_orden": 1,
  "orden_absoluto": [
   12,
   46,
   63,
   5,
   1
  ],
  "secundarios": [
   "CAMPOS, FLORA NATIVIDAD",
   "PAZ, ENZO GABRIEL",
   "GORDILLO, MARIA DEL CARMEN",
   "LOPEZ, WALTER ALEJANDRO"
  ],
  "sexo": "M",
  "suplentes": [
   "PEREYRA, YAMILA MARILUZ",
   "RODRIGUEZ, NAHUEL VICTOR OMAR",
   "MEDINA, NADIA GABRIELA",
   "SALVA, JAIRO JUAN MIGUEL",
   "ORTIZ, CAMILA VIVIANA"
  ]
 },
 {
  "asistida": "PELOC CARLA MARIANELA",
  "cargo_ejecutivo": false,
  "clase": "Candidato",
  "cod_alianza": "3735",
  "cod_categoria": "CNJ",
  "cod_lista": "3735.3650.3650",
  "cod_partido": "3735.3650",
  "codigo": "3735.3650.3650.5979",
  "dni": "35837599",
  "id_candidatura": "3735.3650.3650.5979",
  "id_umv": 733,
  "imagenes": [
   "3735.3650.3650.5979",
   "default",
   "default_mujer",
   "default",
   "default_mujer"
  ],
  "nombre": "PELOC, CARLA MARIANELA",
  "nro_orden": 1,
  "orden_absoluto": [
   12,
   66,
   23,
   5,
   1
  ],
  "secundarios": [
   "NIEVA, JORGE LUIS",
   "TEJERINA, KAREN PATRICIA",
   "MARTINEZ, GABRIEL AGUSTIN",
   "PAEZ, VANESA DANIELA"
  ],
  "sexo": "F",
  "suplentes": [
   "CLEMENTE, JORGE LUIS",
   "BALBOA, LILIA ROSANA",
   "SOSA, LUCAS FRANCO DANIEL",
   "RAMOS, MIRIAN PASCUALA",
   "DAJER, MARCELO EMANUEL"
  ]
 },
 {
  "asistida": "MART\u00cdNEZ RAUL ERNESTO",
  "cargo_ejecutivo": true,
  "clase": "Candidato",
  "cod_alianza": "3735",
  "cod_categoria": "INT",
  "cod_lista": "3735.3745.3745",
  "cod_partido": "3735.3745",
  "codigo": "3735.3745.3745.8599",
  "dni": "8388082",
  "id_candidatura": "3735.3745.3745.8599",
  "id_umv": 1561,
  "imagenes": [
   "3735.3745.3745.8599"
  ],
  "nombre": "MARTINEZ, RAUL \u201cRATA\u201d",
  "nro_orden": 1,
  "orden_absoluto": [
   12,
   25,
   70,
   4,
   1
  ],
  "secundarios": [

  ],
  "sexo": "M",
  "suplentes": [

  ]
 },
 {
  "asistida": "HIDALGO H\u00c9CTOR FERNANDO",
  "cargo_ejecutivo": false,
  "clase": "Candidato",
  "cod_alianza": "3735",
  "cod_categoria": "CNJ",
  "cod_lista": "3735.4.4",
  "cod_partido": "3735.4",
  "codigo": "3735.4.4.10483",
  "dni": "28989797",
  "id_candidatura": "3735.4.4.10483",
  "id_umv": 787,
  "imagenes": [
   "3735.4.4.10483",
   "default_mujer",
   "default",
   "default_mujer",
   "default"
  ],
  "nombre": "HIDALGO, HECTOR FERNANDO",
  "nro_orden": 1,
  "orden_absoluto": [
   12,
   58,
   6,
   5,
   1
  ],
  "secundarios": [
   "FERREYRA, SILVINA MARIELA",
   "CHOQUE, RAMON ORLANDO",
   "PALOMO, MARIANELA ALEJANDRA",
   "OCEDO, JAVIER ALEJANDRO"
  ],
  "sexo": "M",
  "suplentes": [
   "JUAREZ, GABRIELA ROSA",
   "FLORES, RUBEN DARIO",
   "FALCON, ADRIANA DEL VALLE",
   "FLORES, JESUS LEONEL",
   "ARANCIBIA, MERCEDES ROSALIA"
  ]
 },
 {
  "asistida": "Z\u00e1rate JAVIER RAMON VICENTE",
  "cargo_ejecutivo": false,
  "clase": "Candidato",
  "cod_alianza": "3735",
  "cod_categoria": "CNJ",
  "cod_lista": "3735.460.460",
  "cod_partido": "3735.460",
  "codigo": "3735.460.460.11442",
  "dni": "22752518",
  "id_candidatura": "3735.460.460.11442",
  "id_umv": 832,
  "imagenes": [
   "3735.460.460.11442",
   "default_mujer",
   "default",
   "default_mujer",
   "default"
  ],
  "nombre": "ZARATE, JAVIER RAMON VICENTE",
  "nro_orden": 1,
  "orden_absoluto": [
   12,
   23,
   10,
   5,
   1
  ],
  "secundarios": [
   "CAMPOS, ROSA JIMENA",
   "VELAZQUE, FREDY ARIEL",
   "CRUZ, ELIANA ISABEL",
   "CARRILLO, MARIO LUCIANO"
  ],
  "sexo": "M",
  "suplentes": [
   "CARRILLO QUINTEROS, FATIMA",
   "REYNOSO, ROQUE JAVIER",
   "GUERRA, CLAUDIA RAQUEL",
   "COSTILLA, LEONARDO ELIAS",
   "ZARATE QUINTANA, VICTORIA"
  ]
 },
 {
  "asistida": "PEREZ Osfaldo",
  "cargo_ejecutivo": true,
  "clase": "Candidato",
  "cod_alianza": "685",
  "cod_categoria": "INT",
  "cod_lista": "685.685.685",
  "cod_partido": "685.685",
  "codigo": "685.685.685.12039",
  "dni": "14295722",
  "id_candidatura": "685.685.685.12039",
  "id_umv": 1621,
  "imagenes": [
   "685.685.685.12039"
  ],
  "nombre": "PEREZ, OSFALDO",
  "nro_orden": 1,
  "orden_absoluto": [
   14,
   30,
   78,
   4,
   1
  ],
  "secundarios": [

  ],
  "sexo": "M",
  "suplentes": [

  ]
 },
 {
  "asistida": "CORREGIDOR N\u00c9STOR ANTONIO",
  "cargo_ejecutivo": false,
  "clase": "Candidato",
  "cod_alianza": "685",
  "cod_categoria": "CNJ",
  "cod_lista": "685.685.685",
  "cod_partido": "685.685",
  "codigo": "685.685.685.12145",
  "dni": "25640288",
  "id_candidatura": "685.685.685.12145",
  "id_umv": 847,
  "imagenes": [
   "685.685.685.12145",
   "default_mujer",
   "default",
   "default_mujer",
   "default"
  ],
  "nombre": "CORREGIDOR, NESTOR ANTONIO",
  "nro_orden": 1,
  "orden_absoluto": [
   14,
   30,
   78,
   5,
   1
  ],
  "secundarios": [
   "MERILES, ALEXIA NATALIA",
   "ALARCON, MARCELO SEBASTIAN",
   "MENDOZA, CLAUDIA REBECA",
   "CORREGIDOR, JUAN ROBERTO"
  ],
  "sexo": "M",
  "suplentes": [
   "CORREA, GISELA DEL MILAGRO",
   "MENDOZA, JONATHAN GUSTAVO",
   "GALLARDO, GLORIA DEL CARMEN",
   "QUIPILDOR, HECTOR JOAQUIN",
   "GODOY, LILIAN NOEMI"
  ]
 },
 {
  "asistida": "Voto en BLANCO",
  "cargo_ejecutivo": false,
  "clase": "Blanco",
  "cod_categoria": "CNJ",
  "cod_lista": "",
  "codigo": "BLC",
  "id_candidatura": "BLC",
  "id_umv": 882,
  "imagenes": [
   "BLC"
  ],
  "nombre": "Voto en BLANCO",
  "nro_orden": 5,
  "orden_absoluto": [
   994,
   5
  ],
  "secundarios": [

  ],
  "sexo": null,
  "suplentes": [

  ]
 },
 {
  "asistida": "Voto en BLANCO",
  "cargo_ejecutivo": true,
  "clase": "Blanco",
  "cod_categoria": "INT",
  "cod_lista": "",
  "codigo": "BLC",
  "id_candidatura": "BLC",
  "id_umv": 1656,
  "imagenes": [
   "BLC"
  ],
  "nombre": "Voto en BLANCO",
  "nro_orden": 4,
  "orden_absoluto": [
   994,
   4
  ],
  "secundarios": [

  ],
  "sexo": null,
  "suplentes": [

  ]
 },
 {
  "asistida": "Votos IMPUGNADOS",
  "cargo_ejecutivo": false,
  "clase": "Especial",
  "cod_categoria": "CNJ",
  "cod_lista": "",
  "codigo": "IMP",
  "id_candidatura": "IMP",
  "id_umv": 942,
  "nombre": "Votos IMPUGNADOS",
  "nro_orden": 5,
  "orden_absoluto": [
   995,
   5
  ],
  "secundarios": [

  ],
  "sexo": null,
  "suplentes": [

  ]
 },
 {
  "asistida": "Votos IMPUGNADOS",
  "cargo_ejecutivo": true,
  "clase": "Especial",
  "cod_categoria": "INT",
  "cod_lista": "",
  "codigo": "IMP",
  "id_candidatura": "IMP",
  "id_umv": 1716,
  "nombre": "Votos IMPUGNADOS",
  "nro_orden": 4,
  "orden_absoluto": [
   995,
   4
  ],
  "secundarios": [

  ],
  "sexo": null,
  "suplentes": [

  ]
 },
 {
  "asistida": "Votos OBSERVADOS",
  "cargo_ejecutivo": false,
  "clase": "Especial",
  "cod_categoria": "CNJ",
  "cod_lista": "",
  "codigo": "OBS",
  "id_candidatura": "OBS",
  "id_umv": 1002,
  "nombre": "Votos OBSERVADOS",
  "nro_orden": 5,
  "orden_absoluto": [
   996,
   5
  ],
  "secundarios": [

  ],
  "sexo": null,
  "suplentes": [

  ]
 },
 {
  "asistida": "Votos OBSERVADOS",
  "cargo_ejecutivo": true,
  "clase": "Especial",
  "cod_categoria": "INT",
  "cod_lista": "",
  "codigo": "OBS",
  "id_candidatura": "OBS",
  "id_umv": 1776,
  "nombre": "Votos OBSERVADOS",
  "nro_orden": 4,
  "orden_absoluto": [
   996,
   4
  ],
  "secundarios": [

  ],
  "sexo": null,
  "suplentes": [

  ]
 }
]