[
 {
  "GOB": 1197,
  "agrupacion_municipal": false,
  "codigo": "1863.1863.1863",
  "lista_completa": true
 },
 {
  "GOB": 1198,
  "agrupacion_municipal": false,
  "codigo": "22.22.22",
  "lista_completa": true
 },
 {
  "GOB": 1199,
  "agrupacion_municipal": false,
  "codigo": "3625.3625.3625",
  "lista_completa": true
 },
 {
  "CNJ": 60,
  "DIP": 1047,
  "GOB": 1200,
  "INT": 1244,
  "agrupacion_municipal": false,
  "codigo": "3717.2543.2543",
  "lista_completa": true
 },
 {
  "DIP": 1047,
  "GOB": 1200,
  "agrupacion_municipal": false,
  "codigo": "3717.3739.3739",
  "lista_completa": false
 },
 {
  "CNJ": 135,
  "DIP": 1047,
  "GOB": 1200,
  "INT": 1244,
  "agrupacion_municipal": false,
  "codigo": "3717.443.443",
  "lista_completa": true
 },
 {
  "CNJ": 157,
  "DIP": 1047,
  "GOB": 1200,
  "INT": 1244,
  "agrupacion_municipal": false,
  "codigo": "3717.632.632",
  "lista_completa": true
 },
 {
  "DIP": 1059,
  "GOB": 1201,
  "agrupacion_municipal": false,
  "codigo": "3723.3741.3741",
  "lista_completa": true
 },
 {
  "DIP": 1068,
  "GOB": 1202,
  "agrupacion_municipal": false,
  "codigo": "3728.3742.3742",
  "lista_completa": true
 },
 {
  "DIP": 1076,
  "GOB": 1203,
  "agrupacion_municipal": false,
  "codigo": "3729.3747.3747",
  "lista_completa": true
 },
 {
  "CNJ": 312,
  "DIP": 1087,
  "GOB": 1204,
  "INT": 1400,
  "agrupacion_municipal": false,
  "codigo": "3730.3746.3746",
  "lista_completa": true
 },
 {
  "CNJ": 368,
  "DIP": 1097,
  "GOB": 1205,
  "INT": 1433,
  "agrupacion_municipal": false,
  "codigo": "3731.3743.3743",
  "lista_completa": true
 },
 {
  "DIP": 1103,
  "GOB": 1206,
  "agrupacion_municipal": false,
  "codigo": "3732.3740.3740",
  "lista_completa": true
 },
 {
  "CNJ": 419,
  "DIP": 1111,
  "GOB": 1207,
  "INT": 1473,
  "agrupacion_municipal": false,
  "codigo": "3733.1861.1861",
  "lista_completa": true
 },
 {
  "CNJ": 445,
  "DIP": 1111,
  "GOB": 1207,
  "INT": 1473,
  "agrupacion_municipal": false,
  "codigo": "3733.1862.1862",
  "lista_completa": true
 },
 {
  "CNJ": 478,
  "DIP": 1111,
  "GOB": 1207,
  "INT": 1473,
  "agrupacion_municipal": false,
  "codigo": "3733.1869.1869",
  "lista_completa": true
 },
 {
  "CNJ": 503,
  "DIP": 1111,
  "GOB": 1207,
  "INT": 1473,
  "agrupacion_municipal": false,
  "codigo": "3733.2625.2625",
  "lista_completa": true
 },
 {
  "CNJ": 520,
  "DIP": 1111,
  "GOB": 1207,
  "INT": 1473,
  "agrupacion_municipal": false,
  "codigo": "3733.2627.2627",
  "lista_completa": true
 },
 {
  "CNJ": 539,
  "DIP": 1111,
  "GOB": 1207,
  "INT": 1473,
  "agrupacion_municipal": false,
  "codigo": "3733.3654.3654",
  "lista_completa": true
 },
 {
  "GOB": 1207,
  "agrupacion_municipal": false,
  "codigo": "3734.3737.3737",
  "lista_completa": true
 },
 {
  "CNJ": 621,
  "DIP": 1134,
  "GOB": 1207,
  "INT": 1554,
  "agrupacion_municipal": false,
  "codigo": "3735.1873.1873",
  "lista_completa": true
 },
 {
  "CNJ": 671,
  "DIP": 1134,
  "GOB": 1207,
  "INT": 1554,
  "agrupacion_municipal": false,
  "codigo": "3735.2551.2551",
  "lista_completa": true
 },
 {
  "DIP": 1134,
  "GOB": 1207,
  "INT": 1554,
  "agrupacion_municipal": false,
  "codigo": "3735.3745.3745",
  "lista_completa": false
 },
 {
  "CNJ": 767,
  "DIP": 1134,
  "GOB": 1207,
  "INT": 1554,
  "agrupacion_municipal": false,
  "codigo": "3735.4.4",
  "lista_completa": true
 },
 {
  "CNJ": 819,
  "DIP": 1134,
  "GOB": 1207,
  "INT": 1554,
  "agrupacion_municipal": false,
  "codigo": "3735.460.460",
  "lista_completa": true
 },
 {
  "GOB": 1208,
  "agrupacion_municipal": false,
  "codigo": "685.685.685",
  "lista_completa": true
 },
 {
  "CNJ": 873,
  "DIP": 1160,
  "GOB": 1209,
  "INT": 1647,
  "agrupacion_municipal": false,
  "codigo": "BLC",
  "lista_completa": true
 }
]