[
 {
  "asistida": "PLANES DANIELA",
  "cargo_ejecutivo": true,
  "clase": "Candidato",
  "cod_alianza": "1863",
  "cod_categoria": "GOB",
  "cod_lista": "1863.1863.1863",
  "cod_partido": "1863.1863",
  "codigo": "1863.1863.1863.2069",
  "dni": "28523544",
  "id_candidatura": "1863.1863.1863.2069",
  "id_umv": 1197,
  "imagenes": [
   "1863.1863.1863.2069",
   "default_mujer"
  ],
  "nombre": "PLANES, DANIELA",
  "nro_orden": 1,
  "orden_absoluto": [
   22,
   53,
   12,
   1,
   1
  ],
  "secundarios": [
   "TEJERINA, VERONICA"
  ],
  "sexo": "F",
  "suplentes": [

  ]
 },
 {
  "asistida": "GIL VIOLETA",
  "cargo_ejecutivo": true,
  "clase": "Candidato",
  "cod_alianza": "22",
  "cod_categoria": "GOB",
  "cod_lista": "22.22.22",
  "cod_partido": "22.22",
  "codigo": "22.22.22.3409",
  "dni": "33984630",
  "id_candidatura": "22.22.22.3409",
  "id_umv": 1198,
  "imagenes": [
   "22.22.22.3409",
   "default"
  ],
  "nombre": "GIL, VIOLETA",
  "nro_orden": 1,
  "orden_absoluto": [
   23,
   62,
   3,
   1,
   1
  ],
  "secundarios": [
   "TOLABA, ANGEL RODOLFO"
  ],
  "sexo": "F",
  "suplentes": [

  ]
 },
 {
  "asistida": "TogNolini MARCOS",
  "cargo_ejecutivo": true,
  "clase": "Candidato",
  "cod_alianza": "3625",
  "cod_categoria": "GOB",
  "cod_lista": "3625.3625.3625",
  "cod_partido": "3625.3625",
  "codigo": "3625.3625.3625.5312",
  "dni": "29336659",
  "id_candidatura": "3625.3625.3625.5312",
  "id_umv": 1199,
  "imagenes": [
   "3625.3625.3625.5312",
   "default_mujer"
  ],
  "nombre": "TOGNOLINI, MARCOS",
  "nro_orden": 1,
  "orden_absoluto": [
   21,
   43,
   21,
   1,
   1
  ],
  "secundarios": [
   "RAMOS, MIRTA ADRIANA"
  ],
  "sexo": "M",
  "suplentes": [

  ]
 },
 {
  "asistida": "QUIPILD\u00d3R HORACIO MART\u00cdN",
  "cargo_ejecutivo": true,
  "clase": "Candidato",
  "cod_alianza": "3717",
  "cod_categoria": "INT",
  "cod_lista": "3717.2543.2543",
  "cod_partido": "3717.2543",
  "codigo": "3717.2543.2543.3605",
  "dni": "14210736",
  "id_candidatura": "3717.2543.2543.3605",
  "id_umv": 1244,
  "imagenes": [
   "3717.2543.2543.3605"
  ],
  "nombre": "QUIPILDOR, HORACIO \u201cFOFORITO\u201d",
  "nro_orden": 1,
  "orden_absoluto": [
   6,
   71,
   17,
   4,
   1
  ],
  "secundarios": [

  ],
  "sexo": "M",
  "suplentes": [

  ]
 },
 {
  "asistida": "AUCAPI\u00d1A EDUARDO FAUSTO",
  "cargo_ejecutivo": false,
  "clase": "Candidato",
  "cod_alianza": "3717",
  "cod_categoria": "CNJ",
  "cod_lista": "3717.2543.2543",
  "cod_partido": "3717.2543",
  "codigo": "3717.2543.2543.3790",
  "dni": "16061029",
  "id_candidatura": "3717.2543.2543.3790",
  "id_umv": 60,
  "imagenes": [
   "3717.2543.2543.3790",
   "default_mujer",
   "default"
  ],
  "nombre": "AUCAPI\u00d1A, EDUARDO FAUSTO",
  "nro_orden": 1,
  "orden_absoluto": [
   6,
   71,
   17,
   5,
   1
  ],
  "secundarios": [
   "MOLINA, GRACIELA BEATRIZ",
   "CARIMAYO MERCADO, ESTEBAN"
  ],
  "sexo": "M",
  "suplentes": [
   "NIEVA, SILVIA CRISTINA",
   "QUIPILDOR, LUIS MARCELO",
   "MERLO OCAMPO, DELIA NORA"
  ]
 },
 {
  "asistida": "ESTRADA EMILIANO RAFAEL",
  "cargo_ejecutivo": true,
  "clase": "Candidato",
  "cod_alianza": "3717",
  "cod_categoria": "GOB",
  "cod_lista": "3717.3739.3739",
  "cod_partido": "3717.3739",
  "codigo": "3717.3739.3739.6360",
  "dni": "32165256",
  "id_candidatura": "3717.3739.3739.6360",
  "id_umv": 1200,
  "imagenes": [
   "3717.3739.3739.6360",
   "default"
  ],
  "nombre": "ESTRADA, EMILIANO",
  "nro_orden": 1,
  "orden_absoluto": [
   6,
   17,
   64,
   1,
   1
  ],
  "secundarios": [
   "ZAPATA, CARLOS RAUL"
  ],
  "sexo": "M",
  "suplentes": [

  ]
 },
 {
  "asistida": "BORJA JORGE ALEJANDRO",
  "cargo_ejecutivo": false,
  "clase": "Candidato",
  "cod_alianza": "3717",
  "cod_categoria": "DIP",
  "cod_lista": "3717.3739.3739",
  "cod_partido": "3717.3739",
  "codigo": "3717.3739.3739.6410",
  "dni": "26898877",
  "id_candidatura": "3717.3739.3739.6410",
  "id_umv": 1047,
  "imagenes": [
   "3717.3739.3739.6410"
  ],
  "nombre": "BORJA, JORGE",
  "nro_orden": 1,
  "orden_absoluto": [
   6,
   17,
   64,
   3,
   1
  ],
  "secundarios": [

  ],
  "sexo": "M",
  "suplentes": [
   "PEREZ, LUIS HUMBERTO"
  ]
 },
 {
  "asistida": "SARAP\u00daRA ALFREDO Osc\u00e1r",
  "cargo_ejecutivo": false,
  "clase": "Candidato",
  "cod_alianza": "3717",
  "cod_categoria": "CNJ",
  "cod_lista": "3717.443.443",
  "cod_partido": "3717.443",
  "codigo": "3717.443.443.10718",
  "dni": "27034678",
  "id_candidatura": "3717.443.443.10718",
  "id_umv": 135,
  "imagenes": [
   "3717.443.443.10718",
   "default_mujer",
   "default"
  ],
  "nombre": "SARAPURA, ALFREDO",
  "nro_orden": 1,
  "orden_absoluto": [
   6,
   69,
   9,
   5,
   1
  ],
  "secundarios": [
   "RISSO, CLARA NIMIA",
   "GARCIA, TOMAS DARDO"
  ],
  "sexo": "M",
  "suplentes": [
   "DECIMA, SELVA NELIDA",
   "VASQUEZ, HECTOR REINALDO"
  ]
 },
 {
  "asistida": "CHEJOL\u00c1N ALBERTO DANIEL",
  "cargo_ejecutivo": false,
  "clase": "Candidato",
  "cod_alianza": "3717",
  "cod_categoria": "CNJ",
  "cod_lista": "3717.632.632",
  "cod_partido": "3717.632",
  "codigo": "3717.632.632.11922",
  "dni": "18254738",
  "id_candidatura": "3717.632.632.11922",
  "id_umv": 157,
  "imagenes": [
   "3717.632.632.11922",
   "default_mujer",
   "default"
  ],
  "nombre": "CHEJOLAN, \u201cDANI\u201d",
  "nro_orden": 1,
  "orden_absoluto": [
   6,
   47,
   8,
   5,
   1
  ],
  "secundarios": [
   "MAIDANA, IRMA MABEL",
   "CAMPOS, EDGAR JOSE DARIO"
  ],
  "sexo": "M",
  "suplentes": [

  ]
 },
 {
  "asistida": "W\u00c1YAR GU\u00c1LTER RAUL",
  "cargo_ejecutivo": true,
  "clase": "Candidato",
  "cod_alianza": "3723",
  "cod_categoria": "GOB",
  "cod_lista": "3723.3741.3741",
  "cod_partido": "3723.3741",
  "codigo": "3723.3741.3741.7154",
  "dni": "12220501",
  "id_candidatura": "3723.3741.3741.7154",
  "id_umv": 1201,
  "imagenes": [
   "3723.3741.3741.7154",
   "default"
  ],
  "nombre": "WAYAR, WALTER",
  "nro_orden": 1,
  "orden_absoluto": [
   5,
   14,
   65,
   1,
   1
  ],
  "secundarios": [
   "MIZZAU, IVAN"
  ],
  "sexo": "M",
  "suplentes": [

  ]
 },
 {
  "asistida": "LOPEZ C\u00c9SAR DANIEL",
  "cargo_ejecutivo": false,
  "clase": "Candidato",
  "cod_alianza": "3723",
  "cod_categoria": "DIP",
  "cod_lista": "3723.3741.3741",
  "cod_partido": "3723.3741",
  "codigo": "3723.3741.3741.7206",
  "dni": "23022723",
  "id_candidatura": "3723.3741.3741.7206",
  "id_umv": 1059,
  "imagenes": [
   "3723.3741.3741.7206"
  ],
  "nombre": "LOPEZ, \u201cPROFE\u201d DANIEL",
  "nro_orden": 1,
  "orden_absoluto": [
   5,
   14,
   65,
   3,
   1
  ],
  "secundarios": [

  ],
  "sexo": "M",
  "suplentes": [
   "LAZARTE, EDUARDO JOSE IGNACIO"
  ]
 },
 {
  "asistida": "PAZ POSE LUCIO",
  "cargo_ejecutivo": true,
  "clase": "Candidato",
  "cod_alianza": "3728",
  "cod_categoria": "GOB",
  "cod_lista": "3728.3742.3742",
  "cod_partido": "3728.3742",
  "codigo": "3728.3742.3742.7704",
  "dni": "24875401",
  "id_candidatura": "3728.3742.3742.7704",
  "id_umv": 1202,
  "imagenes": [
   "3728.3742.3742.7704",
   "default_mujer"
  ],
  "nombre": "PAZ POSSE, LUCIO \u201cPINO\u201d",
  "nro_orden": 1,
  "orden_absoluto": [
   9,
   21,
   66,
   1,
   1
  ],
  "secundarios": [
   "FARJAT D\u2019ALESSANDRO, LORENA"
  ],
  "sexo": "M",
  "suplentes": [

  ]
 },
 {
  "asistida": "ORD\u00d3\u00d1EZ JOS\u00c9 EDGARDO",
  "cargo_ejecutivo": false,
  "clase": "Candidato",
  "cod_alianza": "3728",
  "cod_categoria": "DIP",
  "cod_lista": "3728.3742.3742",
  "cod_partido": "3728.3742",
  "codigo": "3728.3742.3742.7740",
  "dni": "14867993",
  "id_candidatura": "3728.3742.3742.7740",
  "id_umv": 1068,
  "imagenes": [
   "3728.3742.3742.7740"
  ],
  "nombre": "ORDO\u00d1EZ, JOSE EDGARDO",
  "nro_orden": 1,
  "orden_absoluto": [
   9,
   21,
   66,
   3,
   1
  ],
  "secundarios": [

  ],
  "sexo": "M",
  "suplentes": [
   "PE\u00d1ALVA, LIZ VANESA"
  ]
 },
 {
  "asistida": "CAL\u00cdVA L\u00cdA VER\u00d3NICA",
  "cargo_ejecutivo": true,
  "clase": "Candidato",
  "cod_alianza": "3729",
  "cod_categoria": "GOB",
  "cod_lista": "3729.3747.3747",
  "cod_partido": "3729.3747",
  "codigo": "3729.3747.3747.9058",
  "dni": "25624792",
  "id_candidatura": "3729.3747.3747.9058",
  "id_umv": 1203,
  "imagenes": [
   "3729.3747.3747.9058",
   "default"
  ],
  "nombre": "CALIVA, LIA VERONICA",
  "nro_orden": 1,
  "orden_absoluto": [
   24,
   68,
   67,
   1,
   1
  ],
  "secundarios": [
   "GRAVANAGO, CARLOS ALEJANDRO"
  ],
  "sexo": "F",
  "suplentes": [

  ]
 },
 {
  "asistida": "AMENDOL\u00cdA ADRIANA BEATRIZ",
  "cargo_ejecutivo": false,
  "clase": "Candidato",
  "cod_alianza": "3729",
  "cod_categoria": "DIP",
  "cod_lista": "3729.3747.3747",
  "cod_partido": "3729.3747",
  "codigo": "3729.3747.3747.9091",
  "dni": "12619240",
  "id_candidatura": "3729.3747.3747.9091",
  "id_umv": 1076,
  "imagenes": [
   "3729.3747.3747.9091"
  ],
  "nombre": "AMENDOLIA, ADRIANA BEATRIZ",
  "nro_orden": 1,
  "orden_absoluto": [
   24,
   68,
   67,
   3,
   1
  ],
  "secundarios": [

  ],
  "sexo": "F",
  "suplentes": [

  ]
 },
 {
  "asistida": "NANNI VALERO MIGUEL",
  "cargo_ejecutivo": true,
  "clase": "Candidato",
  "cod_alianza": "3730",
  "cod_categoria": "GOB",
  "cod_lista": "3730.3746.3746",
  "cod_partido": "3730.3746",
  "codigo": "3730.3746.3746.8614",
  "dni": "25802248",
  "id_candidatura": "3730.3746.3746.8614",
  "id_umv": 1204,
  "imagenes": [
   "3730.3746.3746.8614",
   "default_mujer"
  ],
  "nombre": "NANNI, MIGUEL",
  "nro_orden": 1,
  "orden_absoluto": [
   15,
   32,
   74,
   1,
   1
  ],
  "secundarios": [
   "CORNEJO, VIRGINIA"
  ],
  "sexo": "M",
  "suplentes": [

  ]
 },
 {
  "asistida": "CARRIZO LORENZO ROLANDO",
  "cargo_ejecutivo": false,
  "clase": "Candidato",
  "cod_alianza": "3730",
  "cod_categoria": "DIP",
  "cod_lista": "3730.3746.3746",
  "cod_partido": "3730.3746",
  "codigo": "3730.3746.3746.8662",
  "dni": "14841233",
  "id_candidatura": "3730.3746.3746.8662",
  "id_umv": 1087,
  "imagenes": [
   "3730.3746.3746.8662"
  ],
  "nombre": "CARRIZO, LORENZO ROLANDO",
  "nro_orden": 1,
  "orden_absoluto": [
   15,
   32,
   74,
   3,
   1
  ],
  "secundarios": [

  ],
  "sexo": "M",
  "suplentes": [
   "VILLEGAS, FREDY OMAR"
  ]
 },
 {
  "asistida": "AGUILAR LEONARDO GASTON",
  "cargo_ejecutivo": true,
  "clase": "Candidato",
  "cod_alianza": "3730",
  "cod_categoria": "INT",
  "cod_lista": "3730.3746.3746",
  "cod_partido": "3730.3746",
  "codigo": "3730.3746.3746.8698",
  "dni": "25182332",
  "id_candidatura": "3730.3746.3746.8698",
  "id_umv": 1400,
  "imagenes": [
   "3730.3746.3746.8698"
  ],
  "nombre": "AGUILAR, LEONARDO GASTON",
  "nro_orden": 1,
  "orden_absoluto": [
   15,
   32,
   74,
   4,
   1
  ],
  "secundarios": [

  ],
  "sexo": "M",
  "suplentes": [

  ]
 },
 {
  "asistida": "Tabarc\u00e1che GERM\u00c1N AGUSTIN",
  "cargo_ejecutivo": false,
  "clase": "Candidato",
  "cod_alianza": "3730",
  "cod_categoria": "CNJ",
  "cod_lista": "3730.3746.3746",
  "cod_partido": "3730.3746",
  "codigo": "3730.3746.3746.8927",
  "dni": "35282801",
  "id_candidatura": "3730.3746.3746.8927",
  "id_umv": 312,
  "imagenes": [
   "3730.3746.3746.8927",
   "default_mujer",
   "default"
  ],
  "nombre": "TABARCACHE, GERMAN AGUSTIN",
  "nro_orden": 1,
  "orden_absoluto": [
   15,
   32,
   74,
   5,
   1
  ],
  "secundarios": [
   "DELGADO, MARGARITA DELFINA",
   "LARRAN, GASTON"
  ],
  "sexo": "M",
  "suplentes": [
   "MANA, MICAELA MAILEN",
   "CORZO, NICOLAS ANTONIO",
   "RINGA, VERONICA DEL CARMEN ITATI"
  ]
 },
 {
  "asistida": "Sabadini MAURO DIEGO",
  "cargo_ejecutivo": true,
  "clase": "Candidato",
  "cod_alianza": "3731",
  "cod_categoria": "GOB",
  "cod_lista": "3731.3743.3743",
  "cod_partido": "3731.3743",
  "codigo": "3731.3743.3743.7941",
  "dni": "23362242",
  "id_candidatura": "3731.3743.3743.7941",
  "id_umv": 1205,
  "imagenes": [
   "3731.3743.3743.7941",
   "default_mujer"
  ],
  "nombre": "SABBADINI, MAURO DIEGO",
  "nro_orden": 1,
  "orden_absoluto": [
   10,
   22,
   68,
   1,
   1
  ],
  "secundarios": [
   "LOAYZA PACHECO, JIMENA LUCIA"
  ],
  "sexo": "M",
  "suplentes": [

  ]
 },
 {
  "asistida": "PANTALEON GUSTAVO JAVIER",
  "cargo_ejecutivo": false,
  "clase": "Candidato",
  "cod_alianza": "3731",
  "cod_categoria": "DIP",
  "cod_lista": "3731.3743.3743",
  "cod_partido": "3731.3743",
  "codigo": "3731.3743.3743.7975",
  "dni": "21634094",
  "id_candidatura": "3731.3743.3743.7975",
  "id_umv": 1097,
  "imagenes": [
   "3731.3743.3743.7975"
  ],
  "nombre": "PANTALEON, GUSTAVO JAVIER",
  "nro_orden": 1,
  "orden_absoluto": [
   10,
   22,
   68,
   3,
   1
  ],
  "secundarios": [

  ],
  "sexo": "M",
  "suplentes": [
   "YAPURA, NORBERTO RUBEN HERNANDO"
  ]
 },
 {
  "asistida": "SOSA FERNANDO DAVID",
  "cargo_ejecutivo": true,
  "clase": "Candidato",
  "cod_alianza": "3731",
  "cod_categoria": "INT",
  "cod_lista": "3731.3743.3743",
  "cod_partido": "3731.3743",
  "codigo": "3731.3743.3743.8007",
  "dni": "29889622",
  "id_candidatura": "3731.3743.3743.8007",
  "id_umv": 1433,
  "imagenes": [
   "3731.3743.3743.8007"
  ],
  "nombre": "DR. SOSA, FERNANDO DAVID",
  "nro_orden": 1,
  "orden_absoluto": [
   10,
   22,
   68,
   4,
   1
  ],
  "secundarios": [

  ],
  "sexo": "M",
  "suplentes": [

  ]
 },
 {
  "asistida": "Corimallo MERCADO MAGAL\u00cd VIVIANA",
  "cargo_ejecutivo": false,
  "clase": "Candidato",
  "cod_alianza": "3731",
  "cod_categoria": "CNJ",
  "cod_lista": "3731.3743.3743",
  "cod_partido": "3731.3743",
  "codigo": "3731.3743.3743.8219",
  "dni": "40155132",
  "id_candidatura": "3731.3743.3743.8219",
  "id_umv": 368,
  "imagenes": [
   "3731.3743.3743.8219",
   "default",
   "default_mujer"
  ],
  "nombre": "CORIMAYO MERCADO, MAGALI VIVIANA",
  "nro_orden": 1,
  "orden_absoluto": [
   10,
   22,
   68,
   5,
   1
  ],
  "secundarios": [
   "ZARATE, ISAAC ROLANDO",
   "MAMANI, CLAUDIA MABEL"
  ],
  "sexo": "F",
  "suplentes": [
   "MARTINEZ, ROLANDO ARIEL",
   "FERNANDEZ, ANGELICA ERIKA",
   "RODAS, TOMAS RUBEN"
  ]
 },
 {
  "asistida": "DEL PLA CLAUDIO ARIEL",
  "cargo_ejecutivo": true,
  "clase": "Candidato",
  "cod_alianza": "3732",
  "cod_categoria": "GOB",
  "cod_lista": "3732.3740.3740",
  "cod_partido": "3732.3740",
  "codigo": "3732.3740.3740.6916",
  "dni": "13943671",
  "id_candidatura": "3732.3740.3740.6916",
  "id_umv": 1206,
  "imagenes": [
   "3732.3740.3740.6916",
   "default_mujer"
  ],
  "nombre": "DEL PLA, CLAUDIO ARIEL",
  "nro_orden": 1,
  "orden_absoluto": [
   7,
   18,
   73,
   1,
   1
  ],
  "secundarios": [
   "HIDALGO, LORENA VANESA"
  ],
  "sexo": "M",
  "suplentes": [

  ]
 },
 {
  "asistida": "PADILLA NANCY GABRIELA",
  "cargo_ejecutivo": false,
  "clase": "Candidato",
  "cod_alianza": "3732",
  "cod_categoria": "DIP",
  "cod_lista": "3732.3740.3740",
  "cod_partido": "3732.3740",
  "codigo": "3732.3740.3740.6942",
  "dni": "38275751",
  "id_candidatura": "3732.3740.3740.6942",
  "id_umv": 1103,
  "imagenes": [
   "3732.3740.3740.6942"
  ],
  "nombre": "PADILLA, NANCY GABRIELA",
  "nro_orden": 1,
  "orden_absoluto": [
   7,
   18,
   73,
   3,
   1
  ],
  "secundarios": [

  ],
  "sexo": "F",
  "suplentes": [
   "GUTIERREZ, VICTOR FABIAN"
  ]
 },
 {
  "asistida": "SERRANO RENZO MAXIMILIANO",
  "cargo_ejecutivo": false,
  "clase": "Candidato",
  "cod_alianza": "3733",
  "cod_categoria": "CNJ",
  "cod_lista": "3733.1861.1861",
  "cod_partido": "3733.1861",
  "codigo": "3733.1861.1861.1461",
  "dni": "38275791",
  "id_candidatura": "3733.1861.1861.1461",
  "id_umv": 419,
  "imagenes": [
   "3733.1861.1861.1461",
   "default_mujer",
   "default"
  ],
  "nombre": "SERRANO, RENZO",
  "nro_orden": 1,
  "orden_absoluto": [
   11,
   55,
   13,
   5,
   1
  ],
  "secundarios": [
   "VILLALOBO, CRISTINA TAMARA",
   "RODRIGUEZ MARTELL, DIEGO GERMAN"
  ],
  "sexo": "M",
  "suplentes": [
   "VILTE, DOLORES AGUSTINA",
   "BURGOS, CARLOS MAXIMILIANO",
   "CA\u00d1ARIMA, ANA CECILIA"
  ]
 },
 {
  "asistida": "MENDA\u00d1A LU\u00cdS GERARDO",
  "cargo_ejecutivo": false,
  "clase": "Candidato",
  "cod_alianza": "3733",
  "cod_categoria": "DIP",
  "cod_lista": "3733.1862.1862",
  "cod_partido": "3733.1862",
  "codigo": "3733.1862.1862.1606",
  "dni": "16547308",
  "id_candidatura": "3733.1862.1862.1606",
  "id_umv": 1111,
  "imagenes": [
   "3733.1862.1862.1606"
  ],
  "nombre": "MENDA\u00d1A, \u201cGRINGO\u201d",
  "nro_orden": 1,
  "orden_absoluto": [
   11,
   63,
   14,
   3,
   1
  ],
  "secundarios": [

  ],
  "sexo": "M",
  "suplentes": [
   "ABRAHAM, ALVARO DAVID"
  ]
 },
 {
  "asistida": "CALABR\u00d3 H\u00c9CTOR MIGUEL",
  "cargo_ejecutivo": true,
  "clase": "Candidato",
  "cod_alianza": "3733",
  "cod_categoria": "INT",
  "cod_lista": "3733.1862.1862",
  "cod_partido": "3733.1862",
  "codigo": "3733.1862.1862.1620",
  "dni": "17363604",
  "id_candidatura": "3733.1862.1862.1620",
  "id_umv": 1473,
  "imagenes": [
   "3733.1862.1862.1620"
  ],
  "nombre": "CALABRO, MIGUEL",
  "nro_orden": 1,
  "orden_absoluto": [
   11,
   63,
   14,
   4,
   1
  ],
  "secundarios": [

  ],
  "sexo": "M",
  "suplentes": [

  ]
 },
 {
  "asistida": "CRUZ ARNALDO IV\u00c1N EDGARDO",
  "cargo_ejecutivo": false,
  "clase": "Candidato",
  "cod_alianza": "3733",
  "cod_categoria": "CNJ",
  "cod_lista": "3733.1862.1862",
  "cod_partido": "3733.1862",
  "codigo": "3733.1862.1862.1824",
  "dni": "38506199",
  "id_candidatura": "3733.1862.1862.1824",
  "id_umv": 445,
  "imagenes": [
   "3733.1862.1862.1824",
   "default_mujer",
   "default"
  ],
  "nombre": "CRUZ, ARNALDO \u201cPAJARITO\u201d",
  "nro_orden": 1,
  "orden_absoluto": [
   11,
   63,
   14,
   5,
   1
  ],
  "secundarios": [
   "MONTENEGRO, CARLA GISEL",
   "NAVARRO, THOMAS IGNACIO"
  ],
  "sexo": "M",
  "suplentes": [
   "ALARCON, CARLA JANET",
   "SUMBAY, TOMAS ALIN",
   "VILTE, NADIA YOANA"
  ]
 },
 {
  "asistida": "HERRERA FEDERICO JOS\u00c9 ISMAEL",
  "cargo_ejecutivo": false,
  "clase": "Candidato",
  "cod_alianza": "3733",
  "cod_categoria": "CNJ",
  "cod_lista": "3733.1869.1869",
  "cod_partido": "3733.1869",
  "codigo": "3733.1869.1869.2276",
  "dni": "29817606",
  "id_candidatura": "3733.1869.1869.2276",
  "id_umv": 478,
  "imagenes": [
   "3733.1869.1869.2276",
   "default_mujer",
   "default"
  ],
  "nombre": "HERRERA, \u2019FEDE CHATO\u2019",
  "nro_orden": 1,
  "orden_absoluto": [
   11,
   67,
   15,
   5,
   1
  ],
  "secundarios": [
   "FANJUL, YAMILA BELEN",
   "DURAN, ORLANDO NAPOLEON"
  ],
  "sexo": "M",
  "suplentes": [
   "GUERRERO, SABRINA JULIETA",
   "CAYO, FRANCISCO RAMON",
   "HERRERA, SAMANTA ALEJANDRA"
  ]
 },
 {
  "asistida": "MAMAN\u00cd ANT\u00d3NIO OSVALDO",
  "cargo_ejecutivo": false,
  "clase": "Candidato",
  "cod_alianza": "3733",
  "cod_categoria": "CNJ",
  "cod_lista": "3733.2625.2625",
  "cod_partido": "3733.2625",
  "codigo": "3733.2625.2625.4219",
  "dni": "20663126",
  "id_candidatura": "3733.2625.2625.4219",
  "id_umv": 503,
  "imagenes": [
   "3733.2625.2625.4219",
   "default_mujer",
   "default"
  ],
  "nombre": "MAMANI, OSVALDO \u201cCACHETE\u201d",
  "nro_orden": 1,
  "orden_absoluto": [
   11,
   50,
   62,
   5,
   1
  ],
  "secundarios": [
   "PASTRANA, SANDRA NOEMI",
   "RUIZ, ENRIQUE ALEJANDRO"
  ],
  "sexo": "M",
  "suplentes": [
   "VIVEROS, MIRTA YOLANDA",
   "MAMANI, CRISTIAN ROBERTO",
   "VERA, ROCIO BELEN"
  ]
 },
 {
  "asistida": "SUMB\u00c1Y VALENTINA FERNANDA",
  "cargo_ejecutivo": false,
  "clase": "Candidato",
  "cod_alianza": "3733",
  "cod_categoria": "CNJ",
  "cod_lista": "3733.2627.2627",
  "cod_partido": "3733.2627",
  "codigo": "3733.2627.2627.4683",
  "dni": "38275732",
  "id_candidatura": "3733.2627.2627.4683",
  "id_umv": 520,
  "imagenes": [
   "3733.2627.2627.4683",
   "default",
   "default_mujer"
  ],
  "nombre": "SUMBAY, VALENTINA",
  "nro_orden": 1,
  "orden_absoluto": [
   11,
   72,
   20,
   5,
   1
  ],
  "secundarios": [
   "SUMBAY, JOSE CRISTIAN EXEQUIEL",
   "TABARCACHI, MIRTA GLADYS"
  ],
  "sexo": "F",
  "suplentes": [
   "PUCA, PABLO MARCELO",
   "VIVEROS, NORMA BEATRIZ",
   "MARTINEZ, GASTON SANTIAGO"
  ]
 },
 {
  "asistida": "CANCINO SANTIAGO ALFREDO",
  "cargo_ejecutivo": false,
  "clase": "Candidato",
  "cod_alianza": "3733",
  "cod_categoria": "CNJ",
  "cod_lista": "3733.3654.3654",
  "cod_partido": "3733.3654",
  "codigo": "3733.3654.3654.6146",
  "dni": "27909580",
  "id_candidatura": "3733.3654.3654.6146",
  "id_umv": 539,
  "imagenes": [
   "3733.3654.3654.6146",
   "default_mujer",
   "default"
  ],
  "nombre": "CANCINO, SANTIAGO \u201cTATI\u201d",
  "nro_orden": 1,
  "orden_absoluto": [
   11,
   49,
   42,
   5,
   1
  ],
  "secundarios": [
   "NANI, ANA LAURA",
   "SASTRE, HORACIO EMILIANO"
  ],
  "sexo": "M",
  "suplentes": [
   "CHOCOBAR, JUANA MARCIA",
   "VILTE, EDUARDO EZEQUIEL",
   "LAXI, ELSA RAQUEL"
  ]
 },
 {
  "asistida": "Ruberto SAENZ GUSTAVO ADOLFO",
  "cargo_ejecutivo": true,
  "clase": "Candidato",
  "cod_alianza": "3734",
  "cod_categoria": "GOB",
  "cod_lista": "3734.3737.3737",
  "cod_partido": "3734.3737",
  "codigo": "3734.3737.3737.6358",
  "dni": "20609646",
  "id_candidatura": "3734.3737.3737.6358",
  "id_umv": 1207,
  "imagenes": [
   "3734.3737.3737.6358",
   "default"
  ],
  "nombre": "SAENZ, GUSTAVO",
  "nro_orden": 1,
  "orden_absoluto": [
   1,
   5,
   69,
   1,
   1
  ],
  "secundarios": [
   "MAROCCO, ANTONIO \u201cGRINGO\u201d"
  ],
  "sexo": "M",
  "suplentes": [

  ]
 },
 {
  "asistida": "CHA\u00daQU\u00c9 SERGIO DIEGO",
  "cargo_ejecutivo": false,
  "clase": "Candidato",
  "cod_alianza": "3735",
  "cod_categoria": "CNJ",
  "cod_lista": "3735.1873.1873",
  "cod_partido": "3735.1873",
  "codigo": "3735.1873.1873.2802",
  "dni": "25140359",
  "id_candidatura": "3735.1873.1873.2802",
  "id_umv": 621,
  "imagenes": [
   "3735.1873.1873.2802",
   "default_mujer",
   "default"
  ],
  "nombre": "CHAUQUE, SERGIO DIEGO",
  "nro_orden": 1,
  "orden_absoluto": [
   12,
   56,
   80,
   5,
   1
  ],
  "secundarios": [
   "CHAUQUE, ISABEL NATALIA",
   "SARAPURA, LUIS ROBERTO"
  ],
  "sexo": "M",
  "suplentes": [
   "GONGORA, ANGELA TEODORA",
   "SARAPURA, DAVID MATEO",
   "RAMOS, ALICIA"
  ]
 },
 {
  "asistida": "Sumbay GERM\u00c1N EXEQUIEL MILAGRO",
  "cargo_ejecutivo": false,
  "clase": "Candidato",
  "cod_alianza": "3735",
  "cod_categoria": "CNJ",
  "cod_lista": "3735.2551.2551",
  "cod_partido": "3735.2551",
  "codigo": "3735.2551.2551.3923",
  "dni": "35282849",
  "id_candidatura": "3735.2551.2551.3923",
  "id_umv": 671,
  "imagenes": [
   "3735.2551.2551.3923",
   "default_mujer",
   "default"
  ],
  "nombre": "SUMBAY, GERMAN EXEQUIEL MILAGRO",
  "nro_orden": 1,
  "orden_absoluto": [
   12,
   44,
   41,
   5,
   1
  ],
  "secundarios": [
   "SARAPURA, MARIA EUGENIA",
   "ARRIETA, DOMINGO RODOLFO"
  ],
  "sexo": "M",
  "suplentes": [
   "LEZIN, NORA BEATRIZ",
   "SUMBAY, CARLOS FEDERICO",
   "CALISAYA, MARIA SALOME"
  ]
 },
 {
  "asistida": "Daha Rayim MAX REN\u00c9",
  "cargo_ejecutivo": false,
  "clase": "Candidato",
  "cod_alianza": "3735",
  "cod_categoria": "DIP",
  "cod_lista": "3735.3745.3745",
  "cod_partido": "3735.3745",
  "codigo": "3735.3745.3745.8568",
  "dni": "20105240",
  "id_candidatura": "3735.3745.3745.8568",
  "id_umv": 1134,
  "imagenes": [
   "3735.3745.3745.8568"
  ],
  "nombre": "DAHAS, \u201cTURCO\u201d",
  "nro_orden": 1,
  "orden_absoluto": [
   12,
   25,
   70,
   3,
   1
  ],
  "secundarios": [

  ],
  "sexo": "M",
  "suplentes": [
   "MAMANI, MARIANA RAQUEL"
  ]
 },
 {
  "asistida": "Sumbay DIEGO RAMIRO",
  "cargo_ejecutivo": true,
  "clase": "Candidato",
  "cod_alianza": "3735",
  "cod_categoria": "INT",
  "cod_lista": "3735.3745.3745",
  "cod_partido": "3735.3745",
  "codigo": "3735.3745.3745.8592",
  "dni": "28503275",
  "id_candidatura": "3735.3745.3745.8592",
  "id_umv": 1554,
  "imagenes": [
   "3735.3745.3745.8592"
  ],
  "nombre": "SUMBAY, DIEGO RAMIRO",
  "nro_orden": 1,
  "orden_absoluto": [
   12,
   25,
   70,
   4,
   1
  ],
  "secundarios": [

  ],
  "sexo": "M",
  "suplentes": [

  ]
 },
 {
  "asistida": "CORTEZ MAR\u00cdA MAGDALENA",
  "cargo_ejecutivo": false,
  "clase": "Candidato",
  "cod_alianza": "3735",
  "cod_categoria": "CNJ",
  "cod_lista": "3735.4.4",
  "cod_partido": "3735.4",
  "codigo": "3735.4.4.10317",
  "dni": "25271684",
  "id_candidatura": "3735.4.4.10317",
  "id_umv": 767,
  "imagenes": [
   "3735.4.4.10317",
   "default",
   "default_mujer"
  ],
  "nombre": "CORTEZ, MARIA MAGDALENA",
  "nro_orden": 1,
  "orden_absoluto": [
   12,
   58,
   6,
   5,
   1
  ],
  "secundarios": [
   "SARAPURA, LUCIO TEODORO",
   "CORREGIDOR, RITA FLORENCIA"
  ],
  "sexo": "F",
  "suplentes": [
   "AGUILAR, RAUL PABLO DE JESUS",
   "CORTEZ, MARIANA FERNANDA",
   "CORTEZ, GABRIEL ADOLFO"
  ]
 },
 {
  "asistida": "CASTILLO TAMARA ANJ\u00c9LICA yinet",
  "cargo_ejecutivo": false,
  "clase": "Candidato",
  "cod_alianza": "3735",
  "cod_categoria": "CNJ",
  "cod_lista": "3735.460.460",
  "cod_partido": "3735.460",
  "codigo": "3735.460.460.11315",
  "dni": "39398907",
  "id_candidatura": "3735.460.460.11315",
  "id_umv": 819,
  "imagenes": [
   "3735.460.460.11315",
   "default",
   "default_mujer"
  ],
  "nombre": "CASTILLO, TAMARA ANGELICA JINET",
  "nro_orden": 1,
  "orden_absoluto": [
   12,
   23,
   10,
   5,
   1
  ],
  "secundarios": [
   "GARCIA, JORGE RAFAEL",
   "CAMA, MARINA"
  ],
  "sexo": "F",
  "suplentes": [
   "CRUZ, NICOLAS JAVIER",
   "SANCHEZ, VICTORIA MANUELA",
   "REYES, MATIAS OSCAR"
  ]
 },
 {
  "asistida": "Escotor\u00edn RAMIRO DANIEL",
  "cargo_ejecutivo": true,
  "clase": "Candidato",
  "cod_alianza": "685",
  "cod_categoria": "GOB",
  "cod_lista": "685.685.685",
  "cod_partido": "685.685",
  "codigo": "685.685.685.12004",
  "dni": "17581303",
  "id_candidatura": "685.685.685.12004",
  "id_umv": 1208,
  "imagenes": [
   "685.685.685.12004",
   "default_mujer"
  ],
  "nombre": "ESCOTORIN, RAMIRO DANIEL",
  "nro_orden": 1,
  "orden_absoluto": [
   14,
   30,
   78,
   1,
   1
  ],
  "secundarios": [
   "CALIVA, PATRICIA DEL VALLE"
  ],
  "sexo": "M",
  "suplentes": [

  ]
 },
 {
  "asistida": "Voto en BLANCO",
  "cargo_ejecutivo": false,
  "clase": "Blanco",
  "cod_categoria": "CNJ",
  "cod_lista": "",
  "codigo": "BLC",
  "id_candidatura": "BLC",
  "id_umv": 873,
  "imagenes": [
   "BLC"
  ],
  "nombre": "Voto en BLANCO",
  "nro_orden": 5,
  "orden_absoluto": [
   994,
   5
  ],
  "secundarios": [

  ],
  "sexo": null,
  "suplentes": [

  ]
 },
 {
  "asistida": "Voto en BLANCO",
  "cargo_ejecutivo": false,
  "clase": "Blanco",
  "cod_categoria": "DIP",
  "cod_lista": "",
  "codigo": "BLC",
  "id_candidatura": "BLC",
  "id_umv": 1160,
  "imagenes": [
   "BLC"
  ],
  "nombre": "Voto en BLANCO",
  "nro_orden": 3,
  "orden_absoluto": [
   994,
   3
  ],
  "secundarios": [

  ],
  "sexo": null,
  "suplentes": [

  ]
 },
 {
  "asistida": "Voto en BLANCO",
  "cargo_ejecutivo": true,
  "clase": "Blanco",
  "cod_categoria": "GOB",
  "cod_lista": "",
  "codigo": "BLC",
  "id_candidatura": "BLC",
  "id_umv": 1209,
  "imagenes": [
   "BLC"
  ],
  "nombre": "Voto en BLANCO",
  "nro_orden": 1,
  "orden_absoluto": [
   994,
   1
  ],
  "secundarios": [

  ],
  "sexo": null,
  "suplentes": [

  ]
 },
 {
  "asistida": "Voto en BLANCO",
  "cargo_ejecutivo": true,
  "clase": "Blanco",
  "cod_categoria": "INT",
  "cod_lista": "",
  "codigo": "BLC",
  "id_candidatura": "BLC",
  "id_umv": 1647,
  "imagenes": [
   "BLC"
  ],
  "nombre": "Voto en BLANCO",
  "nro_orden": 4,
  "orden_absoluto": [
   994,
   4
  ],
  "secundarios": [

  ],
  "sexo": null,
  "suplentes": [

  ]
 },
 {
  "asistida": "Votos IMPUGNADOS",
  "cargo_ejecutivo": false,
  "clase": "Especial",
  "cod_categoria": "CNJ",
  "cod_lista": "",
  "codigo": "IMP",
  "id_candidatura": "IMP",
  "id_umv": 933,
  "nombre": "Votos IMPUGNADOS",
  "nro_orden": 5,
  "orden_absoluto": [
   995,
   5
  ],
  "secundarios": [

  ],
  "sexo": null,
  "suplentes": [

  ]
 },
 {
  "asistida": "Votos IMPUGNADOS",
  "cargo_ejecutivo": false,
  "clase": "Especial",
  "cod_categoria": "DIP",
  "cod_lista": "",
  "codigo": "IMP",
  "id_candidatura": "IMP",
  "id_umv": 1175,
  "nombre": "Votos IMPUGNADOS",
  "nro_orden": 3,
  "orden_absoluto": [
   995,
   3
  ],
  "secundarios": [

  ],
  "sexo": null,
  "suplentes": [

  ]
 },
 {
  "asistida": "Votos IMPUGNADOS",
  "cargo_ejecutivo": true,
  "clase": "Especial",
  "cod_categoria": "GOB",
  "cod_lista": "",
  "codigo": "IMP",
  "id_candidatura": "IMP",
  "id_umv": 1210,
  "nombre": "Votos IMPUGNADOS",
  "nro_orden": 1,
  "orden_absoluto": [
   995,
   1
  ],
  "secundarios": [

  ],
  "sexo": null,
  "suplentes": [

  ]
 },
 {
  "asistida": "Votos IMPUGNADOS",
  "cargo_ejecutivo": true,
  "clase": "Especial",
  "cod_categoria": "INT",
  "cod_lista": "",
  "codigo": "IMP",
  "id_candidatura": "IMP",
  "id_umv": 1707,
  "nombre": "Votos IMPUGNADOS",
  "nro_orden": 4,
  "orden_absoluto": [
   995,
   4
  ],
  "secundarios": [

  ],
  "sexo": null,
  "suplentes": [

  ]
 },
 {
  "asistida": "Votos OBSERVADOS",
  "cargo_ejecutivo": false,
  "clase": "Especial",
  "cod_categoria": "CNJ",
  "cod_lista": "",
  "codigo": "OBS",
  "id_candidatura": "OBS",
  "id_umv": 993,
  "nombre": "Votos OBSERVADOS",
  "nro_orden": 5,
  "orden_absoluto": [
   996,
   5
  ],
  "secundarios": [

  ],
  "sexo": null,
  "suplentes": [

  ]
 },
 {
  "asistida": "Votos OBSERVADOS",
  "cargo_ejecutivo": false,
  "clase": "Especial",
  "cod_categoria": "DIP",
  "cod_lista": "",
  "codigo": "OBS",
  "id_candidatura": "OBS",
  "id_umv": 1190,
  "nombre": "Votos OBSERVADOS",
  "nro_orden": 3,
  "orden_absoluto": [
   996,
   3
  ],
  "secundarios": [

  ],
  "sexo": null,
  "suplentes": [

  ]
 },
 {
  "asistida": "Votos OBSERVADOS",
  "cargo_ejecutivo": true,
  "clase": "Especial",
  "cod_categoria": "GOB",
  "cod_lista": "",
  "codigo": "OBS",
  "id_candidatura": "OBS",
  "id_umv": 1211,
  "nombre": "Votos OBSERVADOS",
  "nro_orden": 1,
  "orden_absoluto": [
   996,
   1
  ],
  "secundarios": [

  ],
  "sexo": null,
  "suplentes": [

  ]
 },
 {
  "asistida": "Votos OBSERVADOS",
  "cargo_ejecutivo": true,
  "clase": "Especial",
  "cod_categoria": "INT",
  "cod_lista": "",
  "codigo": "OBS",
  "id_candidatura": "OBS",
  "id_umv": 1767,
  "nombre": "Votos OBSERVADOS",
  "nro_orden": 4,
  "orden_absoluto": [
   996,
   4
  ],
  "secundarios": [

  ],
  "sexo": null,
  "suplentes": [

  ]
 }
]