[
 {
  "asistida": "PLANES DANIELA",
  "cargo_ejecutivo": true,
  "clase": "Candidato",
  "cod_alianza": "1863",
  "cod_categoria": "GOB",
  "cod_lista": "1863.1863.1863",
  "cod_partido": "1863.1863",
  "codigo": "1863.1863.1863.2069",
  "dni": "28523544",
  "id_candidatura": "1863.1863.1863.2069",
  "id_umv": 1197,
  "imagenes": [
   "1863.1863.1863.2069",
   "default_mujer"
  ],
  "nombre": "PLANES, DANIELA",
  "nro_orden": 1,
  "orden_absoluto": [
   22,
   53,
   12,
   1,
   1
  ],
  "secundarios": [
   "TEJERINA, VERONICA"
  ],
  "sexo": "F",
  "suplentes": [

  ]
 },
 {
  "asistida": "CI\u00d3TTA JOSEFINA",
  "cargo_ejecutivo": false,
  "clase": "Candidato",
  "cod_alianza": "1863",
  "cod_categoria": "DIP",
  "cod_lista": "1863.1863.1863",
  "cod_partido": "1863.1863",
  "codigo": "1863.1863.1863.2071",
  "dni": "40148479",
  "id_candidatura": "1863.1863.1863.2071",
  "id_umv": 1030,
  "imagenes": [
   "1863.1863.1863.2071",
   "default",
   "default_mujer",
   "default",
   "default_mujer",
   "default",
   "default_mujer",
   "default",
   "default_mujer"
  ],
  "nombre": "CIOTTA, JOSEFINA",
  "nro_orden": 1,
  "orden_absoluto": [
   22,
   53,
   12,
   3,
   1
  ],
  "secundarios": [
   "BAUTISTA, GABRIEL",
   "PARDO, CAMILA",
   "DIAZ JUAREZ, PABLO",
   "CABANA, FLAVIA",
   "ROSALES, PATRICIO",
   "MARTI, MARIA JOSE",
   "SARAVIA, MARIO",
   "CHOQUE, NATALIA"
  ],
  "sexo": "F",
  "suplentes": [
   "BAIGORRIA, RAUL",
   "GIMENEZ, ROMINA",
   "TEJERINA, RAMIRO",
   "RUIZ ZEBALLOS, GABRIELA",
   "ESCALANTE, ERIC",
   "BURGOS, ROCIO"
  ]
 },
 {
  "asistida": "GIL VIOLETA",
  "cargo_ejecutivo": true,
  "clase": "Candidato",
  "cod_alianza": "22",
  "cod_categoria": "GOB",
  "cod_lista": "22.22.22",
  "cod_partido": "22.22",
  "codigo": "22.22.22.3409",
  "dni": "33984630",
  "id_candidatura": "22.22.22.3409",
  "id_umv": 1198,
  "imagenes": [
   "22.22.22.3409",
   "default"
  ],
  "nombre": "GIL, VIOLETA",
  "nro_orden": 1,
  "orden_absoluto": [
   23,
   62,
   3,
   1,
   1
  ],
  "secundarios": [
   "TOLABA, ANGEL RODOLFO"
  ],
  "sexo": "F",
  "suplentes": [

  ]
 },
 {
  "asistida": "JORGE GABRIELA PATRICIA",
  "cargo_ejecutivo": false,
  "clase": "Candidato",
  "cod_alianza": "22",
  "cod_categoria": "DIP",
  "cod_lista": "22.22.22",
  "cod_partido": "22.22",
  "codigo": "22.22.22.3416",
  "dni": "32630897",
  "id_candidatura": "22.22.22.3416",
  "id_umv": 1031,
  "imagenes": [
   "22.22.22.3416",
   "default",
   "default_mujer",
   "default",
   "default_mujer",
   "default",
   "default_mujer",
   "default",
   "default_mujer"
  ],
  "nombre": "JORGE, GABRIELA PATRICIA",
  "nro_orden": 1,
  "orden_absoluto": [
   23,
   62,
   3,
   3,
   1
  ],
  "secundarios": [
   "GARCIA, MIGUEL ANGEL",
   "CALIVA, YOLANDA MERCEDES",
   "HOYOS, CARLOS DAMIAN",
   "ABALOS, VERONICA DEL VALLE",
   "LOPEZ, CARLOS ALEJANDRO",
   "ZAMBRANO, ARMINDA MARTA",
   "LOPEZ, ARIEL DAVID",
   "POBLETE, PATRICIA ROSANNA"
  ],
  "sexo": "F",
  "suplentes": [
   "FILLOL, GREGORIO ENRIQUE",
   "MACIAS RIOS, KATHERINA MELANI",
   "MONTA\u00d1EZ, RICARDO GUSTAVO",
   "CHAVEZ, MARTA JUSTINA",
   "VIVEROS, HECTOR PANTALEON",
   "QUIPILDOR, NOEMI GABRIELA",
   "CHAVEZ, ANGEL FERNANDO",
   "BARRIOS, GISELA ROSA SUSANA",
   "LUIS, IVAN EMILIO"
  ]
 },
 {
  "asistida": "TogNolini MARCOS",
  "cargo_ejecutivo": true,
  "clase": "Candidato",
  "cod_alianza": "3625",
  "cod_categoria": "GOB",
  "cod_lista": "3625.3625.3625",
  "cod_partido": "3625.3625",
  "codigo": "3625.3625.3625.5312",
  "dni": "29336659",
  "id_candidatura": "3625.3625.3625.5312",
  "id_umv": 1199,
  "imagenes": [
   "3625.3625.3625.5312",
   "default_mujer"
  ],
  "nombre": "TOGNOLINI, MARCOS",
  "nro_orden": 1,
  "orden_absoluto": [
   21,
   43,
   21,
   1,
   1
  ],
  "secundarios": [
   "RAMOS, MIRTA ADRIANA"
  ],
  "sexo": "M",
  "suplentes": [

  ]
 },
 {
  "asistida": "Maman\u00ed Ch\u00e1uque ENZO PABLO",
  "cargo_ejecutivo": false,
  "clase": "Candidato",
  "cod_alianza": "3625",
  "cod_categoria": "DIP",
  "cod_lista": "3625.3625.3625",
  "cod_partido": "3625.3625",
  "codigo": "3625.3625.3625.5314",
  "dni": "43374831",
  "id_candidatura": "3625.3625.3625.5314",
  "id_umv": 1035,
  "imagenes": [
   "3625.3625.3625.5314",
   "default_mujer",
   "default",
   "default_mujer",
   "default",
   "default_mujer",
   "default",
   "default_mujer",
   "default"
  ],
  "nombre": "MAMANI CHAUQUE, ENZO PABLO",
  "nro_orden": 1,
  "orden_absoluto": [
   21,
   43,
   21,
   3,
   1
  ],
  "secundarios": [
   "LOPEZ, MARCELA VIVIANA",
   "CABRERA, JOSE RAUL",
   "CORDOBA GAVENDA, DANIELA",
   "CARRASCO, LUIS ALBERTO",
   "MARTINEZ, MONICA ELIZABETH",
   "YAPURA JAIME, CARLOS GABRIEL",
   "MAIDANA MORALES, ANA PAULA",
   "FADEL, JOSE MARCELO"
  ],
  "sexo": "M",
  "suplentes": [
   "RAMOS, MARIA MILAGROS",
   "FALLETA, VICTOR EMILIO",
   "MURUA, CLAUDIA GABRIELA",
   "RAMOS, FACUNDO",
   "RAJAL, MARIA VICTORIA",
   "MAHLER GAY, GERMAN ADOLFO",
   "ACOSTA MARTORELL, MARINA CLAUDIA",
   "BIANCHI ACOSTA, MARIANO ENRICO",
   "CICALA, NATALIA"
  ]
 },
 {
  "asistida": "RUIZ SEBASTI\u00c1N Osc\u00e1r",
  "cargo_ejecutivo": true,
  "clase": "Candidato",
  "cod_alianza": "3709",
  "cod_categoria": "INT",
  "cod_lista": "3709.3709.3709",
  "cod_partido": "3709.3709",
  "codigo": "3709.3709.3709.6189",
  "dni": "8387255",
  "id_candidatura": "3709.3709.3709.6189",
  "id_umv": 1229,
  "imagenes": [
   "3709.3709.3709.6189"
  ],
  "nombre": "RUIZ, SEBASTIAN OSCAR",
  "nro_orden": 1,
  "orden_absoluto": [
   18,
   38,
   33,
   4,
   1
  ],
  "secundarios": [

  ],
  "sexo": "M",
  "suplentes": [

  ]
 },
 {
  "asistida": "MALDONADO CARLOS MAR\u00cdA",
  "cargo_ejecutivo": false,
  "clase": "Candidato",
  "cod_alianza": "3709",
  "cod_categoria": "CNJ",
  "cod_lista": "3709.3709.3709",
  "cod_partido": "3709.3709",
  "codigo": "3709.3709.3709.6190",
  "dni": "26713394",
  "id_candidatura": "3709.3709.3709.6190",
  "id_umv": 18,
  "imagenes": [
   "3709.3709.3709.6190",
   "default_mujer",
   "default",
   "default_mujer",
   "default",
   "default_mujer",
   "default"
  ],
  "nombre": "MALDONADO, CARLOS MARIA",
  "nro_orden": 1,
  "orden_absoluto": [
   18,
   38,
   33,
   5,
   1
  ],
  "secundarios": [
   "TOLEDO, MATILDE FABIANA",
   "CHARRAS TOCONAS, PABLO JOAQUIN",
   "ROLDAN, ANALIA SUSANA",
   "ANNA, JOSE GABRIEL",
   "ALTAMIRANO, ARIANA MALENA",
   "RUIZ FARJAT, MIGUEL MATIAS"
  ],
  "sexo": "M",
  "suplentes": [
   "JUAREZ ROLDAN, AILIN LOURDES",
   "TAPIA JURADO, JUAN SEBASTIAN",
   "CONDORI, CECILIA ROSA",
   "RUIZ FARJAT, SEBASTIAN OSCAR",
   "I\u00d1IGO, MARCELA ELIZABETH",
   "VARGAS, JOSE MARIA"
  ]
 },
 {
  "asistida": "MARC\u00d3 JUAN PABLO",
  "cargo_ejecutivo": false,
  "clase": "Candidato",
  "cod_alianza": "3717",
  "cod_categoria": "DIP",
  "cod_lista": "3717.13.13",
  "cod_partido": "3717.13",
  "codigo": "3717.13.13.418",
  "dni": "30636590",
  "id_candidatura": "3717.13.13.418",
  "id_umv": 1036,
  "imagenes": [
   "3717.13.13.418",
   "default_mujer",
   "default",
   "default_mujer",
   "default",
   "default_mujer",
   "default",
   "default_mujer",
   "default"
  ],
  "nombre": "MARCO, JUAN PABLO",
  "nro_orden": 1,
  "orden_absoluto": [
   6,
   52,
   75,
   3,
   1
  ],
  "secundarios": [
   "FIGUEROA, NOELIA LIHUE",
   "NANTERNE, ALEJANDRO GABRIEL",
   "ZERPA, MIRIAM ELINA",
   "VEGA, OMAR CARLOS",
   "GONZALEZ, GRACIELA NOEMI",
   "JUAREZ, SERGIO ROBERTO",
   "ZULETA SANCHEZ, ROMINA SALOME",
   "HANNE, VICTOR FEDERICO"
  ],
  "sexo": "M",
  "suplentes": [
   "GONZALES RODRIGUEZ, RAQUEL JUDIT",
   "NAGY, JUAN JOSE",
   "CHIRENO, PAULA LEONOR",
   "PONCE HERNANDEZ, LAUTARO"
  ]
 },
 {
  "asistida": "LUNA JORGE AN\u00cdBAL",
  "cargo_ejecutivo": false,
  "clase": "Candidato",
  "cod_alianza": "3717",
  "cod_categoria": "CNJ",
  "cod_lista": "3717.13.13",
  "cod_partido": "3717.13",
  "codigo": "3717.13.13.544",
  "dni": "22207101",
  "id_candidatura": "3717.13.13.544",
  "id_umv": 27,
  "imagenes": [
   "3717.13.13.544",
   "default_mujer",
   "default",
   "default_mujer",
   "default",
   "default_mujer",
   "default"
  ],
  "nombre": "LUNA, JORGE \u201cTELMO\u201d",
  "nro_orden": 1,
  "orden_absoluto": [
   6,
   52,
   75,
   5,
   1
  ],
  "secundarios": [
   "GERONIMO, DALINDA DEL VALLE",
   "MAMANI, RAFAEL REINALDO",
   "FRIAS MARQUES, JOHANNA PAOLA",
   "VIZGARRA, ROBERTO ALEJANDRO",
   "YAPURA, GABRIELA ELIZABETH",
   "CALERO, SERGIO DANIEL"
  ],
  "sexo": "M",
  "suplentes": [
   "CAVOLO, BALBINA ISABEL",
   "RIOS, SERGIO DAVID",
   "FERNANDEZ, LILIANA ELIZABETH",
   "BAZAN, CASILDO",
   "CARDOZO, GABRIELA CRISTINA"
  ]
 },
 {
  "asistida": "IBARRA AFRANLLI\u00c9 MARIANELA",
  "cargo_ejecutivo": false,
  "clase": "Candidato",
  "cod_alianza": "3717",
  "cod_categoria": "DIP",
  "cod_lista": "3717.2543.2543",
  "cod_partido": "3717.2543",
  "codigo": "3717.2543.2543.3584",
  "dni": "22785531",
  "id_candidatura": "3717.2543.2543.3584",
  "id_umv": 1038,
  "imagenes": [
   "3717.2543.2543.3584",
   "default",
   "default_mujer",
   "default",
   "default_mujer",
   "default",
   "default_mujer",
   "default",
   "default_mujer"
  ],
  "nombre": "ING. IBARRA, MARIANELA",
  "nro_orden": 1,
  "orden_absoluto": [
   6,
   71,
   17,
   3,
   1
  ],
  "secundarios": [
   "GONZALEZ CALIBA, LEONARDO FABIAN",
   "CABANA, NORA SILVINA",
   "SILVESTRE MAGGI, SERGIO OSCAR",
   "ERAZU, ALFONSINA ADRIANA",
   "BRANDAN, GUSTAVO CARLOS",
   "SINGH KAUR, BIBIANA JASBEL",
   "BARBITO TORRES, GABRIEL WALTER",
   "GOMEZ, MARIA ALEJANDRA"
  ],
  "sexo": "F",
  "suplentes": [
   "SODERO VARELA, ROBERTO JOAQUIN",
   "GARRIDO, MARIA GUADALUPE",
   "SPANGENBERG POSTIGO, RICARDO",
   "LAISECA, MARIA MAGDALENA",
   "LOFUALL, ADRIAN EZEQUIEL",
   "GUERRERO, SILVIA SUSANA",
   "BRANDAN, EDUARDO RAUL",
   "ANDULCE, RITA PATRICIA",
   "BACCARO, DANIEL ALBERTO"
  ]
 },
 {
  "asistida": "COLOMBRES HUGO",
  "cargo_ejecutivo": false,
  "clase": "Candidato",
  "cod_alianza": "3717",
  "cod_categoria": "CNJ",
  "cod_lista": "3717.2543.2543",
  "cod_partido": "3717.2543",
  "codigo": "3717.2543.2543.3710",
  "dni": "20219114",
  "id_candidatura": "3717.2543.2543.3710",
  "id_umv": 55,
  "imagenes": [
   "3717.2543.2543.3710",
   "default_mujer",
   "default",
   "default_mujer",
   "default",
   "default_mujer",
   "default"
  ],
  "nombre": "COLOMBRES, HUGO",
  "nro_orden": 1,
  "orden_absoluto": [
   6,
   71,
   17,
   5,
   1
  ],
  "secundarios": [
   "GUYOT, COSTANZA",
   "GUERRERO, LEANDRO EZEQUIEL",
   "VALENCIA, JOHANA NATALIA",
   "RISO, IGNACIO PASCUAL",
   "CRUZ GUTIERREZ, CAROLINA VIVIANA",
   "SERAPIO, JUAN FRANCO"
  ],
  "sexo": "M",
  "suplentes": [
   "FUNES, JESICA ANABEL DEL MILAGRO",
   "ACOSTA, EUCEBIO",
   "BURGOS, MILAGROS LUCRECIA",
   "JAIME, JORGE ALBERTO",
   "BURGOS, JAZMIN LILIANA",
   "MOLINA, MARCELO OSCAR"
  ]
 },
 {
  "asistida": "PERDIGON JULIETA",
  "cargo_ejecutivo": false,
  "clase": "Candidato",
  "cod_alianza": "3717",
  "cod_categoria": "DIP",
  "cod_lista": "3717.2626.2626",
  "cod_partido": "3717.2626",
  "codigo": "3717.2626.2626.4360",
  "dni": "33372670",
  "id_candidatura": "3717.2626.2626.4360",
  "id_umv": 1039,
  "imagenes": [
   "3717.2626.2626.4360",
   "default",
   "default_mujer",
   "default",
   "default_mujer",
   "default",
   "default_mujer",
   "default",
   "default_mujer"
  ],
  "nombre": "PERDIGON, JULIETA",
  "nro_orden": 1,
  "orden_absoluto": [
   6,
   4,
   19,
   3,
   1
  ],
  "secundarios": [
   "CANSINO, CLAUDIO JOSE",
   "DURA\u00d1ONA, MARIA",
   "IBARRA, JOSE ALBERTO",
   "ALE COLODRO, LORENA RAQUEL",
   "LIZARRAGA, GUILLERMO FEDERICO",
   "MATULOVICH, MARIA",
   "GUZMAN, DAMIAN ALVARO",
   "FLORES, NORA MICAELA"
  ],
  "sexo": "F",
  "suplentes": [
   "ACHAVAL, CRISTIAN DAVID",
   "PERDIGON, SILVANA ELIZABETH",
   "ROLDAN, FLAVIO JOSE",
   "PERALTA, MARIA KARINA"
  ]
 },
 {
  "asistida": "ZENTENO FRANCISCO CATALINO",
  "cargo_ejecutivo": false,
  "clase": "Candidato",
  "cod_alianza": "3717",
  "cod_categoria": "CNJ",
  "cod_lista": "3717.2626.2626",
  "cod_partido": "3717.2626",
  "codigo": "3717.2626.2626.4424",
  "dni": "20558229",
  "id_candidatura": "3717.2626.2626.4424",
  "id_umv": 77,
  "imagenes": [
   "3717.2626.2626.4424",
   "default_mujer",
   "default",
   "default_mujer",
   "default",
   "default_mujer",
   "default"
  ],
  "nombre": "ZENTENO, \u201cPANCHO\u201d",
  "nro_orden": 1,
  "orden_absoluto": [
   6,
   4,
   19,
   5,
   1
  ],
  "secundarios": [
   "LOPEZ, NORMA MIRTA",
   "BORTONI CACERES, FERNANDO ISMAEL",
   "VILLALBA, EDITH ANALIA",
   "GARCIA, JORGE CALIXTO",
   "SARAPURA, MARIA GABRIELA",
   "ALTAMIRANO, JOSE LUIS"
  ],
  "sexo": "M",
  "suplentes": [
   "MAMANI, NANCY ADRIANA",
   "RIOS, MATIAS EXEQUIEL",
   "LOPEZ, NATALIA SOLEDAD",
   "CARDOZO, ARIEL ALEJANDRO",
   "CHOQUE, SILVIA LORENA"
  ]
 },
 {
  "asistida": "ESTRADA EMILIANO RAFAEL",
  "cargo_ejecutivo": true,
  "clase": "Candidato",
  "cod_alianza": "3717",
  "cod_categoria": "GOB",
  "cod_lista": "3717.3739.3739",
  "cod_partido": "3717.3739",
  "codigo": "3717.3739.3739.6360",
  "dni": "32165256",
  "id_candidatura": "3717.3739.3739.6360",
  "id_umv": 1200,
  "imagenes": [
   "3717.3739.3739.6360",
   "default"
  ],
  "nombre": "ESTRADA, EMILIANO",
  "nro_orden": 1,
  "orden_absoluto": [
   6,
   17,
   64,
   1,
   1
  ],
  "secundarios": [
   "ZAPATA, CARLOS RAUL"
  ],
  "sexo": "M",
  "suplentes": [

  ]
 },
 {
  "asistida": "OVEJERO JORGE JAVIER",
  "cargo_ejecutivo": false,
  "clase": "Candidato",
  "cod_alianza": "3717",
  "cod_categoria": "DIP",
  "cod_lista": "3717.3739.3739",
  "cod_partido": "3717.3739",
  "codigo": "3717.3739.3739.6382",
  "dni": "31283347",
  "id_candidatura": "3717.3739.3739.6382",
  "id_umv": 1040,
  "imagenes": [
   "3717.3739.3739.6382",
   "default_mujer",
   "default",
   "default_mujer",
   "default",
   "default_mujer",
   "default",
   "default_mujer",
   "default"
  ],
  "nombre": "OVEJERO, JORGE",
  "nro_orden": 1,
  "orden_absoluto": [
   6,
   17,
   64,
   3,
   1
  ],
  "secundarios": [
   "CAMACHO, BEATRIZ FABIANA",
   "ECHAZU RUSSO, FERNANDO RICARDO",
   "BUSTAMANTE, FLORENCIA INES",
   "SYLVESTER, ALEJANDRO",
   "SORIA, MARTA ELIZABET",
   "AGUIERRE PANIGHINI, HECTOR HUGO",
   "ARIAS, ANDREA PAOLA",
   "GUANUCO, LEANDRO JOAQUIN"
  ],
  "sexo": "M",
  "suplentes": [
   "NEQUI, GABRIELA ELENA",
   "MARINARO PEDANO, SALVADOR",
   "CISNEROS, SILVIA SUSANA",
   "ALBARRACIN, DARIO ALEJANDRO",
   "GONZALEZ, VERONICA NATALIA"
  ]
 },
 {
  "asistida": "GONZA ERNESTO FERNANDO",
  "cargo_ejecutivo": true,
  "clase": "Candidato",
  "cod_alianza": "3717",
  "cod_categoria": "INT",
  "cod_lista": "3717.3739.3739",
  "cod_partido": "3717.3739",
  "codigo": "3717.3739.3739.6439",
  "dni": "18240392",
  "id_candidatura": "3717.3739.3739.6439",
  "id_umv": 1254,
  "imagenes": [
   "3717.3739.3739.6439"
  ],
  "nombre": "GONZA, \u201cKILA\u201d",
  "nro_orden": 1,
  "orden_absoluto": [
   6,
   17,
   64,
   4,
   1
  ],
  "secundarios": [

  ],
  "sexo": "M",
  "suplentes": [

  ]
 },
 {
  "asistida": "GONZA ALDO DALMIRO",
  "cargo_ejecutivo": false,
  "clase": "Candidato",
  "cod_alianza": "3717",
  "cod_categoria": "CNJ",
  "cod_lista": "3717.3739.3739",
  "cod_partido": "3717.3739",
  "codigo": "3717.3739.3739.6594",
  "dni": "23749072",
  "id_candidatura": "3717.3739.3739.6594",
  "id_umv": 98,
  "imagenes": [
   "3717.3739.3739.6594",
   "default_mujer",
   "default",
   "default_mujer",
   "default",
   "default_mujer",
   "default"
  ],
  "nombre": "GONZA, ALDO",
  "nro_orden": 1,
  "orden_absoluto": [
   6,
   17,
   64,
   5,
   1
  ],
  "secundarios": [
   "FANTI, CRISTINA NOEMI",
   "MAMANI, MARCELO EDUARDO",
   "VILLANUEVA, SEBASTIANA OFELIA",
   "REYES, MAURO DANIEL",
   "RAMOS, GLORIA",
   "ALFARO, ERNESTO DAVID"
  ],
  "sexo": "M",
  "suplentes": [
   "ANDRADE, MARIA AGOSTINA",
   "SALES, RICARDO FRANCISCO",
   "GARNICA, VIOLETA GLORIA",
   "GUAYMAS, ORLANDO DANIEL",
   "CHOQUE, SUSANA ELIZABETH",
   "SANDOVAL, RAMON GUSTAVO",
   "LEYES, NOELIA MERCEDES"
  ]
 },
 {
  "asistida": "W\u00c1YAR GU\u00c1LTER RAUL",
  "cargo_ejecutivo": true,
  "clase": "Candidato",
  "cod_alianza": "3723",
  "cod_categoria": "GOB",
  "cod_lista": "3723.3741.3741",
  "cod_partido": "3723.3741",
  "codigo": "3723.3741.3741.7154",
  "dni": "12220501",
  "id_candidatura": "3723.3741.3741.7154",
  "id_umv": 1201,
  "imagenes": [
   "3723.3741.3741.7154",
   "default"
  ],
  "nombre": "WAYAR, WALTER",
  "nro_orden": 1,
  "orden_absoluto": [
   5,
   14,
   65,
   1,
   1
  ],
  "secundarios": [
   "MIZZAU, IVAN"
  ],
  "sexo": "M",
  "suplentes": [

  ]
 },
 {
  "asistida": "GODOY LUCAS JAVIER",
  "cargo_ejecutivo": false,
  "clase": "Candidato",
  "cod_alianza": "3723",
  "cod_categoria": "DIP",
  "cod_lista": "3723.3741.3741",
  "cod_partido": "3723.3741",
  "codigo": "3723.3741.3741.7176",
  "dni": "29276803",
  "id_candidatura": "3723.3741.3741.7176",
  "id_umv": 1053,
  "imagenes": [
   "3723.3741.3741.7176",
   "default_mujer",
   "default",
   "default_mujer",
   "default",
   "default_mujer",
   "default",
   "default_mujer",
   "default"
  ],
  "nombre": "GODOY, LUCAS",
  "nro_orden": 1,
  "orden_absoluto": [
   5,
   14,
   65,
   3,
   1
  ],
  "secundarios": [
   "FERNANDEZ, ELIA",
   "MELIAN, \u201cCARLITOS\u201d",
   "DOLJANIN, LUCIA",
   "VACA, LUIS GUILLERMO",
   "MU\u00d1OZ, DANIELA RAQUEL DEL CARMEN",
   "NARVAEZ, SANTOS VICENTE",
   "ORELLANA, LOURDES MARIA ANGELICA",
   "GIMENEZ, CARLOS MANUEL"
  ],
  "sexo": "M",
  "suplentes": [
   "PEREZ MIRANDA, MARIA FERNANDA",
   "CARO, LUIS ANGEL",
   "ALABAR, SANDRA ELIZABET",
   "FERNANDEZ, OSCAR ROBERTO",
   "KYNAST, MARGARITA SOFIA",
   "AYALA, SANTIAGO DAVID",
   "JUAREZ, SANDRA DEL ROSARIO",
   "YAZLLE, GUSTAVO DANIEL",
   "FERNANDEZ, ANA CRISTINA"
  ]
 },
 {
  "asistida": "ESTRADA MARIANO MATIAS",
  "cargo_ejecutivo": true,
  "clase": "Candidato",
  "cod_alianza": "3723",
  "cod_categoria": "INT",
  "cod_lista": "3723.3741.3741",
  "cod_partido": "3723.3741",
  "codigo": "3723.3741.3741.7231",
  "dni": "27973133",
  "id_candidatura": "3723.3741.3741.7231",
  "id_umv": 1296,
  "imagenes": [
   "3723.3741.3741.7231"
  ],
  "nombre": "ESTRADA, MARIANO MATIAS",
  "nro_orden": 1,
  "orden_absoluto": [
   5,
   14,
   65,
   4,
   1
  ],
  "secundarios": [

  ],
  "sexo": "M",
  "suplentes": [

  ]
 },
 {
  "asistida": "GONZA JORGE EUSEBIO",
  "cargo_ejecutivo": false,
  "clase": "Candidato",
  "cod_alianza": "3723",
  "cod_categoria": "CNJ",
  "cod_lista": "3723.3741.3741",
  "cod_partido": "3723.3741",
  "codigo": "3723.3741.3741.7357",
  "dni": "13640435",
  "id_candidatura": "3723.3741.3741.7357",
  "id_umv": 193,
  "imagenes": [
   "3723.3741.3741.7357",
   "default_mujer",
   "default",
   "default_mujer",
   "default",
   "default_mujer",
   "default"
  ],
  "nombre": "GONZA, JORGE EUSEBIO",
  "nro_orden": 1,
  "orden_absoluto": [
   5,
   14,
   65,
   5,
   1
  ],
  "secundarios": [
   "CIRER BOSSETTO, AYELEN FATIMA",
   "ACOSTA ROMERO, CRISTIAN FABIAN",
   "FERREYRA, MARIA ELSA",
   "CRUZ, OSCAR SANDRO",
   "BURGOS, ROSANA ELIZABETH",
   "GONZALEZ, OSCAR GERARDO"
  ],
  "sexo": "M",
  "suplentes": [
   "CELEDON ROMERO, ANALIA",
   "PRIETO, HERNAN ELIBERTO",
   "MOLINA, ANA MIRIAM",
   "LINDOW, GERMAN EZEQUIEL",
   "PALACIO, DEBORA PAOLA",
   "LOPEZ, JOSE MARIO"
  ]
 },
 {
  "asistida": "PAZ POSE LUCIO",
  "cargo_ejecutivo": true,
  "clase": "Candidato",
  "cod_alianza": "3728",
  "cod_categoria": "GOB",
  "cod_lista": "3728.3742.3742",
  "cod_partido": "3728.3742",
  "codigo": "3728.3742.3742.7704",
  "dni": "24875401",
  "id_candidatura": "3728.3742.3742.7704",
  "id_umv": 1202,
  "imagenes": [
   "3728.3742.3742.7704",
   "default_mujer"
  ],
  "nombre": "PAZ POSSE, LUCIO \u201cPINO\u201d",
  "nro_orden": 1,
  "orden_absoluto": [
   9,
   21,
   66,
   1,
   1
  ],
  "secundarios": [
   "FARJAT D\u2019ALESSANDRO, LORENA"
  ],
  "sexo": "M",
  "suplentes": [

  ]
 },
 {
  "asistida": "LECUONA DE PRAT NELSON",
  "cargo_ejecutivo": false,
  "clase": "Candidato",
  "cod_alianza": "3728",
  "cod_categoria": "DIP",
  "cod_lista": "3728.3742.3742",
  "cod_partido": "3728.3742",
  "codigo": "3728.3742.3742.7716",
  "dni": "28441138",
  "id_candidatura": "3728.3742.3742.7716",
  "id_umv": 1065,
  "imagenes": [
   "3728.3742.3742.7716",
   "default_mujer",
   "default",
   "default_mujer",
   "default",
   "default_mujer",
   "default",
   "default_mujer",
   "default"
  ],
  "nombre": "LECUONA DE PRAT, NELSON",
  "nro_orden": 1,
  "orden_absoluto": [
   9,
   21,
   66,
   3,
   1
  ],
  "secundarios": [
   "QUINTAR, ALBA",
   "SERRANO, ROLANDO",
   "ALMIRON TACACHO, FABIANA",
   "BARAVALLE, MARIANO JAVIER",
   "SANCHEZ BELMONT, BELEN NATALIA",
   "ALCOBA, LUIS ROBERTO",
   "GUZMAN, TERESA RAQUEL",
   "ALBRECHT, GERMAN"
  ],
  "sexo": "M",
  "suplentes": [
   "ARIAS MEDRANO, DANIELA SOLEDAD",
   "FLORES, NAHUEL MAXIMILIANO",
   "MARTINEZ, ALEJANDRA ARACELI",
   "COLQUE, MIGUEL ANGEL",
   "URQUIETA ROMERO, ROMINA DEL",
   "QUINTERO, LAUTARO IGNACIO",
   "SERRANO, ADRIANA AURELIA",
   "NOVARA, RAMIRO",
   "MURILLO, SANDRA VIVIANA"
  ]
 },
 {
  "asistida": "Raciopi MAR\u00cdA SUSANA",
  "cargo_ejecutivo": true,
  "clase": "Candidato",
  "cod_alianza": "3728",
  "cod_categoria": "INT",
  "cod_lista": "3728.3742.3742",
  "cod_partido": "3728.3742",
  "codigo": "3728.3742.3742.7764",
  "dni": "6535523",
  "id_candidatura": "3728.3742.3742.7764",
  "id_umv": 1336,
  "imagenes": [
   "3728.3742.3742.7764"
  ],
  "nombre": "RACIOPPI, MARIA SUSANA",
  "nro_orden": 1,
  "orden_absoluto": [
   9,
   21,
   66,
   4,
   1
  ],
  "secundarios": [

  ],
  "sexo": "F",
  "suplentes": [

  ]
 },
 {
  "asistida": "PLAZA REN\u00c9 GONZALO RODRIGO",
  "cargo_ejecutivo": false,
  "clase": "Candidato",
  "cod_alianza": "3728",
  "cod_categoria": "CNJ",
  "cod_lista": "3728.3748.3748",
  "cod_partido": "3728.3748",
  "codigo": "3728.3748.3748.9548",
  "dni": "31900626",
  "id_candidatura": "3728.3748.3748.9548",
  "id_umv": 244,
  "imagenes": [
   "3728.3748.3748.9548",
   "default_mujer",
   "default",
   "default_mujer",
   "default",
   "default_mujer",
   "default"
  ],
  "nombre": "PLAZA, RENE GONZALO RODRIGO",
  "nro_orden": 1,
  "orden_absoluto": [
   9,
   15,
   24,
   5,
   1
  ],
  "secundarios": [
   "GUERRA, LORENA ALEJANDRA",
   "TORRES, ANGEL RAMIRO",
   "CORDOBA, CAROLA PATRICIA",
   "GUERRA, PABLO NICOLAS AGUSTIN",
   "RAMOS, ELSA ROSANA",
   "HIDALGO, EDUVIGIS LUIS"
  ],
  "sexo": "M",
  "suplentes": [
   "MORENO DURNELI, EMILIA MICOL",
   "RUEDA, NELSON",
   "PALMA, DANIELA DEL MILAGRO",
   "REYNOSO, HUMBERTO VICTORIO"
  ]
 },
 {
  "asistida": "CAL\u00cdVA L\u00cdA VER\u00d3NICA",
  "cargo_ejecutivo": true,
  "clase": "Candidato",
  "cod_alianza": "3729",
  "cod_categoria": "GOB",
  "cod_lista": "3729.3747.3747",
  "cod_partido": "3729.3747",
  "codigo": "3729.3747.3747.9058",
  "dni": "25624792",
  "id_candidatura": "3729.3747.3747.9058",
  "id_umv": 1203,
  "imagenes": [
   "3729.3747.3747.9058",
   "default"
  ],
  "nombre": "CALIVA, LIA VERONICA",
  "nro_orden": 1,
  "orden_absoluto": [
   24,
   68,
   67,
   1,
   1
  ],
  "secundarios": [
   "GRAVANAGO, CARLOS ALEJANDRO"
  ],
  "sexo": "F",
  "suplentes": [

  ]
 },
 {
  "asistida": "ARROYO DIEGO ARMANDO",
  "cargo_ejecutivo": false,
  "clase": "Candidato",
  "cod_alianza": "3729",
  "cod_categoria": "DIP",
  "cod_lista": "3729.3747.3747",
  "cod_partido": "3729.3747",
  "codigo": "3729.3747.3747.9073",
  "dni": "28259554",
  "id_candidatura": "3729.3747.3747.9073",
  "id_umv": 1073,
  "imagenes": [
   "3729.3747.3747.9073",
   "default_mujer",
   "default",
   "default_mujer",
   "default",
   "default_mujer",
   "default",
   "default_mujer",
   "default"
  ],
  "nombre": "ARROYO, DIEGO ARMANDO",
  "nro_orden": 1,
  "orden_absoluto": [
   24,
   68,
   67,
   3,
   1
  ],
  "secundarios": [
   "LOPEZ, MAIRA SILVANA",
   "MOLINA, JULIO CESAR",
   "CARI, IRENE PETRONA",
   "GONZALEZ, ALBERTO REX",
   "SAGLE, SILVIA SUSANA",
   "SARAPURA, HECTOR MIGUEL",
   "FIGUEROA, MERCEDES ADRIANA",
   "GIMENEZ, MARTIN MIGUEL"
  ],
  "sexo": "M",
  "suplentes": [
   "GIMENEZ, ELIZABETH",
   "GODOY, MANUEL DEMETRIO",
   "FLORES, CLAUDIA ALEJANDRA",
   "GAUNA, ANDRES AMERICO",
   "LEA\u00d1EZ, SILVIA SUSANA",
   "GIMENEZ, VICTOR RICARDO"
  ]
 },
 {
  "asistida": "GIUR\u00cd SARAVIA HORACIO",
  "cargo_ejecutivo": true,
  "clase": "Candidato",
  "cod_alianza": "3729",
  "cod_categoria": "INT",
  "cod_lista": "3729.3747.3747",
  "cod_partido": "3729.3747",
  "codigo": "3729.3747.3747.9114",
  "dni": "36802805",
  "id_candidatura": "3729.3747.3747.9114",
  "id_umv": 1362,
  "imagenes": [
   "3729.3747.3747.9114"
  ],
  "nombre": "GIURI SARAVIA, HORACIO",
  "nro_orden": 1,
  "orden_absoluto": [
   24,
   68,
   67,
   4,
   1
  ],
  "secundarios": [

  ],
  "sexo": "M",
  "suplentes": [

  ]
 },
 {
  "asistida": "CARDOZO LUCAS DAR\u00cdO EZEQUIEL",
  "cargo_ejecutivo": false,
  "clase": "Candidato",
  "cod_alianza": "3729",
  "cod_categoria": "CNJ",
  "cod_lista": "3729.3747.3747",
  "cod_partido": "3729.3747",
  "codigo": "3729.3747.3747.9227",
  "dni": "37777285",
  "id_candidatura": "3729.3747.3747.9227",
  "id_umv": 272,
  "imagenes": [
   "3729.3747.3747.9227",
   "default_mujer",
   "default",
   "default_mujer",
   "default",
   "default_mujer",
   "default"
  ],
  "nombre": "CARDOZO, LUCAS DARIO EZEQUIEL",
  "nro_orden": 1,
  "orden_absoluto": [
   24,
   68,
   67,
   5,
   1
  ],
  "secundarios": [
   "VERA, JORGELINA MABEL",
   "BAEZ, RAMIRO EDUARDO",
   "YAPURA, MARIA DEMETRIA",
   "PEREYRA, LUCAS LEANDRO",
   "AQUINO, MARIELA IVANA VALERIA",
   "LOPEZ, ANGEL ERIK"
  ],
  "sexo": "M",
  "suplentes": [
   "TORINO, MARIELA GRISEL",
   "MEDINA, SEBASTIAN ANDRES",
   "LOPEZ, MARISOL BELINDA"
  ]
 },
 {
  "asistida": "TICONA LOURDES NATIVIDAD",
  "cargo_ejecutivo": false,
  "clase": "Candidato",
  "cod_alianza": "3729",
  "cod_categoria": "CNJ",
  "cod_lista": "3729.459.459",
  "cod_partido": "3729.459",
  "codigo": "3729.459.459.10946",
  "dni": "34062686",
  "id_candidatura": "3729.459.459.10946",
  "id_umv": 294,
  "imagenes": [
   "3729.459.459.10946",
   "default",
   "default_mujer",
   "default",
   "default_mujer",
   "default",
   "default_mujer"
  ],
  "nombre": "TICONA, LOURDES NATIVIDAD",
  "nro_orden": 1,
  "orden_absoluto": [
   24,
   35,
   77,
   5,
   1
  ],
  "secundarios": [
   "GUERRA, MARCOS ANTONIO",
   "AGUILAR, ROMINA GISEL",
   "BARRIOS, MARIO FIDEL",
   "TORREZ, MAIA FLORENCIA AGUSTINA",
   "ARCE, NESTOR EDUARDO",
   "TORRES, MARIA ESTELA"
  ],
  "sexo": "F",
  "suplentes": [
   "PASTRANA, ROSALIO ALEJANDRO",
   "CASTRO ARANDA, ELINA CLARA",
   "CACERES, ANTONIO NOLBERTO",
   "RUEDA, RITA GRACIELA"
  ]
 },
 {
  "asistida": "NANNI VALERO MIGUEL",
  "cargo_ejecutivo": true,
  "clase": "Candidato",
  "cod_alianza": "3730",
  "cod_categoria": "GOB",
  "cod_lista": "3730.3746.3746",
  "cod_partido": "3730.3746",
  "codigo": "3730.3746.3746.8614",
  "dni": "25802248",
  "id_candidatura": "3730.3746.3746.8614",
  "id_umv": 1204,
  "imagenes": [
   "3730.3746.3746.8614",
   "default_mujer"
  ],
  "nombre": "NANNI, MIGUEL",
  "nro_orden": 1,
  "orden_absoluto": [
   15,
   32,
   74,
   1,
   1
  ],
  "secundarios": [
   "CORNEJO, VIRGINIA"
  ],
  "sexo": "M",
  "suplentes": [

  ]
 },
 {
  "asistida": "Gauf\u00edn JOS\u00c9 MIGUEL",
  "cargo_ejecutivo": false,
  "clase": "Candidato",
  "cod_alianza": "3730",
  "cod_categoria": "DIP",
  "cod_lista": "3730.3746.3746",
  "cod_partido": "3730.3746",
  "codigo": "3730.3746.3746.8634",
  "dni": "12712736",
  "id_candidatura": "3730.3746.3746.8634",
  "id_umv": 1081,
  "imagenes": [
   "3730.3746.3746.8634",
   "default_mujer",
   "default",
   "default_mujer",
   "default",
   "default_mujer",
   "default",
   "default_mujer",
   "default"
  ],
  "nombre": "GAUFFIN, JOSE MIGUEL",
  "nro_orden": 1,
  "orden_absoluto": [
   15,
   32,
   74,
   3,
   1
  ],
  "secundarios": [
   "FARFAN, \u201cSOLE\u201d",
   "GARCIA PINTO, SANTIAGO",
   "BELMONT, MARIA NORMA BEATRIZ",
   "ULLOA DE LA SERNA, ALVARO",
   "ABUTT CAROL, GRACIELA",
   "BUSTOS, SERGIO ALEJANDRO",
   "NEVORA, ORIANA",
   "IBARGUREN, HUMBERTO"
  ],
  "sexo": "M",
  "suplentes": [
   "GABINI CORREA, ANTONELLA MARIA",
   "GOMEZ, ADOLFO DANTE",
   "DAVIDS CORNEJO, MARIA VIRGINIA",
   "PAROLA, SEBASTIAN GERARDO",
   "MOSCA COLL, MARIA VIRGINIA LUJAN",
   "CORTES GALEANO, BRUNO ISMAEL",
   "IBARGUREN, MARIA SOLEDAD"
  ]
 },
 {
  "asistida": "VALENCIA DONAT JULIETA",
  "cargo_ejecutivo": true,
  "clase": "Candidato",
  "cod_alianza": "3730",
  "cod_categoria": "INT",
  "cod_lista": "3730.3746.3746",
  "cod_partido": "3730.3746",
  "codigo": "3730.3746.3746.8689",
  "dni": "22637109",
  "id_candidatura": "3730.3746.3746.8689",
  "id_umv": 1391,
  "imagenes": [
   "3730.3746.3746.8689"
  ],
  "nombre": "VALENCIA, \u201cJULIETA\u201d",
  "nro_orden": 1,
  "orden_absoluto": [
   15,
   32,
   74,
   4,
   1
  ],
  "secundarios": [

  ],
  "sexo": "F",
  "suplentes": [

  ]
 },
 {
  "asistida": "RODR\u00cdGUEZ Laconi AGUSTINA",
  "cargo_ejecutivo": false,
  "clase": "Candidato",
  "cod_alianza": "3730",
  "cod_categoria": "CNJ",
  "cod_lista": "3730.3746.3746",
  "cod_partido": "3730.3746",
  "codigo": "3730.3746.3746.8811",
  "dni": "33970664",
  "id_candidatura": "3730.3746.3746.8811",
  "id_umv": 304,
  "imagenes": [
   "3730.3746.3746.8811",
   "default",
   "default_mujer",
   "default",
   "default_mujer",
   "default",
   "default_mujer"
  ],
  "nombre": "RODRIGUEZ LACONI, AGUSTINA",
  "nro_orden": 1,
  "orden_absoluto": [
   15,
   32,
   74,
   5,
   1
  ],
  "secundarios": [
   "ROJAS, JOSE DE CALAZAN",
   "AGUILAR, EVA JORGELINA",
   "ASSAF, FEDERICO PABLO SAID",
   "FIGUEROA, MARIA BELEN",
   "DURAN, FERNANDO",
   "IBARRARAN GUAIMAS, ANGELA"
  ],
  "sexo": "F",
  "suplentes": [
   "GONZALEZ, \u201cJUANCHI\u201d",
   "CORONEL, CARINA",
   "TAPIA, JAVIER",
   "AGUILAR, LEANDRA MARIBEL",
   "ORTEGA, FABIAN",
   "LOPEZ, ALEJANDRA NATALIA"
  ]
 },
 {
  "asistida": "Sabadini MAURO DIEGO",
  "cargo_ejecutivo": true,
  "clase": "Candidato",
  "cod_alianza": "3731",
  "cod_categoria": "GOB",
  "cod_lista": "3731.3743.3743",
  "cod_partido": "3731.3743",
  "codigo": "3731.3743.3743.7941",
  "dni": "23362242",
  "id_candidatura": "3731.3743.3743.7941",
  "id_umv": 1205,
  "imagenes": [
   "3731.3743.3743.7941",
   "default_mujer"
  ],
  "nombre": "SABBADINI, MAURO DIEGO",
  "nro_orden": 1,
  "orden_absoluto": [
   10,
   22,
   68,
   1,
   1
  ],
  "secundarios": [
   "LOAYZA PACHECO, JIMENA LUCIA"
  ],
  "sexo": "M",
  "suplentes": [

  ]
 },
 {
  "asistida": "MORALES MI MAR\u00cdA",
  "cargo_ejecutivo": false,
  "clase": "Candidato",
  "cod_alianza": "3731",
  "cod_categoria": "DIP",
  "cod_lista": "3731.3743.3743",
  "cod_partido": "3731.3743",
  "codigo": "3731.3743.3743.7952",
  "dni": "24722651",
  "id_candidatura": "3731.3743.3743.7952",
  "id_umv": 1094,
  "imagenes": [
   "3731.3743.3743.7952",
   "default",
   "default_mujer",
   "default",
   "default_mujer",
   "default",
   "default_mujer",
   "default",
   "default_mujer"
  ],
  "nombre": "MORALES MIY, MARIA",
  "nro_orden": 1,
  "orden_absoluto": [
   10,
   22,
   68,
   3,
   1
  ],
  "secundarios": [
   "POZZI, MARCELO SEBASTIAN",
   "GEA ZAMORA, YAMANA",
   "LAGUNA, \u201cKIKE\u201d ENRIQUE",
   "BITRIAGA, PATRICIA",
   "ROBINO, EDUARDO",
   "SALINAS FRESCO, SILVIA BEATRIZ",
   "BURGOS, ANDRES SEBASTIAN",
   "VACA, NATALIA SOLEDAD"
  ],
  "sexo": "F",
  "suplentes": [
   "NIEVA, JOSE GABRIEL",
   "VICTOR, JULIETA",
   "ROBLES, DIEGO EZEQUIEL",
   "NOGALES RIVERO, SILVANA SOFIA",
   "PASSO ZAPATA, ROQUE EZEQUIEL",
   "FLORES, CLAUDIA JULIA",
   "GANGEMI SANCHEZ, VICENTE",
   "TELLO, LIDIA MARTHA"
  ]
 },
 {
  "asistida": "APAZA NANCY NOEM\u00cd",
  "cargo_ejecutivo": true,
  "clase": "Candidato",
  "cod_alianza": "3731",
  "cod_categoria": "INT",
  "cod_lista": "3731.3743.3743",
  "cod_partido": "3731.3743",
  "codigo": "3731.3743.3743.7999",
  "dni": "22947145",
  "id_candidatura": "3731.3743.3743.7999",
  "id_umv": 1425,
  "imagenes": [
   "3731.3743.3743.7999"
  ],
  "nombre": "APAZA, NANCY NOEMI",
  "nro_orden": 1,
  "orden_absoluto": [
   10,
   22,
   68,
   4,
   1
  ],
  "secundarios": [

  ],
  "sexo": "F",
  "suplentes": [

  ]
 },
 {
  "asistida": "GOMEZ JAVIER ALEJANDRO",
  "cargo_ejecutivo": false,
  "clase": "Candidato",
  "cod_alianza": "3731",
  "cod_categoria": "CNJ",
  "cod_lista": "3731.3743.3743",
  "cod_partido": "3731.3743",
  "codigo": "3731.3743.3743.8092",
  "dni": "29337847",
  "id_candidatura": "3731.3743.3743.8092",
  "id_umv": 359,
  "imagenes": [
   "3731.3743.3743.8092",
   "default_mujer",
   "default",
   "default_mujer",
   "default",
   "default_mujer",
   "default"
  ],
  "nombre": "GOMEZ, JAVIER ALEJANDRO",
  "nro_orden": 1,
  "orden_absoluto": [
   10,
   22,
   68,
   5,
   1
  ],
  "secundarios": [
   "DIAZ, DINA DELIA",
   "SOLIS, RODRIGO SEBASTIAN",
   "VILLARREAL, SUSANA RUTH",
   "SALVA, VICTOR SANTOS",
   "SALVA, MILAGRO AGUSTINA",
   "COLQUE, MARCOS ROLANDO"
  ],
  "sexo": "M",
  "suplentes": [
   "SOTO, ESTER DEL VALLE",
   "GORRITI, LUIS HECTOR",
   "APARICIO ZENTENO, NAHIR MARIA",
   "MAIZA, SEBASTIAN ARIEL",
   "GUITIAN, FATIMA RAQUEL",
   "ARANDA, LUIS NORBERTO",
   "CRUZ, HILDA NICOLASA"
  ]
 },
 {
  "asistida": "DEL PLA CLAUDIO ARIEL",
  "cargo_ejecutivo": true,
  "clase": "Candidato",
  "cod_alianza": "3732",
  "cod_categoria": "GOB",
  "cod_lista": "3732.3740.3740",
  "cod_partido": "3732.3740",
  "codigo": "3732.3740.3740.6916",
  "dni": "13943671",
  "id_candidatura": "3732.3740.3740.6916",
  "id_umv": 1206,
  "imagenes": [
   "3732.3740.3740.6916",
   "default_mujer"
  ],
  "nombre": "DEL PLA, CLAUDIO ARIEL",
  "nro_orden": 1,
  "orden_absoluto": [
   7,
   18,
   73,
   1,
   1
  ],
  "secundarios": [
   "HIDALGO, LORENA VANESA"
  ],
  "sexo": "M",
  "suplentes": [

  ]
 },
 {
  "asistida": "VILLEGAS ANDREA CAROLINA",
  "cargo_ejecutivo": false,
  "clase": "Candidato",
  "cod_alianza": "3732",
  "cod_categoria": "DIP",
  "cod_lista": "3732.3740.3740",
  "cod_partido": "3732.3740",
  "codigo": "3732.3740.3740.6925",
  "dni": "33231455",
  "id_candidatura": "3732.3740.3740.6925",
  "id_umv": 1102,
  "imagenes": [
   "3732.3740.3740.6925",
   "default",
   "default_mujer",
   "default",
   "default_mujer",
   "default",
   "default_mujer",
   "default",
   "default_mujer"
  ],
  "nombre": "VILLEGAS, ANDREA",
  "nro_orden": 1,
  "orden_absoluto": [
   7,
   18,
   73,
   3,
   1
  ],
  "secundarios": [
   "LOPEZ, PABLO SEBASTIAN",
   "VENENCIA, CARMEN ROSA",
   "DAZA, CESAR AUGUSTO",
   "RENFIJES, INES ANABEL",
   "BURGOS, RODOLFO HECTOR",
   "COLPARI, NORMA ELIZABETH",
   "CORTES, JOSE MAURICIO",
   "BANEGAS, CLAUDIA EDITH"
  ],
  "sexo": "F",
  "suplentes": [
   "MOLINA, GUSTAVO RAMON",
   "PORTOCARRERO, MARIA DE LA PAZ",
   "SANTILLAN, CARLOS HUMBERTO",
   "GALLARDO, ROMINA FERNANDA",
   "ROMERO, HECTOR OSCAR",
   "CONDORI, ANA TERESA",
   "VEGA, DIEGO RAFAEL",
   "LENCINA, FLORENCIA LUJAN"
  ]
 },
 {
  "asistida": "CARBONI LAGUNA DAIANA GISELLE",
  "cargo_ejecutivo": true,
  "clase": "Candidato",
  "cod_alianza": "3732",
  "cod_categoria": "INT",
  "cod_lista": "3732.3740.3740",
  "cod_partido": "3732.3740",
  "codigo": "3732.3740.3740.6963",
  "dni": "38525824",
  "id_candidatura": "3732.3740.3740.6963",
  "id_umv": 1449,
  "imagenes": [
   "3732.3740.3740.6963"
  ],
  "nombre": "CARBONI LAGUNA, DAIANA",
  "nro_orden": 1,
  "orden_absoluto": [
   7,
   18,
   73,
   4,
   1
  ],
  "secundarios": [

  ],
  "sexo": "F",
  "suplentes": [

  ]
 },
 {
  "asistida": "CAYO JORGE GUSTAVO",
  "cargo_ejecutivo": false,
  "clase": "Candidato",
  "cod_alianza": "3732",
  "cod_categoria": "CNJ",
  "cod_lista": "3732.3740.3740",
  "cod_partido": "3732.3740",
  "codigo": "3732.3740.3740.7042",
  "dni": "31436902",
  "id_candidatura": "3732.3740.3740.7042",
  "id_umv": 384,
  "imagenes": [
   "3732.3740.3740.7042",
   "default_mujer",
   "default",
   "default_mujer",
   "default",
   "default_mujer",
   "default"
  ],
  "nombre": "CAYO, JORGE GUSTAVO",
  "nro_orden": 1,
  "orden_absoluto": [
   7,
   18,
   73,
   5,
   1
  ],
  "secundarios": [
   "ROMEO, JULIANA NELIDA",
   "GARNICA, SANTIAGO JAVIER",
   "LAGOS COLQUE, JAQUELINE ANGELICA",
   "FARFAN, JORGE ANTONIO",
   "CARRIZO, NATALIA ELIZABETH",
   "IBA\u00d1EZ, JULIO CESAR"
  ],
  "sexo": "M",
  "suplentes": [

  ]
 },
 {
  "asistida": "DURAN GUILLERMO FERNANDO",
  "cargo_ejecutivo": false,
  "clase": "Candidato",
  "cod_alianza": "3733",
  "cod_categoria": "CNJ",
  "cod_lista": "3733.10.10",
  "cod_partido": "3733.10",
  "codigo": "3733.10.10.100",
  "dni": "35264505",
  "id_candidatura": "3733.10.10.100",
  "id_umv": 395,
  "imagenes": [
   "default",
   "default_mujer",
   "default",
   "default_mujer",
   "default",
   "default_mujer"
  ],
  "nombre": "DURAN, GUILLERMO FERNANDO",
  "nro_orden": 1,
  "orden_absoluto": [
   11,
   51,
   4,
   5,
   1
  ],
  "secundarios": [
   "PACHECO VELEZ, MARIA CRISTINA",
   "HIDALGO, RICARDO ORLANDO",
   "ALANIS CACERES, MACARENA FABIOLA",
   "DURAN, JUAN ESTEBAN",
   "DEL CASTILLO, NOELIA MAGDALENA"
  ],
  "sexo": "M",
  "suplentes": [

  ]
 },
 {
  "asistida": "DUR\u00c1ND CORNEJO GUILLERMO M\u00c1RIO",
  "cargo_ejecutivo": false,
  "clase": "Candidato",
  "cod_alianza": "3733",
  "cod_categoria": "DIP",
  "cod_lista": "3733.10.10",
  "cod_partido": "3733.10",
  "codigo": "3733.10.10.16",
  "dni": "11451049",
  "id_candidatura": "3733.10.10.16",
  "id_umv": 1108,
  "imagenes": [
   "3733.10.10.16",
   "default_mujer",
   "default",
   "default_mujer",
   "default",
   "default_mujer",
   "default",
   "default_mujer",
   "default"
  ],
  "nombre": "DURAND CORNEJO, GUILLERMO",
  "nro_orden": 1,
  "orden_absoluto": [
   11,
   51,
   4,
   3,
   1
  ],
  "secundarios": [
   "GALLO PULO, AGUSTINA",
   "AMADO, LUCAS SEBASTIAN",
   "BUSTOS FIERRO, ANA INES",
   "BARRERA, HUGO ERNESTO",
   "CAPISANO, MARIA VALERIA",
   "KONSTANTINOVSKY, SANTIAGO DAVID",
   "PARDO TARRAGA, CARINA CRISTAL",
   "MAIZTEGUI, MATIAS ANIBAL"
  ],
  "sexo": "M",
  "suplentes": [
   "SARAVIA, MARIA DANIELA",
   "BRIZUELA, VICTOR MANUEL",
   "GARCIA RIERA, MARIA FLORENCIA",
   "DURAND CASALI, FRANCISCO"
  ]
 },
 {
  "asistida": "VALENZUELA ADRIAN",
  "cargo_ejecutivo": false,
  "clase": "Candidato",
  "cod_alianza": "3733",
  "cod_categoria": "DIP",
  "cod_lista": "3733.1862.1862",
  "cod_partido": "3733.1862",
  "codigo": "3733.1862.1862.1597",
  "dni": "25410720",
  "id_candidatura": "3733.1862.1862.1597",
  "id_umv": 1110,
  "imagenes": [
   "3733.1862.1862.1597",
   "default_mujer",
   "default",
   "default_mujer",
   "default",
   "default_mujer",
   "default",
   "default_mujer",
   "default"
  ],
  "nombre": "VALENZUELA, ADRIAN \u2019CHICO MALO\u2019",
  "nro_orden": 1,
  "orden_absoluto": [
   11,
   63,
   14,
   3,
   1
  ],
  "secundarios": [
   "SUPPA, NATALIA",
   "SEGURA, CESAR ALEJANDRO",
   "OCAMPOS, MARCELA ALEJANDRA",
   "LOPEZ, LUIS RAUL",
   "GUIAS, ALINA NOELIA",
   "LUCENA, MIGUEL ALFREDO",
   "MU\u00d1OZ, ALCIRA ESPERANZA",
   "GENOVESE APARICIO, PABLO"
  ],
  "sexo": "M",
  "suplentes": [

  ]
 },
 {
  "asistida": "LAMBERT\u00cdN JES\u00daS HUMBERTO",
  "cargo_ejecutivo": true,
  "clase": "Candidato",
  "cod_alianza": "3733",
  "cod_categoria": "INT",
  "cod_lista": "3733.1862.1862",
  "cod_partido": "3733.1862",
  "codigo": "3733.1862.1862.1616",
  "dni": "32857922",
  "id_candidatura": "3733.1862.1862.1616",
  "id_umv": 1469,
  "imagenes": [
   "3733.1862.1862.1616"
  ],
  "nombre": "LAMBERTIN, JESUS HUMBERTO",
  "nro_orden": 1,
  "orden_absoluto": [
   11,
   63,
   14,
   4,
   1
  ],
  "secundarios": [

  ],
  "sexo": "M",
  "suplentes": [

  ]
 },
 {
  "asistida": "AGUIRRE GUSTAVO ALFREDO",
  "cargo_ejecutivo": false,
  "clase": "Candidato",
  "cod_alianza": "3733",
  "cod_categoria": "CNJ",
  "cod_lista": "3733.1862.1862",
  "cod_partido": "3733.1862",
  "codigo": "3733.1862.1862.1758",
  "dni": "28071686",
  "id_candidatura": "3733.1862.1862.1758",
  "id_umv": 440,
  "imagenes": [
   "3733.1862.1862.1758",
   "default_mujer",
   "default",
   "default_mujer",
   "default",
   "default_mujer",
   "default"
  ],
  "nombre": "AGUIRRE, GUSTAVO ALFREDO",
  "nro_orden": 1,
  "orden_absoluto": [
   11,
   63,
   14,
   5,
   1
  ],
  "secundarios": [
   "BARRIOS LENCINA, ANA MARIA",
   "MERILES, RAUL DAVID",
   "RUIZ, PAOLA SOLEDAD",
   "SARAPURA, JUAN ROMAN",
   "DURAN, PAOLA LEONOR",
   "ZERPA, RAMIRO JAVIER"
  ],
  "sexo": "M",
  "suplentes": [
   "VALENZUELA, MARIA ALEJANDRA",
   "GALVAN, GUSTAVO ARIEL",
   "MARTINEZ, GABRIELA ALEJANDRA",
   "CRUZ, LUIS EDUARDO",
   "GALVAN, MARTA",
   "CHA\u00d1E, EDUARDO FERNANDO",
   "GARCETA, CLAUDIA MILAGRO"
  ]
 },
 {
  "asistida": "EX\u00c9NI ARMI\u00d1ANA OMAR",
  "cargo_ejecutivo": false,
  "clase": "Candidato",
  "cod_alianza": "3733",
  "cod_categoria": "DIP",
  "cod_lista": "3733.1869.1869",
  "cod_partido": "3733.1869",
  "codigo": "3733.1869.1869.2114",
  "dni": "35306160",
  "id_candidatura": "3733.1869.1869.2114",
  "id_umv": 1113,
  "imagenes": [
   "3733.1869.1869.2114",
   "default_mujer",
   "default",
   "default_mujer",
   "default",
   "default_mujer",
   "default",
   "default_mujer",
   "default"
  ],
  "nombre": "EXENI ARMI\u00d1ANA, OMAR",
  "nro_orden": 1,
  "orden_absoluto": [
   11,
   67,
   15,
   3,
   1
  ],
  "secundarios": [
   "JUNCOSA LLIMOS, MARIA ISABEL",
   "GUAYMAS, MARTIN ALFREDO",
   "NAVARRO, PAULA ANDREA",
   "GUERRA, HECTOR RAMON",
   "LARA, JIMENA ROMINA",
   "ESPINOZA, LEANDRO JOAQUIN",
   "RUIZ, LORENA ELIZABET",
   "WAISS AVELLANEDA, HANS"
  ],
  "sexo": "M",
  "suplentes": [
   "LARA, MARIA ELIZABETH",
   "SOSA, MARIO ALEJANDRO",
   "GALLARDO, CARMEN ROSA",
   "CASTELLON, JOEL RENE FRANCISCO",
   "TOLABA, ELIANA BEATRIZ",
   "BALLON, PABLO ANDRES"
  ]
 },
 {
  "asistida": "CRUZ ANDR\u00c9S BENJAM\u00cdN",
  "cargo_ejecutivo": true,
  "clase": "Candidato",
  "cod_alianza": "3733",
  "cod_categoria": "INT",
  "cod_lista": "3733.1869.1869",
  "cod_partido": "3733.1869",
  "codigo": "3733.1869.1869.2130",
  "dni": "25571816",
  "id_candidatura": "3733.1869.1869.2130",
  "id_umv": 1481,
  "imagenes": [
   "3733.1869.1869.2130"
  ],
  "nombre": "CRUZ, BENJAMIN",
  "nro_orden": 1,
  "orden_absoluto": [
   11,
   67,
   15,
   4,
   1
  ],
  "secundarios": [

  ],
  "sexo": "M",
  "suplentes": [

  ]
 },
 {
  "asistida": "ROMERO JUAN BAUTISTA",
  "cargo_ejecutivo": false,
  "clase": "Candidato",
  "cod_alianza": "3733",
  "cod_categoria": "CNJ",
  "cod_lista": "3733.1869.1869",
  "cod_partido": "3733.1869",
  "codigo": "3733.1869.1869.2220",
  "dni": "36802062",
  "id_candidatura": "3733.1869.1869.2220",
  "id_umv": 473,
  "imagenes": [
   "3733.1869.1869.2220",
   "default_mujer",
   "default",
   "default_mujer",
   "default",
   "default_mujer",
   "default"
  ],
  "nombre": "ROMERO, JUAN BAUTISTA",
  "nro_orden": 1,
  "orden_absoluto": [
   11,
   67,
   15,
   5,
   1
  ],
  "secundarios": [
   "HANSEN, SANDRA MARIEL",
   "DELALOYE, MARIO ALEJANDRO",
   "CORREA MONTERRUBIO, ISOLINA INES",
   "NOGALES GIMENEZ, JOAQUIN",
   "CARRIZO, PATRICIA BEATRIZ",
   "DAVALOS, TORIBIO"
  ],
  "sexo": "M",
  "suplentes": [
   "PRIETO, PRISCILA ESTEFANIA",
   "MEDINA, NAHUEL IVAN",
   "IBARRA, ANA SOL"
  ]
 },
 {
  "asistida": "CORNEJO ABEL",
  "cargo_ejecutivo": false,
  "clase": "Candidato",
  "cod_alianza": "3733",
  "cod_categoria": "DIP",
  "cod_lista": "3733.2625.2625",
  "cod_partido": "3733.2625",
  "codigo": "3733.2625.2625.4101",
  "dni": "16307158",
  "id_candidatura": "3733.2625.2625.4101",
  "id_umv": 1114,
  "imagenes": [
   "3733.2625.2625.4101",
   "default_mujer",
   "default",
   "default_mujer",
   "default",
   "default_mujer",
   "default",
   "default_mujer",
   "default"
  ],
  "nombre": "CORNEJO, ABEL",
  "nro_orden": 1,
  "orden_absoluto": [
   11,
   50,
   62,
   3,
   1
  ],
  "secundarios": [
   "LAMAS, CLAUDIA ALEJANDRA",
   "ZENTENO NU\u00d1EZ, NICOLAS",
   "PASTOR, LILIANA CANDIDA",
   "LEZCANO, OSCAR ANTONIO",
   "FLORES, PATRICIA GABRIELA",
   "FARFAN, OSCAR",
   "GONZALEZ, ELIANA VERONICA",
   "RAMOS, JUAN MANUEL"
  ],
  "sexo": "M",
  "suplentes": [
   "CARRIZO, GRISELDA DE LOS ANGELES",
   "PASTOR, CRISTIAN ARIEL",
   "PASTOR, MIRTA SUSANA",
   "CHILO QUINTERO, CRISTIAN DAVID",
   "MURILLO, MARIA EUGENIA",
   "CACERES, JOSE ALONSO",
   "HOYOS, MOIRA NATALIA",
   "FARFAN CORVALAN, OSCAR JAVIER"
  ]
 },
 {
  "asistida": "Ruberto SAENZ GUSTAVO ADOLFO",
  "cargo_ejecutivo": true,
  "clase": "Candidato",
  "cod_alianza": "3734",
  "cod_categoria": "GOB",
  "cod_lista": "3734.3737.3737",
  "cod_partido": "3734.3737",
  "codigo": "3734.3737.3737.6358",
  "dni": "20609646",
  "id_candidatura": "3734.3737.3737.6358",
  "id_umv": 1207,
  "imagenes": [
   "3734.3737.3737.6358",
   "default"
  ],
  "nombre": "SAENZ, GUSTAVO",
  "nro_orden": 1,
  "orden_absoluto": [
   1,
   5,
   69,
   1,
   1
  ],
  "secundarios": [
   "MAROCCO, ANTONIO \u201cGRINGO\u201d"
  ],
  "sexo": "M",
  "suplentes": [

  ]
 },
 {
  "asistida": "AGUI\u00c1R NATALIA IN\u00c9S",
  "cargo_ejecutivo": false,
  "clase": "Candidato",
  "cod_alianza": "3735",
  "cod_categoria": "DIP",
  "cod_lista": "3735.15.15",
  "cod_partido": "3735.15",
  "codigo": "3735.15.15.795",
  "dni": "24875654",
  "id_candidatura": "3735.15.15.795",
  "id_umv": 1125,
  "imagenes": [
   "3735.15.15.795",
   "default",
   "default_mujer",
   "default",
   "default_mujer",
   "default",
   "default_mujer",
   "default",
   "default_mujer"
  ],
  "nombre": "AGUIAR, NATALIA INES",
  "nro_orden": 1,
  "orden_absoluto": [
   12,
   59,
   1,
   3,
   1
  ],
  "secundarios": [
   "DOLZ, HECTOR FERNANDO",
   "ZELARAYAN, LAURA CRISTINA",
   "MURATORE, GABRIEL NICOLAS",
   "SANGARI, MARIA CRISTINA",
   "TRAPALLA, EDUARDO BENITO",
   "GOMEZ, ESILDA AMERICA",
   "CANO, FREDY NORBERTO",
   "CANSINO, MIRTA MONICA"
  ],
  "sexo": "F",
  "suplentes": [
   "TACACHO, NORMANDO ALFREDO",
   "CHOUZA, MIRIAM ENRIQUETA",
   "ARROYO, WILLIAM EDGARDO",
   "HIDALGO, AURORA GRACIELA",
   "ISASMENDI, PABLO NESTOR EDUARDO",
   "GUAIMAS, ARMINDA GLADYS",
   "CHAPARRO, NESTOR EDUARDO",
   "BORDON, MARIA LOURDES"
  ]
 },
 {
  "asistida": "MERCADO MIGUEL ANGEL",
  "cargo_ejecutivo": false,
  "clase": "Candidato",
  "cod_alianza": "3735",
  "cod_categoria": "CNJ",
  "cod_lista": "3735.15.15",
  "cod_partido": "3735.15",
  "codigo": "3735.15.15.910",
  "dni": "20919888",
  "id_candidatura": "3735.15.15.910",
  "id_umv": 596,
  "imagenes": [
   "3735.15.15.910",
   "default_mujer",
   "default",
   "default_mujer",
   "default",
   "default_mujer",
   "default"
  ],
  "nombre": "MERCADO, MIGUEL ANGEL",
  "nro_orden": 1,
  "orden_absoluto": [
   12,
   59,
   1,
   5,
   1
  ],
  "secundarios": [
   "GONZALEZ BONORINO, CECILIA",
   "SARAPURA, NICACIO TEODORO",
   "GONZALEZ, VIVIANA ELIZABETH",
   "ALBORNOZ ACOSTA, ROBERTO CARLOS",
   "YAPURA, MARIA FERNANDA",
   "RIOS, ANGEL OSCAR"
  ],
  "sexo": "M",
  "suplentes": [
   "DIAZ, RUTH ABIGAIL",
   "MACCHI SOLA, CARLOS JOSE",
   "MOLINA, NATALIA GRISELDA",
   "CHOCOBAR, VICTOR FABIAN",
   "MERCADO, ANDREA LUCIA",
   "RIOS, ANTONIO ARNALDO"
  ]
 },
 {
  "asistida": "SALAZAR FEDERICO",
  "cargo_ejecutivo": false,
  "clase": "Candidato",
  "cod_alianza": "3735",
  "cod_categoria": "CNJ",
  "cod_lista": "3735.1873.1873",
  "cod_partido": "3735.1873",
  "codigo": "3735.1873.1873.2664",
  "dni": "33090493",
  "id_candidatura": "3735.1873.1873.2664",
  "id_umv": 611,
  "imagenes": [
   "3735.1873.1873.2664",
   "default_mujer",
   "default",
   "default_mujer",
   "default",
   "default_mujer",
   "default"
  ],
  "nombre": "SALAZAR, \u201cTOPITO\u201d",
  "nro_orden": 1,
  "orden_absoluto": [
   12,
   56,
   80,
   5,
   1
  ],
  "secundarios": [
   "SERRANO, MARINA ROCIO",
   "PEREZ MERELLO, MARCOS",
   "MONZON, ANALUZ DEL ROSARIO",
   "SUAREZ, CARLOS ADOLFO ARTURO",
   "GALINDO, BRENDA MACARENA GISELA",
   "CALDERONI ZENTENO, PEDRO"
  ],
  "sexo": "M",
  "suplentes": [
   "GALINDO, CONSTANZA ANTONELLA",
   "MAMANI GUTIERREZ, CRISTIAN",
   "GUTIERREZ, EMILIA ANDREA",
   "DIEZ PE\u00d1ALBA, IGNACIO",
   "CONDE MAUGER, MARIA LORENA"
  ]
 },
 {
  "asistida": "MORELLO CARLOS FERNANDO",
  "cargo_ejecutivo": false,
  "clase": "Candidato",
  "cod_alianza": "3735",
  "cod_categoria": "DIP",
  "cod_lista": "3735.32.32",
  "cod_partido": "3735.32",
  "codigo": "3735.32.32.4858",
  "dni": "23749591",
  "id_candidatura": "3735.32.32.4858",
  "id_umv": 1129,
  "imagenes": [
   "3735.32.32.4858",
   "default_mujer",
   "default",
   "default_mujer",
   "default",
   "default_mujer",
   "default",
   "default_mujer",
   "default"
  ],
  "nombre": "MORELLO, CARLOS",
  "nro_orden": 1,
  "orden_absoluto": [
   12,
   46,
   63,
   3,
   1
  ],
  "secundarios": [
   "VILLAMAYOR, MARIA DEL SOCORRO",
   "LOPEZ MIRAU, JORGE DANIEL",
   "TOLEDO, MERCEDES DEL PILAR",
   "ASSENNATO, JOSE MATIAS",
   "VILLAGRA, KARINA DE LOS ANGELES",
   "MAIGUA, CARLOS FEDERICO",
   "CAUCOTA, LEONOR",
   "MUSA, CARLOS DANIEL"
  ],
  "sexo": "M",
  "suplentes": [
   "LENTA, LUCILDA CAROLINA",
   "ARAPA, MARCELO ALEJANDRO",
   "GIMENEZ, NORMA BEATRIZ",
   "ABIDO, NAHUEL FILEMON",
   "COPA, VANESA ELIZABETH",
   "MIY, ALBERTO MAXIMILIANO",
   "GARCIA, MARIA PAULA",
   "LOPEZ, FERNANDO RAFAEL",
   "TOLABA, GABRIELA SOLEDAD"
  ]
 },
 {
  "asistida": "CONDE M\u00e1ujer JOS\u00c9 MAR\u00cdA",
  "cargo_ejecutivo": false,
  "clase": "Candidato",
  "cod_alianza": "3735",
  "cod_categoria": "CNJ",
  "cod_lista": "3735.32.32",
  "cod_partido": "3735.32",
  "codigo": "3735.32.32.5001",
  "dni": "22785125",
  "id_candidatura": "3735.32.32.5001",
  "id_umv": 680,
  "imagenes": [
   "3735.32.32.5001",
   "default_mujer",
   "default",
   "default_mujer",
   "default",
   "default_mujer",
   "default"
  ],
  "nombre": "CONDE MAUGER, JOSE MARIA",
  "nro_orden": 1,
  "orden_absoluto": [
   12,
   46,
   63,
   5,
   1
  ],
  "secundarios": [
   "I\u00d1IGUEZ, MARIA JOSEFINA",
   "CORIMAYO, LUIS SANTIAGO",
   "SALTO, ELIANA MARISOL",
   "GUANTAY, MATIAS JOSE",
   "ALFARO, IVANA JIMENA",
   "LOPEZ RIVAS, MARIANO NICOLAS"
  ],
  "sexo": "M",
  "suplentes": [
   "ALVAREZ, CARMEN CECILIA",
   "PEREZ, SERGIO RICARDO",
   "CEBALLOS, OLGA NOEMI",
   "MAINOLI, PATRICIO MANUEL",
   "DI SANTOLO, ANDREA VIVIANA"
  ]
 },
 {
  "asistida": "TOSCANO JULIO C\u00c9SAR",
  "cargo_ejecutivo": false,
  "clase": "Candidato",
  "cod_alianza": "3735",
  "cod_categoria": "CNJ",
  "cod_lista": "3735.3711.3711",
  "cod_partido": "3735.3711",
  "codigo": "3735.3711.3711.6245",
  "dni": "45773311",
  "id_candidatura": "3735.3711.3711.6245",
  "id_umv": 745,
  "imagenes": [
   "3735.3711.3711.6245",
   "default_mujer",
   "default",
   "default_mujer",
   "default",
   "default_mujer",
   "default"
  ],
  "nombre": "TOSCANO, JULIO CESAR",
  "nro_orden": 1,
  "orden_absoluto": [
   12,
   70,
   34,
   5,
   1
  ],
  "secundarios": [
   "RODRIGUEZ FLORES, CINTIA MARISA",
   "GUTIERRES, PABLO ISAAC",
   "ARANCIBIA, ANDREA VERONICA",
   "FLORES, LUIS EDUARDO",
   "SARAPURA, VIVIANA",
   "PAZ, MAURICIO ALBERTO"
  ],
  "sexo": "M",
  "suplentes": [
   "SANDOBAL, ANDREA DE LOS ANGELES",
   "FABIAN, LEONSIO",
   "ROJAS, SABINA DEL VALLE",
   "SANCHEZ, LUCAS MAXIMILIANO",
   "FARFAN, NORMA BEATRIZ",
   "PEREZ, CARLOS BENJAMIN"
  ]
 },
 {
  "asistida": "SARAVIA ARIAS JOS\u00c9 MANUEL",
  "cargo_ejecutivo": true,
  "clase": "Candidato",
  "cod_alianza": "3735",
  "cod_categoria": "INT",
  "cod_lista": "3735.3745.3745",
  "cod_partido": "3735.3745",
  "codigo": "3735.3745.3745.8588",
  "dni": "21633852",
  "id_candidatura": "3735.3745.3745.8588",
  "id_umv": 1550,
  "imagenes": [
   "3735.3745.3745.8588"
  ],
  "nombre": "SARAVIA, MANUEL",
  "nro_orden": 1,
  "orden_absoluto": [
   12,
   25,
   70,
   4,
   1
  ],
  "secundarios": [

  ],
  "sexo": "M",
  "suplentes": [

  ]
 },
 {
  "asistida": "EST\u00c9BAN JUAN JOS\u00c9",
  "cargo_ejecutivo": false,
  "clase": "Candidato",
  "cod_alianza": "3735",
  "cod_categoria": "DIP",
  "cod_lista": "3735.4.4",
  "cod_partido": "3735.4",
  "codigo": "3735.4.4.9996",
  "dni": "11539798",
  "id_candidatura": "3735.4.4.9996",
  "id_umv": 1145,
  "imagenes": [
   "3735.4.4.9996",
   "default_mujer",
   "default",
   "default_mujer",
   "default",
   "default_mujer",
   "default",
   "default_mujer",
   "default"
  ],
  "nombre": "ESTEBAN, JUAN JOSE",
  "nro_orden": 1,
  "orden_absoluto": [
   12,
   58,
   6,
   3,
   1
  ],
  "secundarios": [
   "CARTUCCIA, LAURA DEOLINDA",
   "FRANCESCHI, GUSTAVO DANIEL",
   "AGOLIO FIGUEROA, AGUSTINA",
   "SIARES, MARIO GUILLERMO",
   "CHAVEZ, ADRIANA ISABEL",
   "VECE GUZMAN, BALTAZAR MAURICIO",
   "FERNANDEZ CRUZ, VIRGINIA LISI",
   "CAMARA SAMSON, ALDO RUBEN"
  ],
  "sexo": "M",
  "suplentes": [
   "BALUL, MARTA ANTONIA",
   "SANCHEZ SOWA, MOISES AGUSTIN",
   "RIOS, ANGELICA VICTORIA",
   "ROJAS CHAVEZ, MAXIMILIANO TOMAS",
   "SOKOLICH, FLAVIA ELIZABETH"
  ]
 },
 {
  "asistida": "JUAREZ MONICA GABRIELA",
  "cargo_ejecutivo": false,
  "clase": "Candidato",
  "cod_alianza": "3735",
  "cod_categoria": "DIP",
  "cod_lista": "3735.460.460",
  "cod_partido": "3735.460",
  "codigo": "3735.460.460.11015",
  "dni": "28259815",
  "id_candidatura": "3735.460.460.11015",
  "id_umv": 1146,
  "imagenes": [
   "3735.460.460.11015",
   "default",
   "default_mujer",
   "default",
   "default_mujer",
   "default",
   "default_mujer",
   "default",
   "default_mujer"
  ],
  "nombre": "JUAREZ, MONICA GABRIELA",
  "nro_orden": 1,
  "orden_absoluto": [
   12,
   23,
   10,
   3,
   1
  ],
  "secundarios": [
   "LOPEZ, PABLO ALEJANDRO",
   "GRAMAJO SALOMON, MARIA SOLEDAD",
   "PIEVE, GUILLERMO",
   "AVILA, EVA NATALIA",
   "NU\u00d1EZ BURGOS, FEDERICO MARTIN",
   "STORNIOLO PONS, MARIA LAURA",
   "VILLAFA\u00d1E, FEDERICO MAXIMILIANO",
   "RIOS, ROCIO NATALI"
  ],
  "sexo": "F",
  "suplentes": [
   "CRESPPI, HECTOR RICARDO",
   "MEDINA, VALERIA ALEJANDRA",
   "WAYAR, SEBASTIAN GONZALO",
   "SILVA, DAIANA MARISOL",
   "GIMENEZ, GABRIEL OSVALDO",
   "GUZMAN, MARIA LAURA"
  ]
 },
 {
  "asistida": "D\u00c1VALOS JUAN PABLO",
  "cargo_ejecutivo": false,
  "clase": "Candidato",
  "cod_alianza": "3735",
  "cod_categoria": "CNJ",
  "cod_lista": "3735.460.460",
  "cod_partido": "3735.460",
  "codigo": "3735.460.460.11169",
  "dni": "27974154",
  "id_candidatura": "3735.460.460.11169",
  "id_umv": 808,
  "imagenes": [
   "3735.460.460.11169",
   "default_mujer",
   "default",
   "default_mujer",
   "default",
   "default_mujer",
   "default"
  ],
  "nombre": "DAVALOS, JUAN PABLO",
  "nro_orden": 1,
  "orden_absoluto": [
   12,
   23,
   10,
   5,
   1
  ],
  "secundarios": [
   "SERAPIO, CAROLINA ALEJANDRA",
   "VEGA, FERNANDO RAUL",
   "LOPEZ, CARMEN ROSA",
   "FLEMING, FEDERICO",
   "JARAMILLO, NELIDA IVANA",
   "FIGUEROA, CARLOS JOSE ANTONIO"
  ],
  "sexo": "M",
  "suplentes": [
   "MAZA, SILVIA ELISABETH",
   "ANDRADA, FACUNDO JOAQUIN",
   "RUEDA, CAMILA RUTH DEL MILAGRO",
   "NAVARRO, MAURO ORLANDO",
   "ARIAS ARJONA, AGUSTINA MARIBEL",
   "DAL MOLIN, EUGENIO MANUEL",
   "LAMAS, MARIANGELES"
  ]
 },
 {
  "asistida": "Escotor\u00edn RAMIRO DANIEL",
  "cargo_ejecutivo": true,
  "clase": "Candidato",
  "cod_alianza": "685",
  "cod_categoria": "GOB",
  "cod_lista": "685.685.685",
  "cod_partido": "685.685",
  "codigo": "685.685.685.12004",
  "dni": "17581303",
  "id_candidatura": "685.685.685.12004",
  "id_umv": 1208,
  "imagenes": [
   "685.685.685.12004",
   "default_mujer"
  ],
  "nombre": "ESCOTORIN, RAMIRO DANIEL",
  "nro_orden": 1,
  "orden_absoluto": [
   14,
   30,
   78,
   1,
   1
  ],
  "secundarios": [
   "CALIVA, PATRICIA DEL VALLE"
  ],
  "sexo": "M",
  "suplentes": [

  ]
 },
 {
  "asistida": "GONZALEZ BONORINO FELIX",
  "cargo_ejecutivo": false,
  "clase": "Candidato",
  "cod_alianza": "685",
  "cod_categoria": "DIP",
  "cod_lista": "685.685.685",
  "cod_partido": "685.685",
  "codigo": "685.685.685.12009",
  "dni": "13144006",
  "id_candidatura": "685.685.685.12009",
  "id_umv": 1149,
  "imagenes": [
   "685.685.685.12009",
   "default_mujer",
   "default",
   "default_mujer",
   "default",
   "default_mujer",
   "default",
   "default_mujer",
   "default"
  ],
  "nombre": "GONZALEZ BONORINO, FELIX",
  "nro_orden": 1,
  "orden_absoluto": [
   14,
   30,
   78,
   3,
   1
  ],
  "secundarios": [
   "ANDRADE, ANDREA JIMENA",
   "MURGA, CARLOS ADOLFO",
   "BALZA, JULIETA ALEJANDRA",
   "AGUILERA, HERNAN RAMIRO",
   "CACACCI, VIVIANA SILVIA",
   "GUANCA, SIXTO FEDERICO",
   "XAMENA, BEATRIZ MARISEL",
   "FLORES, LUCIANO AGUSTIN"
  ],
  "sexo": "M",
  "suplentes": [
   "FLORES, TANIA ELIZABETH",
   "ROJAS, ROBERTO EZEQUIEL",
   "ZELAYA, MARCELA ESTER",
   "ARAMAYO, GONZALO",
   "CALIVA, NILDA AZUCENA",
   "ZENZANO, EDUARDO LEONEL",
   "ROJAS, CLAUDIA ALEJANDRA"
  ]
 },
 {
  "asistida": "Voto en BLANCO",
  "cargo_ejecutivo": false,
  "clase": "Blanco",
  "cod_categoria": "CNJ",
  "cod_lista": "",
  "codigo": "BLC",
  "id_candidatura": "BLC",
  "id_umv": 851,
  "imagenes": [
   "BLC"
  ],
  "nombre": "Voto en BLANCO",
  "nro_orden": 5,
  "orden_absoluto": [
   994,
   5
  ],
  "secundarios": [

  ],
  "sexo": null,
  "suplentes": [

  ]
 },
 {
  "asistida": "Voto en BLANCO",
  "cargo_ejecutivo": false,
  "clase": "Blanco",
  "cod_categoria": "DIP",
  "cod_lista": "",
  "codigo": "BLC",
  "id_candidatura": "BLC",
  "id_umv": 1152,
  "imagenes": [
   "BLC"
  ],
  "nombre": "Voto en BLANCO",
  "nro_orden": 3,
  "orden_absoluto": [
   994,
   3
  ],
  "secundarios": [

  ],
  "sexo": null,
  "suplentes": [

  ]
 },
 {
  "asistida": "Voto en BLANCO",
  "cargo_ejecutivo": true,
  "clase": "Blanco",
  "cod_categoria": "GOB",
  "cod_lista": "",
  "codigo": "BLC",
  "id_candidatura": "BLC",
  "id_umv": 1209,
  "imagenes": [
   "BLC"
  ],
  "nombre": "Voto en BLANCO",
  "nro_orden": 1,
  "orden_absoluto": [
   994,
   1
  ],
  "secundarios": [

  ],
  "sexo": null,
  "suplentes": [

  ]
 },
 {
  "asistida": "Voto en BLANCO",
  "cargo_ejecutivo": true,
  "clase": "Blanco",
  "cod_categoria": "INT",
  "cod_lista": "",
  "codigo": "BLC",
  "id_candidatura": "BLC",
  "id_umv": 1625,
  "imagenes": [
   "BLC"
  ],
  "nombre": "Voto en BLANCO",
  "nro_orden": 4,
  "orden_absoluto": [
   994,
   4
  ],
  "secundarios": [

  ],
  "sexo": null,
  "suplentes": [

  ]
 },
 {
  "asistida": "Votos IMPUGNADOS",
  "cargo_ejecutivo": false,
  "clase": "Especial",
  "cod_categoria": "CNJ",
  "cod_lista": "",
  "codigo": "IMP",
  "id_candidatura": "IMP",
  "id_umv": 911,
  "nombre": "Votos IMPUGNADOS",
  "nro_orden": 5,
  "orden_absoluto": [
   995,
   5
  ],
  "secundarios": [

  ],
  "sexo": null,
  "suplentes": [

  ]
 },
 {
  "asistida": "Votos IMPUGNADOS",
  "cargo_ejecutivo": false,
  "clase": "Especial",
  "cod_categoria": "DIP",
  "cod_lista": "",
  "codigo": "IMP",
  "id_candidatura": "IMP",
  "id_umv": 1167,
  "nombre": "Votos IMPUGNADOS",
  "nro_orden": 3,
  "orden_absoluto": [
   995,
   3
  ],
  "secundarios": [

  ],
  "sexo": null,
  "suplentes": [

  ]
 },
 {
  "asistida": "Votos IMPUGNADOS",
  "cargo_ejecutivo": true,
  "clase": "Especial",
  "cod_categoria": "GOB",
  "cod_lista": "",
  "codigo": "IMP",
  "id_candidatura": "IMP",
  "id_umv": 1210,
  "nombre": "Votos IMPUGNADOS",
  "nro_orden": 1,
  "orden_absoluto": [
   995,
   1
  ],
  "secundarios": [

  ],
  "sexo": null,
  "suplentes": [

  ]
 },
 {
  "asistida": "Votos IMPUGNADOS",
  "cargo_ejecutivo": true,
  "clase": "Especial",
  "cod_categoria": "INT",
  "cod_lista": "",
  "codigo": "IMP",
  "id_candidatura": "IMP",
  "id_umv": 1685,
  "nombre": "Votos IMPUGNADOS",
  "nro_orden": 4,
  "orden_absoluto": [
   995,
   4
  ],
  "secundarios": [

  ],
  "sexo": null,
  "suplentes": [

  ]
 },
 {
  "asistida": "Votos OBSERVADOS",
  "cargo_ejecutivo": false,
  "clase": "Especial",
  "cod_categoria": "CNJ",
  "cod_lista": "",
  "codigo": "OBS",
  "id_candidatura": "OBS",
  "id_umv": 971,
  "nombre": "Votos OBSERVADOS",
  "nro_orden": 5,
  "orden_absoluto": [
   996,
   5
  ],
  "secundarios": [

  ],
  "sexo": null,
  "suplentes": [

  ]
 },
 {
  "asistida": "Votos OBSERVADOS",
  "cargo_ejecutivo": false,
  "clase": "Especial",
  "cod_categoria": "DIP",
  "cod_lista": "",
  "codigo": "OBS",
  "id_candidatura": "OBS",
  "id_umv": 1182,
  "nombre": "Votos OBSERVADOS",
  "nro_orden": 3,
  "orden_absoluto": [
   996,
   3
  ],
  "secundarios": [

  ],
  "sexo": null,
  "suplentes": [

  ]
 },
 {
  "asistida": "Votos OBSERVADOS",
  "cargo_ejecutivo": true,
  "clase": "Especial",
  "cod_categoria": "GOB",
  "cod_lista": "",
  "codigo": "OBS",
  "id_candidatura": "OBS",
  "id_umv": 1211,
  "nombre": "Votos OBSERVADOS",
  "nro_orden": 1,
  "orden_absoluto": [
   996,
   1
  ],
  "secundarios": [

  ],
  "sexo": null,
  "suplentes": [

  ]
 },
 {
  "asistida": "Votos OBSERVADOS",
  "cargo_ejecutivo": true,
  "clase": "Especial",
  "cod_categoria": "INT",
  "cod_lista": "",
  "codigo": "OBS",
  "id_candidatura": "OBS",
  "id_umv": 1745,
  "nombre": "Votos OBSERVADOS",
  "nro_orden": 4,
  "orden_absoluto": [
   996,
   4
  ],
  "secundarios": [

  ],
  "sexo": null,
  "suplentes": [

  ]
 }
]