[
 {
  "GOB": 1197,
  "agrupacion_municipal": false,
  "codigo": "1863.1863.1863",
  "lista_completa": true
 },
 {
  "CNJ": 6,
  "DIP": 1034,
  "GOB": 1198,
  "INT": 1217,
  "SEN": 1806,
  "agrupacion_municipal": false,
  "codigo": "22.22.22",
  "lista_completa": true
 },
 {
  "GOB": 1199,
  "agrupacion_municipal": false,
  "codigo": "3625.3625.3625",
  "lista_completa": true
 },
 {
  "CNJ": 34,
  "DIP": 1051,
  "GOB": 1200,
  "INT": 1258,
  "SEN": 1816,
  "agrupacion_municipal": false,
  "codigo": "3717.13.13",
  "lista_completa": true
 },
 {
  "CNJ": 59,
  "DIP": 1051,
  "GOB": 1200,
  "INT": 1258,
  "SEN": 1816,
  "agrupacion_municipal": false,
  "codigo": "3717.2543.2543",
  "lista_completa": true
 },
 {
  "CNJ": 72,
  "DIP": 1051,
  "GOB": 1200,
  "INT": 1258,
  "SEN": 1816,
  "agrupacion_municipal": false,
  "codigo": "3717.2556.2556",
  "lista_completa": true
 },
 {
  "CNJ": 82,
  "DIP": 1051,
  "GOB": 1200,
  "INT": 1258,
  "SEN": 1816,
  "agrupacion_municipal": false,
  "codigo": "3717.2626.2626",
  "lista_completa": true
 },
 {
  "CNJ": 103,
  "DIP": 1051,
  "GOB": 1200,
  "INT": 1258,
  "SEN": 1816,
  "agrupacion_municipal": false,
  "codigo": "3717.3739.3739",
  "lista_completa": true
 },
 {
  "CNJ": 128,
  "DIP": 1051,
  "GOB": 1200,
  "INT": 1258,
  "SEN": 1816,
  "agrupacion_municipal": false,
  "codigo": "3717.435.435",
  "lista_completa": true
 },
 {
  "CNJ": 155,
  "DIP": 1051,
  "GOB": 1200,
  "INT": 1258,
  "SEN": 1816,
  "agrupacion_municipal": false,
  "codigo": "3717.632.632",
  "lista_completa": true
 },
 {
  "CNJ": 200,
  "DIP": 1064,
  "GOB": 1201,
  "INT": 1303,
  "SEN": 1828,
  "agrupacion_municipal": false,
  "codigo": "3723.3741.3741",
  "lista_completa": true
 },
 {
  "CNJ": 230,
  "DIP": 1072,
  "GOB": 1202,
  "INT": 1340,
  "SEN": 1834,
  "agrupacion_municipal": false,
  "codigo": "3728.17.17",
  "lista_completa": true
 },
 {
  "CNJ": 235,
  "DIP": 1072,
  "GOB": 1202,
  "INT": 1340,
  "SEN": 1834,
  "agrupacion_municipal": false,
  "codigo": "3728.3742.3742",
  "lista_completa": true
 },
 {
  "CNJ": 248,
  "DIP": 1072,
  "GOB": 1202,
  "INT": 1340,
  "SEN": 1834,
  "agrupacion_municipal": false,
  "codigo": "3728.3748.3748",
  "lista_completa": true
 },
 {
  "CNJ": 264,
  "DIP": 1080,
  "GOB": 1203,
  "INT": 1355,
  "SEN": 1842,
  "agrupacion_municipal": false,
  "codigo": "3729.179.179",
  "lista_completa": true
 },
 {
  "CNJ": 278,
  "DIP": 1080,
  "GOB": 1203,
  "INT": 1368,
  "SEN": 1842,
  "agrupacion_municipal": false,
  "codigo": "3729.3747.3747",
  "lista_completa": true
 },
 {
  "CNJ": 309,
  "DIP": 1092,
  "GOB": 1204,
  "INT": 1397,
  "SEN": 1852,
  "agrupacion_municipal": false,
  "codigo": "3730.3746.3746",
  "lista_completa": true
 },
 {
  "CNJ": 339,
  "DIP": 1092,
  "GOB": 1204,
  "INT": 1397,
  "SEN": 1852,
  "agrupacion_municipal": false,
  "codigo": "3730.461.461",
  "lista_completa": true
 },
 {
  "CNJ": 365,
  "DIP": 1101,
  "GOB": 1205,
  "INT": 1431,
  "SEN": 1857,
  "agrupacion_municipal": false,
  "codigo": "3731.3743.3743",
  "lista_completa": true
 },
 {
  "DIP": 1107,
  "GOB": 1206,
  "SEN": 1861,
  "agrupacion_municipal": false,
  "codigo": "3732.3740.3740",
  "lista_completa": true
 },
 {
  "GOB": 1207,
  "agrupacion_municipal": false,
  "codigo": "3734.3737.3737",
  "lista_completa": true
 },
 {
  "CNJ": 602,
  "DIP": 1148,
  "GOB": 1207,
  "INT": 1553,
  "SEN": 1878,
  "agrupacion_municipal": false,
  "codigo": "3735.15.15",
  "lista_completa": true
 },
 {
  "CNJ": 618,
  "DIP": 1144,
  "GOB": 1207,
  "INT": 1553,
  "SEN": 1878,
  "agrupacion_municipal": false,
  "codigo": "3735.1873.1873",
  "lista_completa": true
 },
 {
  "CNJ": 649,
  "DIP": 1144,
  "GOB": 1207,
  "INT": 1553,
  "SEN": 1878,
  "agrupacion_municipal": false,
  "codigo": "3735.208.208",
  "lista_completa": true
 },
 {
  "CNJ": 687,
  "DIP": 1148,
  "GOB": 1207,
  "INT": 1553,
  "SEN": 1878,
  "agrupacion_municipal": false,
  "codigo": "3735.32.32",
  "lista_completa": true
 },
 {
  "CNJ": 720,
  "DIP": 1148,
  "GOB": 1207,
  "INT": 1553,
  "SEN": 1878,
  "agrupacion_municipal": false,
  "codigo": "3735.3650.3650",
  "lista_completa": true
 },
 {
  "GOB": 1207,
  "INT": 1553,
  "SEN": 1878,
  "agrupacion_municipal": false,
  "codigo": "3735.3745.3745",
  "lista_completa": false
 },
 {
  "CNJ": 764,
  "DIP": 1144,
  "GOB": 1207,
  "INT": 1553,
  "SEN": 1878,
  "agrupacion_municipal": false,
  "codigo": "3735.4.4",
  "lista_completa": true
 },
 {
  "CNJ": 816,
  "DIP": 1148,
  "GOB": 1207,
  "INT": 1553,
  "SEN": 1878,
  "agrupacion_municipal": false,
  "codigo": "3735.460.460",
  "lista_completa": true
 },
 {
  "CNJ": 844,
  "DIP": 1151,
  "GOB": 1208,
  "INT": 1618,
  "SEN": 1886,
  "agrupacion_municipal": false,
  "codigo": "685.685.685",
  "lista_completa": true
 },
 {
  "CNJ": 905,
  "DIP": 1166,
  "GOB": 1209,
  "INT": 1679,
  "SEN": 1896,
  "agrupacion_municipal": false,
  "codigo": "BLC",
  "lista_completa": true
 }
]