[
 {
  "asistida": "PLANES DANIELA",
  "cargo_ejecutivo": true,
  "clase": "Candidato",
  "cod_alianza": "1863",
  "cod_categoria": "GOB",
  "cod_lista": "1863.1863.1863",
  "cod_partido": "1863.1863",
  "codigo": "1863.1863.1863.2069",
  "dni": "28523544",
  "id_candidatura": "1863.1863.1863.2069",
  "id_umv": 1197,
  "imagenes": [
   "1863.1863.1863.2069",
   "default_mujer"
  ],
  "nombre": "PLANES, DANIELA",
  "nro_orden": 1,
  "orden_absoluto": [
   22,
   53,
   12,
   1,
   1
  ],
  "secundarios": [
   "TEJERINA, VERONICA"
  ],
  "sexo": "F",
  "suplentes": [

  ]
 },
 {
  "asistida": "GIL VIOLETA",
  "cargo_ejecutivo": true,
  "clase": "Candidato",
  "cod_alianza": "22",
  "cod_categoria": "GOB",
  "cod_lista": "22.22.22",
  "cod_partido": "22.22",
  "codigo": "22.22.22.3409",
  "dni": "33984630",
  "id_candidatura": "22.22.22.3409",
  "id_umv": 1198,
  "imagenes": [
   "22.22.22.3409",
   "default"
  ],
  "nombre": "GIL, VIOLETA",
  "nro_orden": 1,
  "orden_absoluto": [
   23,
   62,
   3,
   1,
   1
  ],
  "secundarios": [
   "TOLABA, ANGEL RODOLFO"
  ],
  "sexo": "F",
  "suplentes": [

  ]
 },
 {
  "asistida": "PAZ HERN\u00c1N FAVIO",
  "cargo_ejecutivo": false,
  "clase": "Candidato",
  "cod_alianza": "22",
  "cod_categoria": "SEN",
  "cod_lista": "22.22.22",
  "cod_partido": "22.22",
  "codigo": "22.22.22.3414",
  "dni": "20898540",
  "id_candidatura": "22.22.22.3414",
  "id_umv": 1806,
  "imagenes": [
   "22.22.22.3414"
  ],
  "nombre": "PAZ, HERNAN FAVIO",
  "nro_orden": 1,
  "orden_absoluto": [
   23,
   62,
   3,
   2,
   1
  ],
  "secundarios": [

  ],
  "sexo": "M",
  "suplentes": [
   "ESTRADA, VALDEZ FANNY FLAVIA"
  ]
 },
 {
  "asistida": "\u00c1LVAREZ NATALIA DEL VALLE",
  "cargo_ejecutivo": false,
  "clase": "Candidato",
  "cod_alianza": "22",
  "cod_categoria": "DIP",
  "cod_lista": "22.22.22",
  "cod_partido": "22.22",
  "codigo": "22.22.22.3441",
  "dni": "28810069",
  "id_candidatura": "22.22.22.3441",
  "id_umv": 1034,
  "imagenes": [
   "22.22.22.3441",
   "default",
   "default_mujer"
  ],
  "nombre": "ALVAREZ, NATALIA DEL VALLE",
  "nro_orden": 1,
  "orden_absoluto": [
   23,
   62,
   3,
   3,
   1
  ],
  "secundarios": [
   "CENTENO, CRISTIAN ALFREDO",
   "LEON, CINTIA YAMILA"
  ],
  "sexo": "F",
  "suplentes": [
   "MANCILLA VARGAS, JAIME"
  ]
 },
 {
  "asistida": "ACEVEDO WALTER RODOLFO",
  "cargo_ejecutivo": true,
  "clase": "Candidato",
  "cod_alianza": "22",
  "cod_categoria": "INT",
  "cod_lista": "22.22.22",
  "cod_partido": "22.22",
  "codigo": "22.22.22.3448",
  "dni": "18667132",
  "id_candidatura": "22.22.22.3448",
  "id_umv": 1217,
  "imagenes": [
   "22.22.22.3448"
  ],
  "nombre": "ACEVEDO, WALTER RODOLFO",
  "nro_orden": 1,
  "orden_absoluto": [
   23,
   62,
   3,
   4,
   1
  ],
  "secundarios": [

  ],
  "sexo": "M",
  "suplentes": [

  ]
 },
 {
  "asistida": "HOYOS RUB\u00c9N Osc\u00e1r",
  "cargo_ejecutivo": false,
  "clase": "Candidato",
  "cod_alianza": "22",
  "cod_categoria": "CNJ",
  "cod_lista": "22.22.22",
  "cod_partido": "22.22",
  "codigo": "22.22.22.3517",
  "dni": "33830973",
  "id_candidatura": "22.22.22.3517",
  "id_umv": 6,
  "imagenes": [
   "22.22.22.3517",
   "default_mujer",
   "default",
   "default_mujer",
   "default",
   "default_mujer",
   "default",
   "default_mujer",
   "default",
   "default_mujer",
   "default"
  ],
  "nombre": "HOYOS, RUBEN OSCAR",
  "nro_orden": 1,
  "orden_absoluto": [
   23,
   62,
   3,
   5,
   1
  ],
  "secundarios": [
   "DIAZ, SANDRA MARCELA",
   "PLANISIG, ELEOGARDO ANTONIO",
   "HOYOS, EMILSE DANIELA",
   "CARO, JOSE HUMBERTO",
   "DIAZ, GRACIELA MABEL",
   "VAZQUEZ, LUIS ARNALDO",
   "ROMERO, AIDA LUZ",
   "VENENCIA, CRISTIAN DARIO",
   "YANACON, ELIANA DEL MILAGRO",
   "GONZALEZ, ARIEL SEBASTIAN"
  ],
  "sexo": "M",
  "suplentes": [
   "SIGLER, NORMA ELIZABEHT",
   "FERNANDEZ, FABIO ANDRES",
   "ESPOZ MONTILLA, MIRLA GISELLE"
  ]
 },
 {
  "asistida": "TogNolini MARCOS",
  "cargo_ejecutivo": true,
  "clase": "Candidato",
  "cod_alianza": "3625",
  "cod_categoria": "GOB",
  "cod_lista": "3625.3625.3625",
  "cod_partido": "3625.3625",
  "codigo": "3625.3625.3625.5312",
  "dni": "29336659",
  "id_candidatura": "3625.3625.3625.5312",
  "id_umv": 1199,
  "imagenes": [
   "3625.3625.3625.5312",
   "default_mujer"
  ],
  "nombre": "TOGNOLINI, MARCOS",
  "nro_orden": 1,
  "orden_absoluto": [
   21,
   43,
   21,
   1,
   1
  ],
  "secundarios": [
   "RAMOS, MIRTA ADRIANA"
  ],
  "sexo": "M",
  "suplentes": [

  ]
 },
 {
  "asistida": "RIVERO LUIS",
  "cargo_ejecutivo": false,
  "clase": "Candidato",
  "cod_alianza": "3717",
  "cod_categoria": "CNJ",
  "cod_lista": "3717.13.13",
  "cod_partido": "3717.13",
  "codigo": "3717.13.13.624",
  "dni": "34720915",
  "id_candidatura": "3717.13.13.624",
  "id_umv": 34,
  "imagenes": [
   "3717.13.13.624",
   "default_mujer",
   "default",
   "default_mujer",
   "default",
   "default_mujer",
   "default",
   "default_mujer",
   "default",
   "default_mujer",
   "default"
  ],
  "nombre": "RIVERO, LUIS",
  "nro_orden": 1,
  "orden_absoluto": [
   6,
   52,
   75,
   5,
   1
  ],
  "secundarios": [
   "SANCHEZ, CLAUDIA",
   "CAMACHO, RAUL ARMANDO",
   "JUSTINIANO, PAMELA",
   "MERCADO ARZALAN, LUCAS",
   "MENDIOLAR, LILIANA BEATRIZ",
   "FLORES, RICARDO",
   "PEDRAZA, ROSA GRISELDA",
   "MU\u00d1OZ, FRANCISCO JAVIER",
   "ABUD CASAB, ANA CAROLINA",
   "CENTURION, GABRIEL MAXIMILIANO"
  ],
  "sexo": "M",
  "suplentes": [
   "BALVERDI, JOHANA GABRIELA",
   "PEDRAZA, JESUS MATIAS MIGUEL",
   "LOPEZ, JOHANA VANESA",
   "VACA, KEVIN HECTOR LEONEL",
   "MOLINA, DEBORA MARIEL",
   "ALANIPAS, EUSEBIO ABEL",
   "CAMPOS, MARGARITA MABEL",
   "VELEIZAN, PABLO NICOLAS",
   "MONTES, GRISELDA BEATRIZ",
   "LEON FERNANDEZ, RODRIGO"
  ]
 },
 {
  "asistida": "LEGUIZAMON ARMANDO",
  "cargo_ejecutivo": false,
  "clase": "Candidato",
  "cod_alianza": "3717",
  "cod_categoria": "CNJ",
  "cod_lista": "3717.2543.2543",
  "cod_partido": "3717.2543",
  "codigo": "3717.2543.2543.3768",
  "dni": "23855998",
  "id_candidatura": "3717.2543.2543.3768",
  "id_umv": 59,
  "imagenes": [
   "3717.2543.2543.3768",
   "default_mujer",
   "default",
   "default_mujer",
   "default",
   "default_mujer",
   "default",
   "default_mujer",
   "default",
   "default_mujer",
   "default"
  ],
  "nombre": "LEGUIZAMON, \u201cARMANDIN\u201d",
  "nro_orden": 1,
  "orden_absoluto": [
   6,
   71,
   17,
   5,
   1
  ],
  "secundarios": [
   "PLASENCIA, PATRICIA ELIZABETH",
   "VERA, RICARDO AGUSTIN",
   "VERA FLORES, SUSANA CAMILA",
   "AREQUIPA, GUILLERMO EDGAR",
   "GALLO, ANDREA ANALIA",
   "MEDRANO, JAVIER",
   "OBANDO, ANDREA VERONICA",
   "GARCIA, MANUEL ANTONIO",
   "SINGH, DIANA ANDREA",
   "SORIA, WALTER ADALBERTO"
  ],
  "sexo": "M",
  "suplentes": [
   "SANTILLAN, SANDRA TERESITA",
   "ESCANO, MOISES EXEQUIEL",
   "GUZMAN, MALENA ABIGAIL",
   "VERA, FERNANDO ELIAS",
   "SANCHEZ, ADRIANA JUANA",
   "DIAZ, RENE OSCAR",
   "ZAMBRANO, MICAELA SOLANGE",
   "VELIZ, ALEJANDRO FRANCISCO",
   "ZAMBRANO, BELEN DE LOS ANGELES",
   "ROJAS, PEDRO MODESTO",
   "TORRES, SILVIA GRACIELA"
  ]
 },
 {
  "asistida": "ALDERETE PANCHO FRANCISCO",
  "cargo_ejecutivo": false,
  "clase": "Candidato",
  "cod_alianza": "3717",
  "cod_categoria": "CNJ",
  "cod_lista": "3717.2556.2556",
  "cod_partido": "3717.2556",
  "codigo": "3717.2556.2556.3943",
  "dni": "22262734",
  "id_candidatura": "3717.2556.2556.3943",
  "id_umv": 72,
  "imagenes": [
   "3717.2556.2556.3943",
   "default_mujer",
   "default",
   "default_mujer",
   "default",
   "default_mujer",
   "default",
   "default_mujer",
   "default",
   "default_mujer",
   "default"
  ],
  "nombre": "ALDERETE, \u201cPANCHO\u201d",
  "nro_orden": 1,
  "orden_absoluto": [
   6,
   61,
   61,
   5,
   1
  ],
  "secundarios": [
   "ALVARENGA, \u201cMIMI\u201d MARCELINA",
   "MOYA, AVELINO",
   "SORIA, ELENA ALICIA",
   "LOPEZ, JUAN DOMINGO",
   "CARRIZO, ZULEMA LAURA",
   "TARRAGA, OSCAR",
   "SORUCO, CLARA NORA",
   "MORENO, ANTONIO VITERMAN",
   "CARRIZO, VANESA CAROLINA",
   "CARROBA, LEONEL NICOLAS"
  ],
  "sexo": "M",
  "suplentes": [
   "ALTAMIRANDA, EDITH YANET",
   "VEGA, CESAR DUILIO",
   "ENCINA, VICENTA",
   "KONG FAT, AGUSTIN FABRICIO",
   "PEREZ, MARCELA SOLEDAD",
   "CABA\u00d1A, CARLOS ROBERTO",
   "FERNANDEZ, SILVIA MABEL",
   "RUIZ, JUAN BAUTISTA",
   "ESPINOZA, SANTUSA",
   "PAZ, OMAR ABEL",
   "ROMERO, GABRIELA SUSANA"
  ]
 },
 {
  "asistida": "Peruselli MAGDALENA",
  "cargo_ejecutivo": false,
  "clase": "Candidato",
  "cod_alianza": "3717",
  "cod_categoria": "CNJ",
  "cod_lista": "3717.2626.2626",
  "cod_partido": "3717.2626",
  "codigo": "3717.2626.2626.4492",
  "dni": "5419198",
  "id_candidatura": "3717.2626.2626.4492",
  "id_umv": 82,
  "imagenes": [
   "3717.2626.2626.4492",
   "default",
   "default_mujer",
   "default",
   "default_mujer",
   "default",
   "default_mujer",
   "default",
   "default_mujer",
   "default",
   "default_mujer"
  ],
  "nombre": "PERUCELLI, \u201cMAGUI\u201d",
  "nro_orden": 1,
  "orden_absoluto": [
   6,
   4,
   19,
   5,
   1
  ],
  "secundarios": [
   "CARDOZO, HECTOR ISIDRO",
   "BARRIOS, ANA ELIZABETH",
   "ARTALAZ, ROBERTO DAVID",
   "MENDIOLAR, LUDMILA NICOLE",
   "ARROYO, PEDRO EMANUEL",
   "CHAZARRETA, LUCRECIA DEL CARMEN",
   "GARECA, MAURO IVAN",
   "PAIREMA, MARTA SUSANA",
   "TEJERINA, HORACIO ALFREDO",
   "QUISPE, GLADYS PATRICIA"
  ],
  "sexo": "F",
  "suplentes": [
   "DOMINGUEZ, GABRIEL ALBERTO",
   "SEGUNDO, NANCY EMA",
   "FLORES, ALDO PAULINO",
   "VEGA, ADELINA ALEJANDRA",
   "ALTAMARINO, FAUSTO",
   "SAMBO, CECILIA ANGELICA",
   "NAVARRO, NICOLAS ALEXIS",
   "CENTENO, GIMENA GISEL"
  ]
 },
 {
  "asistida": "ESTRADA EMILIANO RAFAEL",
  "cargo_ejecutivo": true,
  "clase": "Candidato",
  "cod_alianza": "3717",
  "cod_categoria": "GOB",
  "cod_lista": "3717.3739.3739",
  "cod_partido": "3717.3739",
  "codigo": "3717.3739.3739.6360",
  "dni": "32165256",
  "id_candidatura": "3717.3739.3739.6360",
  "id_umv": 1200,
  "imagenes": [
   "3717.3739.3739.6360",
   "default"
  ],
  "nombre": "ESTRADA, EMILIANO",
  "nro_orden": 1,
  "orden_absoluto": [
   6,
   17,
   64,
   1,
   1
  ],
  "secundarios": [
   "ZAPATA, CARLOS RAUL"
  ],
  "sexo": "M",
  "suplentes": [

  ]
 },
 {
  "asistida": "R\u00e9stom JORGE MIGUEL",
  "cargo_ejecutivo": false,
  "clase": "Candidato",
  "cod_alianza": "3717",
  "cod_categoria": "SEN",
  "cod_lista": "3717.3739.3739",
  "cod_partido": "3717.3739",
  "codigo": "3717.3739.3739.6378",
  "dni": "16167450",
  "id_candidatura": "3717.3739.3739.6378",
  "id_umv": 1816,
  "imagenes": [
   "3717.3739.3739.6378"
  ],
  "nombre": "RESTOM, JORGE",
  "nro_orden": 1,
  "orden_absoluto": [
   6,
   17,
   64,
   2,
   1
  ],
  "secundarios": [

  ],
  "sexo": "M",
  "suplentes": [
   "CABRAL, NORMA ISABEL"
  ]
 },
 {
  "asistida": "MILER MIRTA Est\u00e9r",
  "cargo_ejecutivo": false,
  "clase": "Candidato",
  "cod_alianza": "3717",
  "cod_categoria": "DIP",
  "cod_lista": "3717.3739.3739",
  "cod_partido": "3717.3739",
  "codigo": "3717.3739.3739.6425",
  "dni": "13230622",
  "id_candidatura": "3717.3739.3739.6425",
  "id_umv": 1051,
  "imagenes": [
   "3717.3739.3739.6425",
   "default",
   "default_mujer"
  ],
  "nombre": "MILLER, MIRTHA",
  "nro_orden": 1,
  "orden_absoluto": [
   6,
   17,
   64,
   3,
   1
  ],
  "secundarios": [
   "MOYANO, SANTIAGO JOSE",
   "FLORES, LILIAN DEL VALLE"
  ],
  "sexo": "F",
  "suplentes": [
   "CARMONA, JOSE FRANCISCO",
   "RUIZ, NIDIA ELIZABETH",
   "GORBAL MITANOS, RUBEN ORLANDO"
  ]
 },
 {
  "asistida": "HERNANDEZ Frankito",
  "cargo_ejecutivo": true,
  "clase": "Candidato",
  "cod_alianza": "3717",
  "cod_categoria": "INT",
  "cod_lista": "3717.3739.3739",
  "cod_partido": "3717.3739",
  "codigo": "3717.3739.3739.6443",
  "dni": "33668110",
  "id_candidatura": "3717.3739.3739.6443",
  "id_umv": 1258,
  "imagenes": [
   "3717.3739.3739.6443"
  ],
  "nombre": "HERNANDEZ, \u201cFRANQUITO\u201d",
  "nro_orden": 1,
  "orden_absoluto": [
   6,
   17,
   64,
   4,
   1
  ],
  "secundarios": [

  ],
  "sexo": "M",
  "suplentes": [

  ]
 },
 {
  "asistida": "RAMOS RAMON Am\u00e9rico",
  "cargo_ejecutivo": false,
  "clase": "Candidato",
  "cod_alianza": "3717",
  "cod_categoria": "CNJ",
  "cod_lista": "3717.3739.3739",
  "cod_partido": "3717.3739",
  "codigo": "3717.3739.3739.6656",
  "dni": "7850686",
  "id_candidatura": "3717.3739.3739.6656",
  "id_umv": 103,
  "imagenes": [
   "3717.3739.3739.6656",
   "default_mujer",
   "default",
   "default_mujer",
   "default",
   "default_mujer",
   "default",
   "default_mujer",
   "default",
   "default_mujer",
   "default"
  ],
  "nombre": "RAMOS, RAMON \u201cMILY\u201d",
  "nro_orden": 1,
  "orden_absoluto": [
   6,
   17,
   64,
   5,
   1
  ],
  "secundarios": [
   "PINTOS, SANDRA ELIZABETH",
   "QUINTANA, RAMON EFRAIN",
   "LUNA, MARIA FLORENCIA",
   "SALVATIERRA, LEONARDO ELIO",
   "MIGUEL DEL VECCHIO, ALICIA",
   "MONTES, ALEJANDRO BALBINO",
   "SAYAGO, LILIANA PATRICIA",
   "GARCIA PINTOS, ALAN LAUTARO",
   "PERALES, MARIANA ESTER",
   "TOLEDO, HECTOR ROLANDO"
  ],
  "sexo": "M",
  "suplentes": [
   "MIRANDA, ANGELA SILVINA",
   "PINTOS, ISIDRO",
   "GIL, ANIANA",
   "DELGADO, CARLOS MANUEL",
   "LESCANO, ELENA RAQUEL",
   "SALVATIERRA, WALTER HUGO",
   "ABRAHAM, MARINA DE LOS ANGELES",
   "VALOR, RUBEN ANGEL",
   "SANCHEZ, ANDREA",
   "IGLESIAS, JESUS MAXIMILIANO"
  ]
 },
 {
  "asistida": "Arzal\u00e1n HERI RICARDO PABLO",
  "cargo_ejecutivo": false,
  "clase": "Candidato",
  "cod_alianza": "3717",
  "cod_categoria": "CNJ",
  "cod_lista": "3717.435.435",
  "cod_partido": "3717.435",
  "codigo": "3717.435.435.10624",
  "dni": "26293293",
  "id_candidatura": "3717.435.435.10624",
  "id_umv": 128,
  "imagenes": [
   "3717.435.435.10624",
   "default_mujer",
   "default",
   "default_mujer",
   "default",
   "default_mujer",
   "default",
   "default_mujer",
   "default",
   "default_mujer",
   "default"
  ],
  "nombre": "ARZALAN, \u201cNINO\u201d",
  "nro_orden": 1,
  "orden_absoluto": [
   6,
   40,
   60,
   5,
   1
  ],
  "secundarios": [
   "SELETTO, GLORIA ADELA",
   "PADILLA, JOSE LUIS",
   "GUERRA, EVA",
   "BARZOLA, ALEJANDRO JOSE",
   "QUINTANA, MARTA ANTONIA",
   "SALAS, LUIS ANDRES",
   "PACELLO, SILVIA MARIELA",
   "ALTAMIRANO, JORGE LUIS",
   "NARANJO, ANDREA IVANA",
   "SUAREZ, RODOLFO"
  ],
  "sexo": "M",
  "suplentes": [
   "GROSSI ROBLES, CARLA ERICA",
   "FLORES, VICTOR RAMON GABRIEL",
   "QUINTANA, LIDIA ERNESTINA",
   "GARCIA, DOMINGO ALBERTO",
   "GUTIERREZ, MIRTA NOEMI",
   "PORCEL, PEDRO",
   "CENTENO, ERICA GILDA JIMENA",
   "SGARDELIS, MAURO DEMETRIO",
   "MALDONADO, GLADYS GREGORIA",
   "HUERTAS, FABIAN NESTOR"
  ]
 },
 {
  "asistida": "S\u00f3ria MARCELO",
  "cargo_ejecutivo": false,
  "clase": "Candidato",
  "cod_alianza": "3717",
  "cod_categoria": "CNJ",
  "cod_lista": "3717.632.632",
  "cod_partido": "3717.632",
  "codigo": "3717.632.632.11887",
  "dni": "20644181",
  "id_candidatura": "3717.632.632.11887",
  "id_umv": 155,
  "imagenes": [
   "3717.632.632.11887",
   "default_mujer",
   "default",
   "default_mujer",
   "default",
   "default_mujer",
   "default",
   "default_mujer",
   "default",
   "default_mujer",
   "default"
  ],
  "nombre": "SORIA, MARCELO",
  "nro_orden": 1,
  "orden_absoluto": [
   6,
   47,
   8,
   5,
   1
  ],
  "secundarios": [
   "MEDINA, MARCIA RAFAELA",
   "MURILLO, JOSE LUIS",
   "CRUZ, ELENA",
   "HIPOLITO, ALFREDO ROMAN",
   "BARBA, NANCY MAGDALENA",
   "PEREZ, JUAN CARLOS",
   "YAGUARECA, ANDREA DEL VALLE",
   "VAZQUEZ, ALFREDO DANIEL",
   "VALDIVIEZO, CINTIA DANIELA",
   "TORRICO, ISMAEL FELIPE"
  ],
  "sexo": "M",
  "suplentes": [
   "NAVARRETA, MARIA SOLEDAD",
   "GIMENEZ, LUIS EDUARDO",
   "MEDINA, ANALIA GISELA",
   "RUIZ, PABLO EZEQUIEL",
   "PINO, TAMARA LUCRECIA",
   "DOMINGUEZ, LUIS ALBERTO",
   "JUAREZ, ZULEMA DORA",
   "SOSA, MAXIMILIANO ALBERTO",
   "PLAZA, EUGENIA ANALIA",
   "GARCIA, LUCIO RITO",
   "CORIA, VIVIANA ELISABETH"
  ]
 },
 {
  "asistida": "W\u00c1YAR GU\u00c1LTER RAUL",
  "cargo_ejecutivo": true,
  "clase": "Candidato",
  "cod_alianza": "3723",
  "cod_categoria": "GOB",
  "cod_lista": "3723.3741.3741",
  "cod_partido": "3723.3741",
  "codigo": "3723.3741.3741.7154",
  "dni": "12220501",
  "id_candidatura": "3723.3741.3741.7154",
  "id_umv": 1201,
  "imagenes": [
   "3723.3741.3741.7154",
   "default"
  ],
  "nombre": "WAYAR, WALTER",
  "nro_orden": 1,
  "orden_absoluto": [
   5,
   14,
   65,
   1,
   1
  ],
  "secundarios": [
   "MIZZAU, IVAN"
  ],
  "sexo": "M",
  "suplentes": [

  ]
 },
 {
  "asistida": "Abreg\u00fa C\u00e9SAR ADOLFO",
  "cargo_ejecutivo": false,
  "clase": "Candidato",
  "cod_alianza": "3723",
  "cod_categoria": "SEN",
  "cod_lista": "3723.3741.3741",
  "cod_partido": "3723.3741",
  "codigo": "3723.3741.3741.7172",
  "dni": "14858585",
  "id_candidatura": "3723.3741.3741.7172",
  "id_umv": 1828,
  "imagenes": [
   "3723.3741.3741.7172"
  ],
  "nombre": "ABREGU, CESAR ADOLFO",
  "nro_orden": 1,
  "orden_absoluto": [
   5,
   14,
   65,
   2,
   1
  ],
  "secundarios": [

  ],
  "sexo": "M",
  "suplentes": [
   "PALAVECINO, LILIAN DEL MILAGRO"
  ]
 },
 {
  "asistida": "ROMERO N\u00e9STOR",
  "cargo_ejecutivo": false,
  "clase": "Candidato",
  "cod_alianza": "3723",
  "cod_categoria": "DIP",
  "cod_lista": "3723.3741.3741",
  "cod_partido": "3723.3741",
  "codigo": "3723.3741.3741.7224",
  "dni": "13893998",
  "id_candidatura": "3723.3741.3741.7224",
  "id_umv": 1064,
  "imagenes": [
   "3723.3741.3741.7224",
   "default_mujer",
   "default"
  ],
  "nombre": "ROMERO, NESTOR",
  "nro_orden": 1,
  "orden_absoluto": [
   5,
   14,
   65,
   3,
   1
  ],
  "secundarios": [
   "QUINTEROS, MARLENE LUCIA",
   "CORIA, GUSTAVO DANIEL FELIPE"
  ],
  "sexo": "M",
  "suplentes": [

  ]
 },
 {
  "asistida": "ABR\u00c1M CARLOS MARCELO",
  "cargo_ejecutivo": true,
  "clase": "Candidato",
  "cod_alianza": "3723",
  "cod_categoria": "INT",
  "cod_lista": "3723.3741.3741",
  "cod_partido": "3723.3741",
  "codigo": "3723.3741.3741.7238",
  "dni": "14183488",
  "id_candidatura": "3723.3741.3741.7238",
  "id_umv": 1303,
  "imagenes": [
   "3723.3741.3741.7238"
  ],
  "nombre": "ABRAHAM, CARLOS MARCELO",
  "nro_orden": 1,
  "orden_absoluto": [
   5,
   14,
   65,
   4,
   1
  ],
  "secundarios": [

  ],
  "sexo": "M",
  "suplentes": [

  ]
 },
 {
  "asistida": "PALAVECINO YAN\u00c9",
  "cargo_ejecutivo": false,
  "clase": "Candidato",
  "cod_alianza": "3723",
  "cod_categoria": "CNJ",
  "cod_lista": "3723.3741.3741",
  "cod_partido": "3723.3741",
  "codigo": "3723.3741.3741.7438",
  "dni": "10440616",
  "id_candidatura": "3723.3741.3741.7438",
  "id_umv": 200,
  "imagenes": [
   "3723.3741.3741.7438",
   "default_mujer",
   "default",
   "default_mujer",
   "default",
   "default_mujer",
   "default",
   "default_mujer",
   "default",
   "default_mujer",
   "default"
  ],
  "nombre": "PALAVECINO, YANE",
  "nro_orden": 1,
  "orden_absoluto": [
   5,
   14,
   65,
   5,
   1
  ],
  "secundarios": [
   "MORMINA, SARA ELENA",
   "SORIA, BASILIO",
   "SUAREZ, DANIELA MABEL",
   "ROSSI, CLARK HUMBERTO OSCAR",
   "SCHULZ, CONCEPCION",
   "ACEVEDO, JORGE ROLANDO",
   "ROLDAN, MARIA DE LOS ANGELES",
   "YBA\u00d1EZ, JULIAN MATIAS",
   "MOLINA, CAROLINA MAGDALENA",
   "CEBALLOS, DOMINGO"
  ],
  "sexo": "M",
  "suplentes": [
   "NIEVA, CLARA MELINA",
   "ROMERO, MIGUEL ANGEL",
   "GIRON, CARMEN",
   "NIZ, HECTOR OCTAVIO"
  ]
 },
 {
  "asistida": "TARRAGA RUTH DEL VALLE",
  "cargo_ejecutivo": false,
  "clase": "Candidato",
  "cod_alianza": "3728",
  "cod_categoria": "CNJ",
  "cod_lista": "3728.17.17",
  "cod_partido": "3728.17",
  "codigo": "3728.17.17.1194",
  "dni": "35928772",
  "id_candidatura": "3728.17.17.1194",
  "id_umv": 230,
  "imagenes": [
   "default_mujer",
   "default",
   "default_mujer",
   "default",
   "default_mujer",
   "default",
   "default_mujer",
   "default",
   "default_mujer",
   "default",
   "default_mujer"
  ],
  "nombre": "TARRAGA, RUTH DEL VALLE",
  "nro_orden": 1,
  "orden_absoluto": [
   9,
   78,
   2,
   5,
   1
  ],
  "secundarios": [
   "NOGUERA, JOSE MARIA",
   "GOMEZ CORDOBA, CINTIA VANESA",
   "MENGUAL, BARTOLOME RAFAEL",
   "GUTIERREZ, MARIA PAULA",
   "ROMERO, JUAN CARLOS",
   "ACEVEDO, YAMILA ELIZABETH",
   "ABRAHAM, FRANCISCO DOMINGO",
   "ANTELO, BEATRIZ SOLEDAD",
   "JUAREZ, ANGEL DAVID",
   "COCA, VICTORIA ALEJANDRA"
  ],
  "sexo": "F",
  "suplentes": [
   "TOLEDO, RUBEN IGNACIO",
   "PADILLA, MARIANA ALEJANDRA",
   "VACA, MARIO ALBERTO",
   "MONTA\u00d1O, ELIANA SUYAI",
   "BURGOS, FACUNDO JAVIER",
   "ORIAS TOLEDO, ROXANA MABEL",
   "PAREDEZ, CRISTIAN OMAR",
   "ECHAZU, ANTONIA EUGENIA"
  ]
 },
 {
  "asistida": "PAZ POSE LUCIO",
  "cargo_ejecutivo": true,
  "clase": "Candidato",
  "cod_alianza": "3728",
  "cod_categoria": "GOB",
  "cod_lista": "3728.3742.3742",
  "cod_partido": "3728.3742",
  "codigo": "3728.3742.3742.7704",
  "dni": "24875401",
  "id_candidatura": "3728.3742.3742.7704",
  "id_umv": 1202,
  "imagenes": [
   "3728.3742.3742.7704",
   "default_mujer"
  ],
  "nombre": "PAZ POSSE, LUCIO \u201cPINO\u201d",
  "nro_orden": 1,
  "orden_absoluto": [
   9,
   21,
   66,
   1,
   1
  ],
  "secundarios": [
   "FARJAT D\u2019ALESSANDRO, LORENA"
  ],
  "sexo": "M",
  "suplentes": [

  ]
 },
 {
  "asistida": "Cinch\u00f3n AMELIA DEL CARMEN",
  "cargo_ejecutivo": false,
  "clase": "Candidato",
  "cod_alianza": "3728",
  "cod_categoria": "SEN",
  "cod_lista": "3728.3742.3742",
  "cod_partido": "3728.3742",
  "codigo": "3728.3742.3742.7714",
  "dni": "17835641",
  "id_candidatura": "3728.3742.3742.7714",
  "id_umv": 1834,
  "imagenes": [
   "3728.3742.3742.7714"
  ],
  "nombre": "CINCHON, AMELIA DEL CARMEN",
  "nro_orden": 1,
  "orden_absoluto": [
   9,
   21,
   66,
   2,
   1
  ],
  "secundarios": [

  ],
  "sexo": "F",
  "suplentes": [
   "ALBARRACIN, HELIN JULIAN"
  ]
 },
 {
  "asistida": "GUERRERO GABRIELA SOLEDAD",
  "cargo_ejecutivo": false,
  "clase": "Candidato",
  "cod_alianza": "3728",
  "cod_categoria": "DIP",
  "cod_lista": "3728.3742.3742",
  "cod_partido": "3728.3742",
  "codigo": "3728.3742.3742.7756",
  "dni": "34550795",
  "id_candidatura": "3728.3742.3742.7756",
  "id_umv": 1072,
  "imagenes": [
   "3728.3742.3742.7756",
   "default",
   "default_mujer"
  ],
  "nombre": "GUERRERO, GABRIELA SOLEDAD",
  "nro_orden": 1,
  "orden_absoluto": [
   9,
   21,
   66,
   3,
   1
  ],
  "secundarios": [
   "TABORGA, CESAR DARIO",
   "PAZ, ESTELA DEL VALLE"
  ],
  "sexo": "F",
  "suplentes": [
   "CAMPOS, HUGO FERNANDO",
   "VIDAL, MARIA",
   "GUERRERO, JAVIER ARNALDO"
  ]
 },
 {
  "asistida": "ARD\u00cdLES SANDRA DEL HUERTO",
  "cargo_ejecutivo": true,
  "clase": "Candidato",
  "cod_alianza": "3728",
  "cod_categoria": "INT",
  "cod_lista": "3728.3742.3742",
  "cod_partido": "3728.3742",
  "codigo": "3728.3742.3742.7768",
  "dni": "18230799",
  "id_candidatura": "3728.3742.3742.7768",
  "id_umv": 1340,
  "imagenes": [
   "3728.3742.3742.7768"
  ],
  "nombre": "ARDILES, SANDRA DEL HUERTO",
  "nro_orden": 1,
  "orden_absoluto": [
   9,
   21,
   66,
   4,
   1
  ],
  "secundarios": [

  ],
  "sexo": "F",
  "suplentes": [

  ]
 },
 {
  "asistida": "CAVANA ANT\u00d3NIO",
  "cargo_ejecutivo": false,
  "clase": "Candidato",
  "cod_alianza": "3728",
  "cod_categoria": "CNJ",
  "cod_lista": "3728.3742.3742",
  "cod_partido": "3728.3742",
  "codigo": "3728.3742.3742.7838",
  "dni": "26715698",
  "id_candidatura": "3728.3742.3742.7838",
  "id_umv": 235,
  "imagenes": [
   "3728.3742.3742.7838",
   "default_mujer",
   "default",
   "default_mujer",
   "default",
   "default_mujer",
   "default",
   "default_mujer",
   "default",
   "default_mujer",
   "default"
  ],
  "nombre": "CAVANA, ANTONIO",
  "nro_orden": 1,
  "orden_absoluto": [
   9,
   21,
   66,
   5,
   1
  ],
  "secundarios": [
   "MIRANDA, JESSICA JANET",
   "MARTINEZ, ROBERTO",
   "RUARTE, NELIDA",
   "TORRES, JOSE SAMUEL",
   "SANCHEZ, ELVA",
   "PARADA, CLEMENTE",
   "JUAREZ, ESTHER EVANGELINA",
   "LOPEZ, MARCELO",
   "BELEIZAN, LUCINDA BELINDA",
   "FLORES, CARLOS ALFREDO"
  ],
  "sexo": "M",
  "suplentes": [
   "VEGAS, MAURICIA",
   "VEGAS, JUAN",
   "JEREZ, MARIA ESTELA",
   "MANSILLA, CANDIDO",
   "JEREZ, ISABEL",
   "PAREDA, REGINO",
   "TORRES, MARIA EUGENIA",
   "DOMINGUEZ, SIMON"
  ]
 },
 {
  "asistida": "PEREZ JOSE LUIS",
  "cargo_ejecutivo": false,
  "clase": "Candidato",
  "cod_alianza": "3728",
  "cod_categoria": "CNJ",
  "cod_lista": "3728.3748.3748",
  "cod_partido": "3728.3748",
  "codigo": "3728.3748.3748.9590",
  "dni": "24970782",
  "id_candidatura": "3728.3748.3748.9590",
  "id_umv": 248,
  "imagenes": [
   "3728.3748.3748.9590",
   "default_mujer",
   "default",
   "default_mujer",
   "default",
   "default_mujer",
   "default",
   "default_mujer",
   "default",
   "default_mujer",
   "default"
  ],
  "nombre": "PEREZ, JOSE LUIS",
  "nro_orden": 1,
  "orden_absoluto": [
   9,
   15,
   24,
   5,
   1
  ],
  "secundarios": [
   "CHAVARRIA, KHATTY GABRIELA DE",
   "TORREZ, SANTIAGO",
   "GIMENEZ, ALEJANDRA",
   "PISCO, EDUARDO",
   "GIMENEZ, MARIA ALEJANDRA",
   "LORENZO, OSCAR",
   "DIAZ, MARTA",
   "ARANDA, ALBERTO",
   "VEGA, PATRICIA BEATRIZ",
   "MIRANDA, PEDRO GERMAN"
  ],
  "sexo": "M",
  "suplentes": [
   "LUNA, MIRIAN",
   "PEREZ, LUIS NORBERTO",
   "PEREZ, ADELA",
   "CABEZON, JAIRO",
   "FERNANDEZ, GLADYS",
   "ARIAS, FIDENCIO",
   "PALOMO, SONIA",
   "TORRES, HUMBERTO"
  ]
 },
 {
  "asistida": "ALVES PINTO TRIGO OTTO HUMBERTO",
  "cargo_ejecutivo": true,
  "clase": "Candidato",
  "cod_alianza": "3729",
  "cod_categoria": "INT",
  "cod_lista": "3729.179.179",
  "cod_partido": "3729.179",
  "codigo": "3729.179.179.1241",
  "dni": "25437015",
  "id_candidatura": "3729.179.179.1241",
  "id_umv": 1355,
  "imagenes": [
   "3729.179.179.1241"
  ],
  "nombre": "ALVES PINTO TRIGO, OTTO HUMBERTO",
  "nro_orden": 1,
  "orden_absoluto": [
   24,
   54,
   79,
   4,
   1
  ],
  "secundarios": [

  ],
  "sexo": "M",
  "suplentes": [

  ]
 },
 {
  "asistida": "GUTIERREZ APONTE FABI\u00c1N OMAR",
  "cargo_ejecutivo": false,
  "clase": "Candidato",
  "cod_alianza": "3729",
  "cod_categoria": "CNJ",
  "cod_lista": "3729.179.179",
  "cod_partido": "3729.179",
  "codigo": "3729.179.179.1265",
  "dni": "32206351",
  "id_candidatura": "3729.179.179.1265",
  "id_umv": 264,
  "imagenes": [
   "3729.179.179.1265",
   "default_mujer",
   "default",
   "default_mujer",
   "default",
   "default_mujer",
   "default",
   "default_mujer",
   "default",
   "default_mujer",
   "default"
  ],
  "nombre": "GUTIERREZ APONTE, FABIAN OMAR",
  "nro_orden": 1,
  "orden_absoluto": [
   24,
   54,
   79,
   5,
   1
  ],
  "secundarios": [
   "BALDIVIEZO, SILVIA DEL VALLE",
   "CULLARCI, RUBEN",
   "PARADA, SILVINA RAQUEL",
   "ARTEAGA, JUAN MANUEL",
   "GUERRERO, ROSANA DEL VALLE",
   "CARDOZO, GONZALO",
   "CHIRAPANI, PERLA FERNANDA",
   "CULLARCI, FRANCISCO",
   "VAZQUEZ, ESTHER",
   "FIGUEROA, FRANCISCO NICOLAS"
  ],
  "sexo": "M",
  "suplentes": [
   "FIGUEROA, MARIA EUGENIA",
   "FARIAS, LINO",
   "CHIRAPANI, JUANA",
   "CULLARCI, EZEQUIEL DAVID",
   "MONTERO, MARIELA DEL CARMEN",
   "VEGA, JUAN",
   "CULLARCI, GRACIELA BEATRIZ",
   "DUARTE, MARIANO",
   "CULLARCI, LISANDRA DANISA",
   "FIGUEROA, CARLOS JULIAN",
   "CULLARCI, LUCRECIA SOLEDAD"
  ]
 },
 {
  "asistida": "CAL\u00cdVA L\u00cdA VER\u00d3NICA",
  "cargo_ejecutivo": true,
  "clase": "Candidato",
  "cod_alianza": "3729",
  "cod_categoria": "GOB",
  "cod_lista": "3729.3747.3747",
  "cod_partido": "3729.3747",
  "codigo": "3729.3747.3747.9058",
  "dni": "25624792",
  "id_candidatura": "3729.3747.3747.9058",
  "id_umv": 1203,
  "imagenes": [
   "3729.3747.3747.9058",
   "default"
  ],
  "nombre": "CALIVA, LIA VERONICA",
  "nro_orden": 1,
  "orden_absoluto": [
   24,
   68,
   67,
   1,
   1
  ],
  "secundarios": [
   "GRAVANAGO, CARLOS ALEJANDRO"
  ],
  "sexo": "F",
  "suplentes": [

  ]
 },
 {
  "asistida": "LOPEZ REINA NANCY",
  "cargo_ejecutivo": false,
  "clase": "Candidato",
  "cod_alianza": "3729",
  "cod_categoria": "SEN",
  "cod_lista": "3729.3747.3747",
  "cod_partido": "3729.3747",
  "codigo": "3729.3747.3747.9070",
  "dni": "20126526",
  "id_candidatura": "3729.3747.3747.9070",
  "id_umv": 1842,
  "imagenes": [
   "3729.3747.3747.9070"
  ],
  "nombre": "LOPEZ, REINA NANCY",
  "nro_orden": 1,
  "orden_absoluto": [
   24,
   68,
   67,
   2,
   1
  ],
  "secundarios": [

  ],
  "sexo": "F",
  "suplentes": [
   "FERNANDEZ, ISAIAS"
  ]
 },
 {
  "asistida": "LOPEZ JORGE LUIS",
  "cargo_ejecutivo": false,
  "clase": "Candidato",
  "cod_alianza": "3729",
  "cod_categoria": "DIP",
  "cod_lista": "3729.3747.3747",
  "cod_partido": "3729.3747",
  "codigo": "3729.3747.3747.9104",
  "dni": "34126577",
  "id_candidatura": "3729.3747.3747.9104",
  "id_umv": 1080,
  "imagenes": [
   "3729.3747.3747.9104",
   "default_mujer",
   "default"
  ],
  "nombre": "LOPEZ, JORGE LUIS",
  "nro_orden": 1,
  "orden_absoluto": [
   24,
   68,
   67,
   3,
   1
  ],
  "secundarios": [
   "RODRIGUEZ, ROSA",
   "CUEVAS, JOSE ELIAS"
  ],
  "sexo": "M",
  "suplentes": [
   "SAMBRANA, RUTH SONIA"
  ]
 },
 {
  "asistida": "SEGUNDO LUISITO",
  "cargo_ejecutivo": true,
  "clase": "Candidato",
  "cod_alianza": "3729",
  "cod_categoria": "INT",
  "cod_lista": "3729.3747.3747",
  "cod_partido": "3729.3747",
  "codigo": "3729.3747.3747.9120",
  "dni": "45116229",
  "id_candidatura": "3729.3747.3747.9120",
  "id_umv": 1368,
  "imagenes": [
   "3729.3747.3747.9120"
  ],
  "nombre": "SEGUNDO, LUISITO",
  "nro_orden": 1,
  "orden_absoluto": [
   24,
   68,
   67,
   4,
   1
  ],
  "secundarios": [

  ],
  "sexo": "M",
  "suplentes": [

  ]
 },
 {
  "asistida": "SANCHEZ JUAN ANTONIO",
  "cargo_ejecutivo": false,
  "clase": "Candidato",
  "cod_alianza": "3729",
  "cod_categoria": "CNJ",
  "cod_lista": "3729.3747.3747",
  "cod_partido": "3729.3747",
  "codigo": "3729.3747.3747.9300",
  "dni": "26715575",
  "id_candidatura": "3729.3747.3747.9300",
  "id_umv": 278,
  "imagenes": [
   "3729.3747.3747.9300",
   "default_mujer",
   "default",
   "default_mujer",
   "default",
   "default_mujer",
   "default",
   "default_mujer",
   "default",
   "default_mujer",
   "default"
  ],
  "nombre": "SANCHEZ, JUAN ANTONIO",
  "nro_orden": 1,
  "orden_absoluto": [
   24,
   68,
   67,
   5,
   1
  ],
  "secundarios": [
   "CASTILLO, EMILIA",
   "DEVIGILI, MARCELO DANTE",
   "GARCIA, LUCIA",
   "ZIGARAN, JOSE ALBERTO",
   "MIRANDA, ALISON EUGENIA",
   "TOLEDO, JORGE MOISES",
   "PEREZ, TANIA NOEMI",
   "MONTES, LUIS ALFREDO",
   "PIZARRO, CALIXTA",
   "ASSEFH, PABLO ENRIQUE"
  ],
  "sexo": "M",
  "suplentes": [
   "BURGOS, GRISELDA ELIZABETH",
   "SECRETARIO, JOSUE EZEQUIEL",
   "BERRUTTI, VERONICA",
   "GOMEZ, ANDRES",
   "SANCHEZ, ELIZABETH DELICIA",
   "ASUYARE, PEDRO HILARIO",
   "SANCHEZ, ELIZABETH BEATRIZ",
   "BASUALDO, SANTOS OMAIRA",
   "ASUYARE, NATALIA DEL CARMEN",
   "VILLACORTAS, ANTONIO ORLANDO",
   "ANSELMO, ALBANA NATALIA"
  ]
 },
 {
  "asistida": "NANNI VALERO MIGUEL",
  "cargo_ejecutivo": true,
  "clase": "Candidato",
  "cod_alianza": "3730",
  "cod_categoria": "GOB",
  "cod_lista": "3730.3746.3746",
  "cod_partido": "3730.3746",
  "codigo": "3730.3746.3746.8614",
  "dni": "25802248",
  "id_candidatura": "3730.3746.3746.8614",
  "id_umv": 1204,
  "imagenes": [
   "3730.3746.3746.8614",
   "default_mujer"
  ],
  "nombre": "NANNI, MIGUEL",
  "nro_orden": 1,
  "orden_absoluto": [
   15,
   32,
   74,
   1,
   1
  ],
  "secundarios": [
   "CORNEJO, VIRGINIA"
  ],
  "sexo": "M",
  "suplentes": [

  ]
 },
 {
  "asistida": "FERNANDEZ VALERIA ALEJANDRA",
  "cargo_ejecutivo": false,
  "clase": "Candidato",
  "cod_alianza": "3730",
  "cod_categoria": "SEN",
  "cod_lista": "3730.3746.3746",
  "cod_partido": "3730.3746",
  "codigo": "3730.3746.3746.8632",
  "dni": "37227112",
  "id_candidatura": "3730.3746.3746.8632",
  "id_umv": 1852,
  "imagenes": [
   "3730.3746.3746.8632"
  ],
  "nombre": "FERNANDEZ, VALERIA ALEJANDRA",
  "nro_orden": 1,
  "orden_absoluto": [
   15,
   32,
   74,
   2,
   1
  ],
  "secundarios": [

  ],
  "sexo": "F",
  "suplentes": [
   "RENFIGES, DANIEL ALEJANDRO"
  ]
 },
 {
  "asistida": "CAPITON FEDERICO AGUSTIN",
  "cargo_ejecutivo": false,
  "clase": "Candidato",
  "cod_alianza": "3730",
  "cod_categoria": "DIP",
  "cod_lista": "3730.3746.3746",
  "cod_partido": "3730.3746",
  "codigo": "3730.3746.3746.8680",
  "dni": "32934391",
  "id_candidatura": "3730.3746.3746.8680",
  "id_umv": 1092,
  "imagenes": [
   "3730.3746.3746.8680",
   "default_mujer",
   "default"
  ],
  "nombre": "CAPITON, FEDERICO AGUSTIN",
  "nro_orden": 1,
  "orden_absoluto": [
   15,
   32,
   74,
   3,
   1
  ],
  "secundarios": [
   "CAZON, MARIA CRISTINA",
   "ROLDAN, NERI OSVALDO"
  ],
  "sexo": "M",
  "suplentes": [
   "RODRIGUEZ, CINTHIA SUSANA"
  ]
 },
 {
  "asistida": "ARCE ANDR\u00c9S ARIEL NICOL\u00c1S",
  "cargo_ejecutivo": true,
  "clase": "Candidato",
  "cod_alianza": "3730",
  "cod_categoria": "INT",
  "cod_lista": "3730.3746.3746",
  "cod_partido": "3730.3746",
  "codigo": "3730.3746.3746.8695",
  "dni": "31081322",
  "id_candidatura": "3730.3746.3746.8695",
  "id_umv": 1397,
  "imagenes": [
   "3730.3746.3746.8695"
  ],
  "nombre": "ARCE, \u201cNICO\u201d",
  "nro_orden": 1,
  "orden_absoluto": [
   15,
   32,
   74,
   4,
   1
  ],
  "secundarios": [

  ],
  "sexo": "M",
  "suplentes": [

  ]
 },
 {
  "asistida": "MORENO MANUEL GERM\u00c1N",
  "cargo_ejecutivo": false,
  "clase": "Candidato",
  "cod_alianza": "3730",
  "cod_categoria": "CNJ",
  "cod_lista": "3730.3746.3746",
  "cod_partido": "3730.3746",
  "codigo": "3730.3746.3746.8876",
  "dni": "37722069",
  "id_candidatura": "3730.3746.3746.8876",
  "id_umv": 309,
  "imagenes": [
   "3730.3746.3746.8876",
   "default_mujer",
   "default",
   "default_mujer",
   "default",
   "default_mujer",
   "default",
   "default_mujer",
   "default",
   "default_mujer",
   "default"
  ],
  "nombre": "MORENO, MANUEL GERMAN",
  "nro_orden": 1,
  "orden_absoluto": [
   15,
   32,
   74,
   5,
   1
  ],
  "secundarios": [
   "GALLARDO, MIRIAM ELIZABETH",
   "QUIROGA, WALTER RAMON",
   "HELENO, CLARA ANALIA",
   "NIEVA, SAMUEL LORENZO",
   "MENA, NANCY ISABEL",
   "GARCIA, FERNANDO DAMIAN",
   "MIEL\u00d1IK, PAOLA ALEXANDRA",
   "COCA, MARIO ALEJANDRO",
   "ABUD, ANDREA JESICA",
   "GONZALEZ SORIA, JAVIER ALEJANDRO"
  ],
  "sexo": "M",
  "suplentes": [
   "ARCE, ESTEFANIA DAIANA",
   "PINTOS, ERALDO JOEL",
   "SUAREZ, ANA LOURDES",
   "LEGUIZAMON SARAPURA, DARIO",
   "TERAN, SILVIA EDITH",
   "RODRIGUEZ, JUAN GABRIEL",
   "ARAOZ, EDIT",
   "MOJICA, CLAUDIO GABRIEL",
   "RODRIGUEZ, MARIA MILAGRO",
   "CAMPO, DARIO ALFREDO"
  ]
 },
 {
  "asistida": "JUAREZ RICARDO ANDR\u00c9S",
  "cargo_ejecutivo": false,
  "clase": "Candidato",
  "cod_alianza": "3730",
  "cod_categoria": "CNJ",
  "cod_lista": "3730.461.461",
  "cod_partido": "3730.461",
  "codigo": "3730.461.461.11602",
  "dni": "22604441",
  "id_candidatura": "3730.461.461.11602",
  "id_umv": 339,
  "imagenes": [
   "3730.461.461.11602",
   "default_mujer",
   "default",
   "default_mujer",
   "default",
   "default_mujer",
   "default",
   "default_mujer",
   "default",
   "default_mujer",
   "default"
  ],
  "nombre": "JUAREZ, RICARDO ANDRES",
  "nro_orden": 1,
  "orden_absoluto": [
   15,
   19,
   11,
   5,
   1
  ],
  "secundarios": [
   "SITUE, ROMINA MARIA",
   "MARTINEZ, RAMON ARIEL",
   "LANOSA, KARINA ELISABETH",
   "DOMINGUEZ, ISMAEL FERNANDO",
   "AGUIRRE, VERONICA ELIZABETH",
   "CASTILLO, MANUEL ALEJANDRO",
   "ARIAS, AZUCENA BETSABE",
   "ALVARADO, JOSE LEONARDO OMAR",
   "ALTAMIRANDA, ROMINA EMILIA",
   "ARCE, NORBERTO WALDO"
  ],
  "sexo": "M",
  "suplentes": [

  ]
 },
 {
  "asistida": "Sabadini MAURO DIEGO",
  "cargo_ejecutivo": true,
  "clase": "Candidato",
  "cod_alianza": "3731",
  "cod_categoria": "GOB",
  "cod_lista": "3731.3743.3743",
  "cod_partido": "3731.3743",
  "codigo": "3731.3743.3743.7941",
  "dni": "23362242",
  "id_candidatura": "3731.3743.3743.7941",
  "id_umv": 1205,
  "imagenes": [
   "3731.3743.3743.7941",
   "default_mujer"
  ],
  "nombre": "SABBADINI, MAURO DIEGO",
  "nro_orden": 1,
  "orden_absoluto": [
   10,
   22,
   68,
   1,
   1
  ],
  "secundarios": [
   "LOAYZA PACHECO, JIMENA LUCIA"
  ],
  "sexo": "M",
  "suplentes": [

  ]
 },
 {
  "asistida": "LOPEZ ALDO ERNESTO",
  "cargo_ejecutivo": false,
  "clase": "Candidato",
  "cod_alianza": "3731",
  "cod_categoria": "SEN",
  "cod_lista": "3731.3743.3743",
  "cod_partido": "3731.3743",
  "codigo": "3731.3743.3743.7951",
  "dni": "12140030",
  "id_candidatura": "3731.3743.3743.7951",
  "id_umv": 1857,
  "imagenes": [
   "3731.3743.3743.7951"
  ],
  "nombre": "LOPEZ, ALDO ERNESTO",
  "nro_orden": 1,
  "orden_absoluto": [
   10,
   22,
   68,
   2,
   1
  ],
  "secundarios": [

  ],
  "sexo": "M",
  "suplentes": [

  ]
 },
 {
  "asistida": "ACOSTA RAUL EDUARDO \"PIRU\"",
  "cargo_ejecutivo": false,
  "clase": "Candidato",
  "cod_alianza": "3731",
  "cod_categoria": "DIP",
  "cod_lista": "3731.3743.3743",
  "cod_partido": "3731.3743",
  "codigo": "3731.3743.3743.7990",
  "dni": "14747196",
  "id_candidatura": "3731.3743.3743.7990",
  "id_umv": 1101,
  "imagenes": [
   "3731.3743.3743.7990",
   "default_mujer",
   "default"
  ],
  "nombre": "CPN ACOSTA, RAUL EDUARDO \u201cPIRU\u201d",
  "nro_orden": 1,
  "orden_absoluto": [
   10,
   22,
   68,
   3,
   1
  ],
  "secundarios": [
   "GEREZ, MARIA DEL VALLE",
   "FERREYRA, MARIO ANTONIO"
  ],
  "sexo": "M",
  "suplentes": [
   "HURTADO, LAURA EUGENIA",
   "ARACENA ARMOA, HUGO ANDRES",
   "CASTILLO, MARISOL"
  ]
 },
 {
  "asistida": "LLANOS ENRIQUE RAFAEL",
  "cargo_ejecutivo": true,
  "clase": "Candidato",
  "cod_alianza": "3731",
  "cod_categoria": "INT",
  "cod_lista": "3731.3743.3743",
  "cod_partido": "3731.3743",
  "codigo": "3731.3743.3743.8005",
  "dni": "35479346",
  "id_candidatura": "3731.3743.3743.8005",
  "id_umv": 1431,
  "imagenes": [
   "3731.3743.3743.8005"
  ],
  "nombre": "LLANOS, ENRIQUE RAFAEL",
  "nro_orden": 1,
  "orden_absoluto": [
   10,
   22,
   68,
   4,
   1
  ],
  "secundarios": [

  ],
  "sexo": "M",
  "suplentes": [

  ]
 },
 {
  "asistida": "Ver\u00f3n JOANA ESTEFAN\u00edA",
  "cargo_ejecutivo": false,
  "clase": "Candidato",
  "cod_alianza": "3731",
  "cod_categoria": "CNJ",
  "cod_lista": "3731.3743.3743",
  "cod_partido": "3731.3743",
  "codigo": "3731.3743.3743.8169",
  "dni": "43374330",
  "id_candidatura": "3731.3743.3743.8169",
  "id_umv": 365,
  "imagenes": [
   "3731.3743.3743.8169",
   "default",
   "default_mujer",
   "default",
   "default_mujer",
   "default",
   "default_mujer",
   "default",
   "default_mujer",
   "default",
   "default_mujer"
  ],
  "nombre": "VERON, JOHANA ESTEFANIA",
  "nro_orden": 1,
  "orden_absoluto": [
   10,
   22,
   68,
   5,
   1
  ],
  "secundarios": [
   "TERCERO, ALEXANDER ELISEO",
   "FLORIANO, MISTICA ALEXANDRA",
   "PACHINDA, MARCOS EDUARDO",
   "PEREZ, ESTEFANIA DEL MILAGRO",
   "BERNEL, FEDERICO GABRIEL",
   "CHIRAPANI, GRISELDA FLORENCIA",
   "OBANDO, JUAN MARCELO",
   "OBANDO, YULIANA ARACELI",
   "VARGAS, LUIS FERNANDO",
   "CHAVEZ, SILVIA NOEMI"
  ],
  "sexo": "F",
  "suplentes": [
   "SORIA ARAMAYO, JAIRO JOSUE",
   "DELGADO, MABEL ADRIANA",
   "VERON, JOSE VALENTIN",
   "DELGADO, DEBORA DANIELA",
   "VALDIVIEZO, ALBERTO CELESTINO",
   "AZAR, TERESA LIS IVANA",
   "ALAVI, JOSE MARIA",
   "FERNANDEZ, EUGENIA NOEMI"
  ]
 },
 {
  "asistida": "DEL PLA CLAUDIO ARIEL",
  "cargo_ejecutivo": true,
  "clase": "Candidato",
  "cod_alianza": "3732",
  "cod_categoria": "GOB",
  "cod_lista": "3732.3740.3740",
  "cod_partido": "3732.3740",
  "codigo": "3732.3740.3740.6916",
  "dni": "13943671",
  "id_candidatura": "3732.3740.3740.6916",
  "id_umv": 1206,
  "imagenes": [
   "3732.3740.3740.6916",
   "default_mujer"
  ],
  "nombre": "DEL PLA, CLAUDIO ARIEL",
  "nro_orden": 1,
  "orden_absoluto": [
   7,
   18,
   73,
   1,
   1
  ],
  "secundarios": [
   "HIDALGO, LORENA VANESA"
  ],
  "sexo": "M",
  "suplentes": [

  ]
 },
 {
  "asistida": "TEJERINA ELSA KARINA",
  "cargo_ejecutivo": false,
  "clase": "Candidato",
  "cod_alianza": "3732",
  "cod_categoria": "SEN",
  "cod_lista": "3732.3740.3740",
  "cod_partido": "3732.3740",
  "codigo": "3732.3740.3740.6923",
  "dni": "25752828",
  "id_candidatura": "3732.3740.3740.6923",
  "id_umv": 1861,
  "imagenes": [
   "3732.3740.3740.6923"
  ],
  "nombre": "TEJERINA, ELSA KARINA",
  "nro_orden": 1,
  "orden_absoluto": [
   7,
   18,
   73,
   2,
   1
  ],
  "secundarios": [

  ],
  "sexo": "F",
  "suplentes": [
   "SIMPLICIO, LEONARDO"
  ]
 },
 {
  "asistida": "QUIROGA Mab\u00e9l RITA",
  "cargo_ejecutivo": false,
  "clase": "Candidato",
  "cod_alianza": "3732",
  "cod_categoria": "DIP",
  "cod_lista": "3732.3740.3740",
  "cod_partido": "3732.3740",
  "codigo": "3732.3740.3740.6956",
  "dni": "17662547",
  "id_candidatura": "3732.3740.3740.6956",
  "id_umv": 1107,
  "imagenes": [
   "3732.3740.3740.6956",
   "default",
   "default_mujer"
  ],
  "nombre": "QUIROGA, MABEL RITA",
  "nro_orden": 1,
  "orden_absoluto": [
   7,
   18,
   73,
   3,
   1
  ],
  "secundarios": [
   "TARRAGA, MAURICIO RAUL",
   "OLMOS, ESTER VALERIA"
  ],
  "sexo": "F",
  "suplentes": [
   "TARRAGA, HECTOR RAUL"
  ]
 },
 {
  "asistida": "Ruberto SAENZ GUSTAVO ADOLFO",
  "cargo_ejecutivo": true,
  "clase": "Candidato",
  "cod_alianza": "3734",
  "cod_categoria": "GOB",
  "cod_lista": "3734.3737.3737",
  "cod_partido": "3734.3737",
  "codigo": "3734.3737.3737.6358",
  "dni": "20609646",
  "id_candidatura": "3734.3737.3737.6358",
  "id_umv": 1207,
  "imagenes": [
   "3734.3737.3737.6358",
   "default"
  ],
  "nombre": "SAENZ, GUSTAVO",
  "nro_orden": 1,
  "orden_absoluto": [
   1,
   5,
   69,
   1,
   1
  ],
  "secundarios": [
   "MAROCCO, ANTONIO \u201cGRINGO\u201d"
  ],
  "sexo": "M",
  "suplentes": [

  ]
 },
 {
  "asistida": "GONZALEZ SERGIO Osc\u00e1r",
  "cargo_ejecutivo": false,
  "clase": "Candidato",
  "cod_alianza": "3735",
  "cod_categoria": "CNJ",
  "cod_lista": "3735.15.15",
  "cod_partido": "3735.15",
  "codigo": "3735.15.15.982",
  "dni": "13230612",
  "id_candidatura": "3735.15.15.982",
  "id_umv": 602,
  "imagenes": [
   "3735.15.15.982",
   "default_mujer",
   "default",
   "default_mujer",
   "default",
   "default_mujer",
   "default",
   "default_mujer",
   "default",
   "default_mujer",
   "default"
  ],
  "nombre": "GONZALEZ, SERGIO \u201cQUITUPI\u201d",
  "nro_orden": 1,
  "orden_absoluto": [
   12,
   59,
   1,
   5,
   1
  ],
  "secundarios": [
   "BUSTILLOS, CAROLINA ISABEL",
   "SORUCO, SERGIO GABRIEL",
   "PALOMO, MARTA",
   "CRUZ, JORGE EDGAR",
   "TERCERO, ESTEFANIA ELISABETH",
   "LUNA, HECTOR MARIO",
   "CABANA, TATIANA DANIELA SOLEDAD",
   "MURILLO, FEDERICO RAUL",
   "MEDRANO, GLORIA DEL VALLE",
   "ROMERO, DANIEL JESUS NELSON"
  ],
  "sexo": "M",
  "suplentes": [
   "ROJAS, MONICA EDITH",
   "SEVERGNINI, DIEGO ALEJANDRO",
   "VILLALBA, ANGELICA ELIZABET",
   "HERNANDEZ, MARCELINO EDUARDO",
   "FALCON, CLAUDIA ELIZABETH",
   "VEGA, VICTOR ALEJANDRO",
   "IBARRA, CARLA VALERIA ANTONELLA",
   "SEVERGNINI VILLAFLOR, RAUL",
   "SEGUNDO, MARIA ANGELICA",
   "ROMERO, JUAN EDMUNDO"
  ]
 },
 {
  "asistida": "GALL\u00c1RDO EMANUEL CARLOS",
  "cargo_ejecutivo": false,
  "clase": "Candidato",
  "cod_alianza": "3735",
  "cod_categoria": "CNJ",
  "cod_lista": "3735.1873.1873",
  "cod_partido": "3735.1873",
  "codigo": "3735.1873.1873.2761",
  "dni": "39362871",
  "id_candidatura": "3735.1873.1873.2761",
  "id_umv": 618,
  "imagenes": [
   "3735.1873.1873.2761",
   "default_mujer",
   "default",
   "default_mujer",
   "default",
   "default_mujer",
   "default",
   "default_mujer",
   "default",
   "default_mujer",
   "default"
  ],
  "nombre": "GALLARDO, \u201cEMA\u201d",
  "nro_orden": 1,
  "orden_absoluto": [
   12,
   56,
   80,
   5,
   1
  ],
  "secundarios": [
   "MEDINA, ELIZABETH",
   "TORRICO, JORGE LUIS",
   "PLAZA, GABRIELA DEL MILAGRO",
   "DOMINGUEZ, NESTOR FERNANDO",
   "CARRIZO, BRENDA MARIANELA",
   "MIGUEL, CARLOS ALBERTO",
   "OSORES, AGUSTINA NAZARENA",
   "APARICIO, JAVIER ENZO",
   "ANTEQUERA SOLIZ, LARA ANAHI",
   "GONZALEZ, FABIAN ENRIQUE"
  ],
  "sexo": "M",
  "suplentes": [
   "GALLARDO, ABIGAIL"
  ]
 },
 {
  "asistida": "LUNA EMILIA GUADALUPE",
  "cargo_ejecutivo": false,
  "clase": "Candidato",
  "cod_alianza": "3735",
  "cod_categoria": "CNJ",
  "cod_lista": "3735.208.208",
  "cod_partido": "3735.208",
  "codigo": "3735.208.208.3155",
  "dni": "33593444",
  "id_candidatura": "3735.208.208.3155",
  "id_umv": 649,
  "imagenes": [
   "3735.208.208.3155",
   "default",
   "default_mujer",
   "default",
   "default_mujer",
   "default",
   "default_mujer",
   "default",
   "default_mujer",
   "default",
   "default_mujer"
  ],
  "nombre": "LUNA, EMILIA GUADALUPE",
  "nro_orden": 1,
  "orden_absoluto": [
   12,
   41,
   7,
   5,
   1
  ],
  "secundarios": [
   "DOMINGUEZ, JOSE FRANCISCO",
   "PARDO, YENINA GRISELDA",
   "BARTOLINI CHOCOBAR, MAURICIO",
   "GONZALEZ, NORMA LILIANA",
   "GARNICA BALDERRAMA, NICOLAS",
   "MONTES, RITA MARIA SOLEDAD",
   "INSAURRALDE, GUSTAVO RAMON",
   "SORUCO, GLADYS BEATRIZ",
   "MOLINA, WALTER ALBINO",
   "PEREYRA, SANTO INOCENSIA"
  ],
  "sexo": "F",
  "suplentes": [
   "SARDINA, LUIS AMERICO",
   "CORTEZ, CECILIA CAROLINA",
   "VELAZQUEZ, ALBERTO EXEQUIEL"
  ]
 },
 {
  "asistida": "D\u00cdAZ LUIS PATRICIO",
  "cargo_ejecutivo": false,
  "clase": "Candidato",
  "cod_alianza": "3735",
  "cod_categoria": "CNJ",
  "cod_lista": "3735.32.32",
  "cod_partido": "3735.32",
  "codigo": "3735.32.32.5095",
  "dni": "31767837",
  "id_candidatura": "3735.32.32.5095",
  "id_umv": 687,
  "imagenes": [
   "3735.32.32.5095",
   "default_mujer",
   "default",
   "default_mujer",
   "default",
   "default_mujer",
   "default",
   "default_mujer",
   "default",
   "default_mujer",
   "default"
  ],
  "nombre": "DIAZ, LUIS PATRICIO",
  "nro_orden": 1,
  "orden_absoluto": [
   12,
   46,
   63,
   5,
   1
  ],
  "secundarios": [
   "SALAZAR, ANAHI MARISABEL",
   "CARDOZO, JORGE EDUARDO",
   "CAMPOS, VANESA DEL VALLE",
   "VACA, SERGIO ALBERTO",
   "SUAREZ, MAGALI MAGDALENA",
   "CHICO, ISMAEL CEFERINO",
   "NIGG, ARIANA ANAHI",
   "ORIAS, JORGE GABRIEL",
   "DURAN, HAYDEE CLAUDIA",
   "ZAMBRANA, MARIO ADAN"
  ],
  "sexo": "M",
  "suplentes": [
   "MANCILLA, DANIELA MARIA LURDES",
   "SUAREZ, MIGUEL ANGEL",
   "MONTA\u00d1O, DANIA",
   "SALINAS, ORLANDO",
   "LEA\u00d1I, MILAGROS SOLEDAD",
   "MONTERO, EDUARDO EZEQUIEL",
   "VACAFLOR, MARIA SOLEDAD",
   "MONTERO, MANUEL ALEJANDRO"
  ]
 },
 {
  "asistida": "MALDONADO ANGEL\u00cdNA",
  "cargo_ejecutivo": false,
  "clase": "Candidato",
  "cod_alianza": "3735",
  "cod_categoria": "CNJ",
  "cod_lista": "3735.3650.3650",
  "cod_partido": "3735.3650",
  "codigo": "3735.3650.3650.5818",
  "dni": "14183471",
  "id_candidatura": "3735.3650.3650.5818",
  "id_umv": 720,
  "imagenes": [
   "3735.3650.3650.5818",
   "default",
   "default_mujer",
   "default",
   "default_mujer",
   "default",
   "default_mujer",
   "default",
   "default_mujer",
   "default",
   "default_mujer"
  ],
  "nombre": "MALDONADO, ANGELINA \u201cMECHA\u201d",
  "nro_orden": 1,
  "orden_absoluto": [
   12,
   66,
   23,
   5,
   1
  ],
  "secundarios": [
   "OCHOA, MARIO ROBERTO",
   "NIETO, ELBA ELISA",
   "ROMERO, JUAN ROMAN",
   "CARDOZO, GRACIELA",
   "ARCE, JUAN CARLOS",
   "ROMERO, NORMA LILIANA",
   "MONTERO, ELIAS ALESANDRO",
   "FLORES, OLGA ANGELICA",
   "JUAREZ, GREGORIO",
   "RODRIGUEZ, DORA SIXTA"
  ],
  "sexo": "F",
  "suplentes": [
   "LOPEZ, JORGE CRISTHIAN",
   "CARRIZO, SILVANA DE LOS ANGELES",
   "SAUCEDO, CARLOS HUMBERTO",
   "LEA\u00d1OS, CLAUDIA FABIANA",
   "GALARZA, RAUL DANIEL",
   "GALLARDO, MARTA DEL VALLE",
   "NIETO, REINALDO",
   "ARELLA, ESTER REYNA",
   "JUSTINIANO, ALAN JOEL",
   "DURAN, LUISA",
   "YARUCARI, MOISES DANIEL"
  ]
 },
 {
  "asistida": "Pailerr MANUEL Osc\u00e1r",
  "cargo_ejecutivo": false,
  "clase": "Candidato",
  "cod_alianza": "3735",
  "cod_categoria": "SEN",
  "cod_lista": "3735.3745.3745",
  "cod_partido": "3735.3745",
  "codigo": "3735.3745.3745.8558",
  "dni": "10772619",
  "id_candidatura": "3735.3745.3745.8558",
  "id_umv": 1878,
  "imagenes": [
   "3735.3745.3745.8558"
  ],
  "nombre": "PAILLER, MANUEL OSCAR",
  "nro_orden": 1,
  "orden_absoluto": [
   12,
   25,
   70,
   2,
   1
  ],
  "secundarios": [

  ],
  "sexo": "M",
  "suplentes": [
   "TREVISANI VESPA, FRANCISCO"
  ]
 },
 {
  "asistida": "Mimesi MARIO REN\u00c9",
  "cargo_ejecutivo": true,
  "clase": "Candidato",
  "cod_alianza": "3735",
  "cod_categoria": "INT",
  "cod_lista": "3735.3745.3745",
  "cod_partido": "3735.3745",
  "codigo": "3735.3745.3745.8591",
  "dni": "28425090",
  "id_candidatura": "3735.3745.3745.8591",
  "id_umv": 1553,
  "imagenes": [
   "3735.3745.3745.8591"
  ],
  "nombre": "MIMESSI, MARIO RENE",
  "nro_orden": 1,
  "orden_absoluto": [
   12,
   25,
   70,
   4,
   1
  ],
  "secundarios": [

  ],
  "sexo": "M",
  "suplentes": [

  ]
 },
 {
  "asistida": "DOM\u00cdNGUEZ \u00c9DGAR GONZALO",
  "cargo_ejecutivo": false,
  "clase": "Candidato",
  "cod_alianza": "3735",
  "cod_categoria": "DIP",
  "cod_lista": "3735.4.4",
  "cod_partido": "3735.4",
  "codigo": "3735.4.4.10022",
  "dni": "34312028",
  "id_candidatura": "3735.4.4.10022",
  "id_umv": 1144,
  "imagenes": [
   "3735.4.4.10022",
   "default_mujer",
   "default"
  ],
  "nombre": "DOMINGUEZ, EDGAR \u201cEDY\u201d",
  "nro_orden": 1,
  "orden_absoluto": [
   12,
   58,
   6,
   3,
   1
  ],
  "secundarios": [
   "CACERES, GRACIELA NOEMY",
   "RUIZ, RAFAEL RICARDO"
  ],
  "sexo": "M",
  "suplentes": [
   "CASAS, CLAUDIA SILVINA",
   "LUNA, JESUS LUIS",
   "ZALAZAR, NORA BEATRIZ"
  ]
 },
 {
  "asistida": "BRAVO RAMIRO OMAR",
  "cargo_ejecutivo": false,
  "clase": "Candidato",
  "cod_alianza": "3735",
  "cod_categoria": "CNJ",
  "cod_lista": "3735.4.4",
  "cod_partido": "3735.4",
  "codigo": "3735.4.4.10265",
  "dni": "39536198",
  "id_candidatura": "3735.4.4.10265",
  "id_umv": 764,
  "imagenes": [
   "3735.4.4.10265",
   "default_mujer",
   "default",
   "default_mujer",
   "default",
   "default_mujer",
   "default",
   "default_mujer",
   "default",
   "default_mujer",
   "default"
  ],
  "nombre": "BRAVO, RAMIRO OMAR",
  "nro_orden": 1,
  "orden_absoluto": [
   12,
   58,
   6,
   5,
   1
  ],
  "secundarios": [
   "ALVAREZ, LAURA NOEMI",
   "OVEJERO, ANDRES TEODORO",
   "TORRES, GISELA VANINA",
   "FRIAS, GERARDO ALFREDO",
   "CRUZ, MARIANA NATALIA",
   "LOPEZ, WILSON GASTON",
   "BARRAZA, NOEMI ESTHER",
   "GALLARDO, JORGE ARIEL",
   "ROLDAN, RAQUEL FERNANDA",
   "CAMPOS, IVAN NICOLAS"
  ],
  "sexo": "M",
  "suplentes": [
   "ORTIZ, CARLA MARLENE ESTEFANIA",
   "CAMPOS, VICTOR HUGO",
   "VALDA, SILVIA ALEJANDRA",
   "NU\u00d1EZ, ARMANDO EMANUEL",
   "VERA, BARBARA MAGDALENA",
   "CANELO, MATIAS ALEJANDRO",
   "MONTES, PAULA DANIELA",
   "SOTO, FRANCO LEONEL",
   "GUAYNDE, MARIA SOLEDAD"
  ]
 },
 {
  "asistida": "MONTEAGUDO MATIAS",
  "cargo_ejecutivo": false,
  "clase": "Candidato",
  "cod_alianza": "3735",
  "cod_categoria": "DIP",
  "cod_lista": "3735.460.460",
  "cod_partido": "3735.460",
  "codigo": "3735.460.460.11032",
  "dni": "26663666",
  "id_candidatura": "3735.460.460.11032",
  "id_umv": 1148,
  "imagenes": [
   "3735.460.460.11032",
   "default_mujer",
   "default"
  ],
  "nombre": "MONTEAGUDO, MATIAS",
  "nro_orden": 1,
  "orden_absoluto": [
   12,
   23,
   10,
   3,
   1
  ],
  "secundarios": [
   "CORDOBA, ANA LAURA",
   "BRITO, JUAN PABLO"
  ],
  "sexo": "M",
  "suplentes": [
   "BONILLO, MARIA VICTORIA",
   "NIEDDU, SERGIO RAFAEL",
   "PICARDI, DAINA CARLA PAOLA"
  ]
 },
 {
  "asistida": "Rauch MAR\u00cdA MARGARITA",
  "cargo_ejecutivo": false,
  "clase": "Candidato",
  "cod_alianza": "3735",
  "cod_categoria": "CNJ",
  "cod_lista": "3735.460.460",
  "cod_partido": "3735.460",
  "codigo": "3735.460.460.11271",
  "dni": "25218459",
  "id_candidatura": "3735.460.460.11271",
  "id_umv": 816,
  "imagenes": [
   "3735.460.460.11271",
   "default",
   "default_mujer",
   "default",
   "default_mujer",
   "default",
   "default_mujer",
   "default",
   "default_mujer",
   "default",
   "default_mujer"
  ],
  "nombre": "RAUCH, MARIA MARGARITA",
  "nro_orden": 1,
  "orden_absoluto": [
   12,
   23,
   10,
   5,
   1
  ],
  "secundarios": [
   "JURE, SERGIO LUIS",
   "SANCHEZ, MARIELA VANESA",
   "VARGAS, PABLO SEBASTIAN",
   "DE LA FUENTE, ANTONELLA",
   "SORUCO, HUGO",
   "ARIAS, MARIA INES",
   "CASTRO, RUBEN AMERICO",
   "CHINCHILA, MONICA MARCELA",
   "CAZON, JOSE GUSTAVO",
   "BRICOCHEA, LORENA EUGENIA"
  ],
  "sexo": "F",
  "suplentes": [
   "DEVOTO, HECTOR ALBERTO ALEJANDRO",
   "ARGA\u00d1ARAZ, DANIELA ESTEFANIA",
   "MIMESSI, MIGUEL JORGE",
   "LARRAHONA, ADRIANA MARIA",
   "VIDE, SILVIO DANIEL",
   "PALACIOS, NOELIA ILEANA",
   "BARRAZA, ROBERTO MARIO",
   "ARGA\u00d1ARAZ, CARINA SOLEDAD"
  ]
 },
 {
  "asistida": "Escotor\u00edn RAMIRO DANIEL",
  "cargo_ejecutivo": true,
  "clase": "Candidato",
  "cod_alianza": "685",
  "cod_categoria": "GOB",
  "cod_lista": "685.685.685",
  "cod_partido": "685.685",
  "codigo": "685.685.685.12004",
  "dni": "17581303",
  "id_candidatura": "685.685.685.12004",
  "id_umv": 1208,
  "imagenes": [
   "685.685.685.12004",
   "default_mujer"
  ],
  "nombre": "ESCOTORIN, RAMIRO DANIEL",
  "nro_orden": 1,
  "orden_absoluto": [
   14,
   30,
   78,
   1,
   1
  ],
  "secundarios": [
   "CALIVA, PATRICIA DEL VALLE"
  ],
  "sexo": "M",
  "suplentes": [

  ]
 },
 {
  "asistida": "MARQUEZ HERN\u00c1N ABELARDO",
  "cargo_ejecutivo": false,
  "clase": "Candidato",
  "cod_alianza": "685",
  "cod_categoria": "SEN",
  "cod_lista": "685.685.685",
  "cod_partido": "685.685",
  "codigo": "685.685.685.12008",
  "dni": "32706448",
  "id_candidatura": "685.685.685.12008",
  "id_umv": 1886,
  "imagenes": [
   "685.685.685.12008"
  ],
  "nombre": "MARQUEZ, HERNAN ABELARDO",
  "nro_orden": 1,
  "orden_absoluto": [
   14,
   30,
   78,
   2,
   1
  ],
  "secundarios": [

  ],
  "sexo": "M",
  "suplentes": [

  ]
 },
 {
  "asistida": "\u00c1NGEL LUIS ALBERTO",
  "cargo_ejecutivo": false,
  "clase": "Candidato",
  "cod_alianza": "685",
  "cod_categoria": "DIP",
  "cod_lista": "685.685.685",
  "cod_partido": "685.685",
  "codigo": "685.685.685.12029",
  "dni": "22485285",
  "id_candidatura": "685.685.685.12029",
  "id_umv": 1151,
  "imagenes": [
   "685.685.685.12029",
   "default_mujer",
   "default"
  ],
  "nombre": "ANGEL, LUIS ALBERTO",
  "nro_orden": 1,
  "orden_absoluto": [
   14,
   30,
   78,
   3,
   1
  ],
  "secundarios": [
   "ARANDA, ANA MABEL",
   "GARECA, MARIO FABIAN"
  ],
  "sexo": "M",
  "suplentes": [
   "NU\u00d1EZ, MABEL ALEJANDRA DEL VALLE"
  ]
 },
 {
  "asistida": "ALBIS PEDRO ROLANDO",
  "cargo_ejecutivo": true,
  "clase": "Candidato",
  "cod_alianza": "685",
  "cod_categoria": "INT",
  "cod_lista": "685.685.685",
  "cod_partido": "685.685",
  "codigo": "685.685.685.12036",
  "dni": "17959352",
  "id_candidatura": "685.685.685.12036",
  "id_umv": 1618,
  "imagenes": [
   "685.685.685.12036"
  ],
  "nombre": "ALBIS, PEDRO ROLANDO",
  "nro_orden": 1,
  "orden_absoluto": [
   14,
   30,
   78,
   4,
   1
  ],
  "secundarios": [

  ],
  "sexo": "M",
  "suplentes": [

  ]
 },
 {
  "asistida": "CORIA SILVINA ALEJANDRA",
  "cargo_ejecutivo": false,
  "clase": "Candidato",
  "cod_alianza": "685",
  "cod_categoria": "CNJ",
  "cod_lista": "685.685.685",
  "cod_partido": "685.685",
  "codigo": "685.685.685.12105",
  "dni": "33134335",
  "id_candidatura": "685.685.685.12105",
  "id_umv": 844,
  "imagenes": [
   "685.685.685.12105",
   "default",
   "default_mujer",
   "default",
   "default_mujer",
   "default",
   "default_mujer",
   "default",
   "default_mujer",
   "default",
   "default_mujer"
  ],
  "nombre": "CORIA, SILVINA ALEJANDRA",
  "nro_orden": 1,
  "orden_absoluto": [
   14,
   30,
   78,
   5,
   1
  ],
  "secundarios": [
   "APARICIO, NILO",
   "RIOS, SOFIA MARLENE",
   "QUIROGA, JOSE BENJAMIN",
   "CORIA, CARLA DAIANA",
   "FLORES, LORGIO",
   "BONILLA, NORMA GLADYS",
   "CABRERA, RENE HECTOR",
   "TOLEDO, BRISA ANYELE",
   "PIEDRA, RAMON ANTONIO",
   "BARRERA, DAIANA AGUSTINA"
  ],
  "sexo": "F",
  "suplentes": [
   "ALVARADO, DANIEL OSCAR",
   "FERNANDEZ, IRMA BEATRIZ"
  ]
 },
 {
  "asistida": "Voto en BLANCO",
  "cargo_ejecutivo": false,
  "clase": "Blanco",
  "cod_categoria": "CNJ",
  "cod_lista": "",
  "codigo": "BLC",
  "id_candidatura": "BLC",
  "id_umv": 905,
  "imagenes": [
   "BLC"
  ],
  "nombre": "Voto en BLANCO",
  "nro_orden": 5,
  "orden_absoluto": [
   994,
   5
  ],
  "secundarios": [

  ],
  "sexo": null,
  "suplentes": [

  ]
 },
 {
  "asistida": "Voto en BLANCO",
  "cargo_ejecutivo": false,
  "clase": "Blanco",
  "cod_categoria": "DIP",
  "cod_lista": "",
  "codigo": "BLC",
  "id_candidatura": "BLC",
  "id_umv": 1166,
  "imagenes": [
   "BLC"
  ],
  "nombre": "Voto en BLANCO",
  "nro_orden": 3,
  "orden_absoluto": [
   994,
   3
  ],
  "secundarios": [

  ],
  "sexo": null,
  "suplentes": [

  ]
 },
 {
  "asistida": "Voto en BLANCO",
  "cargo_ejecutivo": true,
  "clase": "Blanco",
  "cod_categoria": "GOB",
  "cod_lista": "",
  "codigo": "BLC",
  "id_candidatura": "BLC",
  "id_umv": 1209,
  "imagenes": [
   "BLC"
  ],
  "nombre": "Voto en BLANCO",
  "nro_orden": 1,
  "orden_absoluto": [
   994,
   1
  ],
  "secundarios": [

  ],
  "sexo": null,
  "suplentes": [

  ]
 },
 {
  "asistida": "Voto en BLANCO",
  "cargo_ejecutivo": true,
  "clase": "Blanco",
  "cod_categoria": "INT",
  "cod_lista": "",
  "codigo": "BLC",
  "id_candidatura": "BLC",
  "id_umv": 1679,
  "imagenes": [
   "BLC"
  ],
  "nombre": "Voto en BLANCO",
  "nro_orden": 4,
  "orden_absoluto": [
   994,
   4
  ],
  "secundarios": [

  ],
  "sexo": null,
  "suplentes": [

  ]
 },
 {
  "asistida": "Voto en BLANCO",
  "cargo_ejecutivo": false,
  "clase": "Blanco",
  "cod_categoria": "SEN",
  "cod_lista": "",
  "codigo": "BLC",
  "id_candidatura": "BLC",
  "id_umv": 1896,
  "imagenes": [
   "BLC"
  ],
  "nombre": "Voto en BLANCO",
  "nro_orden": 2,
  "orden_absoluto": [
   994,
   2
  ],
  "secundarios": [

  ],
  "sexo": null,
  "suplentes": [

  ]
 },
 {
  "asistida": "Votos IMPUGNADOS",
  "cargo_ejecutivo": false,
  "clase": "Especial",
  "cod_categoria": "CNJ",
  "cod_lista": "",
  "codigo": "IMP",
  "id_candidatura": "IMP",
  "id_umv": 965,
  "nombre": "Votos IMPUGNADOS",
  "nro_orden": 5,
  "orden_absoluto": [
   995,
   5
  ],
  "secundarios": [

  ],
  "sexo": null,
  "suplentes": [

  ]
 },
 {
  "asistida": "Votos IMPUGNADOS",
  "cargo_ejecutivo": false,
  "clase": "Especial",
  "cod_categoria": "DIP",
  "cod_lista": "",
  "codigo": "IMP",
  "id_candidatura": "IMP",
  "id_umv": 1181,
  "nombre": "Votos IMPUGNADOS",
  "nro_orden": 3,
  "orden_absoluto": [
   995,
   3
  ],
  "secundarios": [

  ],
  "sexo": null,
  "suplentes": [

  ]
 },
 {
  "asistida": "Votos IMPUGNADOS",
  "cargo_ejecutivo": true,
  "clase": "Especial",
  "cod_categoria": "GOB",
  "cod_lista": "",
  "codigo": "IMP",
  "id_candidatura": "IMP",
  "id_umv": 1210,
  "nombre": "Votos IMPUGNADOS",
  "nro_orden": 1,
  "orden_absoluto": [
   995,
   1
  ],
  "secundarios": [

  ],
  "sexo": null,
  "suplentes": [

  ]
 },
 {
  "asistida": "Votos IMPUGNADOS",
  "cargo_ejecutivo": true,
  "clase": "Especial",
  "cod_categoria": "INT",
  "cod_lista": "",
  "codigo": "IMP",
  "id_candidatura": "IMP",
  "id_umv": 1739,
  "nombre": "Votos IMPUGNADOS",
  "nro_orden": 4,
  "orden_absoluto": [
   995,
   4
  ],
  "secundarios": [

  ],
  "sexo": null,
  "suplentes": [

  ]
 },
 {
  "asistida": "Votos IMPUGNADOS",
  "cargo_ejecutivo": false,
  "clase": "Especial",
  "cod_categoria": "SEN",
  "cod_lista": "",
  "codigo": "IMP",
  "id_candidatura": "IMP",
  "id_umv": 1907,
  "nombre": "Votos IMPUGNADOS",
  "nro_orden": 2,
  "orden_absoluto": [
   995,
   2
  ],
  "secundarios": [

  ],
  "sexo": null,
  "suplentes": [

  ]
 },
 {
  "asistida": "Votos OBSERVADOS",
  "cargo_ejecutivo": false,
  "clase": "Especial",
  "cod_categoria": "CNJ",
  "cod_lista": "",
  "codigo": "OBS",
  "id_candidatura": "OBS",
  "id_umv": 1025,
  "nombre": "Votos OBSERVADOS",
  "nro_orden": 5,
  "orden_absoluto": [
   996,
   5
  ],
  "secundarios": [

  ],
  "sexo": null,
  "suplentes": [

  ]
 },
 {
  "asistida": "Votos OBSERVADOS",
  "cargo_ejecutivo": false,
  "clase": "Especial",
  "cod_categoria": "DIP",
  "cod_lista": "",
  "codigo": "OBS",
  "id_candidatura": "OBS",
  "id_umv": 1196,
  "nombre": "Votos OBSERVADOS",
  "nro_orden": 3,
  "orden_absoluto": [
   996,
   3
  ],
  "secundarios": [

  ],
  "sexo": null,
  "suplentes": [

  ]
 },
 {
  "asistida": "Votos OBSERVADOS",
  "cargo_ejecutivo": true,
  "clase": "Especial",
  "cod_categoria": "GOB",
  "cod_lista": "",
  "codigo": "OBS",
  "id_candidatura": "OBS",
  "id_umv": 1211,
  "nombre": "Votos OBSERVADOS",
  "nro_orden": 1,
  "orden_absoluto": [
   996,
   1
  ],
  "secundarios": [

  ],
  "sexo": null,
  "suplentes": [

  ]
 },
 {
  "asistida": "Votos OBSERVADOS",
  "cargo_ejecutivo": true,
  "clase": "Especial",
  "cod_categoria": "INT",
  "cod_lista": "",
  "codigo": "OBS",
  "id_candidatura": "OBS",
  "id_umv": 1799,
  "nombre": "Votos OBSERVADOS",
  "nro_orden": 4,
  "orden_absoluto": [
   996,
   4
  ],
  "secundarios": [

  ],
  "sexo": null,
  "suplentes": [

  ]
 },
 {
  "asistida": "Votos OBSERVADOS",
  "cargo_ejecutivo": false,
  "clase": "Especial",
  "cod_categoria": "SEN",
  "cod_lista": "",
  "codigo": "OBS",
  "id_candidatura": "OBS",
  "id_umv": 1918,
  "nombre": "Votos OBSERVADOS",
  "nro_orden": 2,
  "orden_absoluto": [
   996,
   2
  ],
  "secundarios": [

  ],
  "sexo": null,
  "suplentes": [

  ]
 }
]