[
 {
  "GOB": 1197,
  "agrupacion_municipal": false,
  "codigo": "1863.1863.1863",
  "lista_completa": true
 },
 {
  "DIP": 1033,
  "GOB": 1198,
  "SEN": 1805,
  "agrupacion_municipal": false,
  "codigo": "22.22.22",
  "lista_completa": true
 },
 {
  "GOB": 1199,
  "agrupacion_municipal": false,
  "codigo": "3625.3625.3625",
  "lista_completa": true
 },
 {
  "DIP": 1037,
  "GOB": 1200,
  "SEN": 1807,
  "agrupacion_municipal": false,
  "codigo": "3717.13.13",
  "lista_completa": true
 },
 {
  "DIP": 1050,
  "GOB": 1200,
  "SEN": 1815,
  "agrupacion_municipal": false,
  "codigo": "3717.3739.3739",
  "lista_completa": true
 },
 {
  "DIP": 1063,
  "GOB": 1201,
  "SEN": 1827,
  "agrupacion_municipal": false,
  "codigo": "3723.3741.3741",
  "lista_completa": true
 },
 {
  "DIP": 1071,
  "GOB": 1202,
  "INT": 1351,
  "SEN": 1833,
  "agrupacion_municipal": false,
  "codigo": "3728.3742.3742",
  "lista_completa": false
 },
 {
  "CNJ": 259,
  "DIP": 1071,
  "GOB": 1202,
  "INT": 1351,
  "SEN": 1833,
  "agrupacion_municipal": false,
  "codigo": "3728.3748.3748",
  "lista_completa": true
 },
 {
  "DIP": 1079,
  "GOB": 1203,
  "SEN": 1841,
  "agrupacion_municipal": false,
  "codigo": "3729.3747.3747",
  "lista_completa": true
 },
 {
  "DIP": 1091,
  "GOB": 1204,
  "SEN": 1851,
  "agrupacion_municipal": false,
  "codigo": "3730.3746.3746",
  "lista_completa": true
 },
 {
  "DIP": 1100,
  "GOB": 1205,
  "SEN": 1856,
  "agrupacion_municipal": false,
  "codigo": "3731.3743.3743",
  "lista_completa": true
 },
 {
  "DIP": 1106,
  "GOB": 1206,
  "SEN": 1860,
  "agrupacion_municipal": false,
  "codigo": "3732.3740.3740",
  "lista_completa": true
 },
 {
  "CNJ": 556,
  "DIP": 1124,
  "GOB": 1207,
  "INT": 1520,
  "SEN": 1869,
  "agrupacion_municipal": false,
  "codigo": "3733.3744.3744",
  "lista_completa": true
 },
 {
  "GOB": 1207,
  "agrupacion_municipal": false,
  "codigo": "3734.3737.3737",
  "lista_completa": true
 },
 {
  "CNJ": 747,
  "DIP": 1137,
  "GOB": 1207,
  "INT": 1566,
  "SEN": 1877,
  "agrupacion_municipal": false,
  "codigo": "3735.3745.3745",
  "lista_completa": true
 },
 {
  "GOB": 1208,
  "agrupacion_municipal": false,
  "codigo": "685.685.685",
  "lista_completa": true
 },
 {
  "CNJ": 901,
  "DIP": 1165,
  "GOB": 1209,
  "INT": 1675,
  "SEN": 1895,
  "agrupacion_municipal": false,
  "codigo": "BLC",
  "lista_completa": true
 }
]