[
 {
  "codigo": "campos_extra",
  "descripcion": "Nombre de los campos extra a guardar en el chip",
  "valor": [
   "boletas_contadas",
   "total_votantes"
  ]
 },
 {
  "codigo": "datos_eleccion",
  "descripcion": "Contiene los datos generales de la elecci\u00f3n",
  "valor": {
   "entidad": "14 de mayo de 2023",
   "fecha": "Provincia de Salta",
   "logo_png_base_64": "iVBORw0KGgoAAAANSUhEUgAAADcAAAA9CAYAAAAJQPEgAAAABmJLR0QA\/wD\/AP+gvaeTAAAACXBI WXMAAAZHAAAGRwEgXbw6AAAAB3RJTUUH3QgVFTkpYxg9cAAAGflJREFUaN61eneYXVXV\/rv23qfc OndaekJ6AiSkF+OH0gRBsTEogiAiohEltCAC0j5AQPiRIIgFUFCQTyB8Ig8dhC+E9ISQBNKYNNIm 0+7Mbeecvff6\/XFnJpOQJmXPc547d99z1tlrr7XfVQmfcPT8\/EDsmrdpr7nUucd8LejjfZUlbVQF 85pJOpv9jfmW2Adtun1ydTxKO5WqXU\/QSfUFmdNuZm7jrTuXbd7hXD8V0c0L8GkNwqc44heP9VkK p3jvsvb+R9T6DWcO\/DwkTVNt0WAKeStp02h9OZwlxaMKd5nbEr5Z+fLOtY2n95kS9osttTPfKnya 65Ef56GJALZ3+548b7Qvju9\/rEk53yWL08QX+o0rjkifF6vP73R3B1sLQ1MnR1VulUk6xajaPR1S vF3z0s5nVUskisOSR0XV3s9FYAd9961tb9X\/ZGx6wMpC1GwC7qJ\/\/miE7zR89pLrOW0gds27FqAf IXX+6Jr2v6xsVDd\/7lcU8bWw7JLmHQTkWOItaH5TRKx1pSPc7aV\/FX6\/POtdNWmk9eXXva2FJ3J\/ fndz5VdGqGBA\/AKTUOeS5YXWF1U2rlbFN+Z\/1\/bQihIAgBkg+myYy5wxEq1Pr9lrTt027RpnV7Cc LfUwFepOMnajKJoF1pdvqrZos7+u\/b3mVzeU9nro\/74OfOGfezZq6kCENZ5THJIcYtLOIJnXdRA4 ziRUrVXij15D6c9hD+87+lfzr+9Oxp8xEaXZSz4lyT1yMvD9l7u+ur+ccqpJqWdVa\/gXCm1kks5A 0vYVtyF4LPfwioaPe0ZS54\/uFfbwv2dd8U3ZrrdZX3hhj9i01ILdQ4KhqSGkbU3wmyWvfGqS82ZO QvCbxXCvmjSAGN80KedY0vZkWDyrcuEM48mAfaVgTND7td3FLfM3AgAue7qEe87wD0r70qfymFWX 6PruAIge\/5JKvNYwLegXu9bJRtvCGm+gzOm\/2rh0rStPFwVzvr55fuOnppaxS8Yndca9Qyedn4IA 1RauZiVWyoLRyRWt1zW9uG4zAFz3POOW06j74gcw8wVEdAozDyMiF8BOBuYR8OSsusTznffOeCqH 2XXJrmcrvzZiUOHIittNTMZlwRxh4jJrUgqqJTgnumXRFgCITx+HwgPL\/3PmKs4ahewTq8o7et2U qTrjzheGWbbrFuuQEqF9UjWGtxb+sHxj77M+jx1PzMPPnimR1LqaiE5i5msAjKZ9gIDBnf8AQATg LiJ6hKzdcM+3UwYAqr89Bk3\/WIHUBWN6l3r7N5qEvEhoBhl+G4xlsj16kCIeXLxv2TM9Pj8YDfPq D4+55AVjkHt4BQCg\/+C+svHrvWqiKvdy68mrZDZqZIcCinhBYk3bBa1Pv9+Gc3zgsRIun1NUxtpT CbgB4AncQZrKbOxvE7vmmTlLwN0M3Dv7zGQWAKovPhZN989F1anD4vmjK37JrjiTpciYlOopIvsM Iu6vb5w\/CQAqvnM0sv+z+vAkV33KSGp6aQ37V0w63STliayEC8J0Kto3ZXs0P7O86dc7525qY2YQ ES75R94XxBcD+G8QxT4OmHCZyxeJaMasusS67r8dC9DCqyf\/wsbkTFaiCkA9FFVVvrrrqMZX1u8A 3wjQjR+hKfb3ovbJ6VTsJ+Mm6Sr3JpNQX4PhnjJv7rUJucxk3Kf6zt3UDgBEhBnPBD4J3AbgtoMx xh3m6qDng+jLDH700idzYzoBJ3bxeMwFWKedP1lX\/JUi2wpwwEBY6h870rl28mmgG+FeN\/XwmGMr eoX9Yw+AuRJE\/URoa40vlMqGD0Y3z1+6FOAL\/lzWczL6ZjBfhjJY7Hf5zAwBCyks7CHQjUBTQHji 0qdy\/WbVJfDj4\/4P+P3xsNfMa3Jaw0chqF7mtYblSl3hftmknatHJAeI8JYFB2du\/J7ZY0zCOcZp KP2DAuvoSnecdckJ7lj8HgDMeDKLh38wGDOezJ\/PzJd3Aw060LJHVGuMrWwBG3MYGkojwfTQbfev wawzk6h4aScAILhj8TJW9K6u9IaJ0Do2IYezpBH1l\/Xusz9CezG3rENvrCf6ELE1CedLrACR0\/VO s34\/ceGYAQAw+8wKXPZUbjSA+4kgDySxLpBygaN7WhxTm0Otm4Phg5snBoOJT97Vs\/8NAPCDc5YA 7T8rO+dLWqdTaN60noR15RdBBGbyDsqcf+lEgAjq+qmXUGjOgwaxS6NE0XxoE\/Iok1Fj8w+u2NJ5 v2U8RkC887QcUAzMqE1aDK0oIhN3MKSiAAf6oPtB5T8m8A2XPpUfMasuAaTuK+PBnNWlqde+fZoo 6YdEZGPEyEGgHQB6j+qP9FmjPsqcrlDiSPi+TagpNq7GiYKWFNgFNiYLZPixvvev+0k34\/wDAINA B5cYAChJOGmIRhSWACExsipAhRscrgNFAB7ZF5gW3jD1PiJ6SGajM0U+KriNUTZx4Vg\/e2xNjalQ 8iPMEeBsuHbMxQBOhxBGFs0Sq+hZ1RxdGduQm715e2MRAC55LpDMOIcIyUN5ONoypg4gVMtWRJZg GeiRcTE80dDdABwMX5iZR176VP707pMisMt1XL4RVbtny7xZLEtRLOgfOzfq4V1uYjL+UbXcmBcm 7QyFQIq0dVjRCpt0rK5Qs8Nar1\/XA8XoGwQeeyjPzTKjMiYwsVcOhUCjE3QMHEzoY1AjmmAhDskg ASkGvrNXENoaLZDteoN1xVR2xeCgd+ybJi6vN3E5DCDVtdb02WUdjao8BnNklQAFNjIpdRYs301A WuT1wm5qcQaDqi0I3S\/uusojMoTPHWEhohxI7ImJjTHwE2lM6ZkFmRKMJRjLXZft9mktwwKCmCdf 9nRhaBdzxGusJ58kC2Xiaqh16HJ2RD9itLNEFxyLtsfL\/mNp1pISMeoJDChyZDZ6gyVlAdrubS5k y2ctNxWEiS5F8JGHxwW4XITDAQSHEByB2MAYg14pYExtAdryPqIgaMMYWOtiWKoVmbhAJrbnSscJ mRghHSOkYoSUR7CgQdbaswDgi\/c9jNwD70S9ntp0C4CzKbRzQTSKGBEMLwzuXtLWdd4BIP29UX6U cU\/Seb0BrB6U2WhQVOX2EoZJFPXl2WfXBGXko6MtY2AqLnB870a4QqNslTs9ybJbrC0Q82KISs4B A2ihHHx5pIBysrDgsvfS5caU6TjS4rlVwKpijXKlPeaSZ4ri3m\/GbPIHY7D9zys0lm+bG\/v5+E02 pmqZaN2Q61c8vG5fU+B9kNem0j3aZNxvUWQWsy9Gqmy0WRT11uiWha8CwGVzijEQRgpiZ1u7RNHp hdqKGGorE6itTKKmMomayhRqK1PoXZ1CJqlgrAWYOmBAgqE6XtkJ9gY2zIPDAhAVAF0ATBEwJTgI sWl7C1a3VcOVFgQ+SmgzDgByf16B1PdG9wcAnXJ3W1+8TsZWbbrqqBPUTVO7XEAV\/\/kEkWeMsIKa 2fIE68qRohT9Tle5dSKwO7rOmjFJAEcQETzFeGFDDD8d50PaAEx0AHgxYLZAtA2kd0KYJlhnECB7 AKoaRAKdzve+I4pCvLGtBkp2QhcdAcJQAEsBwN+ZbyvcOk2jaC+B4SZOqu9YJRa7u4I31YyJFRBo U7DsBn1jv2WB3rJg0iYhh5uUGm4dqnZa9R+GqpRao9s1iNJg7gsAggilUOP1rRmcesRuRNrulcAp 53MYiHbAidZA6rWQguHRbpSiBkSBgfWmwLjDQcLfx+gDUgCrdjKadRpC2E6LEwfQo\/O+3a\/WZ93J NZfojDtbFvQ8MJpgsTSsdafDsCTmWcKmhLUSO9mRI1mRI0o2sp6sFqGFTjvfWqPbdcdLK4j2EHcl sHY34cNCAlLwXmaWSIDDzXCDeUjYhUjJrahx65F2i6h2VqGC3oOnF4LC+o+EC1ICxSDAsoZkx4ZR 9yPUY8acotM1UbItomA+sK78L5nTL6qWQNm4vJ59kWYlWBgILQP7LATAgraR5XoRmByIQtUezelm cBJgZLqjXmQYi7bHIaVTVr8OM8sgCLMLPq9FSu1GKgZI5YGkhFIuUjEBn7fAiVaAw3pAuF0MStZY usWi2VaWpb+3VDNkrNdtH0OTUiNI2zXGE37U078QRBky\/G+ZjayIbl9kVbt+g0KznF0axZL6gGFE aN9loFc3wh4I8b2MKRE2tRBWNacRdzrWRwoINkKaLYjJPJTyEYUW+bYQxfYQYUmDoRB38mBoQFag A3IhBbC1sYD323vs12UlINGBSh2io4wo2naTUEcTcAyA0ygwd6o2My\/4f0tYAEDF2427VWt0nQjs RhDVyrz5hfUozYJWd5OcYsDb923MwIIPHTRHSUiyZRAXHhy0QQkDBiMKLBq357FzcxvybSFAgCSJ BDYBpZVgVgARwjDCquYMCtbbf6BJcFnsyZKzgAahXeT0cwwaRiX7qNMY3Fb6zaIQufPKNFqm1WZY iQtJ83oYu8a6YhxIDHeaooe7B1kAiY\/6R4xCYPHh7nZISSAIwGRRxFBEpgz5XlwiUeEjVRlHpjbW kT0xKHFfkNMPgC6fY9eDl6jY32s6FyG4mzCd5vB1digtIvs8Ed7yPyzeWrpnabYcZz0KUXXKcKSW NUduQ+nXZFixJ0eyogtE0bwc9vE3dxOSJiDcX\/qgWrVhRHUEbQXAGuyPgIrWIbAJWKshhIDjKAgp ISQBsChEDiwkLJwOU8BgqzGlv0HSO4DHSQiF2RPMF4cmd5LmFvblDSal1uUeemeHP3NiXfq7o\/qM hoRofmkdssfVpoN+sceY8KZs138lyyVZ0I87u8PuYbMGONyXMQWNL\/RpgXTjsNZ2pBQEovS3kRcT kQ3SKJTySFUJVPVyEIUG+UAhGw2Cdo6E8IeCbQSAYJhQpdowqf8BEi6MALTHd6SIjYjs\/VaJniiZ KnnLtOd12r2kOCIVroSBSJ4\/BlX\/2tFAJftjm3SuNglxLkX8tonJa9ihPu4vplR1AEqeGS372qSR qWb0r40jMhZE1IFwBhBJaH8KchiMLI9BSyGObCGOxmg42swg6MTJsO7RYBt1mUgiQnvJYkJtFn0y AnZfBglZS2Xt8S6fVJVYk3VlTj8mS2YtSfoGKzFY5PQPoxvLGWmlWkPKj80MAdFoCsw9ZPg4G1cn krFv6yrnAcqb5wD8EYQ8MZoBDOiUWowCTOgTwbDzkWwhkQSrHtCxk2Gj9QjUWAjOw1IG7A4BOADJ FJjNXqhIJBAFRXy+XwJPZp19o\/pmXRIlAGCX6opDU5WRK2ZLw1so4vdUW3inTagWb+bEGgptk2j9 3\/dZVzi7rC+OZUdcTJbfI23roTk0cXm6jckBHbRbAXS5Y4EWGFfdjJqkPGBOhADA6QMbmwL2RkH7 U8H+0YBMglQPMJv9ul6WCf3jWQytKdvSjhES0a7fnVu2RjYh++mUc6PbFh1lHZGWbdHrQU\/\/Iivo b6QxQrVFZbQMfrO4WWWjGQAv1xXOj1lSf5NU02ABSLgdKtgOog8BIGKBnk4LJvS10JbAlsHMsJ2X 5T0qxRpELkjEIIQPIqcjxDYgQocq732BCGw1ThpUgBASXI4UGgDe2iVFSYIFfBuTl0LimKjWu1tE XEeGn6PIrkwub2GV+v5otD+yEiK0MZXVJZOQu0hzIzliuFUEUbJrDIB7z0y0XfpUfh0z4HKIr44o IZNyy34kqNtCy5\/WWLQWTBcS7s+EsGUUggIEUdmvoY7cZcenJ4o44YieeLk+AVfyGiGwosuByOqN preCdcQ3SPNq0uYtUbJ\/T25uX9zy6GouAlDtj6ws24zGcGtY6y2xrvyqYAMqWRJAbsjNq\/+2Zg9a bQDQLKSoenlLNdSHtFe2kkAgAQgQ2Bp8qWc90hWZjp3fG2VdSXg3W4m3N1pIQV0xfCdje+IKCbds tjfec0Zid9d8xjnLaYlWm5is9bcVzy5MyWzwX21Ey6OrubNxQAGAd9VktN25KARwk3v15Hd0xr2B wL1ia3MnrUF7mPnWUUNa57z3AQTNI2uXGRYn7S6IA6TyyqEms4MlHMMJKQMG7XW2BDOKxsU7u2Jo 1wZC0EFrCER2BzM902W8r5\/ax7jii2pH8U6r\/FO9be0Nhe8t5XxnuNTREVE+c3cuwoARfcun9vZF \/7RXvzWeCuaK4tDUn+IXj0vlR6XvAoBZZ8R3A5jf5QweIKMjiCAIWNtejaZcCCnFXnlMKYH6QiW2 Ze0hS93EADM+6N8\/\/mK3DZRglKIa7xpWNLAwLHPRQZOyW9ZuAwDUnDy8Rt427TXSdii7YniUca8w CTW6C8kgHgR49aFTjowCEli4RUKy7ubrMoxK4fX1BFfsP1Ddh04JoGevnFoOEZxfTq5wstEwCuxy MBEZJiaUDplOT\/5wDBpfXtcI0BtRrT9dRAYmqa4EmLjjKNx7ZnwLM70GdFvxAcyAIsb6Yi+s3RnA EWVEdZTCm5tjCPRhdSgwMzUIgce70T0u7OHdJEomaz2CjUvHJtSWQzKXe6gMRv6Gtt\/IgpkOxisi tBYMc0S\/3pX+5ROGA4AQdG+Ht3LIjDMLhaVNVciXIjgS2FGIYUMTHVpiAANMRJh9zxmJbd3YbYOi EezQ6SyoXhTtFfpXb\/\/zkMx1wWwI+DvyT8jW6Eek7VUU2srdZ\/Q5L6r1vw0A95wR30hEdzB3Fk4P zmRjkMC6JgeCBN5r8pEPD12KZ2Zi0FwFMWuvcvbCxtUIWQL4qSjqE6ZcO+9PAOD9YvLhMWdiYkCx T2KRrnRfNQmnDoL8qMb7FTsi3XnPrLrE3QQ8wXzojoKSUfggG8OGVhf1rc6hqjyddfMsgO\/fVRez AOBdOfGoxPRxU5q\/1Pt8YtsAw0IEfM7bAMcumYDgjkWHx1z+TyvWubtKF1tPDGGPTrSeSDKhShQN jRpf2U3l6McgWgXmg4pCCMa2Ygov1qfQWmAIOhze6LzZdYmNXSFJlTcp6B27iSzONQk10qSc+0Ro mgCgeO9SHLZaeldOQmn20lfSC5omiaJZX\/YrqQGhjW8aP9j1r5jUI3bFZDn7jHgbMdeBaFtHoocP VJKKmFDU8pAYwsxERFdIqZ677rkyucqvDIuRtmOsL06B5VAE9nl3Z+n04K4lf\/BmTjxwhWl\/k8Fd i8sviqk2Cni9sOxBwuWY\/HrQGxusL+pEYC8CsHrWmcm1lz6VOxHA30CYeLCa28FqJwwGMfIgutrz xP13nO5x6rzRSPxoTCxQlIKFguXtBK7T187faLo1AP3HfSjJC8ci9+A7qD1xsNdybI+rrSePB6EP aa41CZVRrdHjmbcavt\/42ge6XEouDAT4boC\/TED8YzSirQH4pll1ySc6i\/0PLDyOQPRDVpS2MTHN OmK5aNdvxLYVt\/mbi5t3\/3v9IWtgBxyJH48Fm4hMhX+CyXjfAUMA\/DkTVyNFyQgK7Zk1c7Y+v3PV tkK5JSpfYS2fDeCrBJzCgDww5HNH8pZWMvMLROKRWXXx9\/ZSq5s\/JwG8yZJSAD4EYxNpO0xl9VXJ lW0rGl9d9\/GZA4DEhceQrnTH6ErvbuvLL1Bk20nbCjIQLLCItH0hubrtD61PvtcV6136dKEPrB0D os8B+Er3XoIOxrYx400ALwFY7jjO+3d9w+tyCn4N0B2njoi3vrA271w3ZbH15ZEgbIciJQpmpsyG z5RmLbOfWr9l7OLxR5u0M9vG5HEwdpv1ZG\/S3CqYF0LblSByVcC3Fe9Y2LynvFzyANMTQAUAt2yX YUGUA9A4qy6xV9qi55QhUpaCioZv9v\/7KTfOP+3Fm6f9nASmU8luZ0UFUbK\/1RXiJfvL+axumAp9 08FbhtWhmPIvm4jSPUvAStST4VvJ8gqrxDhZNPXWExUWdCKxaAChMUyJCwHcCQD9H7oMs+r8AMCW w93AluOqLrAJ5woRmHdeuP2\/7iVtL2LmdewJ32kJ5\/ib8ktb57zPABDbVCxX+T+p5NyrpyC8feF+ wxH139P+QdoOFIG9EcBpZFiyK+4Lb124GgCOO\/dKeL2Pwa7mNpSKBVhjkW\/YjG2vP9DRuzk5DsZM 68uv2ZgcLvI6YEeEpO0O1a7Xsyt6+ZvyP8k+sborrKw9fih2\/3vDZ9fAHZsxfkDYI\/YVEVpmielM VKWy0Qs643wRjIXQevrX8heUjh7Scwz7lYNgdZ6tDojB+Xy+pI1Zfd+V325X10+92SbUr0izJm03 sBI+S\/RkRwh2BMEilAXdpprDmcFdix\/\/T9aoPi5zJu6cRsw\/sp7oL3PRbli8qyuc74HRQODTdLGQ jpdKQ8YfOezfVVXpdCbhF7W1ZJmjhmyYWv7O2psxc8Tv2Je\/lO3RXOuLMSzpXWd38BeTVFUsTYY0 CjIfvccxsS64a3HLZ97ADQDuNVMovG0hA0DyonEnlfr6f2FFfWFRhMB6JgDavN630IvOG3jSjITt u2VtC\/8+manKhW2N\/UYfkfn5gq2Lnv57\/pmMYjXYeqKKLLJOU3Cjs6Mwp+0f74f7P\/8TULpn6Wfb em\/m7olA4kdU7gx7+Fn25Bpi\/FPmdIkYA+DIE1opu2I75aPKKm\/IWBFf8pfnZr594VfOHr0oemfq 37Y8vZl8ZwM7NIcML2FXzDe+bIQQO\/XCHfsNPvWCHZ+95PYx9LI0IKZMGEVfvWkJvzJz0miTcPqy xIep99tsWw95XiJdOX1qxfGpEf7UxgYsr3mt8bVirrXpj97O8Ldtf1\/1wUeI\/vUk9L5rPXas2PyJ 1vaJmEufMwptj606UF\/0qVGV91cTF6k0Eh982Tu16sjU+OTc5ufrX4vm5lXEY8EoyHZ9fnDX4n91 uX3fH41cR0bukw75SR4OVh64y96Z3PsEwXjSSlz7s6pz6sfUDOthS9m\/H1M5yKm1\/k\/fya37rZO3 S0RoeuqFO7oOUvjxO\/c\/Mv4\/Tz6swWiJM50AAAAASUVORK5CYII=",
   "subtitulo": "Tribunal Electoral de la Provincia de Salta - 14 de mayo de 2023",
   "titulo": "Elecciones Generales"
  }
 },
 {
  "codigo": "i18n",
  "descripcion": "Traduce palabras comunes que se usan en todos los sistemas y productos.",
  "valor": {
   "Departamento": "Departamento",
   "Distrito": "Distrito",
   "Establecimiento": "Establecimiento",
   "Localidad": "Localidad",
   "Mesa": "Mesa",
   "Pais": "Pais",
   "autoridad": "Autoridad de Mesa",
   "capacitacion": "Capacitaci\u00f3n",
   "contingencia": "Contingencia",
   "demostracion": "Demostraci\u00f3n",
   "electoral": "Uso oficial",
   "prueba_tx": "Prueba de transmisi\u00f3n",
   "tecnico": "Asistente T\u00e9cnico"
  }
 },
 {
  "codigo": "imagen_credencial",
  "descripcion": "Indica que estilo de imagen de credencial se debe imprimir.",
  "valor": "ImagenCredencial"
 },
 {
  "codigo": "posiciones_podio",
  "descripcion": "Indica cu\u00e1ntos candidatos integran el podio de reportes",
  "valor": 3
 },
 {
  "codigo": "tipo_eleccion",
  "descripcion": "Configuraciones de tipo de elecci\u00f3n",
  "valor": {
   "interna": false,
   "paso": false
  }
 }
]