[
    {
        "codigo": "uno",
        "bloques": [
            {
                "posicion": [530, 0],
                "alto": 730,
                "ancho": 1400,
                "em_secundarios": 0.8,
                "em_suplentes": 0,
                "font_size": 55,
                "padding_secundarios": 35,
                "sep_lineas_secundarios": 32,
                "sep_lineas_titular": 45,
                "wrap_candidato": 27,
                "wrap_lista": 40,
                "wrap_secundarios": 50
            }
        ]
    },
    {
        "codigo": "dos",
        "comun":{
            "ancho": 700,
            "alto": 730,
            "em_secundarios": 0.8,
            "em_suplentes": 0,
            "font_size": 55,
            "padding_secundarios": 35,
            "sep_lineas_secundarios": 32,
            "sep_lineas_titular": 45,
            "wrap_candidato": 17,
            "wrap_lista": 25,
            "wrap_secundarios": 25
        },
        "bloques": [
            {
                "posicion": [530, 0]
            },
            {
                "posicion": [1230, 0]

            }
        ]
    },
    {
        "codigo": "tres",
        "comun": {
            "ancho": 640,
            "alto": 730,
            "alto_fondo_titulo": 37 ,
            "font_size_titulo": 37,
            "padding_secundarios": 35,
            "sep_lineas_secundarios": 32,
            "sep_lineas_titular": 45,
            "em_suplentes": 0
        },
        "bloques": [
            {
                "posicion": [0, 0]
            },
            {
                "posicion": [640, 0]
            },
            {
                "posicion": [1280, 0]
            }
        ]
    },
    {
        "codigo": "cuatro",
        "comun": {
            "alto": 730,
            "font_size": 40,
            "font_size_titulo": 35,
            "alto_fondo_titulo": 35,
            "em_secundarios": 0.8,
            "sep_lineas_secundarios": 28,
            "sep_lineas_suplentes": 18,
            "sep_lineas_lista": 25,
            "em_suplentes": 0,
            "padding_cand_titular": 0,
            "padding_nom_lista": 25,
            "padding_num_lista": 25,
            "padding_secundarios": 19,
            "wrap_lista": 45,
            "wrap_candidato": 30
        },
        "bloques": [
            {
                "posicion": [0, 0],
                "ancho": 530,
                "sep_lineas_titular": 35,
                "wrap_lista": 20,
                "wrap_candidato": 20
            },
            {
                "posicion": [530, 0],
                "ancho": 800,
                "alto": 345,
                "em_secundarios": 0.7,
                "wrap_secundarios": 60
            },
            {
                "posicion": [530, 345],
                "ancho": 800,
                "alto": 385,
                "padding_nom_lista": 10,
                "em_secundarios": 0.7,
                "sep_lineas_secundarios": 25,
                "wrap_secundarios": 65,
                "wrap_candidato": 35
            },
            {
                "posicion": [1330, 0],
                "ancho": 600,
                "wrap_candidato": 19,
                "wrap_lista": 30,
                "wrap_secundarios": 35
            }
        ]
    },
    {
        "codigo": "fallback",
        "comun": {
            "ancho": 460,
            "alto": 245,
            "font_size_titulo": 30,
            "alto_fondo_titulo": 26,
            "sep_lineas_lista": 20,
            "sep_lineas_titular": 20,
            "padding_num_lista": 20,
            "padding_nom_lista": 25,
            "font_size": 30
        },
        "bloques": [
            {
                "posicion": [60, 0]
            },
            {
                "posicion": [520, 0]
            },
            {
                "posicion": [520, 245]
            },
            {
                "posicion": [520, 490]
            },
            {
                "posicion": [980, 0]
            },
            {
                "posicion": [980, 245]
            },
            {
                "posicion": [980, 490]
            },
            {
                "posicion": [1440, 0]
            },
            {
                "posicion": [1440, 245]
            },
            {
                "posicion": [1440, 490]
            }
        ]
    }
]
