[
 {
  "GOB": 1197,
  "agrupacion_municipal": false,
  "codigo": "1863.1863.1863",
  "lista_completa": true
 },
 {
  "GOB": 1198,
  "agrupacion_municipal": false,
  "codigo": "22.22.22",
  "lista_completa": true
 },
 {
  "GOB": 1199,
  "agrupacion_municipal": false,
  "codigo": "3625.3625.3625",
  "lista_completa": true
 },
 {
  "CNJ": 22,
  "GOB": 1200,
  "INT": 1250,
  "SEN": 1813,
  "agrupacion_municipal": false,
  "codigo": "3717.13.13",
  "lista_completa": true
 },
 {
  "CNJ": 51,
  "GOB": 1200,
  "INT": 1250,
  "SEN": 1813,
  "agrupacion_municipal": false,
  "codigo": "3717.2543.2543",
  "lista_completa": true
 },
 {
  "CNJ": 95,
  "GOB": 1200,
  "INT": 1250,
  "SEN": 1813,
  "agrupacion_municipal": false,
  "codigo": "3717.3739.3739",
  "lista_completa": true
 },
 {
  "CNJ": 147,
  "GOB": 1200,
  "INT": 1250,
  "SEN": 1813,
  "agrupacion_municipal": false,
  "codigo": "3717.632.632",
  "lista_completa": true
 },
 {
  "CNJ": 173,
  "GOB": 1201,
  "INT": 1293,
  "SEN": 1825,
  "agrupacion_municipal": false,
  "codigo": "3723.1796.1796",
  "lista_completa": true
 },
 {
  "CNJ": 190,
  "GOB": 1201,
  "INT": 1293,
  "SEN": 1825,
  "agrupacion_municipal": false,
  "codigo": "3723.3741.3741",
  "lista_completa": true
 },
 {
  "GOB": 1202,
  "agrupacion_municipal": false,
  "codigo": "3728.3742.3742",
  "lista_completa": true
 },
 {
  "GOB": 1203,
  "SEN": 1839,
  "agrupacion_municipal": false,
  "codigo": "3729.3747.3747",
  "lista_completa": true
 },
 {
  "CNJ": 301,
  "GOB": 1204,
  "INT": 1388,
  "SEN": 1849,
  "agrupacion_municipal": false,
  "codigo": "3730.3746.3746",
  "lista_completa": true
 },
 {
  "CNJ": 347,
  "GOB": 1204,
  "INT": 1388,
  "SEN": 1849,
  "agrupacion_municipal": false,
  "codigo": "3730.5.5",
  "lista_completa": true
 },
 {
  "CNJ": 357,
  "GOB": 1205,
  "INT": 1423,
  "SEN": 1855,
  "agrupacion_municipal": false,
  "codigo": "3731.3743.3743",
  "lista_completa": true
 },
 {
  "GOB": 1206,
  "agrupacion_municipal": false,
  "codigo": "3732.3740.3740",
  "lista_completa": true
 },
 {
  "CNJ": 434,
  "GOB": 1207,
  "INT": 1492,
  "SEN": 1868,
  "agrupacion_municipal": false,
  "codigo": "3733.1862.1862",
  "lista_completa": true
 },
 {
  "CNJ": 470,
  "GOB": 1207,
  "INT": 1492,
  "SEN": 1868,
  "agrupacion_municipal": false,
  "codigo": "3733.1869.1869",
  "lista_completa": true
 },
 {
  "GOB": 1207,
  "INT": 1492,
  "SEN": 1868,
  "agrupacion_municipal": false,
  "codigo": "3733.3744.3744",
  "lista_completa": false
 },
 {
  "CNJ": 559,
  "GOB": 1207,
  "INT": 1492,
  "SEN": 1868,
  "agrupacion_municipal": false,
  "codigo": "3733.38.38",
  "lista_completa": true
 },
 {
  "GOB": 1207,
  "agrupacion_municipal": false,
  "codigo": "3734.3737.3737",
  "lista_completa": true
 },
 {
  "CNJ": 606,
  "GOB": 1207,
  "INT": 1573,
  "SEN": 1881,
  "agrupacion_municipal": false,
  "codigo": "3735.1873.1873",
  "lista_completa": true
 },
 {
  "CNJ": 675,
  "GOB": 1207,
  "INT": 1573,
  "SEN": 1881,
  "agrupacion_municipal": false,
  "codigo": "3735.32.32",
  "lista_completa": true
 },
 {
  "CNJ": 752,
  "GOB": 1207,
  "INT": 1573,
  "SEN": 1881,
  "agrupacion_municipal": false,
  "codigo": "3735.4.4",
  "lista_completa": true
 },
 {
  "CNJ": 842,
  "GOB": 1208,
  "INT": 1616,
  "SEN": 1885,
  "agrupacion_municipal": false,
  "codigo": "685.685.685",
  "lista_completa": true
 },
 {
  "CNJ": 891,
  "GOB": 1209,
  "INT": 1665,
  "SEN": 1893,
  "agrupacion_municipal": false,
  "codigo": "BLC",
  "lista_completa": true
 }
]