[
 {
  "asistida": "AGUILAR DOMINGO ALEJANDRO",
  "cargo_ejecutivo": true,
  "clase": "Candidato",
  "cod_alianza": "3717",
  "cod_categoria": "INT",
  "cod_lista": "3717.13.13",
  "cod_partido": "3717.13",
  "codigo": "3717.13.13.443",
  "dni": "20210323",
  "id_candidatura": "3717.13.13.443",
  "id_umv": 1237,
  "imagenes": [
   "3717.13.13.443"
  ],
  "nombre": "AGUILAR, \u201cPAMELA\u201d",
  "nro_orden": 1,
  "orden_absoluto": [
   6,
   52,
   75,
   4,
   1
  ],
  "secundarios": [

  ],
  "sexo": "M",
  "suplentes": [

  ]
 },
 {
  "asistida": "FLORES JOHANNA CARINA",
  "cargo_ejecutivo": false,
  "clase": "Candidato",
  "cod_alianza": "3717",
  "cod_categoria": "CNJ",
  "cod_lista": "3717.13.13",
  "cod_partido": "3717.13",
  "codigo": "3717.13.13.588",
  "dni": "34619803",
  "id_candidatura": "3717.13.13.588",
  "id_umv": 31,
  "imagenes": [
   "3717.13.13.588",
   "default",
   "default_mujer",
   "default",
   "default_mujer",
   "default",
   "default_mujer",
   "default",
   "default_mujer"
  ],
  "nombre": "FLORES, JOHANNA",
  "nro_orden": 1,
  "orden_absoluto": [
   6,
   52,
   75,
   5,
   1
  ],
  "secundarios": [
   "ESPINOZA, FELIPE",
   "AGUIRRE, MARIA FLORENCIA",
   "VERON, MARCELO JUAN",
   "SEGUNDO, MARIA VICENTA",
   "VILLA, RODOLFO MANUEL",
   "FLORES, ROCIO NAHIR",
   "CHAVE, PEDRO",
   "AGUILAR, PAOLA ALEJANDRA"
  ],
  "sexo": "F",
  "suplentes": [
   "LEDESMA, JORGE ENRIQUE",
   "AMARILLA, BELEN NATIVIDAD",
   "MENDOZA, LUIS FERNANDO",
   "GARCIA, ANABEL DENIS NAZARENA",
   "GUTIERREZ, ANGEL FABIAN",
   "CUELLA, MIRNA ANALIA"
  ]
 },
 {
  "asistida": "BOUH\u00cdD RAMIRO REN\u00c9",
  "cargo_ejecutivo": true,
  "clase": "Candidato",
  "cod_alianza": "3717",
  "cod_categoria": "INT",
  "cod_lista": "3717.2543.2543",
  "cod_partido": "3717.2543",
  "codigo": "3717.2543.2543.3603",
  "dni": "24138111",
  "id_candidatura": "3717.2543.2543.3603",
  "id_umv": 1242,
  "imagenes": [
   "3717.2543.2543.3603"
  ],
  "nombre": "BOUHID, RAMIRO",
  "nro_orden": 1,
  "orden_absoluto": [
   6,
   71,
   17,
   4,
   1
  ],
  "secundarios": [

  ],
  "sexo": "M",
  "suplentes": [

  ]
 },
 {
  "asistida": "BOUH\u00cdD ERNESTO RUB\u00c9N",
  "cargo_ejecutivo": false,
  "clase": "Candidato",
  "cod_alianza": "3717",
  "cod_categoria": "CNJ",
  "cod_lista": "3717.2543.2543",
  "cod_partido": "3717.2543",
  "codigo": "3717.2543.2543.3735",
  "dni": "11626800",
  "id_candidatura": "3717.2543.2543.3735",
  "id_umv": 57,
  "imagenes": [
   "3717.2543.2543.3735",
   "default_mujer",
   "default",
   "default_mujer",
   "default",
   "default_mujer",
   "default",
   "default_mujer",
   "default"
  ],
  "nombre": "BOUHID, ERNESTO",
  "nro_orden": 1,
  "orden_absoluto": [
   6,
   71,
   17,
   5,
   1
  ],
  "secundarios": [
   "ASENSIO, LUISA DEL CARMEN",
   "AVILA, OSCAR",
   "TORRES, GIMENA NAHIR",
   "BURGOS, MIGUEL ALEJANDRO",
   "AGUILERA, ANDREA FERNANDA",
   "CUELLAR, PABLO ROBERTO",
   "POLO, CECILIA ISABEL",
   "RUIZ, EMILIANO BAUTISTA"
  ],
  "sexo": "M",
  "suplentes": [
   "ARDILES, SALVIA BETSABE",
   "AGUERO, RAMON ANTONIO",
   "TORRES, MAIRA TALIA",
   "VALDEZ, NESTOR FABIAN",
   "ALVARADO, YESICA ELIZABET",
   "GUZMAN, LUIS RAMON"
  ]
 },
 {
  "asistida": "MENDIETA GUSTAVO ALFREDO",
  "cargo_ejecutivo": false,
  "clase": "Candidato",
  "cod_alianza": "3717",
  "cod_categoria": "CNJ",
  "cod_lista": "3717.2626.2626",
  "cod_partido": "3717.2626",
  "codigo": "3717.2626.2626.4449",
  "dni": "28784464",
  "id_candidatura": "3717.2626.2626.4449",
  "id_umv": 79,
  "imagenes": [
   "3717.2626.2626.4449",
   "default_mujer",
   "default",
   "default_mujer",
   "default",
   "default_mujer",
   "default",
   "default_mujer",
   "default"
  ],
  "nombre": "MENDIETA, GUSTAVO",
  "nro_orden": 1,
  "orden_absoluto": [
   6,
   4,
   19,
   5,
   1
  ],
  "secundarios": [
   "YAGUARE, LAURA CRISTINA",
   "TAGLIOLI, LUCAS DAMIAN",
   "BARRERA, MARIELA JANET",
   "CARDENAS, IVAN ANDRES",
   "RUIZ, ALICIA CRISTINA",
   "YBARRA, GUSTAVO ALEJANDRO",
   "CAMPOS, BRENDA JACQUELINE",
   "CORTEZ, OSCAR ALFREDO"
  ],
  "sexo": "M",
  "suplentes": [
   "OVIEDO, MARIA LARA",
   "ARRIETA, MARCELO JESUS",
   "LUCAS, JOSEFINA ISABEL",
   "SALTOS, JUAN GERMAN",
   "GOMEZ, MARIA ELENA",
   "TORRES, CEVERIANO",
   "SALAZAR, FERNANDA MICAELA"
  ]
 },
 {
  "asistida": "PALMA SUSANA LILIANA",
  "cargo_ejecutivo": false,
  "clase": "Candidato",
  "cod_alianza": "3717",
  "cod_categoria": "CNJ",
  "cod_lista": "3717.3739.3739",
  "cod_partido": "3717.3739",
  "codigo": "3717.3739.3739.6635",
  "dni": "28629482",
  "id_candidatura": "3717.3739.3739.6635",
  "id_umv": 101,
  "imagenes": [
   "3717.3739.3739.6635",
   "default",
   "default_mujer",
   "default",
   "default_mujer",
   "default",
   "default_mujer",
   "default",
   "default_mujer"
  ],
  "nombre": "PALMA, SUSANA LILIANA",
  "nro_orden": 1,
  "orden_absoluto": [
   6,
   17,
   64,
   5,
   1
  ],
  "secundarios": [
   "PUCH, MAURO ISAMEL",
   "GUZMAN, ANTONELLA DENISE",
   "VELAZQUEZ, FERNANDO LEONEL",
   "ROMERO, NADIA CECILIA",
   "ROMERO, EBER ISAAC",
   "SABAN, JAQUELINE DEL VALLE",
   "CUEVAS, JOSIA EZEQUIEL",
   "ROMERO, FABIANA FRANCISCA"
  ],
  "sexo": "F",
  "suplentes": [
   "APARICIO, TOMAS LEANDRO",
   "ROMERO, YESICA SOLEDAD"
  ]
 },
 {
  "asistida": "PADILLA DANIELA DEL VALLE",
  "cargo_ejecutivo": false,
  "clase": "Candidato",
  "cod_alianza": "3717",
  "cod_categoria": "CNJ",
  "cod_lista": "3717.632.632",
  "cod_partido": "3717.632",
  "codigo": "3717.632.632.11862",
  "dni": "32210159",
  "id_candidatura": "3717.632.632.11862",
  "id_umv": 153,
  "imagenes": [
   "3717.632.632.11862",
   "default",
   "default_mujer",
   "default",
   "default_mujer",
   "default",
   "default_mujer",
   "default",
   "default_mujer"
  ],
  "nombre": "PADILLA, DANIELA",
  "nro_orden": 1,
  "orden_absoluto": [
   6,
   47,
   8,
   5,
   1
  ],
  "secundarios": [
   "CASTRO, SERGIO RICARDO",
   "TERCERO, MARLEN NOELIA",
   "OVIEDO, FERNANDO SEBASTIAN",
   "CRUZ, ROSARIO DEL CARMEN",
   "QUISPE, RAMON ANGEL",
   "SOLANO, CASANDRA MARILIN",
   "SEGUNDO, MARCELO SEBASTIAN",
   "AGUILAR, BRENDA ELIZABETH"
  ],
  "sexo": "F",
  "suplentes": [
   "BAUTISTA, HERNAN",
   "BRIZUELA, MARIA VIRGINIA",
   "RUEDA, JOSE FRANCISCO",
   "FERNANDEZ, ANA MARIBEL",
   "RODRIGUEZ, CESAR CORNELIO"
  ]
 },
 {
  "asistida": "CRUZ ELSA BEATRIZ",
  "cargo_ejecutivo": true,
  "clase": "Candidato",
  "cod_alianza": "3723",
  "cod_categoria": "INT",
  "cod_lista": "3723.3741.3741",
  "cod_partido": "3723.3741",
  "codigo": "3723.3741.3741.7235",
  "dni": "21317526",
  "id_candidatura": "3723.3741.3741.7235",
  "id_umv": 1300,
  "imagenes": [
   "3723.3741.3741.7235"
  ],
  "nombre": "CRUZ, ELSA BEATRIZ",
  "nro_orden": 1,
  "orden_absoluto": [
   5,
   14,
   65,
   4,
   1
  ],
  "secundarios": [

  ],
  "sexo": "F",
  "suplentes": [

  ]
 },
 {
  "asistida": "AVIL\u00c9S JULIANA ESTEFAN\u00cdA",
  "cargo_ejecutivo": false,
  "clase": "Candidato",
  "cod_alianza": "3723",
  "cod_categoria": "CNJ",
  "cod_lista": "3723.3741.3741",
  "cod_partido": "3723.3741",
  "codigo": "3723.3741.3741.7403",
  "dni": "31998889",
  "id_candidatura": "3723.3741.3741.7403",
  "id_umv": 197,
  "imagenes": [
   "3723.3741.3741.7403",
   "default",
   "default_mujer",
   "default",
   "default_mujer",
   "default",
   "default_mujer",
   "default",
   "default_mujer"
  ],
  "nombre": "AVILES, JULIANA ESTEFANIA",
  "nro_orden": 1,
  "orden_absoluto": [
   5,
   14,
   65,
   5,
   1
  ],
  "secundarios": [
   "ORTEGA, JAVIER EDGARDO",
   "PAREDEZ, TAMARA SOLEDAD",
   "MONTEROS, JULIO DOMINGO",
   "VACA, NELIDA RAQUEL",
   "TOLEDO, JESUS VICENTE",
   "SOSA, MARGARITA DEL CARMEN",
   "ROSALES, RICARDO MANUEL",
   "SUAREZ, NORMA ALEJANDRA"
  ],
  "sexo": "F",
  "suplentes": [
   "DIAZ, RAUL RICARDO",
   "LUNA, MARGARITA GRACIELA"
  ]
 },
 {
  "asistida": "Sanchuino LILIANA DE LOS",
  "cargo_ejecutivo": true,
  "clase": "Candidato",
  "cod_alianza": "3728",
  "cod_categoria": "INT",
  "cod_lista": "3728.3742.3742",
  "cod_partido": "3728.3742",
  "codigo": "3728.3742.3742.7766",
  "dni": "35153099",
  "id_candidatura": "3728.3742.3742.7766",
  "id_umv": 1338,
  "imagenes": [
   "3728.3742.3742.7766"
  ],
  "nombre": "SANGUINO, LILIANA DE LOS ANGELES",
  "nro_orden": 1,
  "orden_absoluto": [
   9,
   21,
   66,
   4,
   1
  ],
  "secundarios": [

  ],
  "sexo": "F",
  "suplentes": [

  ]
 },
 {
  "asistida": "RUIZ SERGIO MANUEL",
  "cargo_ejecutivo": false,
  "clase": "Candidato",
  "cod_alianza": "3728",
  "cod_categoria": "CNJ",
  "cod_lista": "3728.3748.3748",
  "cod_partido": "3728.3748",
  "codigo": "3728.3748.3748.9567",
  "dni": "39782503",
  "id_candidatura": "3728.3748.3748.9567",
  "id_umv": 246,
  "imagenes": [
   "3728.3748.3748.9567",
   "default_mujer",
   "default",
   "default_mujer",
   "default",
   "default_mujer",
   "default",
   "default_mujer",
   "default"
  ],
  "nombre": "RUIZ, SERGIO MANUEL",
  "nro_orden": 1,
  "orden_absoluto": [
   9,
   15,
   24,
   5,
   1
  ],
  "secundarios": [
   "MENDOZA, ROSA MARIA CRISTINA",
   "ORTIZ, JOSE ALFREDO",
   "PINTOS, MARIANELA SOLEDAD",
   "MEDINA, HECTOR EDUARDO",
   "ALVA, PRISCILA CAMILA",
   "FERNANDEZ, MAURO MATIAS",
   "CUELLO, ROSANA IVANA",
   "RUIZ, JESUS RAMIRO"
  ],
  "sexo": "M",
  "suplentes": [
   "DIMITRICOFF, CINTHIA ROSANNA",
   "TORRES, SANTIAGO EMILIO"
  ]
 },
 {
  "asistida": "CANTAR\u00c9LL\u00c1 PAOLA SANDRA",
  "cargo_ejecutivo": true,
  "clase": "Candidato",
  "cod_alianza": "3729",
  "cod_categoria": "INT",
  "cod_lista": "3729.3747.3747",
  "cod_partido": "3729.3747",
  "codigo": "3729.3747.3747.9116",
  "dni": "25090136",
  "id_candidatura": "3729.3747.3747.9116",
  "id_umv": 1364,
  "imagenes": [
   "3729.3747.3747.9116"
  ],
  "nombre": "CANTARELLA, PAOLA SANDRA",
  "nro_orden": 1,
  "orden_absoluto": [
   24,
   68,
   67,
   4,
   1
  ],
  "secundarios": [

  ],
  "sexo": "F",
  "suplentes": [

  ]
 },
 {
  "asistida": "SEGUNDO GERARDO JULI\u00c1N",
  "cargo_ejecutivo": false,
  "clase": "Candidato",
  "cod_alianza": "3729",
  "cod_categoria": "CNJ",
  "cod_lista": "3729.3747.3747",
  "cod_partido": "3729.3747",
  "codigo": "3729.3747.3747.9249",
  "dni": "38650870",
  "id_candidatura": "3729.3747.3747.9249",
  "id_umv": 274,
  "imagenes": [
   "3729.3747.3747.9249",
   "default_mujer",
   "default",
   "default_mujer",
   "default",
   "default_mujer",
   "default",
   "default_mujer",
   "default"
  ],
  "nombre": "SEGUNDO, GERARDO JULIAN",
  "nro_orden": 1,
  "orden_absoluto": [
   24,
   68,
   67,
   5,
   1
  ],
  "secundarios": [
   "CANTARELLA, MARIA DEL CARMEN",
   "QUINTO, DARIO SALVADOR",
   "ZENTENO, PAMELA ROCIO",
   "DIAZ, DANIEL DIONISIO",
   "COMAN, ALEJANDRA RAMONA",
   "SEGUNDO, CRISTIAN ALBERTO",
   "MARTINEZ, FLAVIA ALEJANDRA",
   "CAMARGO, RENE LUCIO"
  ],
  "sexo": "M",
  "suplentes": [
   "SEGUNDO, NOELIA RAQUEL",
   "ESCALADA, ABRAHAM ANDRES",
   "SEGUNDO, MARISA LORENA",
   "TABOADA, JORGE GUILLERMO",
   "FERNANDEZ, DANIELA ELIZABETH",
   "DIAZ, RAMON ANGEL"
  ]
 },
 {
  "asistida": "CASTA\u00d1EDA CARLOS RICARDO",
  "cargo_ejecutivo": true,
  "clase": "Candidato",
  "cod_alianza": "3730",
  "cod_categoria": "INT",
  "cod_lista": "3730.3746.3746",
  "cod_partido": "3730.3746",
  "codigo": "3730.3746.3746.8691",
  "dni": "11080661",
  "id_candidatura": "3730.3746.3746.8691",
  "id_umv": 1393,
  "imagenes": [
   "3730.3746.3746.8691"
  ],
  "nombre": "CASTA\u00d1EDA, CARLOS RICARDO",
  "nro_orden": 1,
  "orden_absoluto": [
   15,
   32,
   74,
   4,
   1
  ],
  "secundarios": [

  ],
  "sexo": "M",
  "suplentes": [

  ]
 },
 {
  "asistida": "SALDA\u00d1O MIRTA ALICIA",
  "cargo_ejecutivo": false,
  "clase": "Candidato",
  "cod_alianza": "3730",
  "cod_categoria": "CNJ",
  "cod_lista": "3730.3746.3746",
  "cod_partido": "3730.3746",
  "codigo": "3730.3746.3746.8824",
  "dni": "16103970",
  "id_candidatura": "3730.3746.3746.8824",
  "id_umv": 305,
  "imagenes": [
   "3730.3746.3746.8824",
   "default",
   "default_mujer",
   "default",
   "default_mujer",
   "default",
   "default_mujer",
   "default",
   "default_mujer"
  ],
  "nombre": "SALDA\u00d1O, MIRTA ALICIA",
  "nro_orden": 1,
  "orden_absoluto": [
   15,
   32,
   74,
   5,
   1
  ],
  "secundarios": [
   "GARCIA, MIGUEL ANGEL",
   "MONTIEL, CINTIA DEL CARMEN",
   "SALDA\u00d1O, GABRIEL EDUARDO",
   "LOUZAN, LILIANA",
   "ANTUNEZ, DARIO EZEQUIEL",
   "CANCINOS, LEONELA MILAGRO NELIDA",
   "TUDO, GERARDO MAXIMILIANO",
   "TORRES, PATRICIA ESTEFANIA"
  ],
  "sexo": "F",
  "suplentes": [
   "HOMSE, RENE HUMBERTO",
   "ANTUNEZ, CYNTHIA JOHANNA",
   "MOLINA, CLAUDIO JESUS GABRIEL",
   "APARICIO, CARMEN TRINIDAD",
   "JUAREZ, BRAULIO DARIO",
   "BARBOZA, CLAUDIA BEATRIZ",
   "ARCE, DIEGO ALBERTO"
  ]
 },
 {
  "asistida": "PALACIOS \u00c1NGEL ROGELIO",
  "cargo_ejecutivo": false,
  "clase": "Candidato",
  "cod_alianza": "3730",
  "cod_categoria": "CNJ",
  "cod_lista": "3730.461.461",
  "cod_partido": "3730.461",
  "codigo": "3730.461.461.11588",
  "dni": "17553446",
  "id_candidatura": "3730.461.461.11588",
  "id_umv": 338,
  "imagenes": [
   "default",
   "default_mujer",
   "default",
   "default_mujer",
   "default",
   "default_mujer",
   "default",
   "default_mujer",
   "default"
  ],
  "nombre": "PALACIOS, ANGEL ROGELIO",
  "nro_orden": 1,
  "orden_absoluto": [
   15,
   19,
   11,
   5,
   1
  ],
  "secundarios": [
   "MENDEZ, SILVIA MARCELA",
   "FIGUEROA, SEGUNDO VALENTIN",
   "APARICIO, GIMENA DEL CARMEN",
   "RODRIGUEZ, JOSE MARIA",
   "LEA\u00d1EZ, SILVINA SOLEDAD",
   "MENDEZ, VICTOR MARCIAL",
   "JALIT, MARIANA ALEJANDRA",
   "GUTIERREZ, AURELIO"
  ],
  "sexo": "M",
  "suplentes": [
   "SORIA, CAROLINA FERNANDA",
   "BARROS, CRISTIAN EZEQUIEL",
   "FARIA, GABRIELA NOEMI",
   "ROMANO, GABRIEL ALEJANDRO",
   "SILVA, MARIANA MAGDALENA"
  ]
 },
 {
  "asistida": "FIGUEROA Y\u00f3natan DAVID",
  "cargo_ejecutivo": false,
  "clase": "Candidato",
  "cod_alianza": "3731",
  "cod_categoria": "CNJ",
  "cod_lista": "3731.1874.1874",
  "cod_partido": "3731.1874",
  "codigo": "3731.1874.1874.2964",
  "dni": "37600912",
  "id_candidatura": "3731.1874.1874.2964",
  "id_umv": 353,
  "imagenes": [
   "3731.1874.1874.2964",
   "default_mujer",
   "default",
   "default_mujer",
   "default",
   "default_mujer",
   "default",
   "default_mujer",
   "default"
  ],
  "nombre": "FIGUEROA, JONATAN DAVID",
  "nro_orden": 1,
  "orden_absoluto": [
   10,
   16,
   16,
   5,
   1
  ],
  "secundarios": [
   "SARMIENTO, LUCINDA",
   "SEGUNDO, MARCO ANTONIO",
   "QUESADA, CLAUDIA NELIDA",
   "RAMIREZ, JASON ANDRES",
   "GUTIERREZ, JULIA",
   "SEGUNDO, SEBASTIAN ELIAS",
   "SEGUNDO, CRISTINA DEL VALLE",
   "RODRIGUEZ, WALTER JAVIER"
  ],
  "sexo": "M",
  "suplentes": [
   "RAMIREZ, BRENDA MACARENA",
   "ZAMUDIO, RODRIGO EMANUEL",
   "ROMERO, ERMELINDA",
   "FIGUEROA, AMBROSIO",
   "FIGUEROA, NELLY MIRIAM"
  ]
 },
 {
  "asistida": "LOPEZ ROBERTO \"PELUSA\"",
  "cargo_ejecutivo": true,
  "clase": "Candidato",
  "cod_alianza": "3731",
  "cod_categoria": "INT",
  "cod_lista": "3731.3743.3743",
  "cod_partido": "3731.3743",
  "codigo": "3731.3743.3743.8003",
  "dni": "21539464",
  "id_candidatura": "3731.3743.3743.8003",
  "id_umv": 1429,
  "imagenes": [
   "3731.3743.3743.8003"
  ],
  "nombre": "PROF. LOPEZ, ROBERTO \u201cPELUSA\u201d",
  "nro_orden": 1,
  "orden_absoluto": [
   10,
   22,
   68,
   4,
   1
  ],
  "secundarios": [

  ],
  "sexo": "M",
  "suplentes": [

  ]
 },
 {
  "asistida": "APARICIO \u00c1NGEL DAVID",
  "cargo_ejecutivo": false,
  "clase": "Candidato",
  "cod_alianza": "3731",
  "cod_categoria": "CNJ",
  "cod_lista": "3731.3743.3743",
  "cod_partido": "3731.3743",
  "codigo": "3731.3743.3743.8134",
  "dni": "21010021",
  "id_candidatura": "3731.3743.3743.8134",
  "id_umv": 363,
  "imagenes": [
   "3731.3743.3743.8134",
   "default_mujer",
   "default",
   "default_mujer",
   "default",
   "default_mujer",
   "default",
   "default_mujer",
   "default"
  ],
  "nombre": "APARICIO, ANGEL DAVID",
  "nro_orden": 1,
  "orden_absoluto": [
   10,
   22,
   68,
   5,
   1
  ],
  "secundarios": [
   "LOPEZ, LIDIA SOLEDAD",
   "MENDOZA, JOSE CARLOS",
   "GABILAN, LORENA VALERIA",
   "MENDEZ, RICARDO ALEJANDRO",
   "ALVAREZ, GABRIELA ROMINA",
   "AHRENS, JOSE LUIS",
   "ROMERO, DANIELA ALEJANDRA",
   "GOMEZ, ROLANDO ALFREDO"
  ],
  "sexo": "M",
  "suplentes": [
   "LOPEZ, MARIA MERCEDES",
   "ROBLES, CRISTIAN GONZALO",
   "GUTIERREZ, JUANA ELIDA",
   "RIOS, JUAN RAMON",
   "APARICIO, RAMONA ROSANA NOEMI",
   "SALVATIERRA, DOMINGO MARIO",
   "FARFAN, CINTIA JULIA",
   "VEGA, RENZO ADRIAN"
  ]
 },
 {
  "asistida": "CUEVAS MARCOS DANIEL",
  "cargo_ejecutivo": true,
  "clase": "Candidato",
  "cod_alianza": "3732",
  "cod_categoria": "INT",
  "cod_lista": "3732.3740.3740",
  "cod_partido": "3732.3740",
  "codigo": "3732.3740.3740.6965",
  "dni": "29372360",
  "id_candidatura": "3732.3740.3740.6965",
  "id_umv": 1451,
  "imagenes": [
   "3732.3740.3740.6965"
  ],
  "nombre": "CUEVAS, MARCOS DANIEL",
  "nro_orden": 1,
  "orden_absoluto": [
   7,
   18,
   73,
   4,
   1
  ],
  "secundarios": [

  ],
  "sexo": "M",
  "suplentes": [

  ]
 },
 {
  "asistida": "SEGUNDO MARINA ESTER",
  "cargo_ejecutivo": false,
  "clase": "Candidato",
  "cod_alianza": "3732",
  "cod_categoria": "CNJ",
  "cod_lista": "3732.3740.3740",
  "cod_partido": "3732.3740",
  "codigo": "3732.3740.3740.7059",
  "dni": "24858306",
  "id_candidatura": "3732.3740.3740.7059",
  "id_umv": 386,
  "imagenes": [
   "3732.3740.3740.7059",
   "default",
   "default_mujer",
   "default",
   "default_mujer",
   "default",
   "default_mujer",
   "default",
   "default_mujer"
  ],
  "nombre": "SEGUNDO, MARINA ESTER",
  "nro_orden": 1,
  "orden_absoluto": [
   7,
   18,
   73,
   5,
   1
  ],
  "secundarios": [
   "FIGUEROA, ULISES GASTON",
   "SEGUNDO, ESTAFANIA ELVIA",
   "CASTRO, ALVARO EDGARDO",
   "YANIBE, ROCIO EMILSE",
   "PACO, LUIS EDGARDO",
   "MIGUEL, NELLY ANALIA",
   "SEGUNDO, ANIBAL FRANCISCO",
   "MARTINEZ, MIRELLA ROCIO"
  ],
  "sexo": "F",
  "suplentes": [
   "SEGUNDO, NERI ALBERTO"
  ]
 },
 {
  "asistida": "CUELLO HORACIO MATIAS",
  "cargo_ejecutivo": false,
  "clase": "Candidato",
  "cod_alianza": "3733",
  "cod_categoria": "CNJ",
  "cod_lista": "3733.10.10",
  "cod_partido": "3733.10",
  "codigo": "3733.10.10.131",
  "dni": "28066070",
  "id_candidatura": "3733.10.10.131",
  "id_umv": 398,
  "imagenes": [
   "3733.10.10.131",
   "default_mujer",
   "default",
   "default_mujer",
   "default",
   "default_mujer",
   "default",
   "default_mujer",
   "default"
  ],
  "nombre": "CUELLO, HORACIO MATIAS",
  "nro_orden": 1,
  "orden_absoluto": [
   11,
   51,
   4,
   5,
   1
  ],
  "secundarios": [
   "CRUZ, LIBERTAD TERESA",
   "ALTAMIRANO, EDMUNDO",
   "GUTIERREZ, CAROLINA BETTY DEL V",
   "JUAREZ, FERNANDO EDUARDO",
   "CEJAS, IRMA PATRICIA",
   "DIAZ, FERNANDO MATIAS",
   "PIZARRO, HELIDA LILIANA",
   "TORRES, EMILIO FERNANDO"
  ],
  "sexo": "M",
  "suplentes": [
   "QUISPE, HILARIA",
   "COSTILLA, ROBERTO ARIEL",
   "UREIBE, MARIA ESTER",
   "ORTIZ, MARIO JAVIER",
   "ORTEGA, MARTA ANGELA",
   "TUCU, FLORENTINO",
   "SALINAS, ISABEL NOEMI",
   "CUELLAR, MIGUEL ANGEL",
   "LESCANO, FANY DEL HUERTO"
  ]
 },
 {
  "asistida": "MENDOZA RAUL OMAR",
  "cargo_ejecutivo": false,
  "clase": "Candidato",
  "cod_alianza": "3733",
  "cod_categoria": "CNJ",
  "cod_lista": "3733.1861.1861",
  "cod_partido": "3733.1861",
  "codigo": "3733.1861.1861.1449",
  "dni": "36557385",
  "id_candidatura": "3733.1861.1861.1449",
  "id_umv": 418,
  "imagenes": [
   "3733.1861.1861.1449",
   "default_mujer",
   "default",
   "default_mujer",
   "default",
   "default_mujer",
   "default",
   "default_mujer",
   "default"
  ],
  "nombre": "MENDOZA, RAUL OMAR",
  "nro_orden": 1,
  "orden_absoluto": [
   11,
   55,
   13,
   5,
   1
  ],
  "secundarios": [
   "ONTIVERO, MARCELA ELINA",
   "UREIBE, GABRIEL RUBEN",
   "SORIA, KAREN GUADALUPE",
   "SOTO, GUSTAVO ANDRES",
   "ARAMAYO, MARIANELA",
   "FLORES, ISIDRO",
   "TOLABA, BRISA JOVANA ELIZABETH",
   "CUELLA, NESTOR JAVIER"
  ],
  "sexo": "M",
  "suplentes": [
   "CUELLO, MARCELA DEL MILAGRO",
   "SEGUNDO, VICTOR OCTAVIO",
   "ROMERO, CARLA FABIANA"
  ]
 },
 {
  "asistida": "JAL\u00cdT JULIO ANTONIO",
  "cargo_ejecutivo": true,
  "clase": "Candidato",
  "cod_alianza": "3733",
  "cod_categoria": "INT",
  "cod_lista": "3733.1862.1862",
  "cod_partido": "3733.1862",
  "codigo": "3733.1862.1862.1619",
  "dni": "17553351",
  "id_candidatura": "3733.1862.1862.1619",
  "id_umv": 1472,
  "imagenes": [
   "3733.1862.1862.1619"
  ],
  "nombre": "JALIT, JULIO ANTONIO",
  "nro_orden": 1,
  "orden_absoluto": [
   11,
   63,
   14,
   4,
   1
  ],
  "secundarios": [

  ],
  "sexo": "M",
  "suplentes": [

  ]
 },
 {
  "asistida": "MURUA MARIO FERNANDO",
  "cargo_ejecutivo": false,
  "clase": "Candidato",
  "cod_alianza": "3733",
  "cod_categoria": "CNJ",
  "cod_lista": "3733.1862.1862",
  "cod_partido": "3733.1862",
  "codigo": "3733.1862.1862.1806",
  "dni": "21810860",
  "id_candidatura": "3733.1862.1862.1806",
  "id_umv": 444,
  "imagenes": [
   "3733.1862.1862.1806",
   "default_mujer",
   "default",
   "default_mujer",
   "default",
   "default_mujer",
   "default",
   "default_mujer",
   "default"
  ],
  "nombre": "MURUA, MARIO FERNANDO",
  "nro_orden": 1,
  "orden_absoluto": [
   11,
   63,
   14,
   5,
   1
  ],
  "secundarios": [
   "MIRANDA, CARLA DANIELA",
   "YALA, RAMON ROBERTO",
   "CASTILLO, ELVIA GRACIELA",
   "CARDOZO, DANIEL ORLANDO",
   "APARICIO, MIRIAN RAQUEL",
   "CAMPOS, NELSO",
   "BALLESTEROS, NORMA ALEJANDRA",
   "AMALLA, MIGUEL ANGEL"
  ],
  "sexo": "M",
  "suplentes": [
   "CHICO, NANCY ELIZABET",
   "ARIAS, RAMON ANGEL",
   "VARGAS, GABRIELA DEL VALLE",
   "SARACHO, MATIAS ANTONIO",
   "CORBALAN, ROCIO DANIELA",
   "ZARATE, LUIS ALBERTO",
   "BARRIOS, GLADIS MABEL",
   "PONCE, EDGARDO ENRIQUE",
   "PALMA, TAMARA BELEN"
  ]
 },
 {
  "asistida": "CASTRO VIDELA JOCHA",
  "cargo_ejecutivo": true,
  "clase": "Candidato",
  "cod_alianza": "3733",
  "cod_categoria": "INT",
  "cod_lista": "3733.1869.1869",
  "cod_partido": "3733.1869",
  "codigo": "3733.1869.1869.2131",
  "dni": "34434854",
  "id_candidatura": "3733.1869.1869.2131",
  "id_umv": 1482,
  "imagenes": [
   "3733.1869.1869.2131"
  ],
  "nombre": "CASTRO VIDELA, \u201cJOCHA\u201d",
  "nro_orden": 1,
  "orden_absoluto": [
   11,
   67,
   15,
   4,
   1
  ],
  "secundarios": [

  ],
  "sexo": "M",
  "suplentes": [

  ]
 },
 {
  "asistida": "TERCERO NATALIA MICAELA",
  "cargo_ejecutivo": false,
  "clase": "Candidato",
  "cod_alianza": "3733",
  "cod_categoria": "CNJ",
  "cod_lista": "3733.1869.1869",
  "cod_partido": "3733.1869",
  "codigo": "3733.1869.1869.2264",
  "dni": "38186001",
  "id_candidatura": "3733.1869.1869.2264",
  "id_umv": 477,
  "imagenes": [
   "3733.1869.1869.2264",
   "default",
   "default_mujer",
   "default",
   "default_mujer",
   "default",
   "default_mujer",
   "default",
   "default_mujer"
  ],
  "nombre": "TERCERO, NATALIA MICAELA",
  "nro_orden": 1,
  "orden_absoluto": [
   11,
   67,
   15,
   5,
   1
  ],
  "secundarios": [
   "CAMACHO, BENJAMIN GUILLERMO",
   "CRUZ, EDITH SONIA",
   "CARDOZO, JUAN MANUEL",
   "CORREA, CELIA RAMONA",
   "RAMON, FERNANDO AGUSTIN",
   "ORTIZ, CLELIA",
   "TERCERO, JAVIER FRANCO",
   "SERRANO, FATIMA DEL VALLE"
  ],
  "sexo": "F",
  "suplentes": [
   "JUAREZ, CLAUDIO VIDAL",
   "LOPEZ, MARINA DE LOS ANGELES",
   "TERCERO, FRANCISCO JAVIER"
  ]
 },
 {
  "asistida": "S\u00c1NCHEZ JAVIER \u00c1NGEL",
  "cargo_ejecutivo": false,
  "clase": "Candidato",
  "cod_alianza": "3733",
  "cod_categoria": "CNJ",
  "cod_lista": "3733.2625.2625",
  "cod_partido": "3733.2625",
  "codigo": "3733.2625.2625.4203",
  "dni": "32210307",
  "id_candidatura": "3733.2625.2625.4203",
  "id_umv": 502,
  "imagenes": [
   "3733.2625.2625.4203",
   "default_mujer",
   "default",
   "default_mujer",
   "default",
   "default_mujer",
   "default",
   "default_mujer",
   "default"
  ],
  "nombre": "SANCHEZ, JAVIER ANGEL",
  "nro_orden": 1,
  "orden_absoluto": [
   11,
   50,
   62,
   5,
   1
  ],
  "secundarios": [
   "GUERRERO, ARMINDA DEL VALLE",
   "CANO, OSCAR SEBASTIAN",
   "YAGUARE, ROMINA ISABEL",
   "QUESADA, CESAR GABRIEL",
   "SEGUNDO, JUDITH ELIZABET",
   "ARAUZ, CLAUDIO SERGIO",
   "MA\u00d1APIRA, ANALIA LEONOR",
   "MORALES, RICARDO NELSON"
  ],
  "sexo": "M",
  "suplentes": [
   "SANCHEZ, NELIDA ANGELA",
   "GUZMAN, WALTER LEONARDO",
   "JUAREZ, NOELIA",
   "FERNANDEZ, FERNANDO ISRAEL",
   "SANDINO, ANGELES ADRIANA",
   "CUELLAR, EDUARDO OMAR",
   "GASPAR, MARTA"
  ]
 },
 {
  "asistida": "CARDOZO JUAN JOS\u00c9 DAR\u00cdO",
  "cargo_ejecutivo": false,
  "clase": "Candidato",
  "cod_alianza": "3733",
  "cod_categoria": "CNJ",
  "cod_lista": "3733.2627.2627",
  "cod_partido": "3733.2627",
  "codigo": "3733.2627.2627.4666",
  "dni": "32537173",
  "id_candidatura": "3733.2627.2627.4666",
  "id_umv": 519,
  "imagenes": [
   "3733.2627.2627.4666",
   "default_mujer",
   "default",
   "default_mujer",
   "default",
   "default_mujer",
   "default",
   "default_mujer",
   "default"
  ],
  "nombre": "CARDOZO, JUAN JOSE DARIO",
  "nro_orden": 1,
  "orden_absoluto": [
   11,
   72,
   20,
   5,
   1
  ],
  "secundarios": [
   "TRUJILLO, GRACIELA NOEMI",
   "MORENO, LUIS ALFREDO",
   "VIDES, ZULMA CARINA",
   "PAREDES, LUIS ISAAC",
   "COSTILLA, MARCIANA LILIANA",
   "CAMPOS, CRISTIAN PABLO",
   "RIOJA, GABRIELA ORLANDA",
   "CHESARATTE, ANDRES EDMUNDO"
  ],
  "sexo": "M",
  "suplentes": [
   "NAVARRO, NOEMI GRACIELA",
   "TOLEDO, ALFREDO OSCAR",
   "ZARATE, MERCEDES DE LOS MILAGROS",
   "ARIAS, MARCELO EDUARDO",
   "GUZMAN, GRISELDA RAMONA",
   "RUIZ, SEBASTIAN ORLANDO",
   "LUNA, IVANA JANET",
   "HEREDIA, FREDI FABIAN"
  ]
 },
 {
  "asistida": "BASTERRA IV\u00c1N ALEXANDER",
  "cargo_ejecutivo": false,
  "clase": "Candidato",
  "cod_alianza": "3733",
  "cod_categoria": "CNJ",
  "cod_lista": "3733.38.38",
  "cod_partido": "3733.38",
  "codigo": "3733.38.38.9837",
  "dni": "36540901",
  "id_candidatura": "3733.38.38.9837",
  "id_umv": 563,
  "imagenes": [
   "3733.38.38.9837",
   "default_mujer",
   "default",
   "default_mujer",
   "default",
   "default_mujer",
   "default",
   "default_mujer",
   "default"
  ],
  "nombre": "BASTERRA, IVAN ALEXANDER",
  "nro_orden": 1,
  "orden_absoluto": [
   11,
   65,
   5,
   5,
   1
  ],
  "secundarios": [
   "BAZAN, SILVIA ALEJANDRA",
   "QUIPILDOR, MARCO ANTONIO",
   "ARRIETA, ARACELI ABIGAIL",
   "MENDEZ, SAUL EMANUEL",
   "ARANDA, MONICA RAQUEL",
   "ARECO, RAMON SANTIAGO",
   "CUELLAR, NATALI ESTEFANIS",
   "HERRERA, NELSON BRAIAN"
  ],
  "sexo": "M",
  "suplentes": [
   "ARAMAYO, PAOLA CELESTE",
   "TOLABA, EMILIO ALFREDO DENIS",
   "VILAR, MARIA EUGENIA"
  ]
 },
 {
  "asistida": "PEIR\u00d3 ANDR\u00c9S GREGORIO",
  "cargo_ejecutivo": false,
  "clase": "Candidato",
  "cod_alianza": "3735",
  "cod_categoria": "CNJ",
  "cod_lista": "3735.15.15",
  "cod_partido": "3735.15",
  "codigo": "3735.15.15.951",
  "dni": "8180486",
  "id_candidatura": "3735.15.15.951",
  "id_umv": 600,
  "imagenes": [
   "3735.15.15.951",
   "default_mujer",
   "default",
   "default_mujer",
   "default",
   "default_mujer",
   "default",
   "default_mujer",
   "default"
  ],
  "nombre": "PEIRO, ANDRES \u201cLERO\u201d",
  "nro_orden": 1,
  "orden_absoluto": [
   12,
   59,
   1,
   5,
   1
  ],
  "secundarios": [
   "YURQUINA, SILVIA EUGENIA",
   "ALTAMIRANO, JUAN DAVID",
   "AGUILAR, TALIA DEL CARMEN",
   "CHEIN, LEANDRO AUGUSTO",
   "PE\u00d1ALVER, LAURA ESTHER",
   "NAVARRO, CARLOS OMAR",
   "MORENO, CARLA MICAELA",
   "JUAREZ MANCILLA, RODRIGO"
  ],
  "sexo": "M",
  "suplentes": [
   "PEIRO LAVILLA, ROCIO ANAHI",
   "ZABALA, JOSE VICENTE",
   "ZABALA, ANDREA SILVANA",
   "RUIZ VALDEZ, ALEXIS ISMAEL",
   "LAVILLA, MARTA NOEMI",
   "CAMACHO, ANTONIO ANDRES"
  ]
 },
 {
  "asistida": "ROMERO DARIO DELF\u00cdN",
  "cargo_ejecutivo": false,
  "clase": "Candidato",
  "cod_alianza": "3735",
  "cod_categoria": "CNJ",
  "cod_lista": "3735.1873.1873",
  "cod_partido": "3735.1873",
  "codigo": "3735.1873.1873.2707",
  "dni": "29805837",
  "id_candidatura": "3735.1873.1873.2707",
  "id_umv": 615,
  "imagenes": [
   "3735.1873.1873.2707",
   "default_mujer",
   "default",
   "default_mujer",
   "default",
   "default_mujer",
   "default",
   "default_mujer",
   "default"
  ],
  "nombre": "ROMERO, DARIO DELFIN",
  "nro_orden": 1,
  "orden_absoluto": [
   12,
   56,
   80,
   5,
   1
  ],
  "secundarios": [
   "LEA\u00d1EZ, CLAUDIA DE LOS ANGELES",
   "DOMINGUEZ, MARCOS ANTONIO",
   "DEL ZOTTO, GRACIELA INES",
   "LEA\u00d1EZ, ROBERTO FABIO",
   "DIAZ, LEONIDES DOMITILA",
   "ALZOGARAY, SILVESTRE",
   "ERAZMO, ELSA JULIA",
   "GUZMAN, DIEGO ARNALDO RAMON"
  ],
  "sexo": "M",
  "suplentes": [
   "CASTILLO, CINTYA SABRINA",
   "LOAIZA, EMANUEL RODRIGO",
   "REYES, RAFAELA TRASLACION",
   "QUINTANA, ERIC JAVIER",
   "PALACIOS, LOURDES LUCIA",
   "SORAIRE, ANTONIO NORBERTO",
   "CONTRERA, ESTEFANIA JUDITH",
   "APARICIO, LEONARDO RAMON",
   "CONTRERA, VALENTINA FATIMA"
  ]
 },
 {
  "asistida": "AM\u00c1YA MIGUEL ANGEL",
  "cargo_ejecutivo": false,
  "clase": "Candidato",
  "cod_alianza": "3735",
  "cod_categoria": "CNJ",
  "cod_lista": "3735.208.208",
  "cod_partido": "3735.208",
  "codigo": "3735.208.208.3110",
  "dni": "38650951",
  "id_candidatura": "3735.208.208.3110",
  "id_umv": 646,
  "imagenes": [
   "3735.208.208.3110",
   "default_mujer",
   "default",
   "default_mujer",
   "default",
   "default_mujer",
   "default",
   "default_mujer",
   "default"
  ],
  "nombre": "AMAYA, MIGUEL \u201cMIGUELITO\u201d",
  "nro_orden": 1,
  "orden_absoluto": [
   12,
   41,
   7,
   5,
   1
  ],
  "secundarios": [
   "AUCACHI, ELSA MARGARITA",
   "CRUZ, ALFREDO SEBASTIAN",
   "VILLAGRA, CIRA EVANGELINA",
   "VACA, MAURO CESARIO",
   "MERCADO, NATALIA SOLEDAD",
   "TORRES, HECTOR ANDRES",
   "RUIZ, LIBIA LIS",
   "APARICIO, HUGO LUCIANO"
  ],
  "sexo": "M",
  "suplentes": [
   "FIGUEROA, CAMILA KAREN AYLEN",
   "VIGANO, HECTOR HUGO",
   "CONTRERA, CAMILA LOURDES MELINA"
  ]
 },
 {
  "asistida": "Pueyrred\u00f3n SERGIO DARIO",
  "cargo_ejecutivo": false,
  "clase": "Candidato",
  "cod_alianza": "3735",
  "cod_categoria": "CNJ",
  "cod_lista": "3735.32.32",
  "cod_partido": "3735.32",
  "codigo": "3735.32.32.5045",
  "dni": "32514411",
  "id_candidatura": "3735.32.32.5045",
  "id_umv": 684,
  "imagenes": [
   "3735.32.32.5045",
   "default_mujer",
   "default",
   "default_mujer",
   "default",
   "default_mujer",
   "default",
   "default_mujer",
   "default"
  ],
  "nombre": "PUEYRREDON, SERGIO DARIO",
  "nro_orden": 1,
  "orden_absoluto": [
   12,
   46,
   63,
   5,
   1
  ],
  "secundarios": [
   "SUAREZ, AURORA JOANA ELIZABETH",
   "SANTOS, RENZO HUMBERTO",
   "SEGUNDO, ADA ABIGAIL",
   "APARICIO, NONATO VIRGILIO",
   "ORELLANA, CELESTE GUADALUPE",
   "CAMARGO, CLAUDIO HECTOR",
   "SANTOS, NELIDA MAGDALENA",
   "MANUEL, EBER LEANDRO"
  ],
  "sexo": "M",
  "suplentes": [
   "VACA, DANIELA ANDREA",
   "ROMAN, JOSE",
   "FERNANDEZ, MABEL GRISELDA",
   "FLORES, ROBERTO",
   "SUAREZ, ARIANA DE LOS ANGELES",
   "RUIZ, JOEL ADALBERTO",
   "MENDEZ, RAQUEL",
   "TORRES, PABLO ENZO"
  ]
 },
 {
  "asistida": "JUAREZ GRACIELA RAQUEL",
  "cargo_ejecutivo": false,
  "clase": "Candidato",
  "cod_alianza": "3735",
  "cod_categoria": "CNJ",
  "cod_lista": "3735.3650.3650",
  "cod_partido": "3735.3650",
  "codigo": "3735.3650.3650.5767",
  "dni": "32537164",
  "id_candidatura": "3735.3650.3650.5767",
  "id_umv": 716,
  "imagenes": [
   "3735.3650.3650.5767",
   "default",
   "default_mujer",
   "default",
   "default_mujer",
   "default",
   "default_mujer",
   "default",
   "default_mujer"
  ],
  "nombre": "JUAREZ, GRACIELA RAQUEL",
  "nro_orden": 1,
  "orden_absoluto": [
   12,
   66,
   23,
   5,
   1
  ],
  "secundarios": [
   "JUAREZ, RAUL ANTONIO",
   "GUTIERREZ, CLAUDIA VANESA",
   "CARRASCO, NAZARENO GABRIEL",
   "RIVERA, ANGELA MONICA",
   "CORBALAN, JESUS SANTOS",
   "FARIAS, LUISA HAYDEE",
   "JUAREZ, JAVIER SATURNINO",
   "CUELLAR, ANAHI DE LOS ANGELES"
  ],
  "sexo": "F",
  "suplentes": [
   "ALVARADO, DARDO MARCELO",
   "FARIAS, MARIA EUGENIA",
   "GIMENEZ, SANTIAGO ISAIAS",
   "RODRIGUEZ, DANIELA MARIBEL"
  ]
 },
 {
  "asistida": "DOM\u00cdNGUEZ SEBASTI\u00c1N JOS\u00c9",
  "cargo_ejecutivo": true,
  "clase": "Candidato",
  "cod_alianza": "3735",
  "cod_categoria": "INT",
  "cod_lista": "3735.3745.3745",
  "cod_partido": "3735.3745",
  "codigo": "3735.3745.3745.8590",
  "dni": "26215541",
  "id_candidatura": "3735.3745.3745.8590",
  "id_umv": 1552,
  "imagenes": [
   "3735.3745.3745.8590"
  ],
  "nombre": "DOMINGUEZ, SEBASTIAN",
  "nro_orden": 1,
  "orden_absoluto": [
   12,
   25,
   70,
   4,
   1
  ],
  "secundarios": [

  ],
  "sexo": "M",
  "suplentes": [

  ]
 },
 {
  "asistida": "RALL\u00c9 SERGIO JES\u00daS",
  "cargo_ejecutivo": false,
  "clase": "Candidato",
  "cod_alianza": "3735",
  "cod_categoria": "CNJ",
  "cod_lista": "3735.4.4",
  "cod_partido": "3735.4",
  "codigo": "3735.4.4.10219",
  "dni": "13225900",
  "id_candidatura": "3735.4.4.10219",
  "id_umv": 761,
  "imagenes": [
   "3735.4.4.10219",
   "default_mujer",
   "default",
   "default_mujer",
   "default",
   "default_mujer",
   "default",
   "default_mujer",
   "default"
  ],
  "nombre": "RALLE, SERGIO JESUS",
  "nro_orden": 1,
  "orden_absoluto": [
   12,
   58,
   6,
   5,
   1
  ],
  "secundarios": [
   "CORTEZ, CELESTINA",
   "ROMERO, NAZARIO CELSO",
   "OVIEDO, CANDIDA ROSA",
   "MONTES, CRISTIAN RAMIRO",
   "GARZON, ALEJANDRA CORNELIA",
   "CARDOZO, PAULINO",
   "CUELLAR, ISABEL IGNACIA",
   "MARTINEZ, RAUL MAXIMILIANO"
  ],
  "sexo": "M",
  "suplentes": [
   "SAJAMA, SILVIA ESTELA",
   "RALLE, RUBEN ERNESTO",
   "GARCIA, VANESA DANIELA DEL V",
   "ALMADA, DARIO ALEJANDRO"
  ]
 },
 {
  "asistida": "ARROYO JUAN CARLOS",
  "cargo_ejecutivo": false,
  "clase": "Candidato",
  "cod_alianza": "3735",
  "cod_categoria": "CNJ",
  "cod_lista": "3735.460.460",
  "cod_partido": "3735.460",
  "codigo": "3735.460.460.11216",
  "dni": "24261974",
  "id_candidatura": "3735.460.460.11216",
  "id_umv": 812,
  "imagenes": [
   "3735.460.460.11216",
   "default_mujer",
   "default",
   "default_mujer",
   "default",
   "default_mujer",
   "default",
   "default_mujer",
   "default"
  ],
  "nombre": "ARROYO, CARLOS \u201cPALO\u201d",
  "nro_orden": 1,
  "orden_absoluto": [
   12,
   23,
   10,
   5,
   1
  ],
  "secundarios": [
   "MARTIN, MIRIAM EVANGELINA",
   "VEGA, RUBEN DALMACIO",
   "MORALES, IVANA MARIBEL",
   "YBA\u00d1EZ, MIGUEL AMERICO",
   "CUEVAS, ANDREA FELISA",
   "RODRIGUEZ, JUVENCIO",
   "ESTRADA, AIDA VIRGINIA",
   "ORTIZ, OSCAR ALEJANDRO"
  ],
  "sexo": "M",
  "suplentes": [
   "RAMOA, CELIA SUSANA",
   "ROMERO, JORGE DARIO",
   "ARANDA, OLGA FRANCISCA",
   "GONZALEZ, ELIAS GABRIEL",
   "GONZALEZ, EVELINA",
   "SEGUNDO, FRANCO MIGUEL RAMON"
  ]
 },
 {
  "asistida": "Voto en BLANCO",
  "cargo_ejecutivo": false,
  "clase": "Blanco",
  "cod_categoria": "CNJ",
  "cod_lista": "",
  "codigo": "BLC",
  "id_candidatura": "BLC",
  "id_umv": 900,
  "imagenes": [
   "BLC"
  ],
  "nombre": "Voto en BLANCO",
  "nro_orden": 5,
  "orden_absoluto": [
   994,
   5
  ],
  "secundarios": [

  ],
  "sexo": null,
  "suplentes": [

  ]
 },
 {
  "asistida": "Voto en BLANCO",
  "cargo_ejecutivo": true,
  "clase": "Blanco",
  "cod_categoria": "INT",
  "cod_lista": "",
  "codigo": "BLC",
  "id_candidatura": "BLC",
  "id_umv": 1674,
  "imagenes": [
   "BLC"
  ],
  "nombre": "Voto en BLANCO",
  "nro_orden": 4,
  "orden_absoluto": [
   994,
   4
  ],
  "secundarios": [

  ],
  "sexo": null,
  "suplentes": [

  ]
 },
 {
  "asistida": "Votos IMPUGNADOS",
  "cargo_ejecutivo": false,
  "clase": "Especial",
  "cod_categoria": "CNJ",
  "cod_lista": "",
  "codigo": "IMP",
  "id_candidatura": "IMP",
  "id_umv": 960,
  "nombre": "Votos IMPUGNADOS",
  "nro_orden": 5,
  "orden_absoluto": [
   995,
   5
  ],
  "secundarios": [

  ],
  "sexo": null,
  "suplentes": [

  ]
 },
 {
  "asistida": "Votos IMPUGNADOS",
  "cargo_ejecutivo": true,
  "clase": "Especial",
  "cod_categoria": "INT",
  "cod_lista": "",
  "codigo": "IMP",
  "id_candidatura": "IMP",
  "id_umv": 1734,
  "nombre": "Votos IMPUGNADOS",
  "nro_orden": 4,
  "orden_absoluto": [
   995,
   4
  ],
  "secundarios": [

  ],
  "sexo": null,
  "suplentes": [

  ]
 },
 {
  "asistida": "Votos OBSERVADOS",
  "cargo_ejecutivo": false,
  "clase": "Especial",
  "cod_categoria": "CNJ",
  "cod_lista": "",
  "codigo": "OBS",
  "id_candidatura": "OBS",
  "id_umv": 1020,
  "nombre": "Votos OBSERVADOS",
  "nro_orden": 5,
  "orden_absoluto": [
   996,
   5
  ],
  "secundarios": [

  ],
  "sexo": null,
  "suplentes": [

  ]
 },
 {
  "asistida": "Votos OBSERVADOS",
  "cargo_ejecutivo": true,
  "clase": "Especial",
  "cod_categoria": "INT",
  "cod_lista": "",
  "codigo": "OBS",
  "id_candidatura": "OBS",
  "id_umv": 1794,
  "nombre": "Votos OBSERVADOS",
  "nro_orden": 4,
  "orden_absoluto": [
   996,
   4
  ],
  "secundarios": [

  ],
  "sexo": null,
  "suplentes": [

  ]
 }
]